{"vy_0.05": 0.015213224105536938, "vy_1": 0.044279616326093674, "vy_2": 0.052637286484241486, "vy_3": 0.05720650032162666, "vy_4": 0.05795164778828621, "vy_5": 0.05744865909218788, "vy_6": 0.05813593789935112, "vy_7": 0.05950652435421944, "vy_8": 0.060374416410923004, "vy_9": 0.060399316251277924, "vy_10": 0.06032513082027435, "psidt_0.05": 0.0024285486433655024, "psidt_1": 0.0051225028000772, "psidt_2": 0.006386421155184507, "psidt_3": 0.007066527381539345, "psidt_4": 0.007002842612564564, "psidt_5": 0.006814171560108662, "psidt_6": 0.006763878278434277, "psidt_7": 0.0066666449420154095, "psidt_8": 0.006631041411310434, "psidt_9": 0.006645731627941132, "psidt_10": 0.006547943223267794, "rmse_0.05": 0.008820886723697186, "rmse_1": 0.024701058864593506, "rmse_2": 0.02951185405254364, "rmse_3": 0.03213651478290558, "rmse_4": 0.0324772447347641, "rmse_5": 0.032131414860486984, "rmse_6": 0.032449908554553986, "rmse_7": 0.03308658301830292, "rmse_8": 0.0335027277469635, "rmse_9": 0.03352252393960953, "rmse_10": 0.03343653678894043}