{"vy_0.05": 0.01560374815016985, "vy_1": 0.04254130646586418, "vy_2": 0.053123414516448975, "vy_3": 0.054877426475286484, "vy_4": 0.05577850341796875, "vy_5": 0.05530437082052231, "vy_6": 0.05482523515820503, "vy_7": 0.05616370588541031, "vy_8": 0.05680681765079498, "vy_9": 0.056637585163116455, "vy_10": 0.05629274994134903, "psidt_0.05": 0.0025061010383069515, "psidt_1": 0.005127255339175463, "psidt_2": 0.006402009166777134, "psidt_3": 0.006991016212850809, "psidt_4": 0.00691604521125555, "psidt_5": 0.006776215508580208, "psidt_6": 0.00669966172426939, "psidt_7": 0.006608700379729271, "psidt_8": 0.006560935638844967, "psidt_9": 0.006606189999729395, "psidt_10": 0.006532783154398203, "rmse_0.05": 0.009054924361407757, "rmse_1": 0.02383428066968918, "rmse_2": 0.029762711375951767, "rmse_3": 0.030934222042560577, "rmse_4": 0.03134727478027344, "rmse_5": 0.031040292233228683, "rmse_6": 0.0307624489068985, "rmse_7": 0.031386204063892365, "rmse_8": 0.03168387711048126, "rmse_9": 0.031621888279914856, "rmse_10": 0.0314127653837204}