{"vy_0.05": 0.014900090172886848, "vy_1": 0.03822249174118042, "vy_2": 0.04502326622605324, "vy_3": 0.04896537959575653, "vy_4": 0.051613304764032364, "vy_5": 0.05167621374130249, "vy_6": 0.0517587848007679, "vy_7": 0.05277884006500244, "vy_8": 0.05314885452389717, "vy_9": 0.0529700368642807, "vy_10": 0.05291595309972763, "psidt_0.05": 0.002542684320360422, "psidt_1": 0.0045341490767896175, "psidt_2": 0.005567704793065786, "psidt_3": 0.006188186351209879, "psidt_4": 0.006097960751503706, "psidt_5": 0.005977117922157049, "psidt_6": 0.005899202078580856, "psidt_7": 0.005766114220023155, "psidt_8": 0.00570995919406414, "psidt_9": 0.005712378304451704, "psidt_10": 0.005622169002890587, "rmse_0.05": 0.008721387013792992, "rmse_1": 0.021378319710493088, "rmse_2": 0.02529548481106758, "rmse_3": 0.027576783671975136, "rmse_4": 0.02885563299059868, "rmse_5": 0.02882666513323784, "rmse_6": 0.028828993439674377, "rmse_7": 0.029272478073835373, "rmse_8": 0.02942940592765808, "rmse_9": 0.029341207817196846, "rmse_10": 0.029269061982631683}