{"vy_0.05": 0.014528652653098106, "vy_1": 0.050035327672958374, "vy_2": 0.06158642843365669, "vy_3": 0.06637377291917801, "vy_4": 0.06762517988681793, "vy_5": 0.06895018368959427, "vy_6": 0.07070668041706085, "vy_7": 0.07301638275384903, "vy_8": 0.07506033778190613, "vy_9": 0.07490987330675125, "vy_10": 0.07490632683038712, "psidt_0.05": 0.002189250895753503, "psidt_1": 0.005410498008131981, "psidt_2": 0.006737957708537579, "psidt_3": 0.007444595452398062, "psidt_4": 0.007494030054658651, "psidt_5": 0.007494803052395582, "psidt_6": 0.0075892191380262375, "psidt_7": 0.007479849271476269, "psidt_8": 0.0074891336262226105, "psidt_9": 0.007560694124549627, "psidt_10": 0.0074166348204016685, "rmse_0.05": 0.008358951658010483, "rmse_1": 0.027722913771867752, "rmse_2": 0.03416219353675842, "rmse_3": 0.036909185349941254, "rmse_4": 0.03755960613489151, "rmse_5": 0.03822249174118042, "rmse_6": 0.03914795070886612, "rmse_7": 0.04024811461567879, "rmse_8": 0.04127473384141922, "rmse_9": 0.04123528301715851, "rmse_10": 0.04116148129105568}