{"vy_0.05": 0.015406162478029728, "vy_1": 0.04931636527180672, "vy_2": 0.06476084887981415, "vy_3": 0.0660005509853363, "vy_4": 0.06716189533472061, "vy_5": 0.06817375123500824, "vy_6": 0.06774389743804932, "vy_7": 0.06972053647041321, "vy_8": 0.07090909034013748, "vy_9": 0.07065452635288239, "vy_10": 0.07028652727603912, "psidt_0.05": 0.0023421659134328365, "psidt_1": 0.005314907059073448, "psidt_2": 0.006931667681783438, "psidt_3": 0.008121390827000141, "psidt_4": 0.008269447833299637, "psidt_5": 0.008306876756250858, "psidt_6": 0.008233225904405117, "psidt_7": 0.008191018365323544, "psidt_8": 0.008297367952764034, "psidt_9": 0.008438843302428722, "psidt_10": 0.008338638581335545, "rmse_0.05": 0.008874163962900639, "rmse_1": 0.027315635234117508, "rmse_2": 0.03584625944495201, "rmse_3": 0.037060972303152084, "rmse_4": 0.03771567344665527, "rmse_5": 0.03824031352996826, "rmse_6": 0.037988562136888504, "rmse_7": 0.03895577788352966, "rmse_8": 0.039603229612112045, "rmse_9": 0.03954668343067169, "rmse_10": 0.03931258246302605}