{"vy_0.05": 0.012761609628796577, "vy_1": 0.03777453303337097, "vy_2": 0.04634188860654831, "vy_3": 0.04959535971283913, "vy_4": 0.05257171764969826, "vy_5": 0.054021067917346954, "vy_6": 0.054417502135038376, "vy_7": 0.05776802450418472, "vy_8": 0.05904974788427353, "vy_9": 0.06098269671201706, "vy_10": 0.06178441643714905, "psidt_0.05": 0.0020076597575098276, "psidt_1": 0.004250525496900082, "psidt_2": 0.0055459970608353615, "psidt_3": 0.006113484967499971, "psidt_4": 0.006217685993760824, "psidt_5": 0.0065707070752978325, "psidt_6": 0.006643223576247692, "psidt_7": 0.00713652279227972, "psidt_8": 0.007217161823064089, "psidt_9": 0.007552516646683216, "psidt_10": 0.007632558699697256, "rmse_0.05": 0.007384634576737881, "rmse_1": 0.021012529730796814, "rmse_2": 0.025943942368030548, "rmse_3": 0.027854422107338905, "rmse_4": 0.02939470112323761, "rmse_5": 0.03029588796198368, "rmse_6": 0.03053036332130432, "rmse_7": 0.03245227411389351, "rmse_8": 0.033133454620838165, "rmse_9": 0.034267608076334, "rmse_10": 0.03470848873257637}