{"vy_0.05": 0.013480441644787788, "vy_1": 0.04080115631222725, "vy_2": 0.052213847637176514, "vy_3": 0.05480247363448143, "vy_4": 0.05618835985660553, "vy_5": 0.05533689633011818, "vy_6": 0.05588926374912262, "vy_7": 0.05705374479293823, "vy_8": 0.057403564453125, "vy_9": 0.0577688068151474, "vy_10": 0.05765211209654808, "psidt_0.05": 0.00203604344278574, "psidt_1": 0.0044096289202570915, "psidt_2": 0.0057526687160134315, "psidt_3": 0.0062597328796982765, "psidt_4": 0.0062609449960291386, "psidt_5": 0.006283489987254143, "psidt_6": 0.00629998417571187, "psidt_7": 0.006215262226760387, "psidt_8": 0.0061804382130503654, "psidt_9": 0.006272479426115751, "psidt_10": 0.006235573906451464, "rmse_0.05": 0.007758242543786764, "rmse_1": 0.022605393081903458, "rmse_2": 0.028983257710933685, "rmse_3": 0.030531102791428566, "rmse_4": 0.031224653124809265, "rmse_5": 0.030810192227363586, "rmse_6": 0.0310946237295866, "rmse_7": 0.03163450211286545, "rmse_8": 0.03179199993610382, "rmse_9": 0.03202064335346222, "rmse_10": 0.03194384276866913}