{"vy_0.05": 0.014489368535578251, "vy_1": 0.05056925490498543, "vy_2": 0.06766168028116226, "vy_3": 0.07221759110689163, "vy_4": 0.07314616441726685, "vy_5": 0.07403668761253357, "vy_6": 0.07559321075677872, "vy_7": 0.07900945842266083, "vy_8": 0.08011986315250397, "vy_9": 0.08036839216947556, "vy_10": 0.08110317587852478, "psidt_0.05": 0.002393462462350726, "psidt_1": 0.006225939374417067, "psidt_2": 0.007745604962110519, "psidt_3": 0.008495836518704891, "psidt_4": 0.0084058353677392, "psidt_5": 0.008298543281853199, "psidt_6": 0.008471029810607433, "psidt_7": 0.008452150039374828, "psidt_8": 0.00846355501562357, "psidt_9": 0.008537464775145054, "psidt_10": 0.008480751886963844, "rmse_0.05": 0.00844141561537981, "rmse_1": 0.02839759737253189, "rmse_2": 0.03770364075899124, "rmse_3": 0.04035671427845955, "rmse_4": 0.040775999426841736, "rmse_5": 0.041167616844177246, "rmse_6": 0.04203211888670921, "rmse_7": 0.043730802834033966, "rmse_8": 0.04429170861840248, "rmse_9": 0.04445292800664902, "rmse_10": 0.04479196295142174}