{"vy_0.05": 0.014656009152531624, "vy_1": 0.03859841823577881, "vy_2": 0.04721421003341675, "vy_3": 0.05235617980360985, "vy_4": 0.054584961384534836, "vy_5": 0.05479850620031357, "vy_6": 0.0557330958545208, "vy_7": 0.05714957416057587, "vy_8": 0.057510506361722946, "vy_9": 0.05815602093935013, "vy_10": 0.05821183696389198, "psidt_0.05": 0.0023020743392407894, "psidt_1": 0.004559563007205725, "psidt_2": 0.00587327079847455, "psidt_3": 0.0065532769076526165, "psidt_4": 0.006575797684490681, "psidt_5": 0.006480885669589043, "psidt_6": 0.006361632142215967, "psidt_7": 0.006295897997915745, "psidt_8": 0.006278247572481632, "psidt_9": 0.006356383208185434, "psidt_10": 0.006299839820712805, "rmse_0.05": 0.00847904197871685, "rmse_1": 0.021578989923000336, "rmse_2": 0.026543740183115005, "rmse_3": 0.029454728588461876, "rmse_4": 0.03058037906885147, "rmse_5": 0.03063969686627388, "rmse_6": 0.031047364696860313, "rmse_7": 0.03172273561358452, "rmse_8": 0.03189437836408615, "rmse_9": 0.03225620090961456, "rmse_10": 0.03225583955645561}