{"vy_0.05": 0.014476762153208256, "vy_1": 0.03537510707974434, "vy_2": 0.04189687594771385, "vy_3": 0.04688986763358116, "vy_4": 0.04943277686834335, "vy_5": 0.04897156357765198, "vy_6": 0.04873540624976158, "vy_7": 0.05034017190337181, "vy_8": 0.051195815205574036, "vy_9": 0.0514034777879715, "vy_10": 0.05164474993944168, "psidt_0.05": 0.0024763939436525106, "psidt_1": 0.0047342367470264435, "psidt_2": 0.00559157133102417, "psidt_3": 0.006094449199736118, "psidt_4": 0.006030721589922905, "psidt_5": 0.005986872129142284, "psidt_6": 0.005889073479920626, "psidt_7": 0.005780438892543316, "psidt_8": 0.005731506738811731, "psidt_9": 0.0057710143737494946, "psidt_10": 0.0057128132320940495, "rmse_0.05": 0.008476577699184418, "rmse_1": 0.02005467191338539, "rmse_2": 0.02374422363936901, "rmse_3": 0.026492157950997353, "rmse_4": 0.027731750160455704, "rmse_5": 0.02747921831905842, "rmse_6": 0.02731223963201046, "rmse_7": 0.02806030586361885, "rmse_8": 0.028463661670684814, "rmse_9": 0.02858724631369114, "rmse_10": 0.028678782284259796}