{"vy_0.05": 0.014659581705927849, "vy_1": 0.04244213178753853, "vy_2": 0.05289386957883835, "vy_3": 0.05614524334669113, "vy_4": 0.05736793205142021, "vy_5": 0.05666262283921242, "vy_6": 0.05663846433162689, "vy_7": 0.05803213268518448, "vy_8": 0.05838234722614288, "vy_9": 0.05808713287115097, "vy_10": 0.0577700212597847, "psidt_0.05": 0.002692838665097952, "psidt_1": 0.006107902154326439, "psidt_2": 0.0074448236264288425, "psidt_3": 0.00798861775547266, "psidt_4": 0.007901925593614578, "psidt_5": 0.007755300961434841, "psidt_6": 0.007728972006589174, "psidt_7": 0.007670532912015915, "psidt_8": 0.007599812000989914, "psidt_9": 0.007629588712006807, "psidt_10": 0.007530407514423132, "rmse_0.05": 0.008676210418343544, "rmse_1": 0.02427501603960991, "rmse_2": 0.030169347301125526, "rmse_3": 0.03206693008542061, "rmse_4": 0.032634928822517395, "rmse_5": 0.03220896050333977, "rmse_6": 0.03218371793627739, "rmse_7": 0.03285133093595505, "rmse_8": 0.03299108147621155, "rmse_9": 0.032858360558748245, "rmse_10": 0.032650213688611984}