{"vy_0.05": 0.014987501315772533, "vy_1": 0.03847728669643402, "vy_2": 0.047800227999687195, "vy_3": 0.05033020302653313, "vy_4": 0.05297677218914032, "vy_5": 0.052842434495687485, "vy_6": 0.05281546339392662, "vy_7": 0.05411168560385704, "vy_8": 0.054544851183891296, "vy_9": 0.05464237928390503, "vy_10": 0.05481385067105293, "psidt_0.05": 0.002518622437492013, "psidt_1": 0.005108731333166361, "psidt_2": 0.006255911197513342, "psidt_3": 0.006927744951099157, "psidt_4": 0.006842385977506638, "psidt_5": 0.006745150312781334, "psidt_6": 0.0067018866539001465, "psidt_7": 0.006561968009918928, "psidt_8": 0.006569156888872385, "psidt_9": 0.006597392726689577, "psidt_10": 0.006511735264211893, "rmse_0.05": 0.008753062225878239, "rmse_1": 0.021793009713292122, "rmse_2": 0.027028068900108337, "rmse_3": 0.02862897329032421, "rmse_4": 0.02990957908332348, "rmse_5": 0.029793791472911835, "rmse_6": 0.029758675023913383, "rmse_7": 0.030336827039718628, "rmse_8": 0.03055700473487377, "rmse_9": 0.03061988577246666, "rmse_10": 0.030662793666124344}