{"vy_0.05": 0.015317402780056, "vy_1": 0.043174389749765396, "vy_2": 0.05266222730278969, "vy_3": 0.057592909783124924, "vy_4": 0.05835077539086342, "vy_5": 0.061375681310892105, "vy_6": 0.06581373512744904, "vy_7": 0.07102548331022263, "vy_8": 0.07303193211555481, "vy_9": 0.07175115495920181, "vy_10": 0.07053808867931366, "psidt_0.05": 0.0022187288850545883, "psidt_1": 0.0052933297120034695, "psidt_2": 0.006406816653907299, "psidt_3": 0.00716756097972393, "psidt_4": 0.007185765542089939, "psidt_5": 0.007753654848784208, "psidt_6": 0.008218313567340374, "psidt_7": 0.008397184312343597, "psidt_8": 0.008380169980227947, "psidt_9": 0.008375799283385277, "psidt_10": 0.008235218934714794, "rmse_0.05": 0.008768065832555294, "rmse_1": 0.024233859032392502, "rmse_2": 0.02953452244400978, "rmse_3": 0.03238023445010185, "rmse_4": 0.03276827186346054, "rmse_5": 0.03456466645002365, "rmse_6": 0.03701602295041084, "rmse_7": 0.03971133381128311, "rmse_8": 0.040706049650907516, "rmse_9": 0.04006347805261612, "rmse_10": 0.039386652410030365}