{"vy_0.05": 0.015329948626458645, "vy_1": 0.04199426248669624, "vy_2": 0.05113893747329712, "vy_3": 0.05231070518493652, "vy_4": 0.05402633547782898, "vy_5": 0.05447107180953026, "vy_6": 0.05417405068874359, "vy_7": 0.05550569295883179, "vy_8": 0.0563785582780838, "vy_9": 0.05634766444563866, "vy_10": 0.055968787521123886, "psidt_0.05": 0.002585091395303607, "psidt_1": 0.004811502993106842, "psidt_2": 0.005743563640862703, "psidt_3": 0.00629544910043478, "psidt_4": 0.006225688382983208, "psidt_5": 0.006117160432040691, "psidt_6": 0.006052194628864527, "psidt_7": 0.005959504749625921, "psidt_8": 0.00593186542391777, "psidt_9": 0.005992821417748928, "psidt_10": 0.005950314924120903, "rmse_0.05": 0.008957520127296448, "rmse_1": 0.023402882739901543, "rmse_2": 0.028441250324249268, "rmse_3": 0.02930307760834694, "rmse_4": 0.030126012861728668, "rmse_5": 0.030294116586446762, "rmse_6": 0.03011312335729599, "rmse_7": 0.030732598155736923, "rmse_8": 0.031155211851000786, "rmse_9": 0.03117024339735508, "rmse_10": 0.03095955029129982}