{"vy_0.05": 0.015429701656103134, "vy_1": 0.0429544523358345, "vy_2": 0.051925092935562134, "vy_3": 0.05386732518672943, "vy_4": 0.055270712822675705, "vy_5": 0.05427851900458336, "vy_6": 0.053731609135866165, "vy_7": 0.055049218237400055, "vy_8": 0.054975733160972595, "vy_9": 0.05475969612598419, "vy_10": 0.05432003363966942, "psidt_0.05": 0.0025487456005066633, "psidt_1": 0.005150735378265381, "psidt_2": 0.006439409218728542, "psidt_3": 0.007038960233330727, "psidt_4": 0.006959919352084398, "psidt_5": 0.0068095591850578785, "psidt_6": 0.006742767058312893, "psidt_7": 0.006628205068409443, "psidt_8": 0.006600579712539911, "psidt_9": 0.0066299717873334885, "psidt_10": 0.006554058752954006, "rmse_0.05": 0.008989223279058933, "rmse_1": 0.024052593857049942, "rmse_2": 0.029182251542806625, "rmse_3": 0.030453141778707504, "rmse_4": 0.031115315854549408, "rmse_5": 0.030544038861989975, "rmse_6": 0.030237188562750816, "rmse_7": 0.03083871118724346, "rmse_8": 0.030788157135248184, "rmse_9": 0.030694834887981415, "rmse_10": 0.030437046661973}