{"vy_0.05": 0.012662190943956375, "vy_1": 0.042628396302461624, "vy_2": 0.054410431534051895, "vy_3": 0.056245170533657074, "vy_4": 0.05729113519191742, "vy_5": 0.058688558638095856, "vy_6": 0.05881020799279213, "vy_7": 0.05931461974978447, "vy_8": 0.059271104633808136, "vy_9": 0.05981580168008804, "vy_10": 0.0600317008793354, "psidt_0.05": 0.0020772921852767467, "psidt_1": 0.00477859890088439, "psidt_2": 0.006334956269711256, "psidt_3": 0.006831170059740543, "psidt_4": 0.006741033401340246, "psidt_5": 0.006916285492479801, "psidt_6": 0.007020304445177317, "psidt_7": 0.006811295170336962, "psidt_8": 0.006746070459485054, "psidt_9": 0.006866437382996082, "psidt_10": 0.006979904603213072, "rmse_0.05": 0.007369741797447205, "rmse_1": 0.023703496903181076, "rmse_2": 0.03037269413471222, "rmse_3": 0.03153816983103752, "rmse_4": 0.0320160835981369, "rmse_5": 0.03280242159962654, "rmse_6": 0.032915256917476654, "rmse_7": 0.03306295722723007, "rmse_8": 0.03300858661532402, "rmse_9": 0.033341120928525925, "rmse_10": 0.03350580111145973}