{"vy_0.05": 0.013896438293159008, "vy_1": 0.04379304125905037, "vy_2": 0.05445031076669693, "vy_3": 0.06053280830383301, "vy_4": 0.07396941632032394, "vy_5": 0.12775498628616333, "vy_6": 0.2297833263874054, "vy_7": 0.35212838649749756, "vy_8": 0.4758431017398834, "vy_9": 0.594123899936676, "vy_10": 0.7003251314163208, "psidt_0.05": 0.0020748930983245373, "psidt_1": 0.004184397403150797, "psidt_2": 0.005910846404731274, "psidt_3": 0.0068606724962592125, "psidt_4": 0.008573153056204319, "psidt_5": 0.014561416581273079, "psidt_6": 0.023592879995703697, "psidt_7": 0.03276049345731735, "psidt_8": 0.041569460183382034, "psidt_9": 0.050218090415000916, "psidt_10": 0.057732194662094116, "rmse_0.05": 0.007985665462911129, "rmse_1": 0.023988720029592514, "rmse_2": 0.03018057905137539, "rmse_3": 0.0336967408657074, "rmse_4": 0.041271284222602844, "rmse_5": 0.07115820050239563, "rmse_6": 0.12668810784816742, "rmse_7": 0.19244444370269775, "rmse_8": 0.258706271648407, "rmse_9": 0.32217100262641907, "rmse_10": 0.37902867794036865}