{"vy_0.05": 0.013056263327598572, "vy_1": 0.04446546733379364, "vy_2": 0.05844755843281746, "vy_3": 0.06103290244936943, "vy_4": 0.06344529986381531, "vy_5": 0.06456916034221649, "vy_6": 0.06606204062700272, "vy_7": 0.06809709966182709, "vy_8": 0.06918895989656448, "vy_9": 0.06998497247695923, "vy_10": 0.06949207931756973, "psidt_0.05": 0.0023885334376245737, "psidt_1": 0.00590676860883832, "psidt_2": 0.007181434892117977, "psidt_3": 0.007881206460297108, "psidt_4": 0.007837312296032906, "psidt_5": 0.0077743190340697765, "psidt_6": 0.008018091320991516, "psidt_7": 0.00796258170157671, "psidt_8": 0.007965987548232079, "psidt_9": 0.00806061364710331, "psidt_10": 0.00793967954814434, "rmse_0.05": 0.007722398266196251, "rmse_1": 0.025186117738485336, "rmse_2": 0.032814495265483856, "rmse_3": 0.03445705398917198, "rmse_4": 0.03564130514860153, "rmse_5": 0.03617173805832863, "rmse_6": 0.037040065973997116, "rmse_7": 0.03802984207868576, "rmse_8": 0.038577474653720856, "rmse_9": 0.039022792130708694, "rmse_10": 0.03871588036417961}