{"vy_0.05": 0.017162315547466278, "vy_1": 0.05406375601887703, "vy_2": 0.0725201740860939, "vy_3": 0.08531061559915543, "vy_4": 0.08887086808681488, "vy_5": 0.09304162114858627, "vy_6": 0.09672272950410843, "vy_7": 0.10660174489021301, "vy_8": 0.11185663938522339, "vy_9": 0.11349228769540787, "vy_10": 0.11818088591098785, "psidt_0.05": 0.002313383622094989, "psidt_1": 0.005300857592374086, "psidt_2": 0.006506387144327164, "psidt_3": 0.007234950549900532, "psidt_4": 0.007490997668355703, "psidt_5": 0.007489796262234449, "psidt_6": 0.007768851704895496, "psidt_7": 0.0077344211749732494, "psidt_8": 0.007910707034170628, "psidt_9": 0.008103456348180771, "psidt_10": 0.008083689026534557, "rmse_0.05": 0.009737849235534668, "rmse_1": 0.029682306572794914, "rmse_2": 0.03951328247785568, "rmse_3": 0.04627278447151184, "rmse_4": 0.04818093404173851, "rmse_5": 0.050265707075595856, "rmse_6": 0.052245792001485825, "rmse_7": 0.057168081402778625, "rmse_8": 0.05988367274403572, "rmse_9": 0.06079787015914917, "rmse_10": 0.06313228607177734}