{"vy_0.05": 0.017037928104400635, "vy_1": 0.05416537821292877, "vy_2": 0.07308310270309448, "vy_3": 0.08434408903121948, "vy_4": 0.08706523478031158, "vy_5": 0.09035796672105789, "vy_6": 0.09354294091463089, "vy_7": 0.1040554866194725, "vy_8": 0.10895474255084991, "vy_9": 0.11031123995780945, "vy_10": 0.11516980826854706, "psidt_0.05": 0.002409957582131028, "psidt_1": 0.005319669842720032, "psidt_2": 0.006626410875469446, "psidt_3": 0.007289879024028778, "psidt_4": 0.007479368709027767, "psidt_5": 0.007428888697177172, "psidt_6": 0.007775277830660343, "psidt_7": 0.0077316779643297195, "psidt_8": 0.007855759002268314, "psidt_9": 0.008046458475291729, "psidt_10": 0.008048971183598042, "rmse_0.05": 0.00972394272685051, "rmse_1": 0.029742524027824402, "rmse_2": 0.039854757487773895, "rmse_3": 0.04581698402762413, "rmse_4": 0.04727230221033096, "rmse_5": 0.04889342933893204, "rmse_6": 0.05065910890698433, "rmse_7": 0.05589358136057854, "rmse_8": 0.05840525031089783, "rmse_9": 0.05917884781956673, "rmse_10": 0.06160939112305641}