{"vy_0.05": 0.01466825045645237, "vy_1": 0.039572980254888535, "vy_2": 0.04957764595746994, "vy_3": 0.050710953772068024, "vy_4": 0.05205657705664635, "vy_5": 0.05224834382534027, "vy_6": 0.051900628954172134, "vy_7": 0.053395096212625504, "vy_8": 0.05460118502378464, "vy_9": 0.05452153459191322, "vy_10": 0.05480916425585747, "psidt_0.05": 0.0025090565904974937, "psidt_1": 0.005366368684917688, "psidt_2": 0.006493859924376011, "psidt_3": 0.007007114589214325, "psidt_4": 0.006859976332634687, "psidt_5": 0.006720897741615772, "psidt_6": 0.006679690908640623, "psidt_7": 0.0065667713060975075, "psidt_8": 0.0064934841357171535, "psidt_9": 0.006506247445940971, "psidt_10": 0.006440313532948494, "rmse_0.05": 0.008588653057813644, "rmse_1": 0.022469675168395042, "rmse_2": 0.028035752475261688, "rmse_3": 0.028859034180641174, "rmse_4": 0.02945827692747116, "rmse_5": 0.029484620317816734, "rmse_6": 0.029290160164237022, "rmse_7": 0.029980933293700218, "rmse_8": 0.030547333881258965, "rmse_9": 0.030513890087604523, "rmse_10": 0.030624739825725555}