{"vy_0.05": 0.015250972472131252, "vy_1": 0.04876014590263367, "vy_2": 0.06181268021464348, "vy_3": 0.06541691720485687, "vy_4": 0.0659622922539711, "vy_5": 0.06641000509262085, "vy_6": 0.06775723397731781, "vy_7": 0.07092849165201187, "vy_8": 0.07328235357999802, "vy_9": 0.07356834411621094, "vy_10": 0.0737888365983963, "psidt_0.05": 0.0021502249874174595, "psidt_1": 0.004905161913484335, "psidt_2": 0.006332423537969589, "psidt_3": 0.007208765484392643, "psidt_4": 0.00727744260802865, "psidt_5": 0.007227940484881401, "psidt_6": 0.007201722823083401, "psidt_7": 0.007121674716472626, "psidt_8": 0.0071304431185126305, "psidt_9": 0.007190109230577946, "psidt_10": 0.007095593027770519, "rmse_0.05": 0.008700598962605, "rmse_1": 0.02683265320956707, "rmse_2": 0.034072551876306534, "rmse_3": 0.03631284087896347, "rmse_4": 0.036619868129491806, "rmse_5": 0.0368189737200737, "rmse_6": 0.03747947886586189, "rmse_7": 0.03902508318424225, "rmse_8": 0.04020639881491661, "rmse_9": 0.040379226207733154, "rmse_10": 0.04044221341609955}