{"vy_0.05": 0.01494942419230938, "vy_1": 0.03464573994278908, "vy_2": 0.04112362116575241, "vy_3": 0.045730624347925186, "vy_4": 0.048579949885606766, "vy_5": 0.048329077661037445, "vy_6": 0.048350971192121506, "vy_7": 0.050219520926475525, "vy_8": 0.05103607848286629, "vy_9": 0.05128642916679382, "vy_10": 0.05123542994260788, "psidt_0.05": 0.00279127131216228, "psidt_1": 0.0049238852225244045, "psidt_2": 0.005735874176025391, "psidt_3": 0.0063210357911884785, "psidt_4": 0.006185086444020271, "psidt_5": 0.006153245456516743, "psidt_6": 0.006025037728250027, "psidt_7": 0.00586635060608387, "psidt_8": 0.005791543982923031, "psidt_9": 0.005805555265396833, "psidt_10": 0.005719044711440802, "rmse_0.05": 0.008870347402989864, "rmse_1": 0.01978481188416481, "rmse_2": 0.0234297476708889, "rmse_3": 0.02602582983672619, "rmse_4": 0.027382519096136093, "rmse_5": 0.027241161093115807, "rmse_6": 0.027188004925847054, "rmse_7": 0.028042934834957123, "rmse_8": 0.028413811698555946, "rmse_9": 0.028545992448925972, "rmse_10": 0.02847723662853241}