{"vy_0.05": 0.014818361960351467, "vy_1": 0.037351593375205994, "vy_2": 0.044230081140995026, "vy_3": 0.04622747376561165, "vy_4": 0.048481933772563934, "vy_5": 0.048358459025621414, "vy_6": 0.04854216426610947, "vy_7": 0.05002502724528313, "vy_8": 0.050820861011743546, "vy_9": 0.05098268762230873, "vy_10": 0.051004424691200256, "psidt_0.05": 0.0026068207807838917, "psidt_1": 0.005342968739569187, "psidt_2": 0.006371733732521534, "psidt_3": 0.0068089282140135765, "psidt_4": 0.006640955340117216, "psidt_5": 0.006530077196657658, "psidt_6": 0.0065506394021213055, "psidt_7": 0.006501263473182917, "psidt_8": 0.006451108027249575, "psidt_9": 0.006476670503616333, "psidt_10": 0.0064039407297968864, "rmse_0.05": 0.008712591603398323, "rmse_1": 0.021347280591726303, "rmse_2": 0.025300906971096992, "rmse_3": 0.0265182014554739, "rmse_4": 0.02756144478917122, "rmse_5": 0.02744426764547825, "rmse_6": 0.02754640206694603, "rmse_7": 0.028263146057724953, "rmse_8": 0.028635984286665916, "rmse_9": 0.028729679062962532, "rmse_10": 0.02870418317615986}