{"vy_0.05": 0.01467055082321167, "vy_1": 0.052792083472013474, "vy_2": 0.07014700025320053, "vy_3": 0.07132475078105927, "vy_4": 0.07820979505777359, "vy_5": 0.10296618938446045, "vy_6": 0.10655228793621063, "vy_7": 0.10707597434520721, "vy_8": 0.10672454535961151, "vy_9": 0.10549730807542801, "vy_10": 0.10383682698011398, "psidt_0.05": 0.0023754360154271126, "psidt_1": 0.005724336486309767, "psidt_2": 0.006904166657477617, "psidt_3": 0.007074717897921801, "psidt_4": 0.01273327600210905, "psidt_5": 0.012565934099256992, "psidt_6": 0.012221124954521656, "psidt_7": 0.011874424293637276, "psidt_8": 0.011631404049694538, "psidt_9": 0.011652065441012383, "psidt_10": 0.011417463421821594, "rmse_0.05": 0.008522992953658104, "rmse_1": 0.029258210211992264, "rmse_2": 0.03852558508515358, "rmse_3": 0.03919973596930504, "rmse_4": 0.04547153413295746, "rmse_5": 0.057766061276197433, "rmse_6": 0.059386707842350006, "rmse_7": 0.05947519838809967, "rmse_8": 0.05917797610163689, "rmse_9": 0.05857468768954277, "rmse_10": 0.05762714520096779}