{"vy_0.05": 0.014770427718758583, "vy_1": 0.04267042875289917, "vy_2": 0.054398372769355774, "vy_3": 0.056670382618904114, "vy_4": 0.058131687343120575, "vy_5": 0.05982040613889694, "vy_6": 0.06066411733627319, "vy_7": 0.062399331480264664, "vy_8": 0.06471233814954758, "vy_9": 0.06448470056056976, "vy_10": 0.06430743634700775, "psidt_0.05": 0.0023285069037228823, "psidt_1": 0.005434371531009674, "psidt_2": 0.00663799000903964, "psidt_3": 0.007409614510834217, "psidt_4": 0.007400548551231623, "psidt_5": 0.007450107950717211, "psidt_6": 0.007521338295191526, "psidt_7": 0.007479401305317879, "psidt_8": 0.0074730608612298965, "psidt_9": 0.007619609124958515, "psidt_10": 0.007521765772253275, "rmse_0.05": 0.008549467660486698, "rmse_1": 0.024052400141954422, "rmse_2": 0.03051818162202835, "rmse_3": 0.03203999996185303, "rmse_4": 0.03276611864566803, "rmse_5": 0.03363525867462158, "rmse_6": 0.034092728048563004, "rmse_7": 0.034939367324113846, "rmse_8": 0.03609269857406616, "rmse_9": 0.036052156239748, "rmse_10": 0.035914599895477295}