{"vy_0.05": 0.013224482536315918, "vy_1": 0.04170919209718704, "vy_2": 0.05463331192731857, "vy_3": 0.05713009089231491, "vy_4": 0.05982217937707901, "vy_5": 0.06226386874914169, "vy_6": 0.06139126420021057, "vy_7": 0.06162793189287186, "vy_8": 0.06286962330341339, "vy_9": 0.06434879451990128, "vy_10": 0.06511273980140686, "psidt_0.05": 0.002201043302193284, "psidt_1": 0.00475616380572319, "psidt_2": 0.006784651894122362, "psidt_3": 0.0075055803172290325, "psidt_4": 0.00738878920674324, "psidt_5": 0.007901028729975224, "psidt_6": 0.0078109740279614925, "psidt_7": 0.007655816618353128, "psidt_8": 0.007846126332879066, "psidt_9": 0.008181977085769176, "psidt_10": 0.00846097432076931, "rmse_0.05": 0.007712762802839279, "rmse_1": 0.023232677951455116, "rmse_2": 0.030708981677889824, "rmse_3": 0.032317835837602615, "rmse_4": 0.033605486154556274, "rmse_5": 0.03508244827389717, "rmse_6": 0.0346011184155941, "rmse_7": 0.034641873091459274, "rmse_8": 0.035357873886823654, "rmse_9": 0.036265384405851364, "rmse_10": 0.03678685799241066}