{"vy_0.05": 0.01693863235414028, "vy_1": 0.054353468120098114, "vy_2": 0.07297574728727341, "vy_3": 0.08408643305301666, "vy_4": 0.08678560703992844, "vy_5": 0.09043180197477341, "vy_6": 0.09383361041545868, "vy_7": 0.10433587431907654, "vy_8": 0.10923801362514496, "vy_9": 0.11058326065540314, "vy_10": 0.11537900567054749, "psidt_0.05": 0.00249003479257226, "psidt_1": 0.00559468287974596, "psidt_2": 0.006864607334136963, "psidt_3": 0.007473016623407602, "psidt_4": 0.0076594105921685696, "psidt_5": 0.0075415559113025665, "psidt_6": 0.007934997789561749, "psidt_7": 0.007842054590582848, "psidt_8": 0.007920436561107635, "psidt_9": 0.008084812201559544, "psidt_10": 0.008105209097266197, "rmse_0.05": 0.009714333340525627, "rmse_1": 0.02997407503426075, "rmse_2": 0.039920177310705185, "rmse_3": 0.045779723674058914, "rmse_4": 0.04722250998020172, "rmse_5": 0.048986680805683136, "rmse_6": 0.05088430270552635, "rmse_7": 0.05608896538615227, "rmse_8": 0.0585792250931263, "rmse_9": 0.05933403596282005, "rmse_10": 0.061742108315229416}