{"vy_0.05": 0.014134595170617104, "vy_1": 0.04345216974616051, "vy_2": 0.1082598865032196, "vy_3": 0.2063455879688263, "vy_4": 0.29481014609336853, "vy_5": 0.3883742690086365, "vy_6": 0.5236284136772156, "vy_7": 0.6915205121040344, "vy_8": 0.8690344095230103, "vy_9": 1.0669320821762085, "vy_10": 1.2622443437576294, "psidt_0.05": 0.00230976939201355, "psidt_1": 0.006216064561158419, "psidt_2": 0.011368202045559883, "psidt_3": 0.015303036198019981, "psidt_4": 0.01575908251106739, "psidt_5": 0.017554426565766335, "psidt_6": 0.02282070182263851, "psidt_7": 0.025360483676195145, "psidt_8": 0.0265277661383152, "psidt_9": 0.02867520973086357, "psidt_10": 0.03246059641242027, "rmse_0.05": 0.008222182281315327, "rmse_1": 0.02483411692082882, "rmse_2": 0.05981404334306717, "rmse_3": 0.11082430928945541, "rmse_4": 0.15528461337089539, "rmse_5": 0.20296435058116913, "rmse_6": 0.2732245624065399, "rmse_7": 0.35844048857688904, "rmse_8": 0.4477810859680176, "rmse_9": 0.5478036403656006, "rmse_10": 0.6473524570465088}