{"vy_0.05": 0.01487354002892971, "vy_1": 0.04435456916689873, "vy_2": 0.05246526002883911, "vy_3": 0.05694437026977539, "vy_4": 0.05790058523416519, "vy_5": 0.05747154727578163, "vy_6": 0.058240946382284164, "vy_7": 0.059675898402929306, "vy_8": 0.06092572212219238, "vy_9": 0.06106732785701752, "vy_10": 0.061056047677993774, "psidt_0.05": 0.002437516814097762, "psidt_1": 0.005102152936160564, "psidt_2": 0.006310834549367428, "psidt_3": 0.007075689733028412, "psidt_4": 0.007021286059170961, "psidt_5": 0.006817155983299017, "psidt_6": 0.006757636554539204, "psidt_7": 0.006668554153293371, "psidt_8": 0.00666589941829443, "psidt_9": 0.006672434974461794, "psidt_10": 0.006580139975994825, "rmse_0.05": 0.008655528537929058, "rmse_1": 0.024728361517190933, "rmse_2": 0.029388047754764557, "rmse_3": 0.0320100300014019, "rmse_4": 0.03246093541383743, "rmse_5": 0.03214435279369354, "rmse_6": 0.0324992910027504, "rmse_7": 0.03317222744226456, "rmse_8": 0.033795811235904694, "rmse_9": 0.03386988118290901, "rmse_10": 0.033818092197179794}