{"vy_0.05": 0.01562599465250969, "vy_1": 0.04437466710805893, "vy_2": 0.05172133818268776, "vy_3": 0.052929122000932693, "vy_4": 0.05432306230068207, "vy_5": 0.053398240357637405, "vy_6": 0.053041838109493256, "vy_7": 0.054751262068748474, "vy_8": 0.05493658781051636, "vy_9": 0.05478104203939438, "vy_10": 0.0544227659702301, "psidt_0.05": 0.002592784818261862, "psidt_1": 0.005140372086316347, "psidt_2": 0.006294075399637222, "psidt_3": 0.006967875640839338, "psidt_4": 0.006916605401784182, "psidt_5": 0.006818125024437904, "psidt_6": 0.006727027241140604, "psidt_7": 0.006656486075371504, "psidt_8": 0.006632369942963123, "psidt_9": 0.006642504595220089, "psidt_10": 0.006560989655554295, "rmse_0.05": 0.00910938996821642, "rmse_1": 0.024757519364356995, "rmse_2": 0.02900770679116249, "rmse_3": 0.02994849905371666, "rmse_4": 0.03061983361840248, "rmse_5": 0.03010818362236023, "rmse_6": 0.02988443337380886, "rmse_7": 0.030703874304890633, "rmse_8": 0.030784478411078453, "rmse_9": 0.03071177378296852, "rmse_10": 0.03049187734723091}