{"vy_0.05": 0.016949689015746117, "vy_1": 0.05403202399611473, "vy_2": 0.07366212457418442, "vy_3": 0.08432862907648087, "vy_4": 0.08699828386306763, "vy_5": 0.0898272916674614, "vy_6": 0.09259050339460373, "vy_7": 0.10399770736694336, "vy_8": 0.1091008111834526, "vy_9": 0.11014905571937561, "vy_10": 0.1148754134774208, "psidt_0.05": 0.00246523623354733, "psidt_1": 0.005487742833793163, "psidt_2": 0.006757611874490976, "psidt_3": 0.007371233310550451, "psidt_4": 0.0075108809396624565, "psidt_5": 0.0074082049541175365, "psidt_6": 0.007750279735773802, "psidt_7": 0.007682005874812603, "psidt_8": 0.007786056958138943, "psidt_9": 0.007977629080414772, "psidt_10": 0.007982492446899414, "rmse_0.05": 0.009707462973892689, "rmse_1": 0.029759883880615234, "rmse_2": 0.04020986706018448, "rmse_3": 0.04584993049502373, "rmse_4": 0.04725458100438118, "rmse_5": 0.04861774668097496, "rmse_6": 0.05017039179801941, "rmse_7": 0.05583985522389412, "rmse_8": 0.05844343453645706, "rmse_9": 0.05906334146857262, "rmse_10": 0.06142895296216011}