{"vy_0.05": 0.01587783731520176, "vy_1": 0.04012449085712433, "vy_2": 0.04741591587662697, "vy_3": 0.04882509633898735, "vy_4": 0.05053824186325073, "vy_5": 0.04965376481413841, "vy_6": 0.049100663512945175, "vy_7": 0.05030934512615204, "vy_8": 0.05090911313891411, "vy_9": 0.05107314884662628, "vy_10": 0.05107135698199272, "psidt_0.05": 0.002542076399549842, "psidt_1": 0.005095078609883785, "psidt_2": 0.006250507198274136, "psidt_3": 0.006822892930358648, "psidt_4": 0.006727264728397131, "psidt_5": 0.006525800097733736, "psidt_6": 0.006419726647436619, "psidt_7": 0.0063149393536150455, "psidt_8": 0.006257497705519199, "psidt_9": 0.006297022104263306, "psidt_10": 0.006252337712794542, "rmse_0.05": 0.009209956973791122, "rmse_1": 0.022609785199165344, "rmse_2": 0.02683321200311184, "rmse_3": 0.02782399393618107, "rmse_4": 0.028632752597332, "rmse_5": 0.02808978222310543, "rmse_6": 0.02776019461452961, "rmse_7": 0.028312142938375473, "rmse_8": 0.028583304956555367, "rmse_9": 0.028685085475444794, "rmse_10": 0.02866184711456299}