{"vy_0.05": 0.015383187681436539, "vy_1": 0.03608081117272377, "vy_2": 0.043222520500421524, "vy_3": 0.04749135673046112, "vy_4": 0.05085815116763115, "vy_5": 0.05064631253480911, "vy_6": 0.05009239539504051, "vy_7": 0.05127301812171936, "vy_8": 0.051979996263980865, "vy_9": 0.052464745938777924, "vy_10": 0.05251053348183632, "psidt_0.05": 0.0027146534994244576, "psidt_1": 0.00523387361317873, "psidt_2": 0.0059663704596459866, "psidt_3": 0.006303486414253712, "psidt_4": 0.006191698834300041, "psidt_5": 0.006091239862143993, "psidt_6": 0.006005671340972185, "psidt_7": 0.005848526488989592, "psidt_8": 0.005820032674819231, "psidt_9": 0.005816652439534664, "psidt_10": 0.00572184519842267, "rmse_0.05": 0.00904892012476921, "rmse_1": 0.020657341927289963, "rmse_2": 0.024594444781541824, "rmse_3": 0.02689742110669613, "rmse_4": 0.02852492406964302, "rmse_5": 0.02836877666413784, "rmse_6": 0.028049033135175705, "rmse_7": 0.02856077253818512, "rmse_8": 0.028900014236569405, "rmse_9": 0.02914069965481758, "rmse_10": 0.02911618910729885}