{"vy_0.05": 0.014314903877675533, "vy_1": 0.035988640040159225, "vy_2": 0.042490821331739426, "vy_3": 0.047294143587350845, "vy_4": 0.05024897679686546, "vy_5": 0.050617024302482605, "vy_6": 0.051031894981861115, "vy_7": 0.05204413831233978, "vy_8": 0.0524987131357193, "vy_9": 0.052956316620111465, "vy_10": 0.053269170224666595, "psidt_0.05": 0.0025674449279904366, "psidt_1": 0.004651047755032778, "psidt_2": 0.005634135566651821, "psidt_3": 0.006012167315930128, "psidt_4": 0.005997596308588982, "psidt_5": 0.005913977976888418, "psidt_6": 0.005903216078877449, "psidt_7": 0.005769577343016863, "psidt_8": 0.005763025023043156, "psidt_9": 0.005867258179932833, "psidt_10": 0.005756231490522623, "rmse_0.05": 0.008441174402832985, "rmse_1": 0.020319843664765358, "rmse_2": 0.02406247891485691, "rmse_3": 0.02665315568447113, "rmse_4": 0.028123285621404648, "rmse_5": 0.02826550044119358, "rmse_6": 0.028467554599046707, "rmse_7": 0.02890685759484768, "rmse_8": 0.02913086861371994, "rmse_9": 0.029411787167191505, "rmse_10": 0.02951270155608654}