{"vy_0.05": 0.015264122746884823, "vy_1": 0.03532968834042549, "vy_2": 0.04147094860672951, "vy_3": 0.04611625894904137, "vy_4": 0.049262817949056625, "vy_5": 0.048807501792907715, "vy_6": 0.04857262969017029, "vy_7": 0.050391849130392075, "vy_8": 0.05114855244755745, "vy_9": 0.0511464886367321, "vy_10": 0.05119607225060463, "psidt_0.05": 0.0023994173388928175, "psidt_1": 0.0045841159299016, "psidt_2": 0.0055371541529893875, "psidt_3": 0.006109926849603653, "psidt_4": 0.00608087470754981, "psidt_5": 0.006032432429492474, "psidt_6": 0.0059019653126597404, "psidt_7": 0.005749444477260113, "psidt_8": 0.005697846412658691, "psidt_9": 0.005731912795454264, "psidt_10": 0.0056671882048249245, "rmse_0.05": 0.008831770159304142, "rmse_1": 0.01995690166950226, "rmse_2": 0.023504052311182022, "rmse_3": 0.02611309289932251, "rmse_4": 0.027671845629811287, "rmse_5": 0.02741996757686138, "rmse_6": 0.0272372979670763, "rmse_7": 0.02807064726948738, "rmse_8": 0.02842319943010807, "rmse_9": 0.028439201414585114, "rmse_10": 0.02843162976205349}