{"vy_0.05": 0.015397320501506329, "vy_1": 0.04206226021051407, "vy_2": 0.0508667416870594, "vy_3": 0.052998509258031845, "vy_4": 0.05465761944651604, "vy_5": 0.05435760319232941, "vy_6": 0.05427353084087372, "vy_7": 0.055667828768491745, "vy_8": 0.05618496611714363, "vy_9": 0.05596209317445755, "vy_10": 0.0561310276389122, "psidt_0.05": 0.00261486042290926, "psidt_1": 0.005262709688395262, "psidt_2": 0.006435524206608534, "psidt_3": 0.0070102643221616745, "psidt_4": 0.006916212849318981, "psidt_5": 0.006819679401814938, "psidt_6": 0.00673562241718173, "psidt_7": 0.006662904750555754, "psidt_8": 0.006629126612097025, "psidt_9": 0.006701956503093243, "psidt_10": 0.006629566662013531, "rmse_0.05": 0.009006090462207794, "rmse_1": 0.02366248518228531, "rmse_2": 0.028651133179664612, "rmse_3": 0.030004385858774185, "rmse_4": 0.030786916613578796, "rmse_5": 0.03058864176273346, "rmse_6": 0.030504576861858368, "rmse_7": 0.031165366992354393, "rmse_8": 0.03140704706311226, "rmse_9": 0.031332023441791534, "rmse_10": 0.031380295753479004}