{"vy_0.05": 0.014860447496175766, "vy_1": 0.04811692610383034, "vy_2": 0.06360622495412827, "vy_3": 0.06676498055458069, "vy_4": 0.06780356913805008, "vy_5": 0.06879174709320068, "vy_6": 0.06959100812673569, "vy_7": 0.07180242240428925, "vy_8": 0.07281932979822159, "vy_9": 0.0731043890118599, "vy_10": 0.0730818510055542, "psidt_0.05": 0.002121720928698778, "psidt_1": 0.005254206247627735, "psidt_2": 0.006769758649170399, "psidt_3": 0.007469648960977793, "psidt_4": 0.00753451231867075, "psidt_5": 0.007524643559008837, "psidt_6": 0.00754929706454277, "psidt_7": 0.007456047460436821, "psidt_8": 0.007450440898537636, "psidt_9": 0.007632884196937084, "psidt_10": 0.007569486740976572, "rmse_0.05": 0.008491083979606628, "rmse_1": 0.02668556571006775, "rmse_2": 0.035187993198633194, "rmse_3": 0.03711731359362602, "rmse_4": 0.03766904026269913, "rmse_5": 0.038158196955919266, "rmse_6": 0.03857015073299408, "rmse_7": 0.03962923586368561, "rmse_8": 0.04013488441705704, "rmse_9": 0.04036863520741463, "rmse_10": 0.04032566770911217}