{"vy_0.05": 0.014006245881319046, "vy_1": 0.04360191896557808, "vy_2": 0.05203817039728165, "vy_3": 0.056432124227285385, "vy_4": 0.05772387608885765, "vy_5": 0.05780147761106491, "vy_6": 0.05878105014562607, "vy_7": 0.059936005622148514, "vy_8": 0.06073839217424393, "vy_9": 0.06099750101566315, "vy_10": 0.06102064624428749, "psidt_0.05": 0.002514834515750408, "psidt_1": 0.0049875411204993725, "psidt_2": 0.006193934008479118, "psidt_3": 0.006733440328389406, "psidt_4": 0.0066484110429883, "psidt_5": 0.00649127084761858, "psidt_6": 0.00645139254629612, "psidt_7": 0.00632037129253149, "psidt_8": 0.006299750413745642, "psidt_9": 0.0063354033045470715, "psidt_10": 0.00628236960619688, "rmse_0.05": 0.008260540664196014, "rmse_1": 0.02429473027586937, "rmse_2": 0.029116053134202957, "rmse_3": 0.0315827839076519, "rmse_4": 0.03218614310026169, "rmse_5": 0.03214637562632561, "rmse_6": 0.03261622041463852, "rmse_7": 0.03312818706035614, "rmse_8": 0.03351907059550285, "rmse_9": 0.033666450530290604, "rmse_10": 0.03365150839090347}