{"vy_0.05": 0.015386605635285378, "vy_1": 0.04492440074682236, "vy_2": 0.05536965653300285, "vy_3": 0.05789206922054291, "vy_4": 0.058450017124414444, "vy_5": 0.05767824873328209, "vy_6": 0.057520292699337006, "vy_7": 0.058951713144779205, "vy_8": 0.05969320237636566, "vy_9": 0.0594741627573967, "vy_10": 0.05918780714273453, "psidt_0.05": 0.0026144590228796005, "psidt_1": 0.005648021120578051, "psidt_2": 0.006810247898101807, "psidt_3": 0.007398001849651337, "psidt_4": 0.007321447134017944, "psidt_5": 0.0071474662981927395, "psidt_6": 0.007137708365917206, "psidt_7": 0.007044452242553234, "psidt_8": 0.007037200499325991, "psidt_9": 0.0070540583692491055, "psidt_10": 0.006955860182642937, "rmse_0.05": 0.009000532329082489, "rmse_1": 0.02528621070086956, "rmse_2": 0.03108995221555233, "rmse_3": 0.03264503553509712, "rmse_4": 0.032885730266571045, "rmse_5": 0.03241285681724548, "rmse_6": 0.032329000532627106, "rmse_7": 0.03299808129668236, "rmse_8": 0.03336520120501518, "rmse_9": 0.03326411172747612, "rmse_10": 0.03307183459401131}