{"vy_0.05": 0.0127898333594203, "vy_1": 0.04110497608780861, "vy_2": 0.052559055387973785, "vy_3": 0.05719947814941406, "vy_4": 0.058790866285562515, "vy_5": 0.058703429996967316, "vy_6": 0.05875186249613762, "vy_7": 0.0596747063100338, "vy_8": 0.05956544727087021, "vy_9": 0.05953386798501015, "vy_10": 0.05951014906167984, "psidt_0.05": 0.0020529378671199083, "psidt_1": 0.0046149734407663345, "psidt_2": 0.005931480322033167, "psidt_3": 0.006435648072510958, "psidt_4": 0.006387777626514435, "psidt_5": 0.006367909722030163, "psidt_6": 0.006365414708852768, "psidt_7": 0.006228381767868996, "psidt_8": 0.006233520340174437, "psidt_9": 0.00630342960357666, "psidt_10": 0.006244699005037546, "rmse_0.05": 0.007421385496854782, "rmse_1": 0.022859975695610046, "rmse_2": 0.029245268553495407, "rmse_3": 0.031817562878131866, "rmse_4": 0.032589323818683624, "rmse_5": 0.03253566846251488, "rmse_6": 0.032558638602495193, "rmse_7": 0.03295154497027397, "rmse_8": 0.032899484038352966, "rmse_9": 0.032918646931648254, "rmse_10": 0.032877422869205475}