{"vy_0.05": 0.017147449776530266, "vy_1": 0.05365366116166115, "vy_2": 0.07310221344232559, "vy_3": 0.08832220733165741, "vy_4": 0.09301849454641342, "vy_5": 0.0970970019698143, "vy_6": 0.10057171434164047, "vy_7": 0.11105897277593613, "vy_8": 0.11689022928476334, "vy_9": 0.11860937625169754, "vy_10": 0.12318988889455795, "psidt_0.05": 0.0022030731197446585, "psidt_1": 0.005184023641049862, "psidt_2": 0.0064848484471440315, "psidt_3": 0.007158398628234863, "psidt_4": 0.007454298436641693, "psidt_5": 0.007464241236448288, "psidt_6": 0.007788314949721098, "psidt_7": 0.007743689697235823, "psidt_8": 0.007904131896793842, "psidt_9": 0.008123369887471199, "psidt_10": 0.008162018842995167, "rmse_0.05": 0.009675261564552784, "rmse_1": 0.029418842867016792, "rmse_2": 0.039793532341718674, "rmse_3": 0.047740302979946136, "rmse_4": 0.05023639649152756, "rmse_5": 0.052280619740486145, "rmse_6": 0.05418001487851143, "rmse_7": 0.05940132960677147, "rmse_8": 0.06239718198776245, "rmse_9": 0.0633663758635521, "rmse_10": 0.06567595154047012}