{"vy_0.05": 0.015335687436163425, "vy_1": 0.0433194637298584, "vy_2": 0.04959286004304886, "vy_3": 0.050431184470653534, "vy_4": 0.05123993009328842, "vy_5": 0.05038977041840553, "vy_6": 0.05016420781612396, "vy_7": 0.052076246589422226, "vy_8": 0.05270429700613022, "vy_9": 0.05256905406713486, "vy_10": 0.05238557234406471, "psidt_0.05": 0.002448027255013585, "psidt_1": 0.004901146981865168, "psidt_2": 0.006057551130652428, "psidt_3": 0.0066993278451263905, "psidt_4": 0.006657435093075037, "psidt_5": 0.006563803181052208, "psidt_6": 0.006451852153986692, "psidt_7": 0.006380829494446516, "psidt_8": 0.006380694452673197, "psidt_9": 0.006410602945834398, "psidt_10": 0.006350955925881863, "rmse_0.05": 0.008891857229173183, "rmse_1": 0.024110306054353714, "rmse_2": 0.027825206518173218, "rmse_3": 0.02856525592505932, "rmse_4": 0.02894868329167366, "rmse_5": 0.028476785868406296, "rmse_6": 0.02830803021788597, "rmse_7": 0.029228538274765015, "rmse_8": 0.02954249642789364, "rmse_9": 0.029489828273653984, "rmse_10": 0.029368264600634575}