{"vy_0.05": 0.014354522339999676, "vy_1": 0.03701530769467354, "vy_2": 0.04355094954371452, "vy_3": 0.046257633715867996, "vy_4": 0.04879913479089737, "vy_5": 0.049466636031866074, "vy_6": 0.04983242601156235, "vy_7": 0.051492881029844284, "vy_8": 0.05237218365073204, "vy_9": 0.05250231549143791, "vy_10": 0.05253053456544876, "psidt_0.05": 0.0025412002578377724, "psidt_1": 0.005141379311680794, "psidt_2": 0.006012463476508856, "psidt_3": 0.006338042672723532, "psidt_4": 0.006208288017660379, "psidt_5": 0.006129161920398474, "psidt_6": 0.00614033592864871, "psidt_7": 0.006010318174958229, "psidt_8": 0.0059466189704835415, "psidt_9": 0.005978616885840893, "psidt_10": 0.005904320627450943, "rmse_0.05": 0.008447861298918724, "rmse_1": 0.02107834443449974, "rmse_2": 0.02478170581161976, "rmse_3": 0.026297837495803833, "rmse_4": 0.027503712102770805, "rmse_5": 0.027797898277640343, "rmse_6": 0.027986381202936172, "rmse_7": 0.02875160053372383, "rmse_8": 0.02915940061211586, "rmse_9": 0.02924046665430069, "rmse_10": 0.029217427596449852}