{"vy_0.05": 0.014713835902512074, "vy_1": 0.03584247827529907, "vy_2": 0.0418035089969635, "vy_3": 0.046788331121206284, "vy_4": 0.050022173672914505, "vy_5": 0.049192603677511215, "vy_6": 0.04901910200715065, "vy_7": 0.05008009821176529, "vy_8": 0.05036284774541855, "vy_9": 0.05055782571434975, "vy_10": 0.05030246451497078, "psidt_0.05": 0.002617158694192767, "psidt_1": 0.004897205159068108, "psidt_2": 0.005786852911114693, "psidt_3": 0.0061388215981423855, "psidt_4": 0.006053014658391476, "psidt_5": 0.0060099088586866856, "psidt_6": 0.005911100655794144, "psidt_7": 0.005784910172224045, "psidt_8": 0.005769290030002594, "psidt_9": 0.0057951295748353004, "psidt_10": 0.005709323566406965, "rmse_0.05": 0.008665497414767742, "rmse_1": 0.020369842648506165, "rmse_2": 0.023795180022716522, "rmse_3": 0.026463575661182404, "rmse_4": 0.028037594631314278, "rmse_5": 0.02760125696659088, "rmse_6": 0.027465101331472397, "rmse_7": 0.027932504191994667, "rmse_8": 0.02806606888771057, "rmse_9": 0.028176477178931236, "rmse_10": 0.028005894273519516}