{"vy_0.05": 0.017067231237888336, "vy_1": 0.054556913673877716, "vy_2": 0.07357699424028397, "vy_3": 0.08723296970129013, "vy_4": 0.09078143537044525, "vy_5": 0.09470172971487045, "vy_6": 0.09846678376197815, "vy_7": 0.10864778608083725, "vy_8": 0.1139446496963501, "vy_9": 0.11540836840867996, "vy_10": 0.12013328820466995, "psidt_0.05": 0.002401003148406744, "psidt_1": 0.005321573466062546, "psidt_2": 0.00656158896163106, "psidt_3": 0.007280715275555849, "psidt_4": 0.0075176735408604145, "psidt_5": 0.007460080087184906, "psidt_6": 0.007806783076375723, "psidt_7": 0.0077510434202849865, "psidt_8": 0.007885938510298729, "psidt_9": 0.008075475692749023, "psidt_10": 0.008069942705333233, "rmse_0.05": 0.009734117425978184, "rmse_1": 0.02993924356997013, "rmse_2": 0.04006929323077202, "rmse_3": 0.047256842255592346, "rmse_4": 0.04914955422282219, "rmse_5": 0.05108090490102768, "rmse_6": 0.053136784583330154, "rmse_7": 0.05819941312074661, "rmse_8": 0.06091529503464699, "rmse_9": 0.06174192205071449, "rmse_10": 0.06410161405801773}