{"vy_0.05": 0.014966494403779507, "vy_1": 0.046682778745889664, "vy_2": 0.058540698140859604, "vy_3": 0.0620109885931015, "vy_4": 0.06249462068080902, "vy_5": 0.062227535992860794, "vy_6": 0.06272957473993301, "vy_7": 0.06502993404865265, "vy_8": 0.06637226045131683, "vy_9": 0.06601639091968536, "vy_10": 0.06609198451042175, "psidt_0.05": 0.0021881707943975925, "psidt_1": 0.005145835690200329, "psidt_2": 0.0064995549619197845, "psidt_3": 0.007276386953890324, "psidt_4": 0.007321648765355349, "psidt_5": 0.007321979384869337, "psidt_6": 0.007334101013839245, "psidt_7": 0.0072663938626646996, "psidt_8": 0.0073183560743927956, "psidt_9": 0.007403575349599123, "psidt_10": 0.007317212875932455, "rmse_0.05": 0.008577332831919193, "rmse_1": 0.025914307683706284, "rmse_2": 0.032520126551389694, "rmse_3": 0.034643687307834625, "rmse_4": 0.03490813449025154, "rmse_5": 0.03477475792169571, "rmse_6": 0.03503183647990227, "rmse_7": 0.03614816442131996, "rmse_8": 0.03684530779719353, "rmse_9": 0.0367099829018116, "rmse_10": 0.03670459985733032}