{"vy_0.05": 0.014206078834831715, "vy_1": 0.044474855065345764, "vy_2": 0.07363593578338623, "vy_3": 0.09640874713659286, "vy_4": 0.09948001801967621, "vy_5": 0.09683125466108322, "vy_6": 0.10218023508787155, "vy_7": 0.10956628620624542, "vy_8": 0.11336998641490936, "vy_9": 0.11313934624195099, "vy_10": 0.1138683632016182, "psidt_0.05": 0.002178145106881857, "psidt_1": 0.0049601090140640736, "psidt_2": 0.012135366909205914, "psidt_3": 0.01703183352947235, "psidt_4": 0.017828213050961494, "psidt_5": 0.017327796667814255, "psidt_6": 0.018718775361776352, "psidt_7": 0.01998860202729702, "psidt_8": 0.02025756426155567, "psidt_9": 0.020807882770895958, "psidt_10": 0.020897002890706062, "rmse_0.05": 0.008192111738026142, "rmse_1": 0.024717481806874275, "rmse_2": 0.04288564994931221, "rmse_3": 0.05672029033303261, "rmse_4": 0.05865411460399628, "rmse_5": 0.05707952380180359, "rmse_6": 0.0604495033621788, "rmse_7": 0.0647774413228035, "rmse_8": 0.06681377440690994, "rmse_9": 0.06697361171245575, "rmse_10": 0.06738268584012985}