{"vy_0.05": 0.014388254843652248, "vy_1": 0.04755653068423271, "vy_2": 0.05859297513961792, "vy_3": 0.06147966533899307, "vy_4": 0.0665399357676506, "vy_5": 0.0695536881685257, "vy_6": 0.07059090584516525, "vy_7": 0.07267535477876663, "vy_8": 0.07647056132555008, "vy_9": 0.0809142142534256, "vy_10": 0.08926910907030106, "psidt_0.05": 0.002343554515391588, "psidt_1": 0.007047934457659721, "psidt_2": 0.008313075639307499, "psidt_3": 0.008946042507886887, "psidt_4": 0.011482072994112968, "psidt_5": 0.011778797022998333, "psidt_6": 0.012027252465486526, "psidt_7": 0.011792670004069805, "psidt_8": 0.012676031328737736, "psidt_9": 0.015665480867028236, "psidt_10": 0.021507512778043747, "rmse_0.05": 0.008365904912352562, "rmse_1": 0.027302231639623642, "rmse_2": 0.03345302492380142, "rmse_3": 0.03521285206079483, "rmse_4": 0.03901100531220436, "rmse_5": 0.04066624119877815, "rmse_6": 0.04130908101797104, "rmse_7": 0.04223401099443436, "rmse_8": 0.04457329586148262, "rmse_9": 0.04828984662890434, "rmse_10": 0.05538830906152725}