{"vy_0.05": 0.01342749036848545, "vy_1": 0.0353354886174202, "vy_2": 0.04248814657330513, "vy_3": 0.04749026522040367, "vy_4": 0.050171688199043274, "vy_5": 0.04993872717022896, "vy_6": 0.05022849515080452, "vy_7": 0.05174141004681587, "vy_8": 0.05244124308228493, "vy_9": 0.05284237116575241, "vy_10": 0.05310109257698059, "psidt_0.05": 0.002452811924740672, "psidt_1": 0.004306179471313953, "psidt_2": 0.005306664388626814, "psidt_3": 0.005857239011675119, "psidt_4": 0.005761002656072378, "psidt_5": 0.005705172661691904, "psidt_6": 0.005636381451040506, "psidt_7": 0.00558622507378459, "psidt_8": 0.005556264892220497, "psidt_9": 0.00556473433971405, "psidt_10": 0.005488715600222349, "rmse_0.05": 0.007940150797367096, "rmse_1": 0.019820833578705788, "rmse_2": 0.023897405713796616, "rmse_3": 0.026673752814531326, "rmse_4": 0.027966344729065895, "rmse_5": 0.027821950614452362, "rmse_6": 0.027932438999414444, "rmse_7": 0.028663817793130875, "rmse_8": 0.028998754918575287, "rmse_9": 0.02920355275273323, "rmse_10": 0.029294904321432114}