{"vy_0.05": 0.015321994200348854, "vy_1": 0.03993632644414902, "vy_2": 0.04806206002831459, "vy_3": 0.050363484770059586, "vy_4": 0.05354258418083191, "vy_5": 0.05283365398645401, "vy_6": 0.05287637561559677, "vy_7": 0.05395665764808655, "vy_8": 0.055199187248945236, "vy_9": 0.055152229964733124, "vy_10": 0.054833315312862396, "psidt_0.05": 0.002413253765553236, "psidt_1": 0.0049606915563344955, "psidt_2": 0.006065121851861477, "psidt_3": 0.0066716596484184265, "psidt_4": 0.006552437320351601, "psidt_5": 0.006453212816268206, "psidt_6": 0.006342971231788397, "psidt_7": 0.006270477548241615, "psidt_8": 0.0062033021822571754, "psidt_9": 0.006231206469237804, "psidt_10": 0.0061840396374464035, "rmse_0.05": 0.008867624215781689, "rmse_1": 0.02244850993156433, "rmse_2": 0.02706359140574932, "rmse_3": 0.028517572209239006, "rmse_4": 0.03004750981926918, "rmse_5": 0.029643433168530464, "rmse_6": 0.029609672725200653, "rmse_7": 0.030113566666841507, "rmse_8": 0.03070124424993992, "rmse_9": 0.03069171868264675, "rmse_10": 0.030508678406476974}