{"vy_0.05": 0.015031596645712852, "vy_1": 0.03926168754696846, "vy_2": 0.0490984208881855, "vy_3": 0.05125243216753006, "vy_4": 0.05310267210006714, "vy_5": 0.052429620176553726, "vy_6": 0.052409540861845016, "vy_7": 0.0548945777118206, "vy_8": 0.05544711649417877, "vy_9": 0.05539163947105408, "vy_10": 0.05529225245118141, "psidt_0.05": 0.0024622974451631308, "psidt_1": 0.005184608045965433, "psidt_2": 0.006479772739112377, "psidt_3": 0.007031040731817484, "psidt_4": 0.006944506894797087, "psidt_5": 0.006814989261329174, "psidt_6": 0.00675787590444088, "psidt_7": 0.00671811681240797, "psidt_8": 0.00672842375934124, "psidt_9": 0.0068045794032514095, "psidt_10": 0.006757908035069704, "rmse_0.05": 0.008746947161853313, "rmse_1": 0.022223148494958878, "rmse_2": 0.027789097279310226, "rmse_3": 0.029141737148165703, "rmse_4": 0.030023589730262756, "rmse_5": 0.029622305184602737, "rmse_6": 0.029583707451820374, "rmse_7": 0.030806347727775574, "rmse_8": 0.03108777105808258, "rmse_9": 0.031098108738660812, "rmse_10": 0.031025080010294914}