{"vy_0.05": 0.014533581212162971, "vy_1": 0.03471541777253151, "vy_2": 0.04158218950033188, "vy_3": 0.047791894525289536, "vy_4": 0.050312917679548264, "vy_5": 0.05069229379296303, "vy_6": 0.05211177468299866, "vy_7": 0.05490332841873169, "vy_8": 0.05541374161839485, "vy_9": 0.05568280071020126, "vy_10": 0.056077226996421814, "psidt_0.05": 0.0025094517040997744, "psidt_1": 0.004643567372113466, "psidt_2": 0.0054321265779435635, "psidt_3": 0.006094538606703281, "psidt_4": 0.0059936740435659885, "psidt_5": 0.005928987171500921, "psidt_6": 0.005917358212172985, "psidt_7": 0.00592993525788188, "psidt_8": 0.005879441276192665, "psidt_9": 0.0058907014317810535, "psidt_10": 0.005830798298120499, "rmse_0.05": 0.008521516807377338, "rmse_1": 0.019679492339491844, "rmse_2": 0.02350715734064579, "rmse_3": 0.02694321610033512, "rmse_4": 0.028153296560049057, "rmse_5": 0.028310639783740044, "rmse_6": 0.02901456691324711, "rmse_7": 0.03041663207113743, "rmse_8": 0.030646592378616333, "rmse_9": 0.030786750838160515, "rmse_10": 0.030954012647271156}