{"vy_0.05": 0.015051977708935738, "vy_1": 0.04038063436746597, "vy_2": 0.04948984086513519, "vy_3": 0.051022130995988846, "vy_4": 0.052439454942941666, "vy_5": 0.052197251468896866, "vy_6": 0.05180348455905914, "vy_7": 0.05313538759946823, "vy_8": 0.054218705743551254, "vy_9": 0.054016899317502975, "vy_10": 0.05374405160546303, "psidt_0.05": 0.0026068994775414467, "psidt_1": 0.005161058623343706, "psidt_2": 0.006339897867292166, "psidt_3": 0.006834029220044613, "psidt_4": 0.006778895854949951, "psidt_5": 0.0066151549108326435, "psidt_6": 0.006539602763950825, "psidt_7": 0.006417477037757635, "psidt_8": 0.006396680139005184, "psidt_9": 0.006435180548578501, "psidt_10": 0.006369117647409439, "rmse_0.05": 0.00882943905889988, "rmse_1": 0.022770846262574196, "rmse_2": 0.02791486866772175, "rmse_3": 0.028928080573678017, "rmse_4": 0.02960917539894581, "rmse_5": 0.02940620295703411, "rmse_6": 0.029171543195843697, "rmse_7": 0.029776431620121002, "rmse_8": 0.030307693406939507, "rmse_9": 0.03022604063153267, "rmse_10": 0.030056584626436234}