{"vy_0.05": 0.014641977846622467, "vy_1": 0.04874319210648537, "vy_2": 0.060294974595308304, "vy_3": 0.06494515389204025, "vy_4": 0.06573794782161713, "vy_5": 0.06535828113555908, "vy_6": 0.06538155674934387, "vy_7": 0.0672033280134201, "vy_8": 0.06873760372400284, "vy_9": 0.06846170127391815, "vy_10": 0.06836093217134476, "psidt_0.05": 0.002383569721132517, "psidt_1": 0.005322759971022606, "psidt_2": 0.006938296370208263, "psidt_3": 0.007594930473715067, "psidt_4": 0.0075585194863379, "psidt_5": 0.007586462888866663, "psidt_6": 0.007655065506696701, "psidt_7": 0.007594589609652758, "psidt_8": 0.0075730206444859505, "psidt_9": 0.007691703736782074, "psidt_10": 0.007620535790920258, "rmse_0.05": 0.008512773551046848, "rmse_1": 0.027032975107431412, "rmse_2": 0.03361663594841957, "rmse_3": 0.03627004101872444, "rmse_4": 0.036648232489824295, "rmse_5": 0.0364723727107048, "rmse_6": 0.036518312990665436, "rmse_7": 0.03739896044135094, "rmse_8": 0.038155313581228256, "rmse_9": 0.03807670250535011, "rmse_10": 0.03799073398113251}