{"vy_0.05": 0.016985604539513588, "vy_1": 0.05434662476181984, "vy_2": 0.07290447503328323, "vy_3": 0.08633323758840561, "vy_4": 0.0896998792886734, "vy_5": 0.09292680025100708, "vy_6": 0.09600698202848434, "vy_7": 0.1064586490392685, "vy_8": 0.11168605089187622, "vy_9": 0.11290639638900757, "vy_10": 0.11764916032552719, "psidt_0.05": 0.0024525783956050873, "psidt_1": 0.0055216578766703606, "psidt_2": 0.006885632406920195, "psidt_3": 0.007558634504675865, "psidt_4": 0.007776657119393349, "psidt_5": 0.007675676606595516, "psidt_6": 0.00805091392248869, "psidt_7": 0.007965792901813984, "psidt_8": 0.008076507598161697, "psidt_9": 0.008260786533355713, "psidt_10": 0.008275525644421577, "rmse_0.05": 0.009719091467559338, "rmse_1": 0.029934141784906387, "rmse_2": 0.03989505395293236, "rmse_3": 0.04694593697786331, "rmse_4": 0.0487382672727108, "rmse_5": 0.050301238894462585, "rmse_6": 0.052028946578502655, "rmse_7": 0.0572122223675251, "rmse_8": 0.05988127738237381, "rmse_9": 0.06058359146118164, "rmse_10": 0.06296234577894211}