{"vy_0.05": 0.014804928563535213, "vy_1": 0.03739861771464348, "vy_2": 0.04473036900162697, "vy_3": 0.04639497399330139, "vy_4": 0.048186272382736206, "vy_5": 0.047939199954271317, "vy_6": 0.047971270978450775, "vy_7": 0.04996441304683685, "vy_8": 0.050804272294044495, "vy_9": 0.051286887377500534, "vy_10": 0.05131303891539574, "psidt_0.05": 0.0025704815052449703, "psidt_1": 0.005072715692222118, "psidt_2": 0.0059448471292853355, "psidt_3": 0.006314409896731377, "psidt_4": 0.006248794496059418, "psidt_5": 0.006131422705948353, "psidt_6": 0.006099557504057884, "psidt_7": 0.005997559055685997, "psidt_8": 0.00599494855850935, "psidt_9": 0.006043659057468176, "psidt_10": 0.005982127506285906, "rmse_0.05": 0.008687704801559448, "rmse_1": 0.021235667169094086, "rmse_2": 0.02533760853111744, "rmse_3": 0.02635469287633896, "rmse_4": 0.027217533439397812, "rmse_5": 0.027035310864448547, "rmse_6": 0.027035415172576904, "rmse_7": 0.027980986982584, "rmse_8": 0.02839961089193821, "rmse_9": 0.028665272518992424, "rmse_10": 0.028647582978010178}