{"vy_0.05": 0.015406682156026363, "vy_1": 0.040528252720832825, "vy_2": 0.04977313429117203, "vy_3": 0.05497714504599571, "vy_4": 0.0564274862408638, "vy_5": 0.05551920831203461, "vy_6": 0.055624641478061676, "vy_7": 0.057025566697120667, "vy_8": 0.05802087113261223, "vy_9": 0.05832939222455025, "vy_10": 0.05819219350814819, "psidt_0.05": 0.002338322112336755, "psidt_1": 0.004892878700047731, "psidt_2": 0.006288714241236448, "psidt_3": 0.0070059411227703094, "psidt_4": 0.00701551791280508, "psidt_5": 0.006904845591634512, "psidt_6": 0.006759504321962595, "psidt_7": 0.006705038715153933, "psidt_8": 0.006729994434863329, "psidt_9": 0.00678847823292017, "psidt_10": 0.0067475708201527596, "rmse_0.05": 0.008872502483427525, "rmse_1": 0.022710565477609634, "rmse_2": 0.02803092449903488, "rmse_3": 0.03099154308438301, "rmse_4": 0.03172150254249573, "rmse_5": 0.03121202625334263, "rmse_6": 0.031192073598504066, "rmse_7": 0.031865302473306656, "rmse_8": 0.032375432550907135, "rmse_9": 0.03255893662571907, "rmse_10": 0.03246988356113434}