{"vy_0.05": 0.014562797732651234, "vy_1": 0.04687760770320892, "vy_2": 0.05955496430397034, "vy_3": 0.06212817505002022, "vy_4": 0.0634710043668747, "vy_5": 0.06377699971199036, "vy_6": 0.06410546600818634, "vy_7": 0.06553487479686737, "vy_8": 0.06766743957996368, "vy_9": 0.0679359883069992, "vy_10": 0.06808312237262726, "psidt_0.05": 0.0024621665943413973, "psidt_1": 0.005829451605677605, "psidt_2": 0.006986721884459257, "psidt_3": 0.007538060657680035, "psidt_4": 0.007496670354157686, "psidt_5": 0.007640622556209564, "psidt_6": 0.007791418582201004, "psidt_7": 0.007690975442528725, "psidt_8": 0.007816706784069538, "psidt_9": 0.007958986796438694, "psidt_10": 0.007912942208349705, "rmse_0.05": 0.008512482047080994, "rmse_1": 0.02635353058576584, "rmse_2": 0.03327084332704544, "rmse_3": 0.034833118319511414, "rmse_4": 0.03548383712768555, "rmse_5": 0.03570881113409996, "rmse_6": 0.03594844043254852, "rmse_7": 0.03661292418837547, "rmse_8": 0.03774207457900047, "rmse_9": 0.03794748708605766, "rmse_10": 0.037998031824827194}