{"vy_0.05": 0.016988983377814293, "vy_1": 0.053950078785419464, "vy_2": 0.07281024008989334, "vy_3": 0.085843525826931, "vy_4": 0.08942654728889465, "vy_5": 0.0928269475698471, "vy_6": 0.09599470347166061, "vy_7": 0.10691726952791214, "vy_8": 0.11220984160900116, "vy_9": 0.11340086907148361, "vy_10": 0.11792651563882828, "psidt_0.05": 0.0023892505560070276, "psidt_1": 0.005349264480173588, "psidt_2": 0.006604315713047981, "psidt_3": 0.007290506269782782, "psidt_4": 0.0075074792839586735, "psidt_5": 0.007452366873621941, "psidt_6": 0.007782951463013887, "psidt_7": 0.007737961132079363, "psidt_8": 0.00788134802132845, "psidt_9": 0.008078203536570072, "psidt_10": 0.00805591233074665, "rmse_0.05": 0.009689116850495338, "rmse_1": 0.02964967116713524, "rmse_2": 0.03970727697014809, "rmse_3": 0.04656701534986496, "rmse_4": 0.048467013984918594, "rmse_5": 0.0501396581530571, "rmse_6": 0.05188882723450661, "rmse_7": 0.05732761695981026, "rmse_8": 0.060045596212148666, "rmse_9": 0.060739535838365555, "rmse_10": 0.06299121677875519}