{"vy_0.05": 0.01707398146390915, "vy_1": 0.054201677441596985, "vy_2": 0.07291115075349808, "vy_3": 0.08585960417985916, "vy_4": 0.08993904292583466, "vy_5": 0.09363068640232086, "vy_6": 0.09715647995471954, "vy_7": 0.10775177925825119, "vy_8": 0.11352572590112686, "vy_9": 0.1151101142168045, "vy_10": 0.1199001744389534, "psidt_0.05": 0.0023929195012897253, "psidt_1": 0.005328482016921043, "psidt_2": 0.006531327962875366, "psidt_3": 0.007204384543001652, "psidt_4": 0.0073983268812298775, "psidt_5": 0.007341686170548201, "psidt_6": 0.0076897526159882545, "psidt_7": 0.007621714845299721, "psidt_8": 0.007733889855444431, "psidt_9": 0.00792339351028204, "psidt_10": 0.007928094826638699, "rmse_0.05": 0.009733450599014759, "rmse_1": 0.02976508066058159, "rmse_2": 0.03972123935818672, "rmse_3": 0.04653199389576912, "rmse_4": 0.04866868630051613, "rmse_5": 0.050486184656620026, "rmse_6": 0.05242311581969261, "rmse_7": 0.05768674612045288, "rmse_8": 0.06062980741262436, "rmse_9": 0.06151675432920456, "rmse_10": 0.06391413509845734}