{"vy_0.05": 0.014392158016562462, "vy_1": 0.04244064539670944, "vy_2": 0.05442822352051735, "vy_3": 0.054972872138023376, "vy_4": 0.05588918551802635, "vy_5": 0.05562392622232437, "vy_6": 0.055926233530044556, "vy_7": 0.057773202657699585, "vy_8": 0.05893084779381752, "vy_9": 0.05903077870607376, "vy_10": 0.05855834111571312, "psidt_0.05": 0.0021734479814767838, "psidt_1": 0.005151453427970409, "psidt_2": 0.006390468683093786, "psidt_3": 0.007125347852706909, "psidt_4": 0.0071557010523974895, "psidt_5": 0.007174660451710224, "psidt_6": 0.00721938768401742, "psidt_7": 0.0071985372342169285, "psidt_8": 0.007191983517259359, "psidt_9": 0.007275423035025597, "psidt_10": 0.007190551143139601, "rmse_0.05": 0.008282802999019623, "rmse_1": 0.023796049878001213, "rmse_2": 0.030409345403313637, "rmse_3": 0.031049109995365143, "rmse_4": 0.031522441655397415, "rmse_5": 0.03139929473400116, "rmse_6": 0.03157281130552292, "rmse_7": 0.03248586878180504, "rmse_8": 0.03306141495704651, "rmse_9": 0.03315310180187225, "rmse_10": 0.032874446362257004}