{"vy_0.05": 0.01536440197378397, "vy_1": 0.0430140346288681, "vy_2": 0.05419564247131348, "vy_3": 0.05627157539129257, "vy_4": 0.05732022598385811, "vy_5": 0.05690845102071762, "vy_6": 0.0567130483686924, "vy_7": 0.058233004063367844, "vy_8": 0.05907662212848663, "vy_9": 0.058777835220098495, "vy_10": 0.058357104659080505, "psidt_0.05": 0.0025002071633934975, "psidt_1": 0.005195369943976402, "psidt_2": 0.006500144489109516, "psidt_3": 0.007074145600199699, "psidt_4": 0.007009593304246664, "psidt_5": 0.006862725596874952, "psidt_6": 0.006791256368160248, "psidt_7": 0.006701578851789236, "psidt_8": 0.006652870215475559, "psidt_9": 0.0066925836727023125, "psidt_10": 0.006609868723899126, "rmse_0.05": 0.008932304568588734, "rmse_1": 0.024104703217744827, "rmse_2": 0.03034789301455021, "rmse_3": 0.03167286142706871, "rmse_4": 0.032164908945560455, "rmse_5": 0.03188558667898178, "rmse_6": 0.03175215423107147, "rmse_7": 0.03246729075908661, "rmse_8": 0.03286474570631981, "rmse_9": 0.03273520991206169, "rmse_10": 0.03248348832130432}