{"vy_0.05": 0.01505555771291256, "vy_1": 0.035084981471300125, "vy_2": 0.04126773029565811, "vy_3": 0.043722040951251984, "vy_4": 0.04653298854827881, "vy_5": 0.04681543633341789, "vy_6": 0.047109704464673996, "vy_7": 0.0487971268594265, "vy_8": 0.04937911778688431, "vy_9": 0.050058916211128235, "vy_10": 0.050490330904722214, "psidt_0.05": 0.0025749432388693094, "psidt_1": 0.004677344113588333, "psidt_2": 0.005662769079208374, "psidt_3": 0.006185994017869234, "psidt_4": 0.0060789575800299644, "psidt_5": 0.005974937696009874, "psidt_6": 0.005885700229555368, "psidt_7": 0.005757965613156557, "psidt_8": 0.005690138787031174, "psidt_9": 0.005687383469194174, "psidt_10": 0.005607059691101313, "rmse_0.05": 0.008815250359475613, "rmse_1": 0.01988116279244423, "rmse_2": 0.023465249687433243, "rmse_3": 0.024954017251729965, "rmse_4": 0.026305973529815674, "rmse_5": 0.02639518678188324, "rmse_6": 0.026497703045606613, "rmse_7": 0.027277546003460884, "rmse_8": 0.02753462828695774, "rmse_9": 0.027873149141669273, "rmse_10": 0.028048695996403694}