{"vy_0.05": 0.014510166831314564, "vy_1": 0.03560350090265274, "vy_2": 0.04362815245985985, "vy_3": 0.045624248683452606, "vy_4": 0.047172728925943375, "vy_5": 0.04665390029549599, "vy_6": 0.04662204161286354, "vy_7": 0.04842985421419144, "vy_8": 0.049364764243364334, "vy_9": 0.049546316266059875, "vy_10": 0.04968545213341713, "psidt_0.05": 0.0023887506686151028, "psidt_1": 0.004913337528705597, "psidt_2": 0.006068617571145296, "psidt_3": 0.00669596903026104, "psidt_4": 0.006548012141138315, "psidt_5": 0.006408724468201399, "psidt_6": 0.006409076973795891, "psidt_7": 0.006355253979563713, "psidt_8": 0.006317974999547005, "psidt_9": 0.006364320870488882, "psidt_10": 0.006281097419559956, "rmse_0.05": 0.00844945851713419, "rmse_1": 0.02025841921567917, "rmse_2": 0.02484838478267193, "rmse_3": 0.026160109788179398, "rmse_4": 0.026860371232032776, "rmse_5": 0.026531312614679337, "rmse_6": 0.02651555836200714, "rmse_7": 0.02739255502820015, "rmse_8": 0.027841370552778244, "rmse_9": 0.027955317869782448, "rmse_10": 0.027983274310827255}