{"vy_0.05": 0.01290175598114729, "vy_1": 0.03610527887940407, "vy_2": 0.043411437422037125, "vy_3": 0.04722542688250542, "vy_4": 0.05029243603348732, "vy_5": 0.05031369999051094, "vy_6": 0.04983753338456154, "vy_7": 0.05082736909389496, "vy_8": 0.050801217555999756, "vy_9": 0.05100417509675026, "vy_10": 0.05121169984340668, "psidt_0.05": 0.002220009220764041, "psidt_1": 0.0039939917623996735, "psidt_2": 0.005417308770120144, "psidt_3": 0.006126998923718929, "psidt_4": 0.006196115165948868, "psidt_5": 0.0062565733678638935, "psidt_6": 0.0061616743914783, "psidt_7": 0.006032262463122606, "psidt_8": 0.006041825283318758, "psidt_9": 0.0061009787023067474, "psidt_10": 0.0060377418994903564, "rmse_0.05": 0.007560882717370987, "rmse_1": 0.02004963532090187, "rmse_2": 0.02441437356173992, "rmse_3": 0.02667621336877346, "rmse_4": 0.028244275599718094, "rmse_5": 0.028285136446356773, "rmse_6": 0.027999604120850563, "rmse_7": 0.02842981554567814, "rmse_8": 0.028421521186828613, "rmse_9": 0.028552576899528503, "rmse_10": 0.028624720871448517}