{"vy_0.05": 0.015580146573483944, "vy_1": 0.04176115244626999, "vy_2": 0.04817184805870056, "vy_3": 0.04989798367023468, "vy_4": 0.05132417008280754, "vy_5": 0.05033530667424202, "vy_6": 0.050076063722372055, "vy_7": 0.051234062761068344, "vy_8": 0.05174415558576584, "vy_9": 0.05192015692591667, "vy_10": 0.05175422504544258, "psidt_0.05": 0.002489400329068303, "psidt_1": 0.005038552451878786, "psidt_2": 0.006311568431556225, "psidt_3": 0.007018232252448797, "psidt_4": 0.006968921981751919, "psidt_5": 0.0068054478615522385, "psidt_6": 0.006711363792419434, "psidt_7": 0.006626444403082132, "psidt_8": 0.006588475778698921, "psidt_9": 0.0066218809224665165, "psidt_10": 0.006558380089700222, "rmse_0.05": 0.009034773334860802, "rmse_1": 0.023399852216243744, "rmse_2": 0.02724170871078968, "rmse_3": 0.028458107262849808, "rmse_4": 0.029146546497941017, "rmse_5": 0.028570376336574554, "rmse_6": 0.028393713757395744, "rmse_7": 0.02893025428056717, "rmse_8": 0.029166314750909805, "rmse_9": 0.029271019622683525, "rmse_10": 0.02915630303323269}