{"vy_0.05": 0.01619255170226097, "vy_1": 0.04141318425536156, "vy_2": 0.05043061077594757, "vy_3": 0.052407484501600266, "vy_4": 0.05360687896609306, "vy_5": 0.05272216722369194, "vy_6": 0.052060794085264206, "vy_7": 0.05320507287979126, "vy_8": 0.05352609604597092, "vy_9": 0.05340735614299774, "vy_10": 0.05317448079586029, "psidt_0.05": 0.002697036135941744, "psidt_1": 0.005279845092445612, "psidt_2": 0.006424125749617815, "psidt_3": 0.0070303939282894135, "psidt_4": 0.006922592408955097, "psidt_5": 0.006744414567947388, "psidt_6": 0.006724950857460499, "psidt_7": 0.006625582464039326, "psidt_8": 0.00656568817794323, "psidt_9": 0.006580510642379522, "psidt_10": 0.006489714607596397, "rmse_0.05": 0.009444793686270714, "rmse_1": 0.023346515372395515, "rmse_2": 0.02842736802995205, "rmse_3": 0.02971893921494484, "rmse_4": 0.030264735221862793, "rmse_5": 0.029733290895819664, "rmse_6": 0.029392872005701065, "rmse_7": 0.029915327206254005, "rmse_8": 0.030045893043279648, "rmse_9": 0.0299939326941967, "rmse_10": 0.02983209863305092}