{"vy_0.05": 0.014664520509541035, "vy_1": 0.044516030699014664, "vy_2": 0.05331963673233986, "vy_3": 0.05691194534301758, "vy_4": 0.05800005421042442, "vy_5": 0.05767633020877838, "vy_6": 0.058482859283685684, "vy_7": 0.059575311839580536, "vy_8": 0.060492143034935, "vy_9": 0.060584504157304764, "vy_10": 0.060598913580179214, "psidt_0.05": 0.002493483480066061, "psidt_1": 0.0051412321627140045, "psidt_2": 0.00645783357322216, "psidt_3": 0.007043309044092894, "psidt_4": 0.00696012657135725, "psidt_5": 0.00677601108327508, "psidt_6": 0.006727403961122036, "psidt_7": 0.006622649729251862, "psidt_8": 0.00656855059787631, "psidt_9": 0.006593316327780485, "psidt_10": 0.006502966862171888, "rmse_0.05": 0.008579001761972904, "rmse_1": 0.024828631430864334, "rmse_2": 0.029888734221458435, "rmse_3": 0.03197762742638588, "rmse_4": 0.032480090856552124, "rmse_5": 0.03222617134451866, "rmse_6": 0.03260513022542, "rmse_7": 0.0330989807844162, "rmse_8": 0.0335303470492363, "rmse_9": 0.03358890861272812, "rmse_10": 0.033550940454006195}