{"vy_0.05": 0.01645561493933201, "vy_1": 0.039191219955682755, "vy_2": 0.04566434398293495, "vy_3": 0.047396380454301834, "vy_4": 0.04971729964017868, "vy_5": 0.04930121824145317, "vy_6": 0.048760246485471725, "vy_7": 0.05011451616883278, "vy_8": 0.05070744454860687, "vy_9": 0.05079212412238121, "vy_10": 0.05084860324859619, "psidt_0.05": 0.0025113713927567005, "psidt_1": 0.004741025622934103, "psidt_2": 0.005595283582806587, "psidt_3": 0.0059973993338644505, "psidt_4": 0.006052008364349604, "psidt_5": 0.006072008516639471, "psidt_6": 0.005953008774667978, "psidt_7": 0.005866396240890026, "psidt_8": 0.005835245829075575, "psidt_9": 0.005916032008826733, "psidt_10": 0.0058783129788935184, "rmse_0.05": 0.00948349293321371, "rmse_1": 0.021966122090816498, "rmse_2": 0.025629814714193344, "rmse_3": 0.026696890592575073, "rmse_4": 0.027884654700756073, "rmse_5": 0.02768661268055439, "rmse_6": 0.027356628328561783, "rmse_7": 0.02799045667052269, "rmse_8": 0.028271345421671867, "rmse_9": 0.02835407853126526, "rmse_10": 0.028363458812236786}