{"vy_0.05": 0.013566076755523682, "vy_1": 0.043336547911167145, "vy_2": 0.05596655607223511, "vy_3": 0.060777697712183, "vy_4": 0.062297575175762177, "vy_5": 0.06939314305782318, "vy_6": 0.07203123718500137, "vy_7": 0.08260481804609299, "vy_8": 0.0877985805273056, "vy_9": 0.0982503741979599, "vy_10": 0.11776813864707947, "psidt_0.05": 0.002279824111610651, "psidt_1": 0.005797287914901972, "psidt_2": 0.007496626116335392, "psidt_3": 0.007882657460868359, "psidt_4": 0.007801080588251352, "psidt_5": 0.009989980608224869, "psidt_6": 0.01149096991866827, "psidt_7": 0.012935345992445946, "psidt_8": 0.015431736595928669, "psidt_9": 0.017508020624518394, "psidt_10": 0.025080811232328415, "rmse_0.05": 0.007922950200736523, "rmse_1": 0.02456691861152649, "rmse_2": 0.03173159062862396, "rmse_3": 0.034330178052186966, "rmse_4": 0.035049326717853546, "rmse_5": 0.039691559970378876, "rmse_6": 0.04176110401749611, "rmse_7": 0.04777008295059204, "rmse_8": 0.051615159958601, "rmse_9": 0.05787919834256172, "rmse_10": 0.07142447680234909}