{"vy_0.05": 0.017060624435544014, "vy_1": 0.05407121032476425, "vy_2": 0.07396098226308823, "vy_3": 0.08759881556034088, "vy_4": 0.09114086627960205, "vy_5": 0.09487806260585785, "vy_6": 0.0988750234246254, "vy_7": 0.10810215026140213, "vy_8": 0.11338487267494202, "vy_9": 0.11524197459220886, "vy_10": 0.12093400955200195, "psidt_0.05": 0.002318848157301545, "psidt_1": 0.005315491929650307, "psidt_2": 0.006594588980078697, "psidt_3": 0.007166004274040461, "psidt_4": 0.007391481660306454, "psidt_5": 0.00731829646974802, "psidt_6": 0.007705402560532093, "psidt_7": 0.007619056385010481, "psidt_8": 0.007702384609729052, "psidt_9": 0.00790847185999155, "psidt_10": 0.007985351607203484, "rmse_0.05": 0.009689736180007458, "rmse_1": 0.029693350195884705, "rmse_2": 0.040277786552906036, "rmse_3": 0.0473824106156826, "rmse_4": 0.04926617443561554, "rmse_5": 0.05109817907214165, "rmse_6": 0.05329021438956261, "rmse_7": 0.0578606016933918, "rmse_8": 0.06054363027215004, "rmse_9": 0.06157522276043892, "rmse_10": 0.06445968151092529}