{"vy_0.05": 0.013920746743679047, "vy_1": 0.0438150055706501, "vy_2": 0.056918226182460785, "vy_3": 0.06074434146285057, "vy_4": 0.06264273822307587, "vy_5": 0.06318014860153198, "vy_6": 0.0634656623005867, "vy_7": 0.06458541005849838, "vy_8": 0.0641140416264534, "vy_9": 0.06517058610916138, "vy_10": 0.06562153995037079, "psidt_0.05": 0.0022790050134062767, "psidt_1": 0.005252744071185589, "psidt_2": 0.0066184974275529385, "psidt_3": 0.007559716701507568, "psidt_4": 0.007674327120184898, "psidt_5": 0.007735921069979668, "psidt_6": 0.007785447873175144, "psidt_7": 0.007673829793930054, "psidt_8": 0.007588694803416729, "psidt_9": 0.007765940390527248, "psidt_10": 0.007820343598723412, "rmse_0.05": 0.008099876344203949, "rmse_1": 0.024533875286579132, "rmse_2": 0.03176836296916008, "rmse_3": 0.03415203094482422, "rmse_4": 0.03515853360295296, "rmse_5": 0.0354580357670784, "rmse_6": 0.035625554621219635, "rmse_7": 0.03612961992621422, "rmse_8": 0.0358513668179512, "rmse_9": 0.0364682637155056, "rmse_10": 0.036720942705869675}