{"vy_0.05": 0.014703910797834396, "vy_1": 0.03517092019319534, "vy_2": 0.04150376468896866, "vy_3": 0.04674089327454567, "vy_4": 0.0496935099363327, "vy_5": 0.04913155734539032, "vy_6": 0.04890749230980873, "vy_7": 0.050489842891693115, "vy_8": 0.05135226249694824, "vy_9": 0.051341645419597626, "vy_10": 0.05133983865380287, "psidt_0.05": 0.002428088104352355, "psidt_1": 0.004506584256887436, "psidt_2": 0.005504127126187086, "psidt_3": 0.006063234526664019, "psidt_4": 0.005955706350505352, "psidt_5": 0.005887025501579046, "psidt_6": 0.005759154912084341, "psidt_7": 0.005642672535032034, "psidt_8": 0.005583626683801413, "psidt_9": 0.005593184381723404, "psidt_10": 0.005501216743141413, "rmse_0.05": 0.008565999567508698, "rmse_1": 0.01983875222504139, "rmse_2": 0.023503946140408516, "rmse_3": 0.0264020636677742, "rmse_4": 0.027824608609080315, "rmse_5": 0.027509290724992752, "rmse_6": 0.027333322912454605, "rmse_7": 0.028066257014870644, "rmse_8": 0.028467943891882896, "rmse_9": 0.028467414900660515, "rmse_10": 0.028420528396964073}