{"vy_0.05": 0.01671336404979229, "vy_1": 0.054896872490644455, "vy_2": 0.07444117963314056, "vy_3": 0.08644243329763412, "vy_4": 0.08976776897907257, "vy_5": 0.09348997473716736, "vy_6": 0.09700290113687515, "vy_7": 0.10779548436403275, "vy_8": 0.11287380009889603, "vy_9": 0.11408412456512451, "vy_10": 0.11869008094072342, "psidt_0.05": 0.0025655576027929783, "psidt_1": 0.006039238069206476, "psidt_2": 0.0073787919245660305, "psidt_3": 0.007886218838393688, "psidt_4": 0.008072282187640667, "psidt_5": 0.007911196909844875, "psidt_6": 0.008328951895236969, "psidt_7": 0.008226157166063786, "psidt_8": 0.008283558301627636, "psidt_9": 0.008421927690505981, "psidt_10": 0.008456484414637089, "rmse_0.05": 0.00963946059346199, "rmse_1": 0.030468055978417397, "rmse_2": 0.040909986943006516, "rmse_3": 0.047164324671030045, "rmse_4": 0.04892002418637276, "rmse_5": 0.050700586289167404, "rmse_6": 0.05266592651605606, "rmse_7": 0.05801082029938698, "rmse_8": 0.06057867780327797, "rmse_9": 0.06125302612781525, "rmse_10": 0.06357328593730927}