{"vy_0.05": 0.01439026091247797, "vy_1": 0.03398389741778374, "vy_2": 0.039540816098451614, "vy_3": 0.04361314699053764, "vy_4": 0.04696699604392052, "vy_5": 0.04673885554075241, "vy_6": 0.046762220561504364, "vy_7": 0.04824913665652275, "vy_8": 0.04882132634520531, "vy_9": 0.04914914444088936, "vy_10": 0.04938117414712906, "psidt_0.05": 0.0022072612773627043, "psidt_1": 0.00434966292232275, "psidt_2": 0.005373456049710512, "psidt_3": 0.005808584857732058, "psidt_4": 0.005769678857177496, "psidt_5": 0.005761397071182728, "psidt_6": 0.005654354579746723, "psidt_7": 0.005561442580074072, "psidt_8": 0.0055323694832623005, "psidt_9": 0.00555099593475461, "psidt_10": 0.005488613620400429, "rmse_0.05": 0.008298761211335659, "rmse_1": 0.01916678063571453, "rmse_2": 0.02245713584125042, "rmse_3": 0.024710865691304207, "rmse_4": 0.026368336752057076, "rmse_5": 0.026250125840306282, "rmse_6": 0.026208287104964256, "rmse_7": 0.02690528891980648, "rmse_8": 0.02717684768140316, "rmse_9": 0.02735006995499134, "rmse_10": 0.02743489295244217}