{"vy_0.05": 0.014677810482680798, "vy_1": 0.040961068123579025, "vy_2": 0.0519869439303875, "vy_3": 0.05440472438931465, "vy_4": 0.055478282272815704, "vy_5": 0.05461575835943222, "vy_6": 0.05411867797374725, "vy_7": 0.05549026280641556, "vy_8": 0.05599755793809891, "vy_9": 0.05609194561839104, "vy_10": 0.05612821504473686, "psidt_0.05": 0.002588005270808935, "psidt_1": 0.004972532391548157, "psidt_2": 0.006077493540942669, "psidt_3": 0.006707516498863697, "psidt_4": 0.006580879911780357, "psidt_5": 0.006424685008823872, "psidt_6": 0.006356051191687584, "psidt_7": 0.006277665961533785, "psidt_8": 0.006268042139708996, "psidt_9": 0.006324744317680597, "psidt_10": 0.006292265374213457, "rmse_0.05": 0.008632907643914223, "rmse_1": 0.02296680025756359, "rmse_2": 0.02903221920132637, "rmse_3": 0.030556119978427887, "rmse_4": 0.031029582023620605, "rmse_5": 0.03052022121846676, "rmse_6": 0.030237365514039993, "rmse_7": 0.030883964151144028, "rmse_8": 0.03113280050456524, "rmse_9": 0.031208345666527748, "rmse_10": 0.031210239976644516}