{"vy_0.05": 0.017127763479948044, "vy_1": 0.05452127382159233, "vy_2": 0.07337963581085205, "vy_3": 0.08532795310020447, "vy_4": 0.08834167569875717, "vy_5": 0.0923682227730751, "vy_6": 0.09600257873535156, "vy_7": 0.10621394962072372, "vy_8": 0.11137650161981583, "vy_9": 0.11295506358146667, "vy_10": 0.11764194071292877, "psidt_0.05": 0.002361841266974807, "psidt_1": 0.0052482313476502895, "psidt_2": 0.006398805417120457, "psidt_3": 0.007107727229595184, "psidt_4": 0.007308772765100002, "psidt_5": 0.007293662056326866, "psidt_6": 0.007604697719216347, "psidt_7": 0.00754783907905221, "psidt_8": 0.00767120998352766, "psidt_9": 0.007866845466196537, "psidt_10": 0.00786053016781807, "rmse_0.05": 0.009744802489876747, "rmse_1": 0.02988475188612938, "rmse_2": 0.039889220148324966, "rmse_3": 0.046217840164899826, "rmse_4": 0.047825224697589874, "rmse_5": 0.04983094334602356, "rmse_6": 0.05180363729596138, "rmse_7": 0.0568808950483799, "rmse_8": 0.05952385440468788, "rmse_9": 0.06041095405817032, "rmse_10": 0.06275123357772827}