{"vy_0.05": 0.014450909569859505, "vy_1": 0.038347456604242325, "vy_2": 0.04682445153594017, "vy_3": 0.04984196275472641, "vy_4": 0.051739782094955444, "vy_5": 0.05147271230816841, "vy_6": 0.051549576222896576, "vy_7": 0.05361634120345116, "vy_8": 0.054510537534952164, "vy_9": 0.05466344207525253, "vy_10": 0.05501377210021019, "psidt_0.05": 0.0024770009331405163, "psidt_1": 0.00512436730787158, "psidt_2": 0.006210615858435631, "psidt_3": 0.006726337596774101, "psidt_4": 0.006587307900190353, "psidt_5": 0.0064368355087935925, "psidt_6": 0.00643776822835207, "psidt_7": 0.006329288240522146, "psidt_8": 0.0062882741913199425, "psidt_9": 0.006314423400908709, "psidt_10": 0.006254559848457575, "rmse_0.05": 0.008463955484330654, "rmse_1": 0.021735912188887596, "rmse_2": 0.026517532765865326, "rmse_3": 0.02828415110707283, "rmse_4": 0.0291635449975729, "rmse_5": 0.028954774141311646, "rmse_6": 0.028993671759963036, "rmse_7": 0.02997281402349472, "rmse_8": 0.03039940632879734, "rmse_9": 0.030488932505249977, "rmse_10": 0.030634166672825813}