{"vy_0.05": 0.015363121405243874, "vy_1": 0.04730415716767311, "vy_2": 0.05456382408738136, "vy_3": 0.05507667735219002, "vy_4": 0.05586463585495949, "vy_5": 0.054918840527534485, "vy_6": 0.05453512445092201, "vy_7": 0.05601361021399498, "vy_8": 0.056570813059806824, "vy_9": 0.05654878914356232, "vy_10": 0.0562174953520298, "psidt_0.05": 0.0023757759481668472, "psidt_1": 0.005343325436115265, "psidt_2": 0.00655883364379406, "psidt_3": 0.00717970309779048, "psidt_4": 0.00711136544123292, "psidt_5": 0.006973959971219301, "psidt_6": 0.0068815057165920734, "psidt_7": 0.006825929973274469, "psidt_8": 0.006801126524806023, "psidt_9": 0.006816473323851824, "psidt_10": 0.006761279422789812, "rmse_0.05": 0.00886944867670536, "rmse_1": 0.026323741301894188, "rmse_2": 0.030561327934265137, "rmse_3": 0.031128190457820892, "rmse_4": 0.031488001346588135, "rmse_5": 0.03094640001654625, "rmse_6": 0.0307083148509264, "rmse_7": 0.031419768929481506, "rmse_8": 0.031685970723629, "rmse_9": 0.031682632863521576, "rmse_10": 0.03148938715457916}