{"vy_0.05": 0.013787525705993176, "vy_1": 0.04125741496682167, "vy_2": 0.05542046204209328, "vy_3": 0.05826835706830025, "vy_4": 0.05948199704289436, "vy_5": 0.05948091298341751, "vy_6": 0.059750720858573914, "vy_7": 0.061995819211006165, "vy_8": 0.06273512542247772, "vy_9": 0.06311926245689392, "vy_10": 0.06275419145822525, "psidt_0.05": 0.0024170062970370054, "psidt_1": 0.006708506494760513, "psidt_2": 0.00798841379582882, "psidt_3": 0.008326717652380466, "psidt_4": 0.008182309567928314, "psidt_5": 0.008161628618836403, "psidt_6": 0.008342357352375984, "psidt_7": 0.008226857520639896, "psidt_8": 0.008114167489111423, "psidt_9": 0.008246513083577156, "psidt_10": 0.008181406185030937, "rmse_0.05": 0.008102266117930412, "rmse_1": 0.023982960730791092, "rmse_2": 0.031704436987638474, "rmse_3": 0.03329753875732422, "rmse_4": 0.03383215516805649, "rmse_5": 0.03382126986980438, "rmse_6": 0.034046538174152374, "rmse_7": 0.03511133790016174, "rmse_8": 0.035424645990133286, "rmse_9": 0.035682886838912964, "rmse_10": 0.03546779975295067}