{"vy_0.05": 0.014453891664743423, "vy_1": 0.0344543494284153, "vy_2": 0.040703173726797104, "vy_3": 0.0449695810675621, "vy_4": 0.04845743253827095, "vy_5": 0.04812916740775108, "vy_6": 0.047952428460121155, "vy_7": 0.0493762381374836, "vy_8": 0.04997711256146431, "vy_9": 0.05057596415281296, "vy_10": 0.05075336620211601, "psidt_0.05": 0.0025587778072804213, "psidt_1": 0.004778367932885885, "psidt_2": 0.005636909976601601, "psidt_3": 0.006122970953583717, "psidt_4": 0.006079309154301882, "psidt_5": 0.006013089325278997, "psidt_6": 0.0059388382360339165, "psidt_7": 0.005813447758555412, "psidt_8": 0.00581118231639266, "psidt_9": 0.0058449567295610905, "psidt_10": 0.00574622442945838, "rmse_0.05": 0.008506334386765957, "rmse_1": 0.01961635798215866, "rmse_2": 0.023170042783021927, "rmse_3": 0.025546275079250336, "rmse_4": 0.027268370613455772, "rmse_5": 0.02707112766802311, "rmse_6": 0.026945633813738823, "rmse_7": 0.02759484201669693, "rmse_8": 0.027894146740436554, "rmse_9": 0.028210461139678955, "rmse_10": 0.028249794617295265}