{"vy_0.05": 0.014785279519855976, "vy_1": 0.037769850343465805, "vy_2": 0.042829837650060654, "vy_3": 0.04611208289861679, "vy_4": 0.049211811274290085, "vy_5": 0.048976365476846695, "vy_6": 0.048734504729509354, "vy_7": 0.05008738487958908, "vy_8": 0.05068638175725937, "vy_9": 0.05086066573858261, "vy_10": 0.05104663595557213, "psidt_0.05": 0.0027666003443300724, "psidt_1": 0.0051305051892995834, "psidt_2": 0.0059479051269590855, "psidt_3": 0.006300103385001421, "psidt_4": 0.00618177093565464, "psidt_5": 0.006068565417081118, "psidt_6": 0.006024903152137995, "psidt_7": 0.005949405487626791, "psidt_8": 0.005928967148065567, "psidt_9": 0.005958111025393009, "psidt_10": 0.005864410661160946, "rmse_0.05": 0.008775940164923668, "rmse_1": 0.02145017683506012, "rmse_2": 0.0243888720870018, "rmse_3": 0.026206092908978462, "rmse_4": 0.027696792036294937, "rmse_5": 0.027522465214133263, "rmse_6": 0.027379704639315605, "rmse_7": 0.028018394485116005, "rmse_8": 0.028307674452662468, "rmse_9": 0.028409387916326523, "rmse_10": 0.028455523774027824}