{"vy_0.05": 0.013224433176219463, "vy_1": 0.033909112215042114, "vy_2": 0.039696138352155685, "vy_3": 0.04261491447687149, "vy_4": 0.0460905060172081, "vy_5": 0.046542584896087646, "vy_6": 0.046608857810497284, "vy_7": 0.048267681151628494, "vy_8": 0.049013663083314896, "vy_9": 0.04957982525229454, "vy_10": 0.04978352412581444, "psidt_0.05": 0.0021965664345771074, "psidt_1": 0.003925377037376165, "psidt_2": 0.005178202874958515, "psidt_3": 0.005715228151530027, "psidt_4": 0.005727635230869055, "psidt_5": 0.005802313331514597, "psidt_6": 0.005742955952882767, "psidt_7": 0.005698706954717636, "psidt_8": 0.005695444531738758, "psidt_9": 0.005695902742445469, "psidt_10": 0.005631474312394857, "rmse_0.05": 0.0077104996889829636, "rmse_1": 0.01891724392771721, "rmse_2": 0.022437170147895813, "rmse_3": 0.024165071547031403, "rmse_4": 0.025909069925546646, "rmse_5": 0.026172449812293053, "rmse_6": 0.026175906881690025, "rmse_7": 0.026983194053173065, "rmse_8": 0.02735455334186554, "rmse_9": 0.027637863531708717, "rmse_10": 0.027707498520612717}