{"vy_0.05": 0.01494082435965538, "vy_1": 0.049836982041597366, "vy_2": 0.06320948153734207, "vy_3": 0.06724672764539719, "vy_4": 0.07026858627796173, "vy_5": 0.07239345461130142, "vy_6": 0.07411526143550873, "vy_7": 0.07679165154695511, "vy_8": 0.07839644700288773, "vy_9": 0.07919126749038696, "vy_10": 0.0796109214425087, "psidt_0.05": 0.002045940374955535, "psidt_1": 0.005590734537690878, "psidt_2": 0.007043849676847458, "psidt_3": 0.007735197898000479, "psidt_4": 0.00803809892386198, "psidt_5": 0.008123124949634075, "psidt_6": 0.008309856988489628, "psidt_7": 0.008229034021496773, "psidt_8": 0.008395414799451828, "psidt_9": 0.008622006513178349, "psidt_10": 0.008582020178437233, "rmse_0.05": 0.00849338248372078, "rmse_1": 0.02771385759115219, "rmse_2": 0.035126663744449615, "rmse_3": 0.03749096393585205, "rmse_4": 0.039153341203927994, "rmse_5": 0.04025828838348389, "rmse_6": 0.04121255874633789, "rmse_7": 0.042510341852903366, "rmse_8": 0.04339592903852463, "rmse_9": 0.04390663653612137, "rmse_10": 0.04409646987915039}