{"vy_0.05": 0.014988284558057785, "vy_1": 0.03767552971839905, "vy_2": 0.045591287314891815, "vy_3": 0.046264588832855225, "vy_4": 0.04827570170164108, "vy_5": 0.048523884266614914, "vy_6": 0.048778314143419266, "vy_7": 0.05028722062706947, "vy_8": 0.05135637894272804, "vy_9": 0.0518123023211956, "vy_10": 0.0519539900124073, "psidt_0.05": 0.0025306707248091698, "psidt_1": 0.004843724425882101, "psidt_2": 0.0059010060504078865, "psidt_3": 0.006257854867726564, "psidt_4": 0.006170366425067186, "psidt_5": 0.0060664452612400055, "psidt_6": 0.006067834794521332, "psidt_7": 0.005967739969491959, "psidt_8": 0.005972340237349272, "psidt_9": 0.005990404635667801, "psidt_10": 0.005912450607866049, "rmse_0.05": 0.008759478107094765, "rmse_1": 0.021259626373648643, "rmse_2": 0.025746146216988564, "rmse_3": 0.02626122161746025, "rmse_4": 0.02722303383052349, "rmse_5": 0.02729516476392746, "rmse_6": 0.0274230744689703, "rmse_7": 0.028127480298280716, "rmse_8": 0.0286643598228693, "rmse_9": 0.0289013534784317, "rmse_10": 0.028933219611644745}