{"vy_0.05": 0.015575761906802654, "vy_1": 0.045820631086826324, "vy_2": 0.05720801278948784, "vy_3": 0.05961315333843231, "vy_4": 0.06063157692551613, "vy_5": 0.060216229408979416, "vy_6": 0.05958138778805733, "vy_7": 0.060764577239751816, "vy_8": 0.061249420046806335, "vy_9": 0.06096891686320305, "vy_10": 0.060387954115867615, "psidt_0.05": 0.0025668221060186625, "psidt_1": 0.005403932649642229, "psidt_2": 0.006629161071032286, "psidt_3": 0.007222135551273823, "psidt_4": 0.007160278968513012, "psidt_5": 0.006986004300415516, "psidt_6": 0.006941601168364286, "psidt_7": 0.006876069586724043, "psidt_8": 0.006834081839770079, "psidt_9": 0.00685572624206543, "psidt_10": 0.00678157526999712, "rmse_0.05": 0.009071292355656624, "rmse_1": 0.025612281635403633, "rmse_2": 0.03191858530044556, "rmse_3": 0.03341764584183693, "rmse_4": 0.03389592841267586, "rmse_5": 0.03360111638903618, "rmse_6": 0.0332614928483963, "rmse_7": 0.03382032364606857, "rmse_8": 0.03404175117611885, "rmse_9": 0.03391232341527939, "rmse_10": 0.03358476608991623}