{"vy_0.05": 0.015950698405504227, "vy_1": 0.04098505154252052, "vy_2": 0.049624670296907425, "vy_3": 0.051142897456884384, "vy_4": 0.05331122502684593, "vy_5": 0.052765268832445145, "vy_6": 0.05233250558376312, "vy_7": 0.05379210785031319, "vy_8": 0.05593788996338844, "vy_9": 0.056043531745672226, "vy_10": 0.05568729341030121, "psidt_0.05": 0.002496877685189247, "psidt_1": 0.00492091616615653, "psidt_2": 0.006058301776647568, "psidt_3": 0.006675380747765303, "psidt_4": 0.006579324137419462, "psidt_5": 0.006398248020559549, "psidt_6": 0.00628145644441247, "psidt_7": 0.006249081343412399, "psidt_8": 0.006351734511554241, "psidt_9": 0.006346098147332668, "psidt_10": 0.0062652877531945705, "rmse_0.05": 0.009223788045346737, "rmse_1": 0.022952983155846596, "rmse_2": 0.027841486036777496, "rmse_3": 0.028909139335155487, "rmse_4": 0.02994527481496334, "rmse_5": 0.029581759124994278, "rmse_6": 0.029306981712579727, "rmse_7": 0.030020594596862793, "rmse_8": 0.03114481270313263, "rmse_9": 0.031194815412163734, "rmse_10": 0.03097628988325596}