{"vy_0.05": 0.013201232068240643, "vy_1": 0.03873801231384277, "vy_2": 0.04753931611776352, "vy_3": 0.04958190768957138, "vy_4": 0.05106203258037567, "vy_5": 0.051182202994823456, "vy_6": 0.051088735461235046, "vy_7": 0.051909711211919785, "vy_8": 0.052540890872478485, "vy_9": 0.053654447197914124, "vy_10": 0.05394558981060982, "psidt_0.05": 0.002086619148030877, "psidt_1": 0.004072456620633602, "psidt_2": 0.005422972608357668, "psidt_3": 0.006083508022129536, "psidt_4": 0.006178455892950296, "psidt_5": 0.006248069927096367, "psidt_6": 0.0062093730084598064, "psidt_7": 0.006065534893423319, "psidt_8": 0.006083797663450241, "psidt_9": 0.0062292166985571384, "psidt_10": 0.006219509989023209, "rmse_0.05": 0.007643925491720438, "rmse_1": 0.021405234932899475, "rmse_2": 0.02648114413022995, "rmse_3": 0.02783270739018917, "rmse_4": 0.028620244935154915, "rmse_5": 0.028715137392282486, "rmse_6": 0.02864905446767807, "rmse_7": 0.028987623751163483, "rmse_8": 0.029312344267964363, "rmse_9": 0.029941832646727562, "rmse_10": 0.030082549899816513}