{"vy_0.05": 0.01497262716293335, "vy_1": 0.04810560867190361, "vy_2": 0.0588754266500473, "vy_3": 0.06129864975810051, "vy_4": 0.0624534897506237, "vy_5": 0.06268728524446487, "vy_6": 0.06358861178159714, "vy_7": 0.06546249985694885, "vy_8": 0.06703651696443558, "vy_9": 0.06707265228033066, "vy_10": 0.06692307442426682, "psidt_0.05": 0.0021510834340006113, "psidt_1": 0.005008286330848932, "psidt_2": 0.006593359634280205, "psidt_3": 0.007494734134525061, "psidt_4": 0.007537619676440954, "psidt_5": 0.007516019511967897, "psidt_6": 0.007480146363377571, "psidt_7": 0.0074021765030920506, "psidt_8": 0.007437339052557945, "psidt_9": 0.007541291881352663, "psidt_10": 0.007449211552739143, "rmse_0.05": 0.008561855182051659, "rmse_1": 0.026556948199868202, "rmse_2": 0.03273439407348633, "rmse_3": 0.034396693110466, "rmse_4": 0.03499555587768555, "rmse_5": 0.03510165214538574, "rmse_6": 0.03553437814116478, "rmse_7": 0.03643233701586723, "rmse_8": 0.037236928939819336, "rmse_9": 0.03730697184801102, "rmse_10": 0.037186142057180405}