{"vy_0.05": 0.014178693294525146, "vy_1": 0.03467702493071556, "vy_2": 0.03985544666647911, "vy_3": 0.04421534016728401, "vy_4": 0.04759100452065468, "vy_5": 0.047285664826631546, "vy_6": 0.04733894392848015, "vy_7": 0.04842623323202133, "vy_8": 0.0489940345287323, "vy_9": 0.04934743419289589, "vy_10": 0.04953094944357872, "psidt_0.05": 0.002385474042966962, "psidt_1": 0.004758939612656832, "psidt_2": 0.005586646962910891, "psidt_3": 0.00601436011493206, "psidt_4": 0.006007945630699396, "psidt_5": 0.006002912297844887, "psidt_6": 0.0058953361585736275, "psidt_7": 0.005775022320449352, "psidt_8": 0.005783895030617714, "psidt_9": 0.005834926851093769, "psidt_10": 0.0057352464646101, "rmse_0.05": 0.00828208401799202, "rmse_1": 0.019717982038855553, "rmse_2": 0.022721046581864357, "rmse_3": 0.02511484920978546, "rmse_4": 0.026799475774168968, "rmse_5": 0.02664428949356079, "rmse_6": 0.0266171395778656, "rmse_7": 0.02710062824189663, "rmse_8": 0.027388963848352432, "rmse_9": 0.027591180056333542, "rmse_10": 0.027633097022771835}