{"vy_0.05": 0.015533830970525742, "vy_1": 0.05369188264012337, "vy_2": 0.0769180878996849, "vy_3": 0.08488111197948456, "vy_4": 0.08661232888698578, "vy_5": 0.08783333748579025, "vy_6": 0.0903409868478775, "vy_7": 0.09788218140602112, "vy_8": 0.10049005597829819, "vy_9": 0.10106826573610306, "vy_10": 0.10316767543554306, "psidt_0.05": 0.0022126990370452404, "psidt_1": 0.005209301132708788, "psidt_2": 0.00696217454969883, "psidt_3": 0.0077692302875220776, "psidt_4": 0.007940434850752354, "psidt_5": 0.007886876352131367, "psidt_6": 0.007994454354047775, "psidt_7": 0.007953696884214878, "psidt_8": 0.008002161979675293, "psidt_9": 0.008118516765534878, "psidt_10": 0.008044357411563396, "rmse_0.05": 0.008873265236616135, "rmse_1": 0.029450591653585434, "rmse_2": 0.04194013029336929, "rmse_3": 0.04632516950368881, "rmse_4": 0.04727638140320778, "rmse_5": 0.04786010831594467, "rmse_6": 0.04916772246360779, "rmse_7": 0.05291793867945671, "rmse_8": 0.05424610897898674, "rmse_9": 0.054593391716480255, "rmse_10": 0.055606015026569366}