{"vy_0.05": 0.013621782884001732, "vy_1": 0.04458484426140785, "vy_2": 0.06079315394163132, "vy_3": 0.06370604038238525, "vy_4": 0.06449286639690399, "vy_5": 0.06481015682220459, "vy_6": 0.06375261396169662, "vy_7": 0.06424157321453094, "vy_8": 0.06460878998041153, "vy_9": 0.07026080787181854, "vy_10": 0.07135237008333206, "psidt_0.05": 0.0021822480484843254, "psidt_1": 0.0049360631965100765, "psidt_2": 0.006283687427639961, "psidt_3": 0.0067513808608055115, "psidt_4": 0.00683145085349679, "psidt_5": 0.0069272564724087715, "psidt_6": 0.007009719032794237, "psidt_7": 0.006896913982927799, "psidt_8": 0.007055386435240507, "psidt_9": 0.008606948889791965, "psidt_10": 0.009124928154051304, "rmse_0.05": 0.007902015000581741, "rmse_1": 0.024760453030467033, "rmse_2": 0.033538419753313065, "rmse_3": 0.03522871062159538, "rmse_4": 0.03566215932369232, "rmse_5": 0.03586870804429054, "rmse_6": 0.035381168127059937, "rmse_7": 0.035569243133068085, "rmse_8": 0.03583208844065666, "rmse_9": 0.03943387791514397, "rmse_10": 0.040238648653030396}