{"vy_0.05": 0.014201058074831963, "vy_1": 0.03582637757062912, "vy_2": 0.03934298828244209, "vy_3": 0.043195247650146484, "vy_4": 0.04680074751377106, "vy_5": 0.04661790654063225, "vy_6": 0.04646173119544983, "vy_7": 0.04788976535201073, "vy_8": 0.04838632419705391, "vy_9": 0.04851977154612541, "vy_10": 0.048742491751909256, "psidt_0.05": 0.002455280162394047, "psidt_1": 0.004430961329489946, "psidt_2": 0.005346911959350109, "psidt_3": 0.0058439746499061584, "psidt_4": 0.005781285930424929, "psidt_5": 0.005746021401137114, "psidt_6": 0.005636302754282951, "psidt_7": 0.005517737008631229, "psidt_8": 0.00549693126231432, "psidt_9": 0.005524035543203354, "psidt_10": 0.005455895327031612, "rmse_0.05": 0.008328169584274292, "rmse_1": 0.02012866921722889, "rmse_2": 0.02234495058655739, "rmse_3": 0.02451961115002632, "rmse_4": 0.02629101648926735, "rmse_5": 0.026181964203715324, "rmse_6": 0.026049017906188965, "rmse_7": 0.02670375071465969, "rmse_8": 0.026941627264022827, "rmse_9": 0.027021903544664383, "rmse_10": 0.02709919400513172}