{"vy_0.05": 0.014888576231896877, "vy_1": 0.04191784933209419, "vy_2": 0.05046330764889717, "vy_3": 0.0522519089281559, "vy_4": 0.05395785719156265, "vy_5": 0.05346671864390373, "vy_6": 0.053142666816711426, "vy_7": 0.054742902517318726, "vy_8": 0.05511752888560295, "vy_9": 0.054792847484350204, "vy_10": 0.05447141081094742, "psidt_0.05": 0.0026692671235650778, "psidt_1": 0.005541951395571232, "psidt_2": 0.006813018582761288, "psidt_3": 0.007349520921707153, "psidt_4": 0.007237899117171764, "psidt_5": 0.007070951163768768, "psidt_6": 0.0070201326161623, "psidt_7": 0.006937440950423479, "psidt_8": 0.006898639723658562, "psidt_9": 0.00691829901188612, "psidt_10": 0.0068320948630571365, "rmse_0.05": 0.008778921328485012, "rmse_1": 0.023729899898171425, "rmse_2": 0.028638163581490517, "rmse_3": 0.029800714924931526, "rmse_4": 0.030597878620028496, "rmse_5": 0.03026883490383625, "rmse_6": 0.03008139878511429, "rmse_7": 0.03084017150104046, "rmse_8": 0.031008083373308182, "rmse_9": 0.03085557371377945, "rmse_10": 0.030651751905679703}