{"vy_0.05": 0.01423606090247631, "vy_1": 0.045152343809604645, "vy_2": 0.05730920657515526, "vy_3": 0.05770885571837425, "vy_4": 0.058298300951719284, "vy_5": 0.058293480426073074, "vy_6": 0.05948025360703468, "vy_7": 0.06201750785112381, "vy_8": 0.06452080607414246, "vy_9": 0.06853863596916199, "vy_10": 0.07590202987194061, "psidt_0.05": 0.002245493931695819, "psidt_1": 0.006149403750896454, "psidt_2": 0.007368852384388447, "psidt_3": 0.007471207994967699, "psidt_4": 0.0076967207714915276, "psidt_5": 0.007849899120628834, "psidt_6": 0.008433029986917973, "psidt_7": 0.008315898478031158, "psidt_8": 0.008877563290297985, "psidt_9": 0.011789247393608093, "psidt_10": 0.01635139435529709, "rmse_0.05": 0.0082407770678401, "rmse_1": 0.02565087378025055, "rmse_2": 0.032339029014110565, "rmse_3": 0.03259003162384033, "rmse_4": 0.03299751132726669, "rmse_5": 0.03307168930768967, "rmse_6": 0.03395664319396019, "rmse_7": 0.035166703164577484, "rmse_8": 0.03669918328523636, "rmse_9": 0.04016394168138504, "rmse_10": 0.04612671211361885}