{"vy_0.05": 0.014477774500846863, "vy_1": 0.03639362379908562, "vy_2": 0.042603619396686554, "vy_3": 0.046641282737255096, "vy_4": 0.04950736090540886, "vy_5": 0.049252670258283615, "vy_6": 0.04943994805216789, "vy_7": 0.05086301267147064, "vy_8": 0.05180799961090088, "vy_9": 0.05194656550884247, "vy_10": 0.0519031323492527, "psidt_0.05": 0.0025471211411058903, "psidt_1": 0.004923083819448948, "psidt_2": 0.005834345240145922, "psidt_3": 0.006331415381282568, "psidt_4": 0.006267224438488483, "psidt_5": 0.006165928207337856, "psidt_6": 0.006048054434359074, "psidt_7": 0.005920791067183018, "psidt_8": 0.005912506487220526, "psidt_9": 0.0059995208866894245, "psidt_10": 0.005952534731477499, "rmse_0.05": 0.008512447588145733, "rmse_1": 0.020658353343605995, "rmse_2": 0.024218982085585594, "rmse_3": 0.0264863483607769, "rmse_4": 0.027887292206287384, "rmse_5": 0.027709299698472023, "rmse_6": 0.027744000777602196, "rmse_7": 0.028391901403665543, "rmse_8": 0.02886025235056877, "rmse_9": 0.028973042964935303, "rmse_10": 0.02892783284187317}