{"vy_0.05": 0.014878525398671627, "vy_1": 0.036377206444740295, "vy_2": 0.04285401105880737, "vy_3": 0.0448160246014595, "vy_4": 0.04725038632750511, "vy_5": 0.04701715335249901, "vy_6": 0.047008439898490906, "vy_7": 0.04852062836289406, "vy_8": 0.04923634231090546, "vy_9": 0.049579259008169174, "vy_10": 0.0496821291744709, "psidt_0.05": 0.002809724071994424, "psidt_1": 0.005332612432539463, "psidt_2": 0.00618335884064436, "psidt_3": 0.00657616974785924, "psidt_4": 0.0064016529358923435, "psidt_5": 0.006268289405852556, "psidt_6": 0.006235979497432709, "psidt_7": 0.006163106765598059, "psidt_8": 0.006132693961262703, "psidt_9": 0.006166636012494564, "psidt_10": 0.006090398412197828, "rmse_0.05": 0.008844125084578991, "rmse_1": 0.020854908972978592, "rmse_2": 0.024518685415387154, "rmse_3": 0.025696096941828728, "rmse_4": 0.02682602033019066, "rmse_5": 0.02664272114634514, "rmse_6": 0.026622209697961807, "rmse_7": 0.027341866865754128, "rmse_8": 0.027684517204761505, "rmse_9": 0.027872947975993156, "rmse_10": 0.02788626402616501}