{"vy_0.05": 0.013407668098807335, "vy_1": 0.03864122927188873, "vy_2": 0.050925999879837036, "vy_3": 0.05380237102508545, "vy_4": 0.05412570387125015, "vy_5": 0.05345185846090317, "vy_6": 0.053261030465364456, "vy_7": 0.05433224141597748, "vy_8": 0.05466097593307495, "vy_9": 0.05540700629353523, "vy_10": 0.05508589372038841, "psidt_0.05": 0.0023192148655653, "psidt_1": 0.005911777727305889, "psidt_2": 0.0076057519763708115, "psidt_3": 0.008091965690255165, "psidt_4": 0.007996623404324055, "psidt_5": 0.008044430054724216, "psidt_6": 0.008280203677713871, "psidt_7": 0.008181107230484486, "psidt_8": 0.008123442530632019, "psidt_9": 0.008257672190666199, "psidt_10": 0.008202286437153816, "rmse_0.05": 0.007863441482186317, "rmse_1": 0.0222765039652586, "rmse_2": 0.0292658768594265, "rmse_3": 0.030947167426347733, "rmse_4": 0.031061163172125816, "rmse_5": 0.030748143792152405, "rmse_6": 0.030770616605877876, "rmse_7": 0.031256675720214844, "rmse_8": 0.031392209231853485, "rmse_9": 0.031832337379455566, "rmse_10": 0.03164409101009369}