{"vy_0.05": 0.015348362736403942, "vy_1": 0.040244534611701965, "vy_2": 0.048470888286828995, "vy_3": 0.04959436506032944, "vy_4": 0.05107219144701958, "vy_5": 0.05107143521308899, "vy_6": 0.050909701734781265, "vy_7": 0.052910152822732925, "vy_8": 0.05438493192195892, "vy_9": 0.05421626195311546, "vy_10": 0.05417165160179138, "psidt_0.05": 0.002629716182127595, "psidt_1": 0.0050849406979978085, "psidt_2": 0.006106112617999315, "psidt_3": 0.0065111699514091015, "psidt_4": 0.006432023365050554, "psidt_5": 0.006279162596911192, "psidt_6": 0.006207300815731287, "psidt_7": 0.006128701381385326, "psidt_8": 0.006125009153038263, "psidt_9": 0.006121587473899126, "psidt_10": 0.006053846795111895, "rmse_0.05": 0.008989039808511734, "rmse_1": 0.022664736956357956, "rmse_2": 0.02728850021958351, "rmse_3": 0.028052767738699913, "rmse_4": 0.028752107173204422, "rmse_5": 0.028675299137830734, "rmse_6": 0.028558501973748207, "rmse_7": 0.029519427567720413, "rmse_8": 0.030254971235990524, "rmse_9": 0.03016892448067665, "rmse_10": 0.030112748965620995}