{"vy_0.05": 0.015053847804665565, "vy_1": 0.04578569903969765, "vy_2": 0.07685191929340363, "vy_3": 0.09595084935426712, "vy_4": 0.09958268702030182, "vy_5": 0.09539388865232468, "vy_6": 0.09237071126699448, "vy_7": 0.09247154742479324, "vy_8": 0.09149006754159927, "vy_9": 0.09093695133924484, "vy_10": 0.09403625875711441, "psidt_0.05": 0.0021017128601670265, "psidt_1": 0.005791604984551668, "psidt_2": 0.0098537877202034, "psidt_3": 0.012616988271474838, "psidt_4": 0.013114072382450104, "psidt_5": 0.01277510728687048, "psidt_6": 0.012502696365118027, "psidt_7": 0.012257344089448452, "psidt_8": 0.012131002731621265, "psidt_9": 0.012188865803182125, "psidt_10": 0.012526212260127068, "rmse_0.05": 0.008577780798077583, "rmse_1": 0.025788651779294014, "rmse_2": 0.04335285350680351, "rmse_3": 0.05428391695022583, "rmse_4": 0.05634837970137596, "rmse_5": 0.054084498435258865, "rmse_6": 0.0524367019534111, "rmse_7": 0.052364446222782135, "rmse_8": 0.05181053653359413, "rmse_9": 0.05156290903687477, "rmse_10": 0.053281236439943314}