{"vy_0.05": 0.016213687136769295, "vy_1": 0.04686220362782478, "vy_2": 0.05553359538316727, "vy_3": 0.056530196219682693, "vy_4": 0.05731729790568352, "vy_5": 0.05647407844662666, "vy_6": 0.05625284090638161, "vy_7": 0.05763234943151474, "vy_8": 0.0582658089697361, "vy_9": 0.05839355289936066, "vy_10": 0.057977158576250076, "psidt_0.05": 0.0026174853555858135, "psidt_1": 0.005379467736929655, "psidt_2": 0.006469764746725559, "psidt_3": 0.007197186816483736, "psidt_4": 0.0071657937951385975, "psidt_5": 0.006992198061197996, "psidt_6": 0.00692981481552124, "psidt_7": 0.006889634765684605, "psidt_8": 0.006921233609318733, "psidt_9": 0.006918544881045818, "psidt_10": 0.006847779266536236, "rmse_0.05": 0.009415586479008198, "rmse_1": 0.026120835915207863, "rmse_2": 0.031001679599285126, "rmse_3": 0.03186369314789772, "rmse_4": 0.032241545617580414, "rmse_5": 0.031733136624097824, "rmse_6": 0.031591325998306274, "rmse_7": 0.032260991632938385, "rmse_8": 0.03259352222084999, "rmse_9": 0.032656047493219376, "rmse_10": 0.03241246938705444}