{"vy_0.05": 0.015414342284202576, "vy_1": 0.04432166367769241, "vy_2": 0.051240503787994385, "vy_3": 0.05261695384979248, "vy_4": 0.05354723334312439, "vy_5": 0.05252664536237717, "vy_6": 0.05247706174850464, "vy_7": 0.0537097193300724, "vy_8": 0.05416299030184746, "vy_9": 0.05430403724312782, "vy_10": 0.05407462269067764, "psidt_0.05": 0.0024524349719285965, "psidt_1": 0.005154655780643225, "psidt_2": 0.006338825449347496, "psidt_3": 0.007002396043390036, "psidt_4": 0.006991968024522066, "psidt_5": 0.006834623869508505, "psidt_6": 0.006736048497259617, "psidt_7": 0.0066832005977630615, "psidt_8": 0.006721588782966137, "psidt_9": 0.0067304279655218124, "psidt_10": 0.0066506462171673775, "rmse_0.05": 0.008933388628065586, "rmse_1": 0.024738159030675888, "rmse_2": 0.028789665549993515, "rmse_3": 0.029809674248099327, "rmse_4": 0.030269600450992584, "rmse_5": 0.029680633917450905, "rmse_6": 0.02960655465722084, "rmse_7": 0.030196459963917732, "rmse_8": 0.030442290008068085, "rmse_9": 0.030517231673002243, "rmse_10": 0.030362633988261223}