{"vy_0.05": 0.014452675357460976, "vy_1": 0.04203983396291733, "vy_2": 0.05090979114174843, "vy_3": 0.055249039083719254, "vy_4": 0.05631851404905319, "vy_5": 0.05602536350488663, "vy_6": 0.05684471130371094, "vy_7": 0.058527931571006775, "vy_8": 0.05939502641558647, "vy_9": 0.05940689891576767, "vy_10": 0.05929451063275337, "psidt_0.05": 0.002470240229740739, "psidt_1": 0.005315922666341066, "psidt_2": 0.006610269192606211, "psidt_3": 0.007208241615444422, "psidt_4": 0.007090422790497541, "psidt_5": 0.006939415819942951, "psidt_6": 0.006899809930473566, "psidt_7": 0.006795401684939861, "psidt_8": 0.006758592557162046, "psidt_9": 0.006783187389373779, "psidt_10": 0.006690587382763624, "rmse_0.05": 0.008461457677185535, "rmse_1": 0.023677878081798553, "rmse_2": 0.02876003086566925, "rmse_3": 0.03122864104807377, "rmse_4": 0.03170446678996086, "rmse_5": 0.03148239105939865, "rmse_6": 0.03187226131558418, "rmse_7": 0.032661665230989456, "rmse_8": 0.03307680785655975, "rmse_9": 0.033095043152570724, "rmse_10": 0.03299254924058914}