{"vy_0.05": 0.01390872709453106, "vy_1": 0.04332040622830391, "vy_2": 0.053719233721494675, "vy_3": 0.05661875382065773, "vy_4": 0.057632025331258774, "vy_5": 0.058111824095249176, "vy_6": 0.05910557508468628, "vy_7": 0.060374777764081955, "vy_8": 0.06128545477986336, "vy_9": 0.06201265752315521, "vy_10": 0.06206681951880455, "psidt_0.05": 0.0022627327125519514, "psidt_1": 0.005575898569077253, "psidt_2": 0.00662284716963768, "psidt_3": 0.007580465171486139, "psidt_4": 0.007474346552044153, "psidt_5": 0.007456000428646803, "psidt_6": 0.00754287326708436, "psidt_7": 0.007440156769007444, "psidt_8": 0.007309011183679104, "psidt_9": 0.007385315373539925, "psidt_10": 0.007294823415577412, "rmse_0.05": 0.00808572955429554, "rmse_1": 0.024448152631521225, "rmse_2": 0.030171040445566177, "rmse_3": 0.032099608331918716, "rmse_4": 0.032553184777498245, "rmse_5": 0.032783910632133484, "rmse_6": 0.0333242230117321, "rmse_7": 0.033907465636730194, "rmse_8": 0.03429723158478737, "rmse_9": 0.034698985517024994, "rmse_10": 0.034680821001529694}