{"vy_0.05": 0.0171643253415823, "vy_1": 0.05496031418442726, "vy_2": 0.07406279444694519, "vy_3": 0.08590954542160034, "vy_4": 0.08874620497226715, "vy_5": 0.09260422736406326, "vy_6": 0.09623688459396362, "vy_7": 0.10659073293209076, "vy_8": 0.11174756288528442, "vy_9": 0.11327860504388809, "vy_10": 0.11817289143800735, "psidt_0.05": 0.002383268205448985, "psidt_1": 0.0053429375402629375, "psidt_2": 0.006447874009609222, "psidt_3": 0.0071553257293999195, "psidt_4": 0.007377210538834333, "psidt_5": 0.007383201736956835, "psidt_6": 0.0077486964873969555, "psidt_7": 0.007696355227380991, "psidt_8": 0.0078266067430377, "psidt_9": 0.008028378710150719, "psidt_10": 0.00804875697940588, "rmse_0.05": 0.009773796424269676, "rmse_1": 0.030151626095175743, "rmse_2": 0.040255334228277206, "rmse_3": 0.046532437205314636, "rmse_4": 0.04806170612573624, "rmse_5": 0.049993716180324554, "rmse_6": 0.051992788910865784, "rmse_7": 0.05714354291558266, "rmse_8": 0.0597870834171772, "rmse_9": 0.06065349280834198, "rmse_10": 0.0631108209490776}