{"vy_0.05": 0.015331416390836239, "vy_1": 0.03952606022357941, "vy_2": 0.04673143848776817, "vy_3": 0.04794581979513168, "vy_4": 0.049395691603422165, "vy_5": 0.05003919079899788, "vy_6": 0.05084972456097603, "vy_7": 0.05268162488937378, "vy_8": 0.05403280258178711, "vy_9": 0.05445932596921921, "vy_10": 0.05471136420965195, "psidt_0.05": 0.0024049440398812294, "psidt_1": 0.004975688178092241, "psidt_2": 0.00598957808688283, "psidt_3": 0.006460445933043957, "psidt_4": 0.00634368322789669, "psidt_5": 0.006252877414226532, "psidt_6": 0.0061899470165371895, "psidt_7": 0.006128898821771145, "psidt_8": 0.006101875100284815, "psidt_9": 0.0061363764107227325, "psidt_10": 0.006073289550840855, "rmse_0.05": 0.008868180215358734, "rmse_1": 0.02225087396800518, "rmse_2": 0.026360508054494858, "rmse_3": 0.027203133329749107, "rmse_4": 0.027869686484336853, "rmse_5": 0.028146034106612206, "rmse_6": 0.02851983532309532, "rmse_7": 0.02940526232123375, "rmse_8": 0.030067339539527893, "rmse_9": 0.03029785118997097, "rmse_10": 0.030392326414585114}