{"vy_0.05": 0.014978824183344841, "vy_1": 0.040258679538965225, "vy_2": 0.04795318469405174, "vy_3": 0.05173468962311745, "vy_4": 0.053944677114486694, "vy_5": 0.054205916821956635, "vy_6": 0.054765790700912476, "vy_7": 0.05604982748627663, "vy_8": 0.056701481342315674, "vy_9": 0.05679580196738243, "vy_10": 0.056795913726091385, "psidt_0.05": 0.002382592298090458, "psidt_1": 0.004953692201524973, "psidt_2": 0.006227531470358372, "psidt_3": 0.00683227926492691, "psidt_4": 0.006766933016479015, "psidt_5": 0.006678440608084202, "psidt_6": 0.00654072780162096, "psidt_7": 0.006488883402198553, "psidt_8": 0.006513580214232206, "psidt_9": 0.006603304762393236, "psidt_10": 0.0065908185206353664, "rmse_0.05": 0.008680708706378937, "rmse_1": 0.02260618656873703, "rmse_2": 0.02709035761654377, "rmse_3": 0.02928348444402218, "rmse_4": 0.030355805531144142, "rmse_5": 0.03044217824935913, "rmse_6": 0.03065325878560543, "rmse_7": 0.03126935660839081, "rmse_8": 0.031607531011104584, "rmse_9": 0.03169955313205719, "rmse_10": 0.031693365424871445}