{"vy_0.05": 0.016913466155529022, "vy_1": 0.054513249546289444, "vy_2": 0.07348205894231796, "vy_3": 0.08718100935220718, "vy_4": 0.0906641036272049, "vy_5": 0.09347479790449142, "vy_6": 0.09640329331159592, "vy_7": 0.106703981757164, "vy_8": 0.11193732917308807, "vy_9": 0.11306603252887726, "vy_10": 0.11823290586471558, "psidt_0.05": 0.002478149486705661, "psidt_1": 0.005500419996678829, "psidt_2": 0.006785614416003227, "psidt_3": 0.007461054250597954, "psidt_4": 0.007696420885622501, "psidt_5": 0.007595394272357225, "psidt_6": 0.007945310324430466, "psidt_7": 0.00785947684198618, "psidt_8": 0.007961299270391464, "psidt_9": 0.008138253353536129, "psidt_10": 0.008172793313860893, "rmse_0.05": 0.009695807471871376, "rmse_1": 0.030006835237145424, "rmse_2": 0.04013383761048317, "rmse_3": 0.04732103273272514, "rmse_4": 0.04918026179075241, "rmse_5": 0.05053509771823883, "rmse_6": 0.05217429995536804, "rmse_7": 0.0572817288339138, "rmse_8": 0.05994931608438492, "rmse_9": 0.06060214340686798, "rmse_10": 0.06320285052061081}