{"vy_0.05": 0.014979837462306023, "vy_1": 0.04607243463397026, "vy_2": 0.0584484227001667, "vy_3": 0.060456134378910065, "vy_4": 0.06080082431435585, "vy_5": 0.06098802387714386, "vy_6": 0.06169703230261803, "vy_7": 0.06387200206518173, "vy_8": 0.06560622900724411, "vy_9": 0.06548786163330078, "vy_10": 0.0652732327580452, "psidt_0.05": 0.0022785633336752653, "psidt_1": 0.005375111009925604, "psidt_2": 0.007027857005596161, "psidt_3": 0.00778044480830431, "psidt_4": 0.0077644153498113155, "psidt_5": 0.0076569863595068455, "psidt_6": 0.007693104445934296, "psidt_7": 0.007638944312930107, "psidt_8": 0.007671597879379988, "psidt_9": 0.007744921837002039, "psidt_10": 0.007661380805075169, "rmse_0.05": 0.008629200048744678, "rmse_1": 0.025723772123456, "rmse_2": 0.03273814171552658, "rmse_3": 0.03411829099059105, "rmse_4": 0.0342826209962368, "rmse_5": 0.034322503954172134, "rmse_6": 0.03469506651163101, "rmse_7": 0.035755474120378494, "rmse_8": 0.03663891181349754, "rmse_9": 0.03661639243364334, "rmse_10": 0.036467306315898895}