{"vy_0.05": 0.013104692101478577, "vy_1": 0.03891679272055626, "vy_2": 0.04985632747411728, "vy_3": 0.05282452702522278, "vy_4": 0.05356178805232048, "vy_5": 0.05438089370727539, "vy_6": 0.05437229573726654, "vy_7": 0.05897850915789604, "vy_8": 0.06447222083806992, "vy_9": 0.06833624839782715, "vy_10": 0.07016842812299728, "psidt_0.05": 0.0021989699453115463, "psidt_1": 0.005233673844486475, "psidt_2": 0.006554930470883846, "psidt_3": 0.007001843769103289, "psidt_4": 0.007009638007730246, "psidt_5": 0.007081002928316593, "psidt_6": 0.007251380942761898, "psidt_7": 0.007891001179814339, "psidt_8": 0.0089217908680439, "psidt_9": 0.00954777654260397, "psidt_10": 0.009930216707289219, "rmse_0.05": 0.0076518310233950615, "rmse_1": 0.022075233981013298, "rmse_2": 0.02820562943816185, "rmse_3": 0.02991318516433239, "rmse_4": 0.030285712331533432, "rmse_5": 0.030730947852134705, "rmse_6": 0.030811838805675507, "rmse_7": 0.033434756100177765, "rmse_8": 0.03669700771570206, "rmse_9": 0.038942012935876846, "rmse_10": 0.040049321949481964}