{"vy_0.05": 0.014187379740178585, "vy_1": 0.03541579097509384, "vy_2": 0.04195597767829895, "vy_3": 0.04753965139389038, "vy_4": 0.05080108717083931, "vy_5": 0.05026381090283394, "vy_6": 0.0507274828851223, "vy_7": 0.051909733563661575, "vy_8": 0.0517682246863842, "vy_9": 0.05195445194840431, "vy_10": 0.052109405398368835, "psidt_0.05": 0.00258057308383286, "psidt_1": 0.004583464469760656, "psidt_2": 0.0054479376412928104, "psidt_3": 0.00600432138890028, "psidt_4": 0.005983649753034115, "psidt_5": 0.0058989799581468105, "psidt_6": 0.005838706623762846, "psidt_7": 0.0057428982108831406, "psidt_8": 0.005708629731088877, "psidt_9": 0.005738137289881706, "psidt_10": 0.005655420478433371, "rmse_0.05": 0.0083839762955904, "rmse_1": 0.019999627023935318, "rmse_2": 0.02370195835828781, "rmse_3": 0.026771986857056618, "rmse_4": 0.028392368927598, "rmse_5": 0.028081394731998444, "rmse_6": 0.028283094987273216, "rmse_7": 0.028826314955949783, "rmse_8": 0.02873842790722847, "rmse_9": 0.028846293687820435, "rmse_10": 0.028882412239909172}