{"vy_0.05": 0.01406229566782713, "vy_1": 0.03932611644268036, "vy_2": 0.048261482268571854, "vy_3": 0.052306633442640305, "vy_4": 0.05419965833425522, "vy_5": 0.05365731194615364, "vy_6": 0.054348330944776535, "vy_7": 0.05724148824810982, "vy_8": 0.05864468961954117, "vy_9": 0.059266623109579086, "vy_10": 0.05998522788286209, "psidt_0.05": 0.0023714343551546335, "psidt_1": 0.00512768654152751, "psidt_2": 0.006557520944625139, "psidt_3": 0.007059609517455101, "psidt_4": 0.006989230401813984, "psidt_5": 0.00708176800981164, "psidt_6": 0.007820130325853825, "psidt_7": 0.007808371912688017, "psidt_8": 0.007743028458207846, "psidt_9": 0.007965467870235443, "psidt_10": 0.0083877332508564, "rmse_0.05": 0.008216865360736847, "rmse_1": 0.022226901724934578, "rmse_2": 0.027409501373767853, "rmse_3": 0.029683120548725128, "rmse_4": 0.030594443902373314, "rmse_5": 0.03036954067647457, "rmse_6": 0.031084230169653893, "rmse_7": 0.03252492845058441, "rmse_8": 0.033193860203027725, "rmse_9": 0.033616043627262115, "rmse_10": 0.034186482429504395}