{"vy_0.05": 0.014969461597502232, "vy_1": 0.038883741945028305, "vy_2": 0.04764401540160179, "vy_3": 0.04898954927921295, "vy_4": 0.05032350495457649, "vy_5": 0.049641624093055725, "vy_6": 0.049483004957437515, "vy_7": 0.05157707631587982, "vy_8": 0.05251714959740639, "vy_9": 0.05264093726873398, "vy_10": 0.05276060849428177, "psidt_0.05": 0.0026179570704698563, "psidt_1": 0.005451696924865246, "psidt_2": 0.006575288716703653, "psidt_3": 0.007084377575665712, "psidt_4": 0.006951510906219482, "psidt_5": 0.0067814989015460014, "psidt_6": 0.006749866530299187, "psidt_7": 0.0066472855396568775, "psidt_8": 0.006584095768630505, "psidt_9": 0.0066228765062987804, "psidt_10": 0.006542084272950888, "rmse_0.05": 0.008793709799647331, "rmse_1": 0.022167719900608063, "rmse_2": 0.027109652757644653, "rmse_3": 0.02803696319460869, "rmse_4": 0.028637507930397987, "rmse_5": 0.02821156196296215, "rmse_6": 0.028116434812545776, "rmse_7": 0.029112180694937706, "rmse_8": 0.029550623148679733, "rmse_9": 0.029631907120347023, "rmse_10": 0.029651345685124397}