{"vy_0.05": 0.016165632754564285, "vy_1": 0.040212489664554596, "vy_2": 0.04864082485437393, "vy_3": 0.05125957354903221, "vy_4": 0.05360528826713562, "vy_5": 0.05284693092107773, "vy_6": 0.05207565799355507, "vy_7": 0.05304613709449768, "vy_8": 0.05316007882356644, "vy_9": 0.0531621091067791, "vy_10": 0.053190529346466064, "psidt_0.05": 0.0025452482514083385, "psidt_1": 0.005105804186314344, "psidt_2": 0.006269765552133322, "psidt_3": 0.006987131200730801, "psidt_4": 0.006877108942717314, "psidt_5": 0.006684106308966875, "psidt_6": 0.006597525905817747, "psidt_7": 0.006489837542176247, "psidt_8": 0.006427324842661619, "psidt_9": 0.006454371847212315, "psidt_10": 0.0063813128508627415, "rmse_0.05": 0.009355440735816956, "rmse_1": 0.022659147158265114, "rmse_2": 0.027455294504761696, "rmse_3": 0.029123352840542793, "rmse_4": 0.03024119883775711, "rmse_5": 0.029765518382191658, "rmse_6": 0.02933659218251705, "rmse_7": 0.02976798638701439, "rmse_8": 0.02979370206594467, "rmse_9": 0.02980824001133442, "rmse_10": 0.029785921797156334}