{"vy_0.05": 0.012597166001796722, "vy_1": 0.033772774040699005, "vy_2": 0.03984241560101509, "vy_3": 0.04355412349104881, "vy_4": 0.046108849346637726, "vy_5": 0.04633225128054619, "vy_6": 0.04711734503507614, "vy_7": 0.04917242005467415, "vy_8": 0.049917954951524734, "vy_9": 0.050678130239248276, "vy_10": 0.05094714090228081, "psidt_0.05": 0.002129320288076997, "psidt_1": 0.0041502187959849834, "psidt_2": 0.005275716073811054, "psidt_3": 0.005794213153421879, "psidt_4": 0.005821776110678911, "psidt_5": 0.005941286217421293, "psidt_6": 0.005927372723817825, "psidt_7": 0.005916564259678125, "psidt_8": 0.005988636985421181, "psidt_9": 0.006073764059692621, "psidt_10": 0.006050338037312031, "rmse_0.05": 0.007363243028521538, "rmse_1": 0.018961496651172638, "rmse_2": 0.022559065371751785, "rmse_3": 0.02467416785657406, "rmse_4": 0.025965312495827675, "rmse_5": 0.026136768981814384, "rmse_6": 0.026522358879446983, "rmse_7": 0.027544492855668068, "rmse_8": 0.027953296899795532, "rmse_9": 0.02837594784796238, "rmse_10": 0.028498739004135132}