{"vy_0.05": 0.01585071161389351, "vy_1": 0.044627945870161057, "vy_2": 0.0518377460539341, "vy_3": 0.05329349637031555, "vy_4": 0.05416455492377281, "vy_5": 0.05316079780459404, "vy_6": 0.05312342941761017, "vy_7": 0.054479893296957016, "vy_8": 0.05495517700910568, "vy_9": 0.05495596304535866, "vy_10": 0.054641515016555786, "psidt_0.05": 0.0024840959813445807, "psidt_1": 0.005400531925261021, "psidt_2": 0.006627967115491629, "psidt_3": 0.007279123645275831, "psidt_4": 0.0071822283789515495, "psidt_5": 0.007030788343399763, "psidt_6": 0.007034834008663893, "psidt_7": 0.007006637752056122, "psidt_8": 0.006995741277933121, "psidt_9": 0.007006245199590921, "psidt_10": 0.0069202398881316185, "rmse_0.05": 0.009167403914034367, "rmse_1": 0.02501423843204975, "rmse_2": 0.029232855886220932, "rmse_3": 0.030286310240626335, "rmse_4": 0.030673392117023468, "rmse_5": 0.030095793306827545, "rmse_6": 0.030079131945967674, "rmse_7": 0.03074326552450657, "rmse_8": 0.0309754591435194, "rmse_9": 0.03098110482096672, "rmse_10": 0.03078087791800499}