{"vy_0.05": 0.015423386357724667, "vy_1": 0.040776487439870834, "vy_2": 0.04926839470863342, "vy_3": 0.051308538764715195, "vy_4": 0.05190740525722504, "vy_5": 0.05079570785164833, "vy_6": 0.050285667181015015, "vy_7": 0.05178520083427429, "vy_8": 0.05242466554045677, "vy_9": 0.05249461159110069, "vy_10": 0.05235166475176811, "psidt_0.05": 0.0027848491445183754, "psidt_1": 0.006010375916957855, "psidt_2": 0.007242755498737097, "psidt_3": 0.007877765223383904, "psidt_4": 0.007706739939749241, "psidt_5": 0.00751098059117794, "psidt_6": 0.007454984355717897, "psidt_7": 0.0073606595396995544, "psidt_8": 0.007319463882595301, "psidt_9": 0.007370867766439915, "psidt_10": 0.007268267218023539, "rmse_0.05": 0.009104117751121521, "rmse_1": 0.023393431678414345, "rmse_2": 0.02825557440519333, "rmse_3": 0.029593151062726974, "rmse_4": 0.02980707213282585, "rmse_5": 0.02915334329009056, "rmse_6": 0.028870325535535812, "rmse_7": 0.029572930186986923, "rmse_8": 0.029872065410017967, "rmse_9": 0.029932739213109016, "rmse_10": 0.029809966683387756}