{"vy_0.05": 0.015007014386355877, "vy_1": 0.040163975208997726, "vy_2": 0.04719027131795883, "vy_3": 0.05052701756358147, "vy_4": 0.05221323296427727, "vy_5": 0.05196892097592354, "vy_6": 0.05250953137874603, "vy_7": 0.054105643182992935, "vy_8": 0.05481861159205437, "vy_9": 0.05484972521662712, "vy_10": 0.05467305704951286, "psidt_0.05": 0.0023740173783153296, "psidt_1": 0.004836313426494598, "psidt_2": 0.0060515874065458775, "psidt_3": 0.006678965874016285, "psidt_4": 0.00659300247207284, "psidt_5": 0.0064395153895020485, "psidt_6": 0.006330292206257582, "psidt_7": 0.006261995527893305, "psidt_8": 0.00626251520588994, "psidt_9": 0.006335352081805468, "psidt_10": 0.006307836156338453, "rmse_0.05": 0.008690515533089638, "rmse_1": 0.022500144317746162, "rmse_2": 0.026620930060744286, "rmse_3": 0.02860299125313759, "rmse_4": 0.029403118416666985, "rmse_5": 0.029204217717051506, "rmse_6": 0.02941991202533245, "rmse_7": 0.03018382005393505, "rmse_8": 0.03054056316614151, "rmse_9": 0.03059253841638565, "rmse_10": 0.030490446835756302}