{"vy_0.05": 0.013801722787320614, "vy_1": 0.03690413013100624, "vy_2": 0.04421123489737511, "vy_3": 0.04588582366704941, "vy_4": 0.048360664397478104, "vy_5": 0.049212656915187836, "vy_6": 0.049889884889125824, "vy_7": 0.05134158954024315, "vy_8": 0.05209130048751831, "vy_9": 0.05182566121220589, "vy_10": 0.05160151422023773, "psidt_0.05": 0.002591855125501752, "psidt_1": 0.005060589872300625, "psidt_2": 0.006101745180785656, "psidt_3": 0.006736151874065399, "psidt_4": 0.006612879224121571, "psidt_5": 0.006456288509070873, "psidt_6": 0.00646269042044878, "psidt_7": 0.006371118128299713, "psidt_8": 0.006380160339176655, "psidt_9": 0.006354964803904295, "psidt_10": 0.006267613265663385, "rmse_0.05": 0.008196788839995861, "rmse_1": 0.02098236046731472, "rmse_2": 0.02515649050474167, "rmse_3": 0.026310987770557404, "rmse_4": 0.02748677134513855, "rmse_5": 0.027834473177790642, "rmse_6": 0.028176287189126015, "rmse_7": 0.02885635383427143, "rmse_8": 0.029235729947686195, "rmse_9": 0.029090313240885735, "rmse_10": 0.02893456444144249}