{"vy_0.05": 0.015615974552929401, "vy_1": 0.037099454551935196, "vy_2": 0.0435199961066246, "vy_3": 0.0478396937251091, "vy_4": 0.050912100821733475, "vy_5": 0.05034054070711136, "vy_6": 0.04993246868252754, "vy_7": 0.051100876182317734, "vy_8": 0.05157218873500824, "vy_9": 0.05173583701252937, "vy_10": 0.05156204476952553, "psidt_0.05": 0.002611215692013502, "psidt_1": 0.00508887367323041, "psidt_2": 0.005913418717682362, "psidt_3": 0.00644697668030858, "psidt_4": 0.006390550639480352, "psidt_5": 0.0063415272161364555, "psidt_6": 0.006205848418176174, "psidt_7": 0.006099068094044924, "psidt_8": 0.006069476716220379, "psidt_9": 0.006075482815504074, "psidt_10": 0.005982857197523117, "rmse_0.05": 0.009113594889640808, "rmse_1": 0.02109416387975216, "rmse_2": 0.024716706946492195, "rmse_3": 0.027143334969878197, "rmse_4": 0.028651325032114983, "rmse_5": 0.028341034427285194, "rmse_6": 0.028069159016013145, "rmse_7": 0.028599971905350685, "rmse_8": 0.028820833191275597, "rmse_9": 0.028905659914016724, "rmse_10": 0.028772450983524323}