{"vy_0.05": 0.013412648811936378, "vy_1": 0.04255674406886101, "vy_2": 0.05570387467741966, "vy_3": 0.06121579557657242, "vy_4": 0.06169263273477554, "vy_5": 0.060353945940732956, "vy_6": 0.06013782322406769, "vy_7": 0.061382416635751724, "vy_8": 0.062451936304569244, "vy_9": 0.06272666156291962, "vy_10": 0.06246321648359299, "psidt_0.05": 0.0023007290437817574, "psidt_1": 0.005041260737925768, "psidt_2": 0.006460434291511774, "psidt_3": 0.0071382783353328705, "psidt_4": 0.006976701784878969, "psidt_5": 0.006931595969945192, "psidt_6": 0.0069577451795339584, "psidt_7": 0.006886749994009733, "psidt_8": 0.006883376743644476, "psidt_9": 0.006940028630197048, "psidt_10": 0.006919560022652149, "rmse_0.05": 0.007856689393520355, "rmse_1": 0.023799002170562744, "rmse_2": 0.03108215518295765, "rmse_3": 0.034177035093307495, "rmse_4": 0.03433466702699661, "rmse_5": 0.03364277258515358, "rmse_6": 0.0335477851331234, "rmse_7": 0.03413458168506622, "rmse_8": 0.03466765582561493, "rmse_9": 0.03483334556221962, "rmse_10": 0.03469138965010643}