{"vy_0.05": 0.016396142542362213, "vy_1": 0.04315991699695587, "vy_2": 0.052512459456920624, "vy_3": 0.053670484572649, "vy_4": 0.0545455627143383, "vy_5": 0.053609833121299744, "vy_6": 0.05299793928861618, "vy_7": 0.05403487756848335, "vy_8": 0.05431244149804115, "vy_9": 0.054176196455955505, "vy_10": 0.05377313122153282, "psidt_0.05": 0.002578780520707369, "psidt_1": 0.005132382269948721, "psidt_2": 0.006332653574645519, "psidt_3": 0.007033958565443754, "psidt_4": 0.006962903775274754, "psidt_5": 0.006825639400631189, "psidt_6": 0.0067365397699177265, "psidt_7": 0.006654851604253054, "psidt_8": 0.0066342647187411785, "psidt_9": 0.006677391938865185, "psidt_10": 0.006624128669500351, "rmse_0.05": 0.009487461298704147, "rmse_1": 0.024146148934960365, "rmse_2": 0.02942255698144436, "rmse_3": 0.030352221801877022, "rmse_4": 0.03075423277914524, "rmse_5": 0.030217736959457397, "rmse_6": 0.02986723929643631, "rmse_7": 0.03034486435353756, "rmse_8": 0.03047335334122181, "rmse_9": 0.030426794663071632, "rmse_10": 0.030198629945516586}