{"vy_0.05": 0.014912755228579044, "vy_1": 0.03865102306008339, "vy_2": 0.045804888010025024, "vy_3": 0.04734604060649872, "vy_4": 0.050328247249126434, "vy_5": 0.050021879374980927, "vy_6": 0.04948105663061142, "vy_7": 0.05136149749159813, "vy_8": 0.052697278559207916, "vy_9": 0.05285123735666275, "vy_10": 0.05301821604371071, "psidt_0.05": 0.0028350704815238714, "psidt_1": 0.005502747837454081, "psidt_2": 0.006336556281894445, "psidt_3": 0.006873294711112976, "psidt_4": 0.006767956539988518, "psidt_5": 0.006587753538042307, "psidt_6": 0.006514199543744326, "psidt_7": 0.006426024250686169, "psidt_8": 0.006430122070014477, "psidt_9": 0.006461916491389275, "psidt_10": 0.006405623629689217, "rmse_0.05": 0.008873912505805492, "rmse_1": 0.022076886147260666, "rmse_2": 0.026070721447467804, "rmse_3": 0.027109667658805847, "rmse_4": 0.02854810282588005, "rmse_5": 0.028304817155003548, "rmse_6": 0.02799762785434723, "rmse_7": 0.028893761336803436, "rmse_8": 0.029563700780272484, "rmse_9": 0.029656577855348587, "rmse_10": 0.029711920768022537}