{"vy_0.05": 0.016095152124762535, "vy_1": 0.041835982352495193, "vy_2": 0.05087653547525406, "vy_3": 0.052178043872117996, "vy_4": 0.053398847579956055, "vy_5": 0.05276278406381607, "vy_6": 0.05211251601576805, "vy_7": 0.05338774621486664, "vy_8": 0.05366529896855354, "vy_9": 0.05356156826019287, "vy_10": 0.05326875299215317, "psidt_0.05": 0.002632629359140992, "psidt_1": 0.005563047248870134, "psidt_2": 0.006785217206925154, "psidt_3": 0.007417290471494198, "psidt_4": 0.007300980854779482, "psidt_5": 0.007075161673128605, "psidt_6": 0.007052106317132711, "psidt_7": 0.00696171261370182, "psidt_8": 0.006896742153912783, "psidt_9": 0.006911553908139467, "psidt_10": 0.0068106576800346375, "rmse_0.05": 0.009363890625536442, "rmse_1": 0.02369951456785202, "rmse_2": 0.02883087657392025, "rmse_3": 0.029797667637467384, "rmse_4": 0.030349913984537125, "rmse_5": 0.02991897240281105, "rmse_6": 0.02958231046795845, "rmse_7": 0.030174728482961655, "rmse_8": 0.03028102032840252, "rmse_9": 0.030236560851335526, "rmse_10": 0.030039705336093903}