{"vy_0.05": 0.013608523644506931, "vy_1": 0.03826681524515152, "vy_2": 0.046166740357875824, "vy_3": 0.048858631402254105, "vy_4": 0.051131121814250946, "vy_5": 0.05118037760257721, "vy_6": 0.05122094973921776, "vy_7": 0.05272599682211876, "vy_8": 0.05318303778767586, "vy_9": 0.05311892181634903, "vy_10": 0.05324616655707359, "psidt_0.05": 0.0026203272864222527, "psidt_1": 0.005835091229528189, "psidt_2": 0.00705941766500473, "psidt_3": 0.007723808288574219, "psidt_4": 0.007576826494187117, "psidt_5": 0.007382631301879883, "psidt_6": 0.007394644431769848, "psidt_7": 0.007243497297167778, "psidt_8": 0.0071573215536773205, "psidt_9": 0.0071630580350756645, "psidt_10": 0.007066049613058567, "rmse_0.05": 0.008114425465464592, "rmse_1": 0.022050952538847923, "rmse_2": 0.026613079011440277, "rmse_3": 0.02829121984541416, "rmse_4": 0.029353974387049675, "rmse_5": 0.029281504452228546, "rmse_6": 0.02930779755115509, "rmse_7": 0.029984746128320694, "rmse_8": 0.030170179903507233, "rmse_9": 0.030140990391373634, "rmse_10": 0.030156107619404793}