{"vy_0.05": 0.016308417543768883, "vy_1": 0.041544508188962936, "vy_2": 0.05069795995950699, "vy_3": 0.05259806662797928, "vy_4": 0.05469848960638046, "vy_5": 0.05411716550588608, "vy_6": 0.05356200784444809, "vy_7": 0.05472996458411217, "vy_8": 0.055028036236763, "vy_9": 0.054971981793642044, "vy_10": 0.05463552847504616, "psidt_0.05": 0.002620754297822714, "psidt_1": 0.005157383158802986, "psidt_2": 0.006289665121585131, "psidt_3": 0.0069485437124967575, "psidt_4": 0.006836665794253349, "psidt_5": 0.006686362437903881, "psidt_6": 0.0066207400523126125, "psidt_7": 0.006551160477101803, "psidt_8": 0.006499900948256254, "psidt_9": 0.006566738244146109, "psidt_10": 0.0065062684006989, "rmse_0.05": 0.009464586153626442, "rmse_1": 0.023350946605205536, "rmse_2": 0.028493812307715416, "rmse_3": 0.029773306101560593, "rmse_4": 0.03076757863163948, "rmse_5": 0.030401764437556267, "rmse_6": 0.03009137324988842, "rmse_7": 0.030640562996268272, "rmse_8": 0.03076396882534027, "rmse_9": 0.030769359320402145, "rmse_10": 0.030570898205041885}