{"vy_0.05": 0.015667898580431938, "vy_1": 0.05112464725971222, "vy_2": 0.0939064547419548, "vy_3": 0.11342577636241913, "vy_4": 0.12122418731451035, "vy_5": 0.13923953473567963, "vy_6": 0.1506432145833969, "vy_7": 0.15762653946876526, "vy_8": 0.1796327531337738, "vy_9": 0.2101643681526184, "vy_10": 0.23979976773262024, "psidt_0.05": 0.0023572479840368032, "psidt_1": 0.006748761981725693, "psidt_2": 0.018932869657874107, "psidt_3": 0.026244787499308586, "psidt_4": 0.030016034841537476, "psidt_5": 0.038294095546007156, "psidt_6": 0.04409642145037651, "psidt_7": 0.04675591364502907, "psidt_8": 0.05698159709572792, "psidt_9": 0.07245176285505295, "psidt_10": 0.08476240932941437, "rmse_0.05": 0.009012573398649693, "rmse_1": 0.028936704620718956, "rmse_2": 0.05641966313123703, "rmse_3": 0.06983528286218643, "rmse_4": 0.07562011480331421, "rmse_5": 0.08876681327819824, "rmse_6": 0.09736981987953186, "rmse_7": 0.10219122469425201, "rmse_8": 0.11830717325210571, "rmse_9": 0.14130806922912598, "rmse_10": 0.1622810959815979}