{"vy_0.05": 0.01719082146883011, "vy_1": 0.05355716496706009, "vy_2": 0.07163037359714508, "vy_3": 0.08488073199987411, "vy_4": 0.08893168717622757, "vy_5": 0.09301392734050751, "vy_6": 0.09668045490980148, "vy_7": 0.10641658306121826, "vy_8": 0.11189424246549606, "vy_9": 0.1135229766368866, "vy_10": 0.11823210120201111, "psidt_0.05": 0.0023078322410583496, "psidt_1": 0.005371004343032837, "psidt_2": 0.006582601461559534, "psidt_3": 0.007347878534346819, "psidt_4": 0.0075937858782708645, "psidt_5": 0.0075888182036578655, "psidt_6": 0.00783118512481451, "psidt_7": 0.007808723486959934, "psidt_8": 0.007986689917743206, "psidt_9": 0.008170711807906628, "psidt_10": 0.008125070482492447, "rmse_0.05": 0.009749326854944229, "rmse_1": 0.029464084655046463, "rmse_2": 0.03910648822784424, "rmse_3": 0.04611430689692497, "rmse_4": 0.048262737691402435, "rmse_5": 0.05030137300491333, "rmse_6": 0.052255820482969284, "rmse_7": 0.05711265280842781, "rmse_8": 0.05994046479463577, "rmse_9": 0.06084684282541275, "rmse_10": 0.06317858397960663}