{"vy_0.05": 0.014132415875792503, "vy_1": 0.03611462563276291, "vy_2": 0.04419448599219322, "vy_3": 0.04680147022008896, "vy_4": 0.05004988610744476, "vy_5": 0.05021822825074196, "vy_6": 0.05012533813714981, "vy_7": 0.051839690655469894, "vy_8": 0.05280943587422371, "vy_9": 0.05268797650933266, "vy_10": 0.052613817155361176, "psidt_0.05": 0.0025829144287854433, "psidt_1": 0.005040375050157309, "psidt_2": 0.006200068164616823, "psidt_3": 0.0067831226624548435, "psidt_4": 0.006621009670197964, "psidt_5": 0.006449798122048378, "psidt_6": 0.006424246355891228, "psidt_7": 0.006280847359448671, "psidt_8": 0.006218569818884134, "psidt_9": 0.006234333384782076, "psidt_10": 0.0061481548473238945, "rmse_0.05": 0.008357665501534939, "rmse_1": 0.020577499642968178, "rmse_2": 0.02519727684557438, "rmse_3": 0.026792297139763832, "rmse_4": 0.02833544835448265, "rmse_5": 0.028334014117717743, "rmse_6": 0.028274793177843094, "rmse_7": 0.02906026877462864, "rmse_8": 0.029514003545045853, "rmse_9": 0.029461154714226723, "rmse_10": 0.029380986467003822}