{"vy_0.05": 0.015088505111634731, "vy_1": 0.040872737765312195, "vy_2": 0.04875658079981804, "vy_3": 0.05042428523302078, "vy_4": 0.05301899090409279, "vy_5": 0.05275299400091171, "vy_6": 0.05234977602958679, "vy_7": 0.0540444478392601, "vy_8": 0.056030839681625366, "vy_9": 0.055993881076574326, "vy_10": 0.055550847202539444, "psidt_0.05": 0.002528576646000147, "psidt_1": 0.00492444122210145, "psidt_2": 0.005954116117209196, "psidt_3": 0.00655501801520586, "psidt_4": 0.006468147039413452, "psidt_5": 0.006322414614260197, "psidt_6": 0.006240245420485735, "psidt_7": 0.006207100115716457, "psidt_8": 0.0063875154592096806, "psidt_9": 0.006373077630996704, "psidt_10": 0.006286629941314459, "rmse_0.05": 0.008808541111648083, "rmse_1": 0.022898590192198753, "rmse_2": 0.02735534869134426, "rmse_3": 0.028489651158452034, "rmse_4": 0.02974356897175312, "rmse_5": 0.029537703841924667, "rmse_6": 0.02929501049220562, "rmse_7": 0.030125774443149567, "rmse_8": 0.031209178268909454, "rmse_9": 0.031183479353785515, "rmse_10": 0.03091873787343502}