{"vy_0.05": 0.01561469491571188, "vy_1": 0.03681045398116112, "vy_2": 0.04368038848042488, "vy_3": 0.04621286690235138, "vy_4": 0.048713963478803635, "vy_5": 0.048182323575019836, "vy_6": 0.0478721484541893, "vy_7": 0.049566127359867096, "vy_8": 0.05040799453854561, "vy_9": 0.05070936679840088, "vy_10": 0.05063876509666443, "psidt_0.05": 0.0024156200233846903, "psidt_1": 0.00472282525151968, "psidt_2": 0.00589878810569644, "psidt_3": 0.006464027334004641, "psidt_4": 0.006474542897194624, "psidt_5": 0.006368992384523153, "psidt_6": 0.0062314546667039394, "psidt_7": 0.006156905088573694, "psidt_8": 0.006153739523142576, "psidt_9": 0.006199485156685114, "psidt_10": 0.00618689926341176, "rmse_0.05": 0.00901515781879425, "rmse_1": 0.020766640082001686, "rmse_2": 0.024789588525891304, "rmse_3": 0.026338446885347366, "rmse_4": 0.027594253420829773, "rmse_5": 0.027275657281279564, "rmse_6": 0.02705180086195469, "rmse_7": 0.027861516922712326, "rmse_8": 0.028280867263674736, "rmse_9": 0.028454426676034927, "rmse_10": 0.02841283194720745}