{"vy_0.05": 0.016020668670535088, "vy_1": 0.039881423115730286, "vy_2": 0.04770137369632721, "vy_3": 0.048440758138895035, "vy_4": 0.05034410580992699, "vy_5": 0.04967014864087105, "vy_6": 0.049039628356695175, "vy_7": 0.05033629387617111, "vy_8": 0.05105738341808319, "vy_9": 0.05111922696232796, "vy_10": 0.051114920526742935, "psidt_0.05": 0.0026006728876382113, "psidt_1": 0.004656235687434673, "psidt_2": 0.005514341872185469, "psidt_3": 0.0059910486452281475, "psidt_4": 0.005961356684565544, "psidt_5": 0.00589189724996686, "psidt_6": 0.005782825872302055, "psidt_7": 0.005722139962017536, "psidt_8": 0.005695486906915903, "psidt_9": 0.005727282725274563, "psidt_10": 0.00569457933306694, "rmse_0.05": 0.009310671128332615, "rmse_1": 0.022268829867243767, "rmse_2": 0.026607858017086983, "rmse_3": 0.027215903624892235, "rmse_4": 0.02815273031592369, "rmse_5": 0.02778102271258831, "rmse_6": 0.02741122618317604, "rmse_7": 0.028029216453433037, "rmse_8": 0.028376435860991478, "rmse_9": 0.028423255309462547, "rmse_10": 0.028404749929904938}