{"vy_0.05": 0.015281169675290585, "vy_1": 0.039137233048677444, "vy_2": 0.045720625668764114, "vy_3": 0.04775618016719818, "vy_4": 0.049832187592983246, "vy_5": 0.0505252331495285, "vy_6": 0.051411908119916916, "vy_7": 0.05335485190153122, "vy_8": 0.05371259152889252, "vy_9": 0.05373992770910263, "vy_10": 0.053892504423856735, "psidt_0.05": 0.0023098369129002094, "psidt_1": 0.004895055200904608, "psidt_2": 0.006153333932161331, "psidt_3": 0.006727301049977541, "psidt_4": 0.006654628086835146, "psidt_5": 0.006502870935946703, "psidt_6": 0.006432061083614826, "psidt_7": 0.006365307606756687, "psidt_8": 0.0063224793411791325, "psidt_9": 0.006380684208124876, "psidt_10": 0.006306449417024851, "rmse_0.05": 0.00879550352692604, "rmse_1": 0.022016143426299095, "rmse_2": 0.025936979800462723, "rmse_3": 0.027241740375757217, "rmse_4": 0.028243407607078552, "rmse_5": 0.02851405180990696, "rmse_6": 0.028921984136104584, "rmse_7": 0.029860079288482666, "rmse_8": 0.030017536133527756, "rmse_9": 0.030060306191444397, "rmse_10": 0.030099477618932724}