{"vy_0.05": 0.012855196371674538, "vy_1": 0.03645768016576767, "vy_2": 0.04311835393309593, "vy_3": 0.048484306782484055, "vy_4": 0.05200062319636345, "vy_5": 0.05206450819969177, "vy_6": 0.05193297564983368, "vy_7": 0.05344052240252495, "vy_8": 0.053998395800590515, "vy_9": 0.054067760705947876, "vy_10": 0.05403172969818115, "psidt_0.05": 0.0022120887879282236, "psidt_1": 0.00430857390165329, "psidt_2": 0.0056495098397135735, "psidt_3": 0.006570141762495041, "psidt_4": 0.006774908863008022, "psidt_5": 0.006854102946817875, "psidt_6": 0.006784765049815178, "psidt_7": 0.00688971858471632, "psidt_8": 0.007010157685726881, "psidt_9": 0.007009404711425304, "psidt_10": 0.006954295560717583, "rmse_0.05": 0.007533642463386059, "rmse_1": 0.02038312703371048, "rmse_2": 0.02438393235206604, "rmse_3": 0.027527224272489548, "rmse_4": 0.029387766495347023, "rmse_5": 0.029459305107593536, "rmse_6": 0.029358871281147003, "rmse_7": 0.03016512095928192, "rmse_8": 0.030504276975989342, "rmse_9": 0.030538583174347878, "rmse_10": 0.030493013560771942}