{"vy_0.05": 0.0165101308375597, "vy_1": 0.03835523501038551, "vy_2": 0.04675208032131195, "vy_3": 0.048240777105093, "vy_4": 0.049766529351472855, "vy_5": 0.048947930335998535, "vy_6": 0.04866860434412956, "vy_7": 0.04991107061505318, "vy_8": 0.05051679164171219, "vy_9": 0.05062847211956978, "vy_10": 0.050459057092666626, "psidt_0.05": 0.002442677039653063, "psidt_1": 0.004899926949292421, "psidt_2": 0.00612311577424407, "psidt_3": 0.006799472961574793, "psidt_4": 0.006722651422023773, "psidt_5": 0.0065714227966964245, "psidt_6": 0.006458114832639694, "psidt_7": 0.006396852433681488, "psidt_8": 0.006342032458633184, "psidt_9": 0.006384037900716066, "psidt_10": 0.006342407315969467, "rmse_0.05": 0.009476403705775738, "rmse_1": 0.021627580747008324, "rmse_2": 0.02643759734928608, "rmse_3": 0.02752012573182583, "rmse_4": 0.028244590386748314, "rmse_5": 0.027759676799178123, "rmse_6": 0.02756335958838463, "rmse_7": 0.028153961524367332, "rmse_8": 0.028429411351680756, "rmse_9": 0.02850625477731228, "rmse_10": 0.028400732204318047}