{"vy_0.05": 0.01510607823729515, "vy_1": 0.03785807266831398, "vy_2": 0.044739268720149994, "vy_3": 0.047518275678157806, "vy_4": 0.050762075930833817, "vy_5": 0.05083337798714638, "vy_6": 0.05055804178118706, "vy_7": 0.05177953466773033, "vy_8": 0.05230401083827019, "vy_9": 0.0525849275290966, "vy_10": 0.052715711295604706, "psidt_0.05": 0.002545709256082773, "psidt_1": 0.005153789184987545, "psidt_2": 0.00590956537052989, "psidt_3": 0.006445602979511023, "psidt_4": 0.0063956258818507195, "psidt_5": 0.006295217666774988, "psidt_6": 0.006226733792573214, "psidt_7": 0.00607846537604928, "psidt_8": 0.00609838729724288, "psidt_9": 0.006168353371322155, "psidt_10": 0.006093431264162064, "rmse_0.05": 0.008825893513858318, "rmse_1": 0.02150593139231205, "rmse_2": 0.025324417278170586, "rmse_3": 0.026981938630342484, "rmse_4": 0.028578851372003555, "rmse_5": 0.028564298525452614, "rmse_6": 0.028392387554049492, "rmse_7": 0.028929000720381737, "rmse_8": 0.029201198369264603, "rmse_9": 0.029376640915870667, "rmse_10": 0.029404571279883385}