{"vy_0.05": 0.014032799750566483, "vy_1": 0.04891703277826309, "vy_2": 0.077491894364357, "vy_3": 0.08920266479253769, "vy_4": 0.10008539259433746, "vy_5": 0.14411325752735138, "vy_6": 0.19092139601707458, "vy_7": 0.21939779818058014, "vy_8": 0.238490492105484, "vy_9": 0.26536858081817627, "vy_10": 0.2865515649318695, "psidt_0.05": 0.002415112452581525, "psidt_1": 0.005826666951179504, "psidt_2": 0.009361322037875652, "psidt_3": 0.010893896222114563, "psidt_4": 0.012322655878961086, "psidt_5": 0.020506029948592186, "psidt_6": 0.029688386246562004, "psidt_7": 0.035541318356990814, "psidt_8": 0.03951600193977356, "psidt_9": 0.044598497450351715, "psidt_10": 0.04849252104759216, "rmse_0.05": 0.00822395645081997, "rmse_1": 0.027371849864721298, "rmse_2": 0.04342660680413246, "rmse_3": 0.050048280507326126, "rmse_4": 0.05620402470231056, "rmse_5": 0.08230964094400406, "rmse_6": 0.11030489206314087, "rmse_7": 0.12746955454349518, "rmse_8": 0.13900324702262878, "rmse_9": 0.1549835354089737, "rmse_10": 0.16752204298973083}