{"vy_0.05": 0.016825586557388306, "vy_1": 0.05416629835963249, "vy_2": 0.07299606502056122, "vy_3": 0.08364919573068619, "vy_4": 0.08617119491100311, "vy_5": 0.08960577845573425, "vy_6": 0.0928921326994896, "vy_7": 0.10349658131599426, "vy_8": 0.10846767574548721, "vy_9": 0.10973549634218216, "vy_10": 0.11446410417556763, "psidt_0.05": 0.0025068882387131453, "psidt_1": 0.005664167460054159, "psidt_2": 0.006996538490056992, "psidt_3": 0.007605500053614378, "psidt_4": 0.007725405041128397, "psidt_5": 0.007585478946566582, "psidt_6": 0.007956067100167274, "psidt_7": 0.007882267236709595, "psidt_8": 0.0079504931345582, "psidt_9": 0.008105571381747723, "psidt_10": 0.008121486753225327, "rmse_0.05": 0.00966623704880476, "rmse_1": 0.029915232211351395, "rmse_2": 0.039996303617954254, "rmse_3": 0.045627348124980927, "rmse_4": 0.04694829881191254, "rmse_5": 0.04859562963247299, "rmse_6": 0.05042409896850586, "rmse_7": 0.05568942427635193, "rmse_8": 0.05820908397436142, "rmse_9": 0.05892053246498108, "rmse_10": 0.061292797327041626}