{"vy_0.05": 0.014244770631194115, "vy_1": 0.04690267890691757, "vy_2": 0.06071962043642998, "vy_3": 0.06255809217691422, "vy_4": 0.06529226899147034, "vy_5": 0.06563090533018112, "vy_6": 0.06598834693431854, "vy_7": 0.06742559373378754, "vy_8": 0.0691494569182396, "vy_9": 0.06993578374385834, "vy_10": 0.06943482905626297, "psidt_0.05": 0.002416167175397277, "psidt_1": 0.005877328105270863, "psidt_2": 0.007205721456557512, "psidt_3": 0.007451224140822887, "psidt_4": 0.007310907356441021, "psidt_5": 0.007276441436260939, "psidt_6": 0.0074026091024279594, "psidt_7": 0.007368287071585655, "psidt_8": 0.007476083002984524, "psidt_9": 0.007593853399157524, "psidt_10": 0.007525851018726826, "rmse_0.05": 0.008330469019711018, "rmse_1": 0.02639000304043293, "rmse_2": 0.0339626707136631, "rmse_3": 0.03500465676188469, "rmse_4": 0.03630158677697182, "rmse_5": 0.036453671753406525, "rmse_6": 0.03669547662138939, "rmse_7": 0.03739694133400917, "rmse_8": 0.038312770426273346, "rmse_9": 0.038764819502830505, "rmse_10": 0.03848034143447876}