{"vy_0.05": 0.014458952471613884, "vy_1": 0.03771123290061951, "vy_2": 0.04359973967075348, "vy_3": 0.0448911190032959, "vy_4": 0.04740441218018532, "vy_5": 0.04848117381334305, "vy_6": 0.04956616088747978, "vy_7": 0.05104823037981987, "vy_8": 0.05195628106594086, "vy_9": 0.05215015262365341, "vy_10": 0.052232418209314346, "psidt_0.05": 0.002479702699929476, "psidt_1": 0.004877069033682346, "psidt_2": 0.005895758513361216, "psidt_3": 0.006194754969328642, "psidt_4": 0.006086645647883415, "psidt_5": 0.005986952688544989, "psidt_6": 0.005968127865344286, "psidt_7": 0.00584116717800498, "psidt_8": 0.005819123238325119, "psidt_9": 0.005861279554665089, "psidt_10": 0.00580055546015501, "rmse_0.05": 0.008469327352941036, "rmse_1": 0.02129415050148964, "rmse_2": 0.024747749790549278, "rmse_3": 0.025542937219142914, "rmse_4": 0.026745527982711792, "rmse_5": 0.027234062552452087, "rmse_6": 0.02776714414358139, "rmse_7": 0.028444698080420494, "rmse_8": 0.028887702152132988, "rmse_9": 0.029005715623497963, "rmse_10": 0.029016487300395966}