{"vy_0.05": 0.013747962191700935, "vy_1": 0.038454245775938034, "vy_2": 0.05023133382201195, "vy_3": 0.058423977345228195, "vy_4": 0.05951955169439316, "vy_5": 0.05897650867700577, "vy_6": 0.058978259563446045, "vy_7": 0.06091271713376045, "vy_8": 0.061885759234428406, "vy_9": 0.06184977665543556, "vy_10": 0.0629160925745964, "psidt_0.05": 0.0023572545032948256, "psidt_1": 0.005164101719856262, "psidt_2": 0.007142385467886925, "psidt_3": 0.008250994607806206, "psidt_4": 0.008279531262814999, "psidt_5": 0.008306148461997509, "psidt_6": 0.008291983976960182, "psidt_7": 0.00822773389518261, "psidt_8": 0.008229084312915802, "psidt_9": 0.008375213481485844, "psidt_10": 0.008458123542368412, "rmse_0.05": 0.008052607998251915, "rmse_1": 0.021809173747897148, "rmse_2": 0.02868685871362686, "rmse_3": 0.033337485045194626, "rmse_4": 0.033899541944265366, "rmse_5": 0.033641327172517776, "rmse_6": 0.03363512083888054, "rmse_7": 0.034570224583148956, "rmse_8": 0.035057421773672104, "rmse_9": 0.035112496465444565, "rmse_10": 0.03568710759282112}