{"vy_0.05": 0.014400788582861423, "vy_1": 0.04176327958703041, "vy_2": 0.050956979393959045, "vy_3": 0.05776974931359291, "vy_4": 0.0595925934612751, "vy_5": 0.05988602712750435, "vy_6": 0.06072336807847023, "vy_7": 0.061940889805555344, "vy_8": 0.06310862302780151, "vy_9": 0.06359099596738815, "vy_10": 0.06385136395692825, "psidt_0.05": 0.0023223208263516426, "psidt_1": 0.005025093909353018, "psidt_2": 0.006425425875931978, "psidt_3": 0.00702693359926343, "psidt_4": 0.006942322012037039, "psidt_5": 0.006772540044039488, "psidt_6": 0.006687334273010492, "psidt_7": 0.00660063698887825, "psidt_8": 0.006606857292354107, "psidt_9": 0.0066644479520618916, "psidt_10": 0.006574899889528751, "rmse_0.05": 0.008361554704606533, "rmse_1": 0.023394186049699783, "rmse_2": 0.028691202402114868, "rmse_3": 0.032398343086242676, "rmse_4": 0.03326745703816414, "rmse_5": 0.03332928195595741, "rmse_6": 0.03370535001158714, "rmse_7": 0.0342707633972168, "rmse_8": 0.03485773876309395, "rmse_9": 0.03512772172689438, "rmse_10": 0.035213131457567215}