{"vy_0.05": 0.017167169600725174, "vy_1": 0.054712288081645966, "vy_2": 0.07483704388141632, "vy_3": 0.08901747316122055, "vy_4": 0.09338528662919998, "vy_5": 0.09712641686201096, "vy_6": 0.10065792500972748, "vy_7": 0.11109475791454315, "vy_8": 0.11675433069467545, "vy_9": 0.11837118864059448, "vy_10": 0.12319814413785934, "psidt_0.05": 0.00232688314281404, "psidt_1": 0.005417977459728718, "psidt_2": 0.006723600439727306, "psidt_3": 0.00732205156236887, "psidt_4": 0.007519091013818979, "psidt_5": 0.007445995230227709, "psidt_6": 0.007725398987531662, "psidt_7": 0.007658091839402914, "psidt_8": 0.007731225807219744, "psidt_9": 0.007914767600595951, "psidt_10": 0.007917447946965694, "rmse_0.05": 0.009747026488184929, "rmse_1": 0.030065132305026054, "rmse_2": 0.04078032076358795, "rmse_3": 0.04816976189613342, "rmse_4": 0.05045218765735626, "rmse_5": 0.05228620767593384, "rmse_6": 0.05419166386127472, "rmse_7": 0.05937642604112625, "rmse_8": 0.0622427798807621, "rmse_9": 0.06314297765493393, "rmse_10": 0.06555779278278351}