{"vy_0.05": 0.014637725427746773, "vy_1": 0.047930870205163956, "vy_2": 0.05865864083170891, "vy_3": 0.06133360043168068, "vy_4": 0.062147486954927444, "vy_5": 0.06269200146198273, "vy_6": 0.06398070603609085, "vy_7": 0.0663435086607933, "vy_8": 0.06835155189037323, "vy_9": 0.0684303268790245, "vy_10": 0.06837938725948334, "psidt_0.05": 0.0022126564290374517, "psidt_1": 0.0054001584649086, "psidt_2": 0.0069745201617479324, "psidt_3": 0.007735851686447859, "psidt_4": 0.007791982498019934, "psidt_5": 0.007696075364947319, "psidt_6": 0.0077126240357756615, "psidt_7": 0.007663880009204149, "psidt_8": 0.007716164458543062, "psidt_9": 0.007783054374158382, "psidt_10": 0.007671256549656391, "rmse_0.05": 0.008425191044807434, "rmse_1": 0.026665514335036278, "rmse_2": 0.032816581428050995, "rmse_3": 0.03453472629189491, "rmse_4": 0.03496973589062691, "rmse_5": 0.0351940393447876, "rmse_6": 0.03584666550159454, "rmse_7": 0.03700369596481323, "rmse_8": 0.0380338579416275, "rmse_9": 0.03810669109225273, "rmse_10": 0.038025323301553726}