{"vy_0.05": 0.013185464777052402, "vy_1": 0.044204674661159515, "vy_2": 0.05606283247470856, "vy_3": 0.060546692460775375, "vy_4": 0.06296364963054657, "vy_5": 0.06343376636505127, "vy_6": 0.06426709145307541, "vy_7": 0.06577416509389877, "vy_8": 0.06820908188819885, "vy_9": 0.06844285130500793, "vy_10": 0.06842837482690811, "psidt_0.05": 0.0025166189298033714, "psidt_1": 0.006066536530852318, "psidt_2": 0.0076138111762702465, "psidt_3": 0.008002950809895992, "psidt_4": 0.007903004996478558, "psidt_5": 0.0078172842040658, "psidt_6": 0.008002644404768944, "psidt_7": 0.00782931037247181, "psidt_8": 0.007972946390509605, "psidt_9": 0.008110553957521915, "psidt_10": 0.008071373216807842, "rmse_0.05": 0.007851041853427887, "rmse_1": 0.02513560652732849, "rmse_2": 0.031838320195674896, "rmse_3": 0.03427482023835182, "rmse_4": 0.0354333259165287, "rmse_5": 0.03562552481889725, "rmse_6": 0.03613486886024475, "rmse_7": 0.03680173680186272, "rmse_8": 0.038091015070676804, "rmse_9": 0.03827670216560364, "rmse_10": 0.038249872624874115}