{"vy_0.05": 0.01687098667025566, "vy_1": 0.05405953899025917, "vy_2": 0.07268007844686508, "vy_3": 0.08525141328573227, "vy_4": 0.08834518492221832, "vy_5": 0.09211479127407074, "vy_6": 0.09561103582382202, "vy_7": 0.10613622516393661, "vy_8": 0.11110782623291016, "vy_9": 0.11251487582921982, "vy_10": 0.11716112494468689, "psidt_0.05": 0.0024244755040854216, "psidt_1": 0.005431551486253738, "psidt_2": 0.006676661316305399, "psidt_3": 0.007336869370192289, "psidt_4": 0.007508744485676289, "psidt_5": 0.00741498963907361, "psidt_6": 0.007792671211063862, "psidt_7": 0.00771742220968008, "psidt_8": 0.007815827615559101, "psidt_9": 0.007989495992660522, "psidt_10": 0.007999959401786327, "rmse_0.05": 0.009647730737924576, "rmse_1": 0.029745545238256454, "rmse_2": 0.03967836871743202, "rmse_3": 0.04629414156079292, "rmse_4": 0.04792696610093117, "rmse_5": 0.04976489022374153, "rmse_6": 0.051701854914426804, "rmse_7": 0.056926824152469635, "rmse_8": 0.05946182832121849, "rmse_9": 0.06025218591094017, "rmse_10": 0.06258054077625275}