{"vy_0.05": 0.015239182859659195, "vy_1": 0.04927396774291992, "vy_2": 0.06424431502819061, "vy_3": 0.0664016455411911, "vy_4": 0.0665816068649292, "vy_5": 0.06682391464710236, "vy_6": 0.06663534790277481, "vy_7": 0.06893257051706314, "vy_8": 0.07015116512775421, "vy_9": 0.06958693265914917, "vy_10": 0.06897994130849838, "psidt_0.05": 0.0024912289809435606, "psidt_1": 0.0056207249872386456, "psidt_2": 0.007115565240383148, "psidt_3": 0.007925435900688171, "psidt_4": 0.007878227159380913, "psidt_5": 0.00784454494714737, "psidt_6": 0.007872599177062511, "psidt_7": 0.007825955748558044, "psidt_8": 0.007917126640677452, "psidt_9": 0.007998020388185978, "psidt_10": 0.007883141748607159, "rmse_0.05": 0.008865205571055412, "rmse_1": 0.027447346597909927, "rmse_2": 0.03567994013428688, "rmse_3": 0.037163540720939636, "rmse_4": 0.03722991794347763, "rmse_5": 0.03733422979712486, "rmse_6": 0.0372539721429348, "rmse_7": 0.03837926313281059, "rmse_8": 0.039034146815538406, "rmse_9": 0.03879247605800629, "rmse_10": 0.03843154013156891}