{"vy_0.05": 0.0172648336738348, "vy_1": 0.054750170558691025, "vy_2": 0.07357532531023026, "vy_3": 0.087909035384655, "vy_4": 0.09191574156284332, "vy_5": 0.0965828076004982, "vy_6": 0.10065782815217972, "vy_7": 0.11003627628087997, "vy_8": 0.1154697984457016, "vy_9": 0.11744248867034912, "vy_10": 0.12225267291069031, "psidt_0.05": 0.0022626600693911314, "psidt_1": 0.005301916506141424, "psidt_2": 0.006597509142011404, "psidt_3": 0.007370725739747286, "psidt_4": 0.007571595720946789, "psidt_5": 0.007554106414318085, "psidt_6": 0.007798919454216957, "psidt_7": 0.007789096795022488, "psidt_8": 0.007956390269100666, "psidt_9": 0.008147255517542362, "psidt_10": 0.008109401911497116, "rmse_0.05": 0.009763746522367, "rmse_1": 0.030026042833924294, "rmse_2": 0.04008641839027405, "rmse_3": 0.0476398803293705, "rmse_4": 0.049743667244911194, "rmse_5": 0.05206845700740814, "rmse_6": 0.05422837287187576, "rmse_7": 0.05891268700361252, "rmse_8": 0.061713095754384995, "rmse_9": 0.06279487162828445, "rmse_10": 0.06518103927373886}