{"vy_0.05": 0.013169162906706333, "vy_1": 0.03397427126765251, "vy_2": 0.039568375796079636, "vy_3": 0.04372816160321236, "vy_4": 0.04688188061118126, "vy_5": 0.04682829976081848, "vy_6": 0.046885598450899124, "vy_7": 0.04827341064810753, "vy_8": 0.04916130006313324, "vy_9": 0.04955234378576279, "vy_10": 0.04970286414027214, "psidt_0.05": 0.0021437990944832563, "psidt_1": 0.00405116006731987, "psidt_2": 0.005182914901524782, "psidt_3": 0.005845435429364443, "psidt_4": 0.005761677864938974, "psidt_5": 0.0057408371940255165, "psidt_6": 0.0057029505260288715, "psidt_7": 0.0055788429453969, "psidt_8": 0.0055808136239647865, "psidt_9": 0.0055976854637265205, "psidt_10": 0.005540766287595034, "rmse_0.05": 0.007656481117010117, "rmse_1": 0.01901271566748619, "rmse_2": 0.022375645115971565, "rmse_3": 0.024786798283457756, "rmse_4": 0.026321779936552048, "rmse_5": 0.02628456801176071, "rmse_6": 0.026294274255633354, "rmse_7": 0.026926126331090927, "rmse_8": 0.027371056377887726, "rmse_9": 0.027575014159083366, "rmse_10": 0.027621814981102943}