{"vy_0.05": 0.014689397998154163, "vy_1": 0.03816274181008339, "vy_2": 0.04506823047995567, "vy_3": 0.04742569476366043, "vy_4": 0.04942801967263222, "vy_5": 0.04886738955974579, "vy_6": 0.0488385409116745, "vy_7": 0.050336264073848724, "vy_8": 0.0507187694311142, "vy_9": 0.05082101374864578, "vy_10": 0.050788763910532, "psidt_0.05": 0.0027395845390856266, "psidt_1": 0.005360183771699667, "psidt_2": 0.006327399984002113, "psidt_3": 0.006880276370793581, "psidt_4": 0.006751188542693853, "psidt_5": 0.006644120905548334, "psidt_6": 0.006622980814427137, "psidt_7": 0.00652529951184988, "psidt_8": 0.006480195559561253, "psidt_9": 0.006568945478647947, "psidt_10": 0.006512029096484184, "rmse_0.05": 0.008714491501450539, "rmse_1": 0.021761462092399597, "rmse_2": 0.025697816163301468, "rmse_3": 0.027152985334396362, "rmse_4": 0.028089603409171104, "rmse_5": 0.027755755931138992, "rmse_6": 0.027730761095881462, "rmse_7": 0.02843078225851059, "rmse_8": 0.028599482029676437, "rmse_9": 0.02869497984647751, "rmse_10": 0.028650395572185516}