{"vy_0.05": 0.015566844493150711, "vy_1": 0.03683365508913994, "vy_2": 0.0442369170486927, "vy_3": 0.04724850505590439, "vy_4": 0.049774039536714554, "vy_5": 0.04888781160116196, "vy_6": 0.04877734184265137, "vy_7": 0.05033917352557182, "vy_8": 0.05126626789569855, "vy_9": 0.05145037919282913, "vy_10": 0.05135534703731537, "psidt_0.05": 0.002608626615256071, "psidt_1": 0.005147692281752825, "psidt_2": 0.0061848945915699005, "psidt_3": 0.006683257408440113, "psidt_4": 0.006539126858115196, "psidt_5": 0.006401595193892717, "psidt_6": 0.006335398647934198, "psidt_7": 0.00624400470405817, "psidt_8": 0.006192545872181654, "psidt_9": 0.006235314533114433, "psidt_10": 0.006209884770214558, "rmse_0.05": 0.009087735787034035, "rmse_1": 0.020990673452615738, "rmse_2": 0.025210905820131302, "rmse_3": 0.026965880766510963, "rmse_4": 0.0281565822660923, "rmse_5": 0.027644703164696693, "rmse_6": 0.027556370943784714, "rmse_7": 0.02829158864915371, "rmse_8": 0.028729407116770744, "rmse_9": 0.028842847794294357, "rmse_10": 0.028782615438103676}