{"vy_0.05": 0.01494587305933237, "vy_1": 0.03825908526778221, "vy_2": 0.0460188165307045, "vy_3": 0.05086827650666237, "vy_4": 0.05218357965350151, "vy_5": 0.051602330058813095, "vy_6": 0.05153118446469307, "vy_7": 0.05319974571466446, "vy_8": 0.05366795137524605, "vy_9": 0.05381546914577484, "vy_10": 0.05375060439109802, "psidt_0.05": 0.002493130275979638, "psidt_1": 0.00475146621465683, "psidt_2": 0.005726868752390146, "psidt_3": 0.005999804008752108, "psidt_4": 0.005960274487733841, "psidt_5": 0.005919472314417362, "psidt_6": 0.005918236915022135, "psidt_7": 0.005860506556928158, "psidt_8": 0.005819214973598719, "psidt_9": 0.005864085629582405, "psidt_10": 0.005774274468421936, "rmse_0.05": 0.00871950201690197, "rmse_1": 0.02150527574121952, "rmse_2": 0.025872843340039253, "rmse_3": 0.028434040024876595, "rmse_4": 0.029071927070617676, "rmse_5": 0.02876090072095394, "rmse_6": 0.028724711388349533, "rmse_7": 0.029530126601457596, "rmse_8": 0.029743583872914314, "rmse_9": 0.02983977645635605, "rmse_10": 0.02976243942975998}