{"vy_0.05": 0.01447804644703865, "vy_1": 0.04854666814208031, "vy_2": 0.06197803467512131, "vy_3": 0.06429065018892288, "vy_4": 0.06500640511512756, "vy_5": 0.06501661986112595, "vy_6": 0.06523693352937698, "vy_7": 0.06771015375852585, "vy_8": 0.06931247562170029, "vy_9": 0.0692259818315506, "vy_10": 0.06886406987905502, "psidt_0.05": 0.00237691355869174, "psidt_1": 0.006178134586662054, "psidt_2": 0.007693702820688486, "psidt_3": 0.008253354579210281, "psidt_4": 0.008226530626416206, "psidt_5": 0.008110896684229374, "psidt_6": 0.008223003707826138, "psidt_7": 0.008144976571202278, "psidt_8": 0.008148949593305588, "psidt_9": 0.008226962760090828, "psidt_10": 0.008168749511241913, "rmse_0.05": 0.008427480235695839, "rmse_1": 0.02736240066587925, "rmse_2": 0.03483586758375168, "rmse_3": 0.03627200424671173, "rmse_4": 0.03661646693944931, "rmse_5": 0.03656375780701637, "rmse_6": 0.03672996908426285, "rmse_7": 0.03792756423354149, "rmse_8": 0.03873071074485779, "rmse_9": 0.03872647136449814, "rmse_10": 0.03851640969514847}