{"vy_0.05": 0.015568858943879604, "vy_1": 0.04367402195930481, "vy_2": 0.050767429172992706, "vy_3": 0.05225985869765282, "vy_4": 0.053862497210502625, "vy_5": 0.0527615025639534, "vy_6": 0.05261443182826042, "vy_7": 0.054100628942251205, "vy_8": 0.05440543219447136, "vy_9": 0.054268818348646164, "vy_10": 0.05384637415409088, "psidt_0.05": 0.00250246305949986, "psidt_1": 0.004967101849615574, "psidt_2": 0.006222347728908062, "psidt_3": 0.006855550222098827, "psidt_4": 0.006808415986597538, "psidt_5": 0.006667628418654203, "psidt_6": 0.00653511518612504, "psidt_7": 0.006468859035521746, "psidt_8": 0.006456176750361919, "psidt_9": 0.006495212204754353, "psidt_10": 0.0064277430064976215, "rmse_0.05": 0.00903566088527441, "rmse_1": 0.024320561438798904, "rmse_2": 0.02849488891661167, "rmse_3": 0.02955770492553711, "rmse_4": 0.030335456132888794, "rmse_5": 0.029714565724134445, "rmse_6": 0.029574774205684662, "rmse_7": 0.030284743756055832, "rmse_8": 0.030430804938077927, "rmse_9": 0.03038201481103897, "rmse_10": 0.030137058347463608}