{"vy_0.05": 0.014739683829247952, "vy_1": 0.03978804126381874, "vy_2": 0.05033233389258385, "vy_3": 0.052237119525671005, "vy_4": 0.053381387144327164, "vy_5": 0.053164053708314896, "vy_6": 0.05290792137384415, "vy_7": 0.054531000554561615, "vy_8": 0.0548119954764843, "vy_9": 0.05462762713432312, "vy_10": 0.05465639382600784, "psidt_0.05": 0.002401953097432852, "psidt_1": 0.005256744101643562, "psidt_2": 0.0065627028234303, "psidt_3": 0.007062891032546759, "psidt_4": 0.006956271827220917, "psidt_5": 0.0068136281333863735, "psidt_6": 0.006800465285778046, "psidt_7": 0.006731060799211264, "psidt_8": 0.006700010504573584, "psidt_9": 0.006726705003529787, "psidt_10": 0.00667616818100214, "rmse_0.05": 0.008570818230509758, "rmse_1": 0.022522393614053726, "rmse_2": 0.02844751812517643, "rmse_3": 0.02965000458061695, "rmse_4": 0.03016882948577404, "rmse_5": 0.029988840222358704, "rmse_6": 0.029854193329811096, "rmse_7": 0.03063102997839451, "rmse_8": 0.03075600229203701, "rmse_9": 0.03067716583609581, "rmse_10": 0.030666280537843704}