{"vy_0.05": 0.017005445435643196, "vy_1": 0.04031801596283913, "vy_2": 0.04869094118475914, "vy_3": 0.05192529410123825, "vy_4": 0.053536124527454376, "vy_5": 0.05250488966703415, "vy_6": 0.05167103186249733, "vy_7": 0.05276544392108917, "vy_8": 0.052816834300756454, "vy_9": 0.05294031277298927, "vy_10": 0.05296427011489868, "psidt_0.05": 0.0024748193100094795, "psidt_1": 0.0047715394757688046, "psidt_2": 0.006030295509845018, "psidt_3": 0.006797219160944223, "psidt_4": 0.0067753358744084835, "psidt_5": 0.006639462895691395, "psidt_6": 0.00651953462511301, "psidt_7": 0.006441940553486347, "psidt_8": 0.006426610518246889, "psidt_9": 0.006491181906312704, "psidt_10": 0.0064264764077961445, "rmse_0.05": 0.009740132838487625, "rmse_1": 0.022544777020812035, "rmse_2": 0.027360618114471436, "rmse_3": 0.029361257329583168, "rmse_4": 0.0301557295024395, "rmse_5": 0.029572175815701485, "rmse_6": 0.029095282778143883, "rmse_7": 0.029603691771626472, "rmse_8": 0.029621722176671028, "rmse_9": 0.029715746641159058, "rmse_10": 0.02969537302851677}