{"vy_0.05": 0.014385472051799297, "vy_1": 0.0465327613055706, "vy_2": 0.05978972464799881, "vy_3": 0.061715513467788696, "vy_4": 0.06197105348110199, "vy_5": 0.0629529058933258, "vy_6": 0.06354381144046783, "vy_7": 0.06604617089033127, "vy_8": 0.06775102764368057, "vy_9": 0.06785310804843903, "vy_10": 0.06779307872056961, "psidt_0.05": 0.0024252855218946934, "psidt_1": 0.005798043683171272, "psidt_2": 0.0070347352884709835, "psidt_3": 0.0077948784455657005, "psidt_4": 0.007721978239715099, "psidt_5": 0.007686633616685867, "psidt_6": 0.007832319475710392, "psidt_7": 0.007727254182100296, "psidt_8": 0.007765875663608313, "psidt_9": 0.007807954680174589, "psidt_10": 0.007713442202657461, "rmse_0.05": 0.008405379019677639, "rmse_1": 0.026165403425693512, "rmse_2": 0.033412229269742966, "rmse_3": 0.034755196422338486, "rmse_4": 0.03484651446342468, "rmse_5": 0.03531976789236069, "rmse_6": 0.035688064992427826, "rmse_7": 0.03688671439886093, "rmse_8": 0.03775845095515251, "rmse_9": 0.03783053159713745, "rmse_10": 0.037753261625766754}