{"vy_0.05": 0.015310355462133884, "vy_1": 0.03695351630449295, "vy_2": 0.04385000094771385, "vy_3": 0.045846279710531235, "vy_4": 0.04817334562540054, "vy_5": 0.047839149832725525, "vy_6": 0.04795541986823082, "vy_7": 0.04975603148341179, "vy_8": 0.05054580047726631, "vy_9": 0.05064845830202103, "vy_10": 0.050600405782461166, "psidt_0.05": 0.002659257035702467, "psidt_1": 0.005426280666142702, "psidt_2": 0.006377511192113161, "psidt_3": 0.006903448607772589, "psidt_4": 0.006776475813239813, "psidt_5": 0.006639185361564159, "psidt_6": 0.0066327848471701145, "psidt_7": 0.006600379012525082, "psidt_8": 0.006588078569620848, "psidt_9": 0.006645518355071545, "psidt_10": 0.006581252906471491, "rmse_0.05": 0.008984806016087532, "rmse_1": 0.021189898252487183, "rmse_2": 0.025113755837082863, "rmse_3": 0.02637486346065998, "rmse_4": 0.027474910020828247, "rmse_5": 0.02723916806280613, "rmse_6": 0.027294103056192398, "rmse_7": 0.028178205713629723, "rmse_8": 0.028566939756274223, "rmse_9": 0.028646988794207573, "rmse_10": 0.02859083004295826}