{"vy_0.05": 0.014839451760053635, "vy_1": 0.03806973248720169, "vy_2": 0.04617999121546745, "vy_3": 0.04782726243138313, "vy_4": 0.04963275045156479, "vy_5": 0.04924163222312927, "vy_6": 0.049049217253923416, "vy_7": 0.05076509714126587, "vy_8": 0.0515984483063221, "vy_9": 0.051933806389570236, "vy_10": 0.051769498735666275, "psidt_0.05": 0.002498466754332185, "psidt_1": 0.0048641636967659, "psidt_2": 0.005900793708860874, "psidt_3": 0.006324172019958496, "psidt_4": 0.006227018777281046, "psidt_5": 0.006128203123807907, "psidt_6": 0.0060805100947618484, "psidt_7": 0.006007805000990629, "psidt_8": 0.006000925321131945, "psidt_9": 0.006015910301357508, "psidt_10": 0.005946082063019276, "rmse_0.05": 0.008668959140777588, "rmse_1": 0.021466948091983795, "rmse_2": 0.026040391996502876, "rmse_3": 0.027075717225670815, "rmse_4": 0.02792988531291485, "rmse_5": 0.02768491767346859, "rmse_6": 0.027564864605665207, "rmse_7": 0.028386451303958893, "rmse_8": 0.028799686580896378, "rmse_9": 0.028974859043955803, "rmse_10": 0.028857789933681488}