{"vy_0.05": 0.014746690168976784, "vy_1": 0.04783306270837784, "vy_2": 0.059958621859550476, "vy_3": 0.062261760234832764, "vy_4": 0.06256719678640366, "vy_5": 0.06283887475728989, "vy_6": 0.06393368542194366, "vy_7": 0.06601516157388687, "vy_8": 0.06729105859994888, "vy_9": 0.06694567203521729, "vy_10": 0.06678280979394913, "psidt_0.05": 0.0023163403384387493, "psidt_1": 0.005523976404219866, "psidt_2": 0.006828775629401207, "psidt_3": 0.007483720779418945, "psidt_4": 0.0074561298824846745, "psidt_5": 0.007372672203928232, "psidt_6": 0.007425546646118164, "psidt_7": 0.0073570446111261845, "psidt_8": 0.007353460881859064, "psidt_9": 0.0074424175545573235, "psidt_10": 0.007369037251919508, "rmse_0.05": 0.00853151548653841, "rmse_1": 0.02667851932346821, "rmse_2": 0.033393699675798416, "rmse_3": 0.034872740507125854, "rmse_4": 0.035011664032936096, "rmse_5": 0.03510577231645584, "rmse_6": 0.035679616034030914, "rmse_7": 0.03668610379099846, "rmse_8": 0.037322260439395905, "rmse_9": 0.03719404339790344, "rmse_10": 0.03707592189311981}