{"vy_0.05": 0.015835648402571678, "vy_1": 0.04094676673412323, "vy_2": 0.04858335852622986, "vy_3": 0.05036276578903198, "vy_4": 0.05155949667096138, "vy_5": 0.05057337135076523, "vy_6": 0.050270117819309235, "vy_7": 0.05151139572262764, "vy_8": 0.05183893069624901, "vy_9": 0.05174248665571213, "vy_10": 0.05147964134812355, "psidt_0.05": 0.0026037227362394333, "psidt_1": 0.0052593727596104145, "psidt_2": 0.006441958714276552, "psidt_3": 0.007111318875104189, "psidt_4": 0.007048108149319887, "psidt_5": 0.006874568294733763, "psidt_6": 0.006838236935436726, "psidt_7": 0.006736147683113813, "psidt_8": 0.006705572362989187, "psidt_9": 0.006715098395943642, "psidt_10": 0.006608562543988228, "rmse_0.05": 0.009219685569405556, "rmse_1": 0.02310306951403618, "rmse_2": 0.02751265838742256, "rmse_3": 0.028737042099237442, "rmse_4": 0.02930380217730999, "rmse_5": 0.02872397005558014, "rmse_6": 0.028554176911711693, "rmse_7": 0.02912377193570137, "rmse_8": 0.029272250831127167, "rmse_9": 0.02922879159450531, "rmse_10": 0.029044102877378464}