{"vy_0.05": 0.01563141867518425, "vy_1": 0.04455983266234398, "vy_2": 0.051567159593105316, "vy_3": 0.05272727832198143, "vy_4": 0.053739260882139206, "vy_5": 0.05264042317867279, "vy_6": 0.052407100796699524, "vy_7": 0.053521182388067245, "vy_8": 0.05377481132745743, "vy_9": 0.05395045131444931, "vy_10": 0.053748443722724915, "psidt_0.05": 0.0023886736016720533, "psidt_1": 0.005029051098972559, "psidt_2": 0.006269903387874365, "psidt_3": 0.0070020281709730625, "psidt_4": 0.006967960856854916, "psidt_5": 0.0068066013045609, "psidt_6": 0.006750000640749931, "psidt_7": 0.0066602169536054134, "psidt_8": 0.006663807202130556, "psidt_9": 0.006668039131909609, "psidt_10": 0.0065600075758993626, "rmse_0.05": 0.009010045789182186, "rmse_1": 0.0247944425791502, "rmse_2": 0.02891853079199791, "rmse_3": 0.029864653944969177, "rmse_4": 0.030353611335158348, "rmse_5": 0.0297235120087862, "rmse_6": 0.029578551650047302, "rmse_7": 0.0300906989723444, "rmse_8": 0.03021930903196335, "rmse_9": 0.030309244990348816, "rmse_10": 0.03015422634780407}