{"vy_0.05": 0.015410203486680984, "vy_1": 0.037669587880373, "vy_2": 0.045194003731012344, "vy_3": 0.04810431972146034, "vy_4": 0.050490088760852814, "vy_5": 0.04976843670010567, "vy_6": 0.04925473779439926, "vy_7": 0.05012792721390724, "vy_8": 0.05065217241644859, "vy_9": 0.051007211208343506, "vy_10": 0.050709083676338196, "psidt_0.05": 0.0024372863117605448, "psidt_1": 0.004540818743407726, "psidt_2": 0.005583248566836119, "psidt_3": 0.006020556669682264, "psidt_4": 0.006015334744006395, "psidt_5": 0.005948455538600683, "psidt_6": 0.00583511870354414, "psidt_7": 0.005745789036154747, "psidt_8": 0.005735548213124275, "psidt_9": 0.0057916101068258286, "psidt_10": 0.005746243521571159, "rmse_0.05": 0.008923744782805443, "rmse_1": 0.02110520377755165, "rmse_2": 0.025388626381754875, "rmse_3": 0.027062438428401947, "rmse_4": 0.02825271151959896, "rmse_5": 0.027858445420861244, "rmse_6": 0.027544928714632988, "rmse_7": 0.02793685719370842, "rmse_8": 0.02819386124610901, "rmse_9": 0.028399411588907242, "rmse_10": 0.028227664530277252}