{"vy_0.05": 0.014626726508140564, "vy_1": 0.04781121388077736, "vy_2": 0.06173597276210785, "vy_3": 0.06246167793869972, "vy_4": 0.06292002648115158, "vy_5": 0.06452839821577072, "vy_6": 0.0656646192073822, "vy_7": 0.06909336149692535, "vy_8": 0.0706603154540062, "vy_9": 0.07115519046783447, "vy_10": 0.07163779437541962, "psidt_0.05": 0.002324796514585614, "psidt_1": 0.005938140209764242, "psidt_2": 0.007351347245275974, "psidt_3": 0.007885618135333061, "psidt_4": 0.007868485525250435, "psidt_5": 0.00787625927478075, "psidt_6": 0.008107542060315609, "psidt_7": 0.008005494251847267, "psidt_8": 0.007997587323188782, "psidt_9": 0.008191226050257683, "psidt_10": 0.00823557935655117, "rmse_0.05": 0.008475761860609055, "rmse_1": 0.02687467634677887, "rmse_2": 0.034543659538030624, "rmse_3": 0.03517364710569382, "rmse_4": 0.03539425507187843, "rmse_5": 0.0362023301422596, "rmse_6": 0.03688608109951019, "rmse_7": 0.038549426943063736, "rmse_8": 0.03932895138859749, "rmse_9": 0.03967320919036865, "rmse_10": 0.03993668779730797}