{"vy_0.05": 0.015282709151506424, "vy_1": 0.04937263950705528, "vy_2": 0.06581830233335495, "vy_3": 0.06765054166316986, "vy_4": 0.06787057220935822, "vy_5": 0.06794659793376923, "vy_6": 0.067034050822258, "vy_7": 0.0688762292265892, "vy_8": 0.07058259099721909, "vy_9": 0.07064647227525711, "vy_10": 0.0702747106552124, "psidt_0.05": 0.0022880230098962784, "psidt_1": 0.0049972389824688435, "psidt_2": 0.006521263159811497, "psidt_3": 0.007336128503084183, "psidt_4": 0.007411592174321413, "psidt_5": 0.007395018823444843, "psidt_6": 0.007302075624465942, "psidt_7": 0.007241520099341869, "psidt_8": 0.007313357200473547, "psidt_9": 0.007416315842419863, "psidt_10": 0.007345140911638737, "rmse_0.05": 0.008785366080701351, "rmse_1": 0.02718493901193142, "rmse_2": 0.036169782280921936, "rmse_3": 0.03749333322048187, "rmse_4": 0.03764108195900917, "rmse_5": 0.0376708097755909, "rmse_6": 0.03716806322336197, "rmse_7": 0.038058873265981674, "rmse_8": 0.038947973400354385, "rmse_9": 0.03903139382600784, "rmse_10": 0.03880992531776428}