{"vy_0.05": 0.014166098088026047, "vy_1": 0.035864513367414474, "vy_2": 0.04180029779672623, "vy_3": 0.04706452414393425, "vy_4": 0.04973983019590378, "vy_5": 0.049205977469682693, "vy_6": 0.04939468204975128, "vy_7": 0.050423458218574524, "vy_8": 0.050665393471717834, "vy_9": 0.05088653415441513, "vy_10": 0.0510680191218853, "psidt_0.05": 0.0023777540773153305, "psidt_1": 0.004804688971489668, "psidt_2": 0.005693088285624981, "psidt_3": 0.006245787255465984, "psidt_4": 0.006187864579260349, "psidt_5": 0.006176559254527092, "psidt_6": 0.006103416904807091, "psidt_7": 0.005997437052428722, "psidt_8": 0.005989330355077982, "psidt_9": 0.006001877598464489, "psidt_10": 0.005918106529861689, "rmse_0.05": 0.008271926082670689, "rmse_1": 0.020334601402282715, "rmse_2": 0.02374669350683689, "rmse_3": 0.026655156165361404, "rmse_4": 0.027963846921920776, "rmse_5": 0.027691267430782318, "rmse_6": 0.02774905040860176, "rmse_7": 0.02821044810116291, "rmse_8": 0.02832736261188984, "rmse_9": 0.028444206342101097, "rmse_10": 0.028493063524365425}