{"vy_0.05": 0.014915050938725471, "vy_1": 0.042622532695531845, "vy_2": 0.05150090157985687, "vy_3": 0.05612298473715782, "vy_4": 0.05734557285904884, "vy_5": 0.057064514607191086, "vy_6": 0.05787903442978859, "vy_7": 0.05908115208148956, "vy_8": 0.05984264239668846, "vy_9": 0.059884242713451385, "vy_10": 0.05983029678463936, "psidt_0.05": 0.002442672848701477, "psidt_1": 0.0050129941664636135, "psidt_2": 0.0062392707914114, "psidt_3": 0.006853275466710329, "psidt_4": 0.006775978486984968, "psidt_5": 0.0066386619582772255, "psidt_6": 0.006554178893566132, "psidt_7": 0.006460868753492832, "psidt_8": 0.006432399619370699, "psidt_9": 0.0064851692877709866, "psidt_10": 0.006405296735465527, "rmse_0.05": 0.008678861893713474, "rmse_1": 0.0238177627325058, "rmse_2": 0.02887008711695671, "rmse_3": 0.03148813173174858, "rmse_4": 0.03206077590584755, "rmse_5": 0.03185158967971802, "rmse_6": 0.03221660852432251, "rmse_7": 0.03277100995182991, "rmse_8": 0.033137522637844086, "rmse_9": 0.033184707164764404, "rmse_10": 0.03311779722571373}