{"vy_0.05": 0.014751750975847244, "vy_1": 0.035624731332063675, "vy_2": 0.04300703853368759, "vy_3": 0.04511028900742531, "vy_4": 0.04674811288714409, "vy_5": 0.047007977962493896, "vy_6": 0.04751315712928772, "vy_7": 0.04953917860984802, "vy_8": 0.05059616267681122, "vy_9": 0.051261357963085175, "vy_10": 0.05141405761241913, "psidt_0.05": 0.002547257812693715, "psidt_1": 0.004941531457006931, "psidt_2": 0.0057466584257781506, "psidt_3": 0.006053398363292217, "psidt_4": 0.00596363702788949, "psidt_5": 0.005918622482568026, "psidt_6": 0.005904036574065685, "psidt_7": 0.005780415143817663, "psidt_8": 0.005718719679862261, "psidt_9": 0.00575246149674058, "psidt_10": 0.005686256568878889, "rmse_0.05": 0.008649504743516445, "rmse_1": 0.020283130928874016, "rmse_2": 0.024376848712563515, "rmse_3": 0.02558184415102005, "rmse_4": 0.02635587565600872, "rmse_5": 0.026463299989700317, "rmse_6": 0.02670859731733799, "rmse_7": 0.027659796178340912, "rmse_8": 0.028157440945506096, "rmse_9": 0.028506910428404808, "rmse_10": 0.028550157323479652}