{"vy_0.05": 0.014304029755294323, "vy_1": 0.04331963509321213, "vy_2": 0.05196249112486839, "vy_3": 0.05666695535182953, "vy_4": 0.05774968862533569, "vy_5": 0.05777079239487648, "vy_6": 0.058488573879003525, "vy_7": 0.059671901166439056, "vy_8": 0.060375213623046875, "vy_9": 0.06055869907140732, "vy_10": 0.060445159673690796, "psidt_0.05": 0.002375865587964654, "psidt_1": 0.004872029647231102, "psidt_2": 0.006140551529824734, "psidt_3": 0.006607834715396166, "psidt_4": 0.006518035661429167, "psidt_5": 0.006347097922116518, "psidt_6": 0.006255643907934427, "psidt_7": 0.00613757548853755, "psidt_8": 0.006105361972004175, "psidt_9": 0.006167441140860319, "psidt_10": 0.006122574210166931, "rmse_0.05": 0.008339948020875454, "rmse_1": 0.02409583330154419, "rmse_2": 0.02905152179300785, "rmse_3": 0.03163739666342735, "rmse_4": 0.032133862376213074, "rmse_5": 0.032058946788311005, "rmse_6": 0.03237210959196091, "rmse_7": 0.0329047366976738, "rmse_8": 0.033240288496017456, "rmse_9": 0.03336307033896446, "rmse_10": 0.033283866941928864}