{"vy_0.05": 0.015118137933313847, "vy_1": 0.035127460956573486, "vy_2": 0.04118533059954643, "vy_3": 0.045857448130846024, "vy_4": 0.04889587685465813, "vy_5": 0.048771586269140244, "vy_6": 0.049131762236356735, "vy_7": 0.05043772980570793, "vy_8": 0.051077816635370255, "vy_9": 0.05122724175453186, "vy_10": 0.05119756981730461, "psidt_0.05": 0.0026618498377501965, "psidt_1": 0.004941560793668032, "psidt_2": 0.005736581049859524, "psidt_3": 0.006305175367742777, "psidt_4": 0.006224173121154308, "psidt_5": 0.006280696950852871, "psidt_6": 0.006158240605145693, "psidt_7": 0.006006943993270397, "psidt_8": 0.005965549498796463, "psidt_9": 0.005977948661893606, "psidt_10": 0.00587740121409297, "rmse_0.05": 0.008889993652701378, "rmse_1": 0.020034510642290115, "rmse_2": 0.023460956290364265, "rmse_3": 0.02608131244778633, "rmse_4": 0.027560025453567505, "rmse_5": 0.027526142075657845, "rmse_6": 0.02764500118792057, "rmse_7": 0.02822233736515045, "rmse_8": 0.02852168306708336, "rmse_9": 0.028602594509720802, "rmse_10": 0.028537485748529434}