{"vy_0.05": 0.015645833685994148, "vy_1": 0.04021643474698067, "vy_2": 0.04839737340807915, "vy_3": 0.05056249722838402, "vy_4": 0.052392374724149704, "vy_5": 0.05132991820573807, "vy_6": 0.05050276219844818, "vy_7": 0.051454734057188034, "vy_8": 0.051818158477544785, "vy_9": 0.05182160809636116, "vy_10": 0.05175981670618057, "psidt_0.05": 0.0025630572345107794, "psidt_1": 0.005125523544847965, "psidt_2": 0.006288524717092514, "psidt_3": 0.00687988568097353, "psidt_4": 0.00675859535112977, "psidt_5": 0.00658293766900897, "psidt_6": 0.006508784834295511, "psidt_7": 0.006427182350307703, "psidt_8": 0.006360150407999754, "psidt_9": 0.006401320453733206, "psidt_10": 0.006353151984512806, "rmse_0.05": 0.009104445576667786, "rmse_1": 0.02267097868025303, "rmse_2": 0.02734294906258583, "rmse_3": 0.028721190989017487, "rmse_4": 0.029575485736131668, "rmse_5": 0.028956428170204163, "rmse_6": 0.028505774214863777, "rmse_7": 0.0289409589022398, "rmse_8": 0.029089154675602913, "rmse_9": 0.029111463576555252, "rmse_10": 0.029056483879685402}