{"vy_0.05": 0.014867184683680534, "vy_1": 0.04710955545306206, "vy_2": 0.06025896221399307, "vy_3": 0.06218936666846275, "vy_4": 0.06229691579937935, "vy_5": 0.06383386254310608, "vy_6": 0.06519366800785065, "vy_7": 0.0672866627573967, "vy_8": 0.068476103246212, "vy_9": 0.06835521012544632, "vy_10": 0.06820857524871826, "psidt_0.05": 0.002285679802298546, "psidt_1": 0.00500654149800539, "psidt_2": 0.00624923687428236, "psidt_3": 0.007179480046033859, "psidt_4": 0.007165692746639252, "psidt_5": 0.007226077374070883, "psidt_6": 0.007386831566691399, "psidt_7": 0.0073121036402881145, "psidt_8": 0.00728143285959959, "psidt_9": 0.007440118119120598, "psidt_10": 0.007373574189841747, "rmse_0.05": 0.00857643224298954, "rmse_1": 0.026058048009872437, "rmse_2": 0.033254098147153854, "rmse_3": 0.034684423357248306, "rmse_4": 0.03473130613565445, "rmse_5": 0.0355299711227417, "rmse_6": 0.0362902507185936, "rmse_7": 0.03729938343167305, "rmse_8": 0.037878766655921936, "rmse_9": 0.03789766505360603, "rmse_10": 0.03779107332229614}