{"vy_0.05": 0.01594064012169838, "vy_1": 0.039491716772317886, "vy_2": 0.046669308096170425, "vy_3": 0.04790736734867096, "vy_4": 0.050335437059402466, "vy_5": 0.04966844990849495, "vy_6": 0.04908023774623871, "vy_7": 0.0504387728869915, "vy_8": 0.05146957188844681, "vy_9": 0.051499560475349426, "vy_10": 0.05137353390455246, "psidt_0.05": 0.0023862833622843027, "psidt_1": 0.004850233439356089, "psidt_2": 0.005981153342872858, "psidt_3": 0.006608081515878439, "psidt_4": 0.006535761523991823, "psidt_5": 0.0064110951498150826, "psidt_6": 0.006305309012532234, "psidt_7": 0.006189462263137102, "psidt_8": 0.006146026775240898, "psidt_9": 0.006172709632664919, "psidt_10": 0.006115044932812452, "rmse_0.05": 0.00916346162557602, "rmse_1": 0.02217097580432892, "rmse_2": 0.026325231418013573, "rmse_3": 0.027257723733782768, "rmse_4": 0.0284355990588665, "rmse_5": 0.02803977206349373, "rmse_6": 0.027692772448062897, "rmse_7": 0.028314117342233658, "rmse_8": 0.028807800263166428, "rmse_9": 0.02883613482117653, "rmse_10": 0.0287442896515131}