{"vy_0.05": 0.013200884684920311, "vy_1": 0.040147311985492706, "vy_2": 0.051294129341840744, "vy_3": 0.05425144359469414, "vy_4": 0.05666115880012512, "vy_5": 0.057502713054418564, "vy_6": 0.057781439274549484, "vy_7": 0.059992142021656036, "vy_8": 0.061093904078006744, "vy_9": 0.06215016543865204, "vy_10": 0.0624077133834362, "psidt_0.05": 0.002149849431589246, "psidt_1": 0.004689741879701614, "psidt_2": 0.0058992826379835606, "psidt_3": 0.006393176503479481, "psidt_4": 0.00634772889316082, "psidt_5": 0.006431498099118471, "psidt_6": 0.006536193657666445, "psidt_7": 0.006443358026444912, "psidt_8": 0.006507896352559328, "psidt_9": 0.006651267874985933, "psidt_10": 0.006686631590127945, "rmse_0.05": 0.0076753669418394566, "rmse_1": 0.02241852693259716, "rmse_2": 0.028596706688404083, "rmse_3": 0.030322309583425522, "rmse_4": 0.031504444777965546, "rmse_5": 0.03196710720658302, "rmse_6": 0.03215881809592247, "rmse_7": 0.03321775048971176, "rmse_8": 0.03380089998245239, "rmse_9": 0.03440071642398834, "rmse_10": 0.034547172486782074}