{"vy_0.05": 0.015441234223544598, "vy_1": 0.05110812187194824, "vy_2": 0.07594961673021317, "vy_3": 0.08084025979042053, "vy_4": 0.08025643229484558, "vy_5": 0.08128274232149124, "vy_6": 0.08665923774242401, "vy_7": 0.09153012931346893, "vy_8": 0.09537577629089355, "vy_9": 0.11183929443359375, "vy_10": 0.1233716830611229, "psidt_0.05": 0.0020264009945094585, "psidt_1": 0.0055222283117473125, "psidt_2": 0.013687990605831146, "psidt_3": 0.014195870608091354, "psidt_4": 0.01367288175970316, "psidt_5": 0.013717916794121265, "psidt_6": 0.016282690688967705, "psidt_7": 0.01907295547425747, "psidt_8": 0.021469147875905037, "psidt_9": 0.027700774371623993, "psidt_10": 0.033665530383586884, "rmse_0.05": 0.008733817376196384, "rmse_1": 0.02831517532467842, "rmse_2": 0.044818803668022156, "rmse_3": 0.04751806706190109, "rmse_4": 0.04696465656161308, "rmse_5": 0.047500330954790115, "rmse_6": 0.05147096514701843, "rmse_7": 0.055301543325185776, "rmse_8": 0.05842246115207672, "rmse_9": 0.06977003812789917, "rmse_10": 0.07851860672235489}