{"vy_0.05": 0.01583205722272396, "vy_1": 0.043952517211437225, "vy_2": 0.053147993981838226, "vy_3": 0.05653372406959534, "vy_4": 0.05785618722438812, "vy_5": 0.05706880986690521, "vy_6": 0.0567774623632431, "vy_7": 0.05790312588214874, "vy_8": 0.05840105190873146, "vy_9": 0.05819180980324745, "vy_10": 0.057827178388834, "psidt_0.05": 0.002325086621567607, "psidt_1": 0.0048375059850513935, "psidt_2": 0.006196522619575262, "psidt_3": 0.006876741535961628, "psidt_4": 0.006880310829728842, "psidt_5": 0.006772348191589117, "psidt_6": 0.0066412389278411865, "psidt_7": 0.006590936332941055, "psidt_8": 0.006552722305059433, "psidt_9": 0.006617427337914705, "psidt_10": 0.006571570411324501, "rmse_0.05": 0.009078571572899818, "rmse_1": 0.024395011365413666, "rmse_2": 0.029672257602214813, "rmse_3": 0.031705234199762344, "rmse_4": 0.0323682501912117, "rmse_5": 0.031920578330755234, "rmse_6": 0.031709350645542145, "rmse_7": 0.03224702924489975, "rmse_8": 0.03247688710689545, "rmse_9": 0.032404620200395584, "rmse_10": 0.032199375331401825}