{"vy_0.05": 0.015109041705727577, "vy_1": 0.04159032925963402, "vy_2": 0.04921172559261322, "vy_3": 0.05086066573858261, "vy_4": 0.05160975083708763, "vy_5": 0.05078592151403427, "vy_6": 0.050324104726314545, "vy_7": 0.05171971023082733, "vy_8": 0.05213356763124466, "vy_9": 0.052015986293554306, "vy_10": 0.05185265094041824, "psidt_0.05": 0.0028638162184506655, "psidt_1": 0.006225693505257368, "psidt_2": 0.007432560436427593, "psidt_3": 0.008077752776443958, "psidt_4": 0.007848593406379223, "psidt_5": 0.007649414241313934, "psidt_6": 0.007604757323861122, "psidt_7": 0.007500569336116314, "psidt_8": 0.0074420953169465065, "psidt_9": 0.007486398797482252, "psidt_10": 0.007378489710390568, "rmse_0.05": 0.008986429311335087, "rmse_1": 0.023908011615276337, "rmse_2": 0.028322143480181694, "rmse_3": 0.029469208791851997, "rmse_4": 0.029729172587394714, "rmse_5": 0.029217667877674103, "rmse_6": 0.02896443009376526, "rmse_7": 0.02961014024913311, "rmse_8": 0.029787831008434296, "rmse_9": 0.029751192778348923, "rmse_10": 0.02961556985974312}