{"vy_0.05": 0.015045094303786755, "vy_1": 0.03724394738674164, "vy_2": 0.04471362754702568, "vy_3": 0.04630758613348007, "vy_4": 0.04923330247402191, "vy_5": 0.04881922900676727, "vy_6": 0.04861324280500412, "vy_7": 0.0501040443778038, "vy_8": 0.050969693809747696, "vy_9": 0.05132515728473663, "vy_10": 0.05127406865358353, "psidt_0.05": 0.002707847161218524, "psidt_1": 0.005246974993497133, "psidt_2": 0.006233542691916227, "psidt_3": 0.00677837198600173, "psidt_4": 0.006683144252747297, "psidt_5": 0.006486912723630667, "psidt_6": 0.006424866616725922, "psidt_7": 0.006279611028730869, "psidt_8": 0.006274005863815546, "psidt_9": 0.0062695154920220375, "psidt_10": 0.006174257956445217, "rmse_0.05": 0.008876470848917961, "rmse_1": 0.021245460957288742, "rmse_2": 0.025473585352301598, "rmse_3": 0.02654297836124897, "rmse_4": 0.027958223596215248, "rmse_5": 0.02765307016670704, "rmse_6": 0.02751905471086502, "rmse_7": 0.02819182723760605, "rmse_8": 0.028621850535273552, "rmse_9": 0.028797335922718048, "rmse_10": 0.02872416377067566}