{"vy_0.05": 0.015381162986159325, "vy_1": 0.0508417934179306, "vy_2": 0.06361594796180725, "vy_3": 0.06680814921855927, "vy_4": 0.06755820661783218, "vy_5": 0.06787539273500443, "vy_6": 0.06799416244029999, "vy_7": 0.07030098140239716, "vy_8": 0.07239916920661926, "vy_9": 0.07223829627037048, "vy_10": 0.07199109345674515, "psidt_0.05": 0.0020961540285497904, "psidt_1": 0.005139112938195467, "psidt_2": 0.006880566477775574, "psidt_3": 0.007773282006382942, "psidt_4": 0.007975217886269093, "psidt_5": 0.008017459884285927, "psidt_6": 0.007975692860782146, "psidt_7": 0.007908654399216175, "psidt_8": 0.007992635481059551, "psidt_9": 0.00809891615062952, "psidt_10": 0.008003544993698597, "rmse_0.05": 0.008738658390939236, "rmse_1": 0.02799045294523239, "rmse_2": 0.03524825721979141, "rmse_3": 0.03729071468114853, "rmse_4": 0.0377667136490345, "rmse_5": 0.0379464253783226, "rmse_6": 0.037984926253557205, "rmse_7": 0.03910481929779053, "rmse_8": 0.040195900946855545, "rmse_9": 0.040168605744838715, "rmse_10": 0.039997320622205734}