{"vy_0.05": 0.015104859136044979, "vy_1": 0.04132652282714844, "vy_2": 0.048275452107191086, "vy_3": 0.049205269664525986, "vy_4": 0.05084327235817909, "vy_5": 0.05016731843352318, "vy_6": 0.0499550886452198, "vy_7": 0.051661666482686996, "vy_8": 0.05206380784511566, "vy_9": 0.05194563791155815, "vy_10": 0.05196433514356613, "psidt_0.05": 0.00237211468629539, "psidt_1": 0.0051308199763298035, "psidt_2": 0.006303700152784586, "psidt_3": 0.006834210362285376, "psidt_4": 0.006747499108314514, "psidt_5": 0.0066140275448560715, "psidt_6": 0.006501959636807442, "psidt_7": 0.006447033956646919, "psidt_8": 0.0064781648106873035, "psidt_9": 0.006552265956997871, "psidt_10": 0.006553509272634983, "rmse_0.05": 0.008738487027585506, "rmse_1": 0.02322867140173912, "rmse_2": 0.027289576828479767, "rmse_3": 0.02801973931491375, "rmse_4": 0.028795385733246803, "rmse_5": 0.02839067205786705, "rmse_6": 0.028228525072336197, "rmse_7": 0.029054351150989532, "rmse_8": 0.02927098609507084, "rmse_9": 0.029248952865600586, "rmse_10": 0.02925892174243927}