{"vy_0.05": 0.01359623484313488, "vy_1": 0.03442833200097084, "vy_2": 0.039946261793375015, "vy_3": 0.045650240033864975, "vy_4": 0.04855168238282204, "vy_5": 0.048361439257860184, "vy_6": 0.048317715525627136, "vy_7": 0.04961352422833443, "vy_8": 0.05028925836086273, "vy_9": 0.050501104444265366, "vy_10": 0.05073844641447067, "psidt_0.05": 0.002270552795380354, "psidt_1": 0.0044773719273507595, "psidt_2": 0.005407492630183697, "psidt_3": 0.0059333303943276405, "psidt_4": 0.005914853420108557, "psidt_5": 0.006009283475577831, "psidt_6": 0.00590051244944334, "psidt_7": 0.005784183740615845, "psidt_8": 0.005774219986051321, "psidt_9": 0.005792359821498394, "psidt_10": 0.005745940841734409, "rmse_0.05": 0.00793339405208826, "rmse_1": 0.01945285126566887, "rmse_2": 0.022676877677440643, "rmse_3": 0.02579178474843502, "rmse_4": 0.027233267202973366, "rmse_5": 0.027185361832380295, "rmse_6": 0.027109114453196526, "rmse_7": 0.027698853984475136, "rmse_8": 0.028031738474965096, "rmse_9": 0.028146732598543167, "rmse_10": 0.028242193162441254}