{"vy_0.05": 0.013892329297959805, "vy_1": 0.046030621975660324, "vy_2": 0.07265792787075043, "vy_3": 0.08774474263191223, "vy_4": 0.08876539021730423, "vy_5": 0.08627849072217941, "vy_6": 0.08403894305229187, "vy_7": 0.08322195708751678, "vy_8": 0.08242212235927582, "vy_9": 0.08446727693080902, "vy_10": 0.08664045482873917, "psidt_0.05": 0.002297117142006755, "psidt_1": 0.005056890659034252, "psidt_2": 0.009339388459920883, "psidt_3": 0.013520991429686546, "psidt_4": 0.013677936047315598, "psidt_5": 0.013203354552388191, "psidt_6": 0.012882526963949203, "psidt_7": 0.012451665475964546, "psidt_8": 0.012172012589871883, "psidt_9": 0.012937748804688454, "psidt_10": 0.013862158171832561, "rmse_0.05": 0.008094723336398602, "rmse_1": 0.025543756783008575, "rmse_2": 0.040998660027980804, "rmse_3": 0.050632867962121964, "rmse_4": 0.051221661269664764, "rmse_5": 0.04974092170596123, "rmse_6": 0.048460736870765686, "rmse_7": 0.04783681035041809, "rmse_8": 0.04729706794023514, "rmse_9": 0.04870251193642616, "rmse_10": 0.050251305103302}