{"vy_0.05": 0.015137181617319584, "vy_1": 0.040227439254522324, "vy_2": 0.050087131559848785, "vy_3": 0.051543645560741425, "vy_4": 0.05311323702335358, "vy_5": 0.05292278155684471, "vy_6": 0.05273672938346863, "vy_7": 0.05399973690509796, "vy_8": 0.05499764531850815, "vy_9": 0.05485927313566208, "vy_10": 0.054498638957738876, "psidt_0.05": 0.0027319355867803097, "psidt_1": 0.005067966412752867, "psidt_2": 0.006034931167960167, "psidt_3": 0.006444877944886684, "psidt_4": 0.006320918444544077, "psidt_5": 0.006203101947903633, "psidt_6": 0.0061609502881765366, "psidt_7": 0.006097197066992521, "psidt_8": 0.0060744378715753555, "psidt_9": 0.006110654212534428, "psidt_10": 0.006063672713935375, "rmse_0.05": 0.008934558369219303, "rmse_1": 0.02264770306646824, "rmse_2": 0.02806103229522705, "rmse_3": 0.028994262218475342, "rmse_4": 0.029717078432440758, "rmse_5": 0.029562942683696747, "rmse_6": 0.029448840767145157, "rmse_7": 0.030048467218875885, "rmse_8": 0.030536040663719177, "rmse_9": 0.030484963208436966, "rmse_10": 0.030281156301498413}