{"vy_0.05": 0.01370670273900032, "vy_1": 0.0431082546710968, "vy_2": 0.05627434700727463, "vy_3": 0.06098157912492752, "vy_4": 0.06211327016353607, "vy_5": 0.06107529252767563, "vy_6": 0.060492392629384995, "vy_7": 0.060885559767484665, "vy_8": 0.061246681958436966, "vy_9": 0.061011362820863724, "vy_10": 0.060719046741724014, "psidt_0.05": 0.002119641285389662, "psidt_1": 0.004945158958435059, "psidt_2": 0.006947731599211693, "psidt_3": 0.007785579189658165, "psidt_4": 0.007944820448756218, "psidt_5": 0.00810702983289957, "psidt_6": 0.008037212304770947, "psidt_7": 0.007972640916705132, "psidt_8": 0.00799617636948824, "psidt_9": 0.008052618242800236, "psidt_10": 0.008038992993533611, "rmse_0.05": 0.007913172245025635, "rmse_1": 0.02402670681476593, "rmse_2": 0.031611040234565735, "rmse_3": 0.03438358008861542, "rmse_4": 0.03502904623746872, "rmse_5": 0.03459116071462631, "rmse_6": 0.03426480293273926, "rmse_7": 0.034429099410772324, "rmse_8": 0.034621428698301315, "rmse_9": 0.03453199192881584, "rmse_10": 0.0343790203332901}