{"vy_0.05": 0.01450878195464611, "vy_1": 0.033955466002225876, "vy_2": 0.03956113010644913, "vy_3": 0.043666254729032516, "vy_4": 0.04729075729846954, "vy_5": 0.04687502235174179, "vy_6": 0.04675277695059776, "vy_7": 0.047922998666763306, "vy_8": 0.04837648943066597, "vy_9": 0.04847315326333046, "vy_10": 0.048533983528614044, "psidt_0.05": 0.002414303133264184, "psidt_1": 0.004704291000962257, "psidt_2": 0.00550489779561758, "psidt_3": 0.006046260241419077, "psidt_4": 0.005979991517961025, "psidt_5": 0.005965654272586107, "psidt_6": 0.005860681179910898, "psidt_7": 0.00575212249532342, "psidt_8": 0.005688522942364216, "psidt_9": 0.005705301649868488, "psidt_10": 0.005613509099930525, "rmse_0.05": 0.008461542427539825, "rmse_1": 0.01932987943291664, "rmse_2": 0.02253301441669464, "rmse_3": 0.024856258183717728, "rmse_4": 0.02663537487387657, "rmse_5": 0.026420338079333305, "rmse_6": 0.02630672976374626, "rmse_7": 0.026837561279535294, "rmse_8": 0.027032505720853806, "rmse_9": 0.027089226990938187, "rmse_10": 0.027073746547102928}