{"vy_0.05": 0.016470568254590034, "vy_1": 0.042614780366420746, "vy_2": 0.051751669496297836, "vy_3": 0.05360126867890358, "vy_4": 0.054344769567251205, "vy_5": 0.053385429084300995, "vy_6": 0.05285049229860306, "vy_7": 0.0543227382004261, "vy_8": 0.054693762212991714, "vy_9": 0.05467173829674721, "vy_10": 0.05436042323708534, "psidt_0.05": 0.0025365608744323254, "psidt_1": 0.005230239126831293, "psidt_2": 0.006509916391223669, "psidt_3": 0.00719993794336915, "psidt_4": 0.007154551800340414, "psidt_5": 0.007010379806160927, "psidt_6": 0.0069057210348546505, "psidt_7": 0.006862393580377102, "psidt_8": 0.006846317555755377, "psidt_9": 0.0068825893104076385, "psidt_10": 0.006817497778683901, "rmse_0.05": 0.009503564797341824, "rmse_1": 0.02392251044511795, "rmse_2": 0.02913079224526882, "rmse_3": 0.030400604009628296, "rmse_4": 0.03074965998530388, "rmse_5": 0.030197903513908386, "rmse_6": 0.029878105968236923, "rmse_7": 0.03059256635606289, "rmse_8": 0.030770039185881615, "rmse_9": 0.030777163803577423, "rmse_10": 0.030588960275053978}