{"vy_0.05": 0.011965583078563213, "vy_1": 0.03505196049809456, "vy_2": 0.04155682772397995, "vy_3": 0.046161752194166183, "vy_4": 0.049015216529369354, "vy_5": 0.04899837449193001, "vy_6": 0.04864538833498955, "vy_7": 0.049572817981243134, "vy_8": 0.05013898387551308, "vy_9": 0.050846684724092484, "vy_10": 0.051099300384521484, "psidt_0.05": 0.0021231204736977816, "psidt_1": 0.0043044607155025005, "psidt_2": 0.005533965304493904, "psidt_3": 0.0062036593444645405, "psidt_4": 0.006161276251077652, "psidt_5": 0.006234117317944765, "psidt_6": 0.006174186244606972, "psidt_7": 0.006225433200597763, "psidt_8": 0.006236292887479067, "psidt_9": 0.00625429255887866, "psidt_10": 0.006212434731423855, "rmse_0.05": 0.007044351659715176, "rmse_1": 0.019678210839629173, "rmse_2": 0.023545395582914352, "rmse_3": 0.02618270553648472, "rmse_4": 0.027588246390223503, "rmse_5": 0.027616245672106743, "rmse_6": 0.027409788221120834, "rmse_7": 0.02789912559092045, "rmse_8": 0.028187638148665428, "rmse_9": 0.028550488874316216, "rmse_10": 0.028655868023633957}