{"vy_0.05": 0.014370773918926716, "vy_1": 0.046379413455724716, "vy_2": 0.057299479842185974, "vy_3": 0.05764877423644066, "vy_4": 0.058263398706912994, "vy_5": 0.06003072112798691, "vy_6": 0.06073257699608803, "vy_7": 0.06315279752016068, "vy_8": 0.06486351788043976, "vy_9": 0.06479133665561676, "vy_10": 0.06480124592781067, "psidt_0.05": 0.0023434660397469997, "psidt_1": 0.005644683726131916, "psidt_2": 0.007163102272897959, "psidt_3": 0.008076085709035397, "psidt_4": 0.008063112385571003, "psidt_5": 0.007940004579722881, "psidt_6": 0.008009986020624638, "psidt_7": 0.007909273728728294, "psidt_8": 0.007907300256192684, "psidt_9": 0.007981483824551105, "psidt_10": 0.007919657044112682, "rmse_0.05": 0.008357119746506214, "rmse_1": 0.02601204812526703, "rmse_2": 0.03223128989338875, "rmse_3": 0.032862428575754166, "rmse_4": 0.03316325694322586, "rmse_5": 0.03398536145687103, "rmse_6": 0.034371282905340195, "rmse_7": 0.03553103655576706, "rmse_8": 0.03638540953397751, "rmse_9": 0.036386411637067795, "rmse_10": 0.036360450088977814}