{"vy_0.05": 0.014320011250674725, "vy_1": 0.0471007265150547, "vy_2": 0.06531847268342972, "vy_3": 0.06907275319099426, "vy_4": 0.071452297270298, "vy_5": 0.07141681015491486, "vy_6": 0.07016705721616745, "vy_7": 0.07109124958515167, "vy_8": 0.07151302695274353, "vy_9": 0.07265627384185791, "vy_10": 0.07230597734451294, "psidt_0.05": 0.0024645740631967783, "psidt_1": 0.00563773000612855, "psidt_2": 0.0066474005579948425, "psidt_3": 0.007222634740173817, "psidt_4": 0.007318803109228611, "psidt_5": 0.007460666820406914, "psidt_6": 0.007387070916593075, "psidt_7": 0.007298643235117197, "psidt_8": 0.007262577302753925, "psidt_9": 0.007517119869589806, "psidt_10": 0.007426205091178417, "rmse_0.05": 0.008392293006181717, "rmse_1": 0.026369228959083557, "rmse_2": 0.03598293662071228, "rmse_3": 0.0381476953625679, "rmse_4": 0.03938554972410202, "rmse_5": 0.03943873941898346, "rmse_6": 0.03877706453204155, "rmse_7": 0.039194945245981216, "rmse_8": 0.03938780352473259, "rmse_9": 0.04008669778704643, "rmse_10": 0.039866089820861816}