{"vy_0.05": 0.01521889865398407, "vy_1": 0.04998352751135826, "vy_2": 0.06459785997867584, "vy_3": 0.06768213212490082, "vy_4": 0.0683865174651146, "vy_5": 0.06866761296987534, "vy_6": 0.07013306021690369, "vy_7": 0.0732131078839302, "vy_8": 0.07480121403932571, "vy_9": 0.07551699876785278, "vy_10": 0.0754738301038742, "psidt_0.05": 0.0020008606370538473, "psidt_1": 0.0051872506737709045, "psidt_2": 0.007048152852803469, "psidt_3": 0.007872674614191055, "psidt_4": 0.008048451505601406, "psidt_5": 0.008105992339551449, "psidt_6": 0.008114363066852093, "psidt_7": 0.008058655075728893, "psidt_8": 0.00814724713563919, "psidt_9": 0.008315379731357098, "psidt_10": 0.008326915092766285, "rmse_0.05": 0.00860987976193428, "rmse_1": 0.027585389092564583, "rmse_2": 0.03582300618290901, "rmse_3": 0.03777740150690079, "rmse_4": 0.03821748495101929, "rmse_5": 0.03838680312037468, "rmse_6": 0.03912371024489403, "rmse_7": 0.04063588008284569, "rmse_8": 0.04147423058748245, "rmse_9": 0.04191618785262108, "rmse_10": 0.04190037399530411}