{"vy_0.05": 0.01466123852878809, "vy_1": 0.03862239792943001, "vy_2": 0.04495013877749443, "vy_3": 0.046418797224760056, "vy_4": 0.048273637890815735, "vy_5": 0.048255063593387604, "vy_6": 0.04855702444911003, "vy_7": 0.050501588732004166, "vy_8": 0.050826359540224075, "vy_9": 0.05075879022479057, "vy_10": 0.05066387727856636, "psidt_0.05": 0.002651812741532922, "psidt_1": 0.005556812509894371, "psidt_2": 0.006587228737771511, "psidt_3": 0.007121677976101637, "psidt_4": 0.007000046782195568, "psidt_5": 0.006875450257211924, "psidt_6": 0.006821589078754187, "psidt_7": 0.006755308248102665, "psidt_8": 0.006715654395520687, "psidt_9": 0.006787528749555349, "psidt_10": 0.006736565846949816, "rmse_0.05": 0.008656525984406471, "rmse_1": 0.022089604288339615, "rmse_2": 0.025768684223294258, "rmse_3": 0.02677023783326149, "rmse_4": 0.02763684280216694, "rmse_5": 0.027565257623791695, "rmse_6": 0.027689306065440178, "rmse_7": 0.028628448024392128, "rmse_8": 0.02877100743353367, "rmse_9": 0.02877315878868103, "rmse_10": 0.028700221329927444}