{"vy_0.05": 0.013650882989168167, "vy_1": 0.04240008443593979, "vy_2": 0.05336140841245651, "vy_3": 0.05799072980880737, "vy_4": 0.05992947518825531, "vy_5": 0.06050736457109451, "vy_6": 0.06124049797654152, "vy_7": 0.06260508298873901, "vy_8": 0.06267350167036057, "vy_9": 0.06434238702058792, "vy_10": 0.06444142013788223, "psidt_0.05": 0.002131478860974312, "psidt_1": 0.005309666506946087, "psidt_2": 0.006586443167179823, "psidt_3": 0.006997140124440193, "psidt_4": 0.0069299740716814995, "psidt_5": 0.006932918448001146, "psidt_6": 0.007021996192634106, "psidt_7": 0.0069411881268024445, "psidt_8": 0.006990649271756411, "psidt_9": 0.0073009575717151165, "psidt_10": 0.007465307135134935, "rmse_0.05": 0.00789118092507124, "rmse_1": 0.023854875937104225, "rmse_2": 0.02997392602264881, "rmse_3": 0.03249393403530121, "rmse_4": 0.03342972323298454, "rmse_5": 0.033720143139362335, "rmse_6": 0.0341312475502491, "rmse_7": 0.03477313369512558, "rmse_8": 0.034832075238227844, "rmse_9": 0.03582167252898216, "rmse_10": 0.03595336526632309}