{"vy_0.05": 0.015684839338064194, "vy_1": 0.040550414472818375, "vy_2": 0.048122867941856384, "vy_3": 0.049577049911022186, "vy_4": 0.050880998373031616, "vy_5": 0.04984976351261139, "vy_6": 0.04958782717585564, "vy_7": 0.05073793604969978, "vy_8": 0.05105780437588692, "vy_9": 0.05094122141599655, "vy_10": 0.05072571337223053, "psidt_0.05": 0.002663025166839361, "psidt_1": 0.005332100670784712, "psidt_2": 0.006546106655150652, "psidt_3": 0.007265972904860973, "psidt_4": 0.007172612007707357, "psidt_5": 0.006945302244275808, "psidt_6": 0.006924078334122896, "psidt_7": 0.0068332417868077755, "psidt_8": 0.006828970275819302, "psidt_9": 0.006822485942393541, "psidt_10": 0.00672193756327033, "rmse_0.05": 0.009173932485282421, "rmse_1": 0.022941257804632187, "rmse_2": 0.027334487065672874, "rmse_3": 0.028421511873602867, "rmse_4": 0.029026804491877556, "rmse_5": 0.028397532179951668, "rmse_6": 0.028255952522158623, "rmse_7": 0.02878558821976185, "rmse_8": 0.028943387791514397, "rmse_9": 0.028881853446364403, "rmse_10": 0.0287238247692585}