{"vy_0.05": 0.015401406213641167, "vy_1": 0.04194376990199089, "vy_2": 0.05080918222665787, "vy_3": 0.05269131064414978, "vy_4": 0.05458400398492813, "vy_5": 0.05435306578874588, "vy_6": 0.05382181331515312, "vy_7": 0.05497338995337486, "vy_8": 0.055445194244384766, "vy_9": 0.055171314626932144, "vy_10": 0.05471669137477875, "psidt_0.05": 0.0025272585917264223, "psidt_1": 0.005132315214723349, "psidt_2": 0.0063693891279399395, "psidt_3": 0.007074297405779362, "psidt_4": 0.0069684977643191814, "psidt_5": 0.006787772756069899, "psidt_6": 0.006679958198219538, "psidt_7": 0.006624456029385328, "psidt_8": 0.006597415078431368, "psidt_9": 0.006620420608669519, "psidt_10": 0.006545678246766329, "rmse_0.05": 0.00896433275192976, "rmse_1": 0.02353804185986519, "rmse_2": 0.028589285910129547, "rmse_3": 0.029882803559303284, "rmse_4": 0.0307762511074543, "rmse_5": 0.030570419505238533, "rmse_6": 0.03025088645517826, "rmse_7": 0.03079892322421074, "rmse_8": 0.031021304428577423, "rmse_9": 0.030895868316292763, "rmse_10": 0.030631184577941895}