{"vy_0.05": 0.014076738618314266, "vy_1": 0.03429025039076805, "vy_2": 0.040622398257255554, "vy_3": 0.04516828805208206, "vy_4": 0.047830771654844284, "vy_5": 0.047500140964984894, "vy_6": 0.04768158867955208, "vy_7": 0.04901343956589699, "vy_8": 0.04941733181476593, "vy_9": 0.04947332665324211, "vy_10": 0.04944625869393349, "psidt_0.05": 0.0024507595226168633, "psidt_1": 0.004383591935038567, "psidt_2": 0.005233281757682562, "psidt_3": 0.005834318697452545, "psidt_4": 0.005770539399236441, "psidt_5": 0.005731101147830486, "psidt_6": 0.0057613300159573555, "psidt_7": 0.005699013825505972, "psidt_8": 0.005686305928975344, "psidt_9": 0.005750061012804508, "psidt_10": 0.005678077228367329, "rmse_0.05": 0.008263749070465565, "rmse_1": 0.019336920231580734, "rmse_2": 0.022927839308977127, "rmse_3": 0.025501303374767303, "rmse_4": 0.02680065482854843, "rmse_5": 0.026615621522068977, "rmse_6": 0.02672145888209343, "rmse_7": 0.02735622599720955, "rmse_8": 0.027551818639039993, "rmse_9": 0.027611693367362022, "rmse_10": 0.02756216749548912}