{"vy_0.05": 0.014380298554897308, "vy_1": 0.04455201327800751, "vy_2": 0.05350469425320625, "vy_3": 0.058428410440683365, "vy_4": 0.059604182839393616, "vy_5": 0.059542540460824966, "vy_6": 0.06048855185508728, "vy_7": 0.0618119090795517, "vy_8": 0.06297780573368073, "vy_9": 0.0631348043680191, "vy_10": 0.0631246268749237, "psidt_0.05": 0.0023804076481610537, "psidt_1": 0.005021291319280863, "psidt_2": 0.006349465344101191, "psidt_3": 0.006990390829741955, "psidt_4": 0.006935218349099159, "psidt_5": 0.006752319168299437, "psidt_6": 0.006707535590976477, "psidt_7": 0.006586973089724779, "psidt_8": 0.006576918065547943, "psidt_9": 0.006621393375098705, "psidt_10": 0.0065241968259215355, "rmse_0.05": 0.008380353450775146, "rmse_1": 0.024786652997136116, "rmse_2": 0.029927080497145653, "rmse_3": 0.03270940110087395, "rmse_4": 0.03326969966292381, "rmse_5": 0.033147428184747696, "rmse_6": 0.03359804302453995, "rmse_7": 0.034199442714452744, "rmse_8": 0.034777361899614334, "rmse_9": 0.03487809747457504, "rmse_10": 0.03482441231608391}