{"vy_0.05": 0.014338215813040733, "vy_1": 0.04107516631484032, "vy_2": 0.049755554646253586, "vy_3": 0.05151547119021416, "vy_4": 0.052583321928977966, "vy_5": 0.05183253437280655, "vy_6": 0.051889561116695404, "vy_7": 0.053923193365335464, "vy_8": 0.0550263486802578, "vy_9": 0.05468633398413658, "vy_10": 0.054406676441431046, "psidt_0.05": 0.0025782978627830744, "psidt_1": 0.0058378856629133224, "psidt_2": 0.007054082117974758, "psidt_3": 0.007705914322286844, "psidt_4": 0.007581858895719051, "psidt_5": 0.00738846231251955, "psidt_6": 0.00738540617749095, "psidt_7": 0.007256992626935244, "psidt_8": 0.00720170745626092, "psidt_9": 0.007187638897448778, "psidt_10": 0.007067092694342136, "rmse_0.05": 0.008458256721496582, "rmse_1": 0.023456525057554245, "rmse_2": 0.02840481884777546, "rmse_3": 0.02961069345474243, "rmse_4": 0.030082590878009796, "rmse_5": 0.029610497877001762, "rmse_6": 0.02963748387992382, "rmse_7": 0.03059009276330471, "rmse_8": 0.03111402876675129, "rmse_9": 0.030936986207962036, "rmse_10": 0.030736884102225304}