{"vy_0.05": 0.01495405938476324, "vy_1": 0.048705264925956726, "vy_2": 0.0612204484641552, "vy_3": 0.06459514051675797, "vy_4": 0.06490278244018555, "vy_5": 0.06550876051187515, "vy_6": 0.06676565855741501, "vy_7": 0.06943273544311523, "vy_8": 0.07121270895004272, "vy_9": 0.07108918577432632, "vy_10": 0.07085598260164261, "psidt_0.05": 0.0021351512987166643, "psidt_1": 0.005327609367668629, "psidt_2": 0.006797292269766331, "psidt_3": 0.007589838467538357, "psidt_4": 0.00763294193893671, "psidt_5": 0.007627221755683422, "psidt_6": 0.007612727582454681, "psidt_7": 0.00757567398250103, "psidt_8": 0.0076696062460541725, "psidt_9": 0.0077498783357441425, "psidt_10": 0.0076577928848564625, "rmse_0.05": 0.00854460522532463, "rmse_1": 0.02701643668115139, "rmse_2": 0.034008871763944626, "rmse_3": 0.03609248995780945, "rmse_4": 0.03626786172389984, "rmse_5": 0.036567989736795425, "rmse_6": 0.037189193069934845, "rmse_7": 0.03850420564413071, "rmse_8": 0.03944115713238716, "rmse_9": 0.03941953182220459, "rmse_10": 0.03925688937306404}