{"vy_0.05": 0.01553852017968893, "vy_1": 0.045889440923929214, "vy_2": 0.05449114739894867, "vy_3": 0.05618705973029137, "vy_4": 0.05742539092898369, "vy_5": 0.05658099800348282, "vy_6": 0.055955082178115845, "vy_7": 0.05727957934141159, "vy_8": 0.05719459429383278, "vy_9": 0.05677216500043869, "vy_10": 0.056611787527799606, "psidt_0.05": 0.002654452109709382, "psidt_1": 0.005170820280909538, "psidt_2": 0.006259697489440441, "psidt_3": 0.006803006399422884, "psidt_4": 0.006686985492706299, "psidt_5": 0.006588160526007414, "psidt_6": 0.006482854951173067, "psidt_7": 0.006438375450670719, "psidt_8": 0.006434815935790539, "psidt_9": 0.0064835925586521626, "psidt_10": 0.0064800335094332695, "rmse_0.05": 0.009096486493945122, "rmse_1": 0.025530129671096802, "rmse_2": 0.030375422909855843, "rmse_3": 0.03149503469467163, "rmse_4": 0.03205619007349014, "rmse_5": 0.03158457949757576, "rmse_6": 0.031218968331813812, "rmse_7": 0.03185897693037987, "rmse_8": 0.031814705580472946, "rmse_9": 0.03162787854671478, "rmse_10": 0.031545910984277725}