{"vy_0.05": 0.014790543355047703, "vy_1": 0.04329041764140129, "vy_2": 0.05380726978182793, "vy_3": 0.05657453462481499, "vy_4": 0.05773920193314552, "vy_5": 0.057554714381694794, "vy_6": 0.05828048288822174, "vy_7": 0.06023291125893593, "vy_8": 0.061008602380752563, "vy_9": 0.0606510229408741, "vy_10": 0.060402121394872665, "psidt_0.05": 0.002191616455093026, "psidt_1": 0.005235996562987566, "psidt_2": 0.006777876056730747, "psidt_3": 0.0074000852182507515, "psidt_4": 0.007421473041176796, "psidt_5": 0.0074236528016626835, "psidt_6": 0.007521740160882473, "psidt_7": 0.007496154401451349, "psidt_8": 0.007494715973734856, "psidt_9": 0.007596456911414862, "psidt_10": 0.007530054077506065, "rmse_0.05": 0.00849108025431633, "rmse_1": 0.024263206869363785, "rmse_2": 0.03029257245361805, "rmse_3": 0.03198730945587158, "rmse_4": 0.032580338418483734, "rmse_5": 0.03248918429017067, "rmse_6": 0.032901111990213394, "rmse_7": 0.03386453166604042, "rmse_8": 0.034251660108566284, "rmse_9": 0.0341237410902977, "rmse_10": 0.03396608680486679}