{"vy_0.05": 0.013865409418940544, "vy_1": 0.035968516021966934, "vy_2": 0.04148886725306511, "vy_3": 0.0451362282037735, "vy_4": 0.04821779206395149, "vy_5": 0.0484306663274765, "vy_6": 0.04869110882282257, "vy_7": 0.050442252308130264, "vy_8": 0.05076467990875244, "vy_9": 0.050885796546936035, "vy_10": 0.051111720502376556, "psidt_0.05": 0.00229107984341681, "psidt_1": 0.004335999488830566, "psidt_2": 0.005341337528079748, "psidt_3": 0.005836930591613054, "psidt_4": 0.005964998621493578, "psidt_5": 0.005960781592875719, "psidt_6": 0.006002580281347036, "psidt_7": 0.005905222613364458, "psidt_8": 0.00594228133559227, "psidt_9": 0.005983773618936539, "psidt_10": 0.005942314397543669, "rmse_0.05": 0.008078244514763355, "rmse_1": 0.02015225775539875, "rmse_2": 0.023415101692080498, "rmse_3": 0.025486579164862633, "rmse_4": 0.02709139510989189, "rmse_5": 0.027195723727345467, "rmse_6": 0.027346843853592873, "rmse_7": 0.028173737227916718, "rmse_8": 0.028353480622172356, "rmse_9": 0.028434785082936287, "rmse_10": 0.028527017682790756}