{"vy_0.05": 0.016130106523633003, "vy_1": 0.042529501020908356, "vy_2": 0.05112968012690544, "vy_3": 0.052343882620334625, "vy_4": 0.05324319377541542, "vy_5": 0.05247417092323303, "vy_6": 0.05195486918091774, "vy_7": 0.05318175256252289, "vy_8": 0.05352272838354111, "vy_9": 0.05348443239927292, "vy_10": 0.05321303382515907, "psidt_0.05": 0.0025873156264424324, "psidt_1": 0.005445786751806736, "psidt_2": 0.006711845751851797, "psidt_3": 0.007359807845205069, "psidt_4": 0.007266362197697163, "psidt_5": 0.00709803681820631, "psidt_6": 0.0070290821604430676, "psidt_7": 0.006956669967621565, "psidt_8": 0.006919479463249445, "psidt_9": 0.0069449604488909245, "psidt_10": 0.006865248549729586, "rmse_0.05": 0.009358711540699005, "rmse_1": 0.02398764342069626, "rmse_2": 0.028920762240886688, "rmse_3": 0.029851844534277916, "rmse_4": 0.030254777520895004, "rmse_5": 0.02978610433638096, "rmse_6": 0.029491975903511047, "rmse_7": 0.03006921149790287, "rmse_8": 0.030221104621887207, "rmse_9": 0.030214697122573853, "rmse_10": 0.030039140954613686}