{"vy_0.05": 0.013240999542176723, "vy_1": 0.037540141493082047, "vy_2": 0.04960750788450241, "vy_3": 0.0547037348151207, "vy_4": 0.0547294020652771, "vy_5": 0.054744407534599304, "vy_6": 0.055031027644872665, "vy_7": 0.056651610881090164, "vy_8": 0.057346686720848083, "vy_9": 0.057433392852544785, "vy_10": 0.05739018693566322, "psidt_0.05": 0.002244707429781556, "psidt_1": 0.004705449566245079, "psidt_2": 0.006202573888003826, "psidt_3": 0.0067404210567474365, "psidt_4": 0.006722987163811922, "psidt_5": 0.0068194870837032795, "psidt_6": 0.006898247171193361, "psidt_7": 0.006864282768219709, "psidt_8": 0.006870159413665533, "psidt_9": 0.006994553375989199, "psidt_10": 0.007009272463619709, "rmse_0.05": 0.007742853369563818, "rmse_1": 0.021122794598340988, "rmse_2": 0.027905041351914406, "rmse_3": 0.030722077935934067, "rmse_4": 0.030726194381713867, "rmse_5": 0.030781947076320648, "rmse_6": 0.03096463717520237, "rmse_7": 0.03175794705748558, "rmse_8": 0.03210842236876488, "rmse_9": 0.0322139747440815, "rmse_10": 0.03219972923398018}