{"vy_0.05": 0.014573291875422001, "vy_1": 0.0451924204826355, "vy_2": 0.060435954481363297, "vy_3": 0.06156860664486885, "vy_4": 0.06199648603796959, "vy_5": 0.0620737224817276, "vy_6": 0.06196380406618118, "vy_7": 0.06498665362596512, "vy_8": 0.06685483455657959, "vy_9": 0.06735046207904816, "vy_10": 0.0674000233411789, "psidt_0.05": 0.0024241877254098654, "psidt_1": 0.0060217902064323425, "psidt_2": 0.007359513081610203, "psidt_3": 0.008100378327071667, "psidt_4": 0.008035020902752876, "psidt_5": 0.007938284426927567, "psidt_6": 0.008046373724937439, "psidt_7": 0.007979697547852993, "psidt_8": 0.007998735643923283, "psidt_9": 0.008095906116068363, "psidt_10": 0.008036458864808083, "rmse_0.05": 0.008498739451169968, "rmse_1": 0.02560710534453392, "rmse_2": 0.03389773517847061, "rmse_3": 0.034834492951631546, "rmse_4": 0.03501575440168381, "rmse_5": 0.035006001591682434, "rmse_6": 0.03500508889555931, "rmse_7": 0.03648317605257034, "rmse_8": 0.03742678463459015, "rmse_9": 0.03772318363189697, "rmse_10": 0.037718240171670914}