{"vy_0.05": 0.013991173356771469, "vy_1": 0.036042220890522, "vy_2": 0.042460788041353226, "vy_3": 0.04751763492822647, "vy_4": 0.05078129097819328, "vy_5": 0.05048246309161186, "vy_6": 0.050382036715745926, "vy_7": 0.05157932639122009, "vy_8": 0.05241726338863373, "vy_9": 0.05214427784085274, "vy_10": 0.05207739397883415, "psidt_0.05": 0.002518472960218787, "psidt_1": 0.004678957164287567, "psidt_2": 0.005704765673726797, "psidt_3": 0.006180852185934782, "psidt_4": 0.006132699083536863, "psidt_5": 0.006025470327585936, "psidt_6": 0.006008767057210207, "psidt_7": 0.005933443550020456, "psidt_8": 0.005920918192714453, "psidt_9": 0.005895574111491442, "psidt_10": 0.005796481855213642, "rmse_0.05": 0.00825482327491045, "rmse_1": 0.020360589027404785, "rmse_2": 0.02408277615904808, "rmse_3": 0.02684924378991127, "rmse_4": 0.028456995263695717, "rmse_5": 0.028253966942429543, "rmse_6": 0.028195401653647423, "rmse_7": 0.028756385669112206, "rmse_8": 0.02916909009218216, "rmse_9": 0.029019925743341446, "rmse_10": 0.02893693745136261}