{"vy_0.05": 0.01474099699407816, "vy_1": 0.05037051811814308, "vy_2": 0.06293459981679916, "vy_3": 0.06526847928762436, "vy_4": 0.0665922686457634, "vy_5": 0.06777847558259964, "vy_6": 0.06817546486854553, "vy_7": 0.07017688453197479, "vy_8": 0.07144498825073242, "vy_9": 0.07170997560024261, "vy_10": 0.0719943717122078, "psidt_0.05": 0.0019929981790483, "psidt_1": 0.005253426264971495, "psidt_2": 0.006684451829642057, "psidt_3": 0.007234224118292332, "psidt_4": 0.007737663108855486, "psidt_5": 0.00790183711796999, "psidt_6": 0.00819329358637333, "psidt_7": 0.00813087448477745, "psidt_8": 0.008244344033300877, "psidt_9": 0.008561167865991592, "psidt_10": 0.008723879233002663, "rmse_0.05": 0.008366997353732586, "rmse_1": 0.027811972424387932, "rmse_2": 0.034809526056051254, "rmse_3": 0.03625135123729706, "rmse_4": 0.03716496750712395, "rmse_5": 0.03784015774726868, "rmse_6": 0.038184378296136856, "rmse_7": 0.03915388137102127, "rmse_8": 0.03984466567635536, "rmse_9": 0.040135569870471954, "rmse_10": 0.040359124541282654}