{"vy_0.05": 0.014678492210805416, "vy_1": 0.04816882312297821, "vy_2": 0.0594465546309948, "vy_3": 0.06220227852463722, "vy_4": 0.06274664402008057, "vy_5": 0.06274263560771942, "vy_6": 0.06377089768648148, "vy_7": 0.06607097387313843, "vy_8": 0.06724990159273148, "vy_9": 0.06728038936853409, "vy_10": 0.06726793944835663, "psidt_0.05": 0.002389982808381319, "psidt_1": 0.006205224897712469, "psidt_2": 0.007599113043397665, "psidt_3": 0.008207005448639393, "psidt_4": 0.008237088099122047, "psidt_5": 0.008098423480987549, "psidt_6": 0.008249536156654358, "psidt_7": 0.00811292789876461, "psidt_8": 0.008078842423856258, "psidt_9": 0.008163549937307835, "psidt_10": 0.008126429282128811, "rmse_0.05": 0.008534237742424011, "rmse_1": 0.02718702331185341, "rmse_2": 0.0335228331387043, "rmse_3": 0.03520464152097702, "rmse_4": 0.03549186512827873, "rmse_5": 0.035420529544353485, "rmse_6": 0.03601021692156792, "rmse_7": 0.037091951817274094, "rmse_8": 0.037664372473955154, "rmse_9": 0.037721969187259674, "rmse_10": 0.03769718483090401}