{"vy_0.05": 0.014503407292068005, "vy_1": 0.037852007895708084, "vy_2": 0.04406844824552536, "vy_3": 0.04638778790831566, "vy_4": 0.048506513237953186, "vy_5": 0.048373255878686905, "vy_6": 0.04848496615886688, "vy_7": 0.05014395713806152, "vy_8": 0.05084463581442833, "vy_9": 0.05097375810146332, "vy_10": 0.05094261094927788, "psidt_0.05": 0.0025627119466662407, "psidt_1": 0.0053854347206652164, "psidt_2": 0.006546489428728819, "psidt_3": 0.00692749535664916, "psidt_4": 0.0067865424789488316, "psidt_5": 0.006637721322476864, "psidt_6": 0.006561624351888895, "psidt_7": 0.006474019028246403, "psidt_8": 0.006440190598368645, "psidt_9": 0.006512515712529421, "psidt_10": 0.0064689661376178265, "rmse_0.05": 0.008533059619367123, "rmse_1": 0.02161872200667858, "rmse_2": 0.025307469069957733, "rmse_3": 0.02665764093399048, "rmse_4": 0.02764652855694294, "rmse_5": 0.02750548906624317, "rmse_6": 0.02752329595386982, "rmse_7": 0.028308987617492676, "rmse_8": 0.028642412275075912, "rmse_9": 0.028743136674165726, "rmse_10": 0.028705788776278496}