{"vy_0.05": 0.017086531966924667, "vy_1": 0.05387955904006958, "vy_2": 0.07165129482746124, "vy_3": 0.08647376298904419, "vy_4": 0.0910167396068573, "vy_5": 0.0952211543917656, "vy_6": 0.09886670112609863, "vy_7": 0.10784567147493362, "vy_8": 0.11359020322561264, "vy_9": 0.11553121358156204, "vy_10": 0.12094870954751968, "psidt_0.05": 0.0023031511809676886, "psidt_1": 0.0052262600511312485, "psidt_2": 0.0064690676517784595, "psidt_3": 0.007111706770956516, "psidt_4": 0.007407053839415312, "psidt_5": 0.007384943775832653, "psidt_6": 0.00780784385278821, "psidt_7": 0.007725713774561882, "psidt_8": 0.00785396620631218, "psidt_9": 0.00807882472872734, "psidt_10": 0.00817033089697361, "rmse_0.05": 0.0096948416903615, "rmse_1": 0.02955291047692299, "rmse_2": 0.03906018286943436, "rmse_3": 0.046792734414339066, "rmse_4": 0.04921189695596695, "rmse_5": 0.05130304768681526, "rmse_6": 0.05333727225661278, "rmse_7": 0.05778569355607033, "rmse_8": 0.06072208285331726, "rmse_9": 0.06180501729249954, "rmse_10": 0.06455951929092407}