{"vy_0.05": 0.016950106248259544, "vy_1": 0.05424259603023529, "vy_2": 0.07262139767408371, "vy_3": 0.08481131494045258, "vy_4": 0.08767623454332352, "vy_5": 0.09143777936697006, "vy_6": 0.0949820876121521, "vy_7": 0.10497686266899109, "vy_8": 0.10998281836509705, "vy_9": 0.11146234720945358, "vy_10": 0.1160256564617157, "psidt_0.05": 0.0024258741177618504, "psidt_1": 0.005412593949586153, "psidt_2": 0.006601895671337843, "psidt_3": 0.007262848317623138, "psidt_4": 0.007439510431140661, "psidt_5": 0.007352912332862616, "psidt_6": 0.007709705736488104, "psidt_7": 0.0076529765501618385, "psidt_8": 0.007767844013869762, "psidt_9": 0.007938641123473644, "psidt_10": 0.00792826246470213, "rmse_0.05": 0.009687989950180054, "rmse_1": 0.029827594757080078, "rmse_2": 0.03961164504289627, "rmse_3": 0.04603708162903786, "rmse_4": 0.04755787178874016, "rmse_5": 0.04939534515142441, "rmse_6": 0.05134589597582817, "rmse_7": 0.056314919143915176, "rmse_8": 0.05887532979249954, "rmse_9": 0.05970049276947975, "rmse_10": 0.06197695806622505}