{"vy_0.05": 0.015400485135614872, "vy_1": 0.04184844344854355, "vy_2": 0.05171910673379898, "vy_3": 0.05397830903530121, "vy_4": 0.05503369867801666, "vy_5": 0.054440222680568695, "vy_6": 0.05436474829912186, "vy_7": 0.05589376389980316, "vy_8": 0.05674901604652405, "vy_9": 0.05663229525089264, "vy_10": 0.056362513452768326, "psidt_0.05": 0.0024811681360006332, "psidt_1": 0.0050872135907411575, "psidt_2": 0.006414560601115227, "psidt_3": 0.007016421295702457, "psidt_4": 0.006973468232899904, "psidt_5": 0.006817312445491552, "psidt_6": 0.00675329240038991, "psidt_7": 0.00669124536216259, "psidt_8": 0.006658760365098715, "psidt_9": 0.00670331995934248, "psidt_10": 0.0066302199847996235, "rmse_0.05": 0.00894082710146904, "rmse_1": 0.02346782758831978, "rmse_2": 0.02906683459877968, "rmse_3": 0.030497364699840546, "rmse_4": 0.03100358322262764, "rmse_5": 0.030628766864538193, "rmse_6": 0.03055902011692524, "rmse_7": 0.03129250556230545, "rmse_8": 0.0317038893699646, "rmse_9": 0.0316678062081337, "rmse_10": 0.03149636834859848}