{"vy_0.05": 0.013323456980288029, "vy_1": 0.04002655670046806, "vy_2": 0.04900813847780228, "vy_3": 0.052061181515455246, "vy_4": 0.054265037178993225, "vy_5": 0.05541837587952614, "vy_6": 0.05644220486283302, "vy_7": 0.057800859212875366, "vy_8": 0.057828132063150406, "vy_9": 0.059131406247615814, "vy_10": 0.05929248780012131, "psidt_0.05": 0.002213834784924984, "psidt_1": 0.005263768136501312, "psidt_2": 0.006427696440368891, "psidt_3": 0.006858698558062315, "psidt_4": 0.006849001161754131, "psidt_5": 0.006914946716278791, "psidt_6": 0.0070956130512058735, "psidt_7": 0.007007785607129335, "psidt_8": 0.0069887759163975716, "psidt_9": 0.007066427730023861, "psidt_10": 0.007026883773505688, "rmse_0.05": 0.007768645882606506, "rmse_1": 0.022645162418484688, "rmse_2": 0.027717918157577515, "rmse_3": 0.029459940269589424, "rmse_4": 0.030557019636034966, "rmse_5": 0.03116666153073311, "rmse_6": 0.031768910586833954, "rmse_7": 0.03240432217717171, "rmse_8": 0.0324084535241127, "rmse_9": 0.033098917454481125, "rmse_10": 0.033159684389829636}