{"vy_0.05": 0.013506392017006874, "vy_1": 0.04282184690237045, "vy_2": 0.053964193910360336, "vy_3": 0.058476950973272324, "vy_4": 0.06070687621831894, "vy_5": 0.06390941888093948, "vy_6": 0.06587228924036026, "vy_7": 0.06746526807546616, "vy_8": 0.07063333690166473, "vy_9": 0.08019803464412689, "vy_10": 0.09012820571660995, "psidt_0.05": 0.002290820237249136, "psidt_1": 0.0058613428846001625, "psidt_2": 0.0073951720260083675, "psidt_3": 0.008194060064852238, "psidt_4": 0.00822472758591175, "psidt_5": 0.008453326299786568, "psidt_6": 0.00871982891112566, "psidt_7": 0.008618437685072422, "psidt_8": 0.008946273475885391, "psidt_9": 0.010493050329387188, "psidt_10": 0.012017928063869476, "rmse_0.05": 0.007898606359958649, "rmse_1": 0.02434159442782402, "rmse_2": 0.03067968226969242, "rmse_3": 0.03333550691604614, "rmse_4": 0.03446580097079277, "rmse_5": 0.03618137165904045, "rmse_6": 0.03729606047272682, "rmse_7": 0.038041852414608, "rmse_8": 0.03978980332612991, "rmse_9": 0.04534554108977318, "rmse_10": 0.051073066890239716}