{"vy_0.05": 0.01429117750376463, "vy_1": 0.03616580367088318, "vy_2": 0.04199150949716568, "vy_3": 0.04466385021805763, "vy_4": 0.0479462668299675, "vy_5": 0.04779456555843353, "vy_6": 0.04796284809708595, "vy_7": 0.05011671781539917, "vy_8": 0.05157405510544777, "vy_9": 0.051446422934532166, "vy_10": 0.051743462681770325, "psidt_0.05": 0.002502676798030734, "psidt_1": 0.005452207289636135, "psidt_2": 0.006520908325910568, "psidt_3": 0.00709301233291626, "psidt_4": 0.006926963571459055, "psidt_5": 0.006748828571289778, "psidt_6": 0.0066925715655088425, "psidt_7": 0.006575513165444136, "psidt_8": 0.0065246145240962505, "psidt_9": 0.006551568862050772, "psidt_10": 0.006491650827229023, "rmse_0.05": 0.008396927267313004, "rmse_1": 0.020809005945920944, "rmse_2": 0.024256208911538124, "rmse_3": 0.025878431275486946, "rmse_4": 0.027436615899205208, "rmse_5": 0.0272716972976923, "rmse_6": 0.027327708899974823, "rmse_7": 0.028346115723252296, "rmse_8": 0.029049335047602654, "rmse_9": 0.028998995199799538, "rmse_10": 0.029117556288838387}