{"vy_0.05": 0.014906799420714378, "vy_1": 0.0414879247546196, "vy_2": 0.050035636872053146, "vy_3": 0.05279212072491646, "vy_4": 0.05461829900741577, "vy_5": 0.054198384284973145, "vy_6": 0.053605299443006516, "vy_7": 0.05511521175503731, "vy_8": 0.055452682077884674, "vy_9": 0.05550054833292961, "vy_10": 0.05581655353307724, "psidt_0.05": 0.0025276148226112127, "psidt_1": 0.005511060822755098, "psidt_2": 0.006683343555778265, "psidt_3": 0.0072901081293821335, "psidt_4": 0.007119104266166687, "psidt_5": 0.006934372708201408, "psidt_6": 0.006909094750881195, "psidt_7": 0.006793571636080742, "psidt_8": 0.006756861228495836, "psidt_9": 0.00679659191519022, "psidt_10": 0.00674681318923831, "rmse_0.05": 0.008717207238078117, "rmse_1": 0.023499492555856705, "rmse_2": 0.028359489515423775, "rmse_3": 0.03004111349582672, "rmse_4": 0.03086870163679123, "rmse_5": 0.03056637942790985, "rmse_6": 0.030257197096943855, "rmse_7": 0.03095439076423645, "rmse_8": 0.03110477142035961, "rmse_9": 0.031148569658398628, "rmse_10": 0.03128168359398842}