{"vy_0.05": 0.014283944852650166, "vy_1": 0.035976164042949677, "vy_2": 0.040975283831357956, "vy_3": 0.047505997121334076, "vy_4": 0.05004594475030899, "vy_5": 0.04969727620482445, "vy_6": 0.04954349994659424, "vy_7": 0.051370806992053986, "vy_8": 0.052286840975284576, "vy_9": 0.05215408280491829, "vy_10": 0.05227000638842583, "psidt_0.05": 0.0025779197458177805, "psidt_1": 0.004765077959746122, "psidt_2": 0.005882711615413427, "psidt_3": 0.0065486798994243145, "psidt_4": 0.006449784152209759, "psidt_5": 0.006303993985056877, "psidt_6": 0.00618162052705884, "psidt_7": 0.006015954539179802, "psidt_8": 0.005992630030959845, "psidt_9": 0.005985989701002836, "psidt_10": 0.005915846209973097, "rmse_0.05": 0.008430932648479939, "rmse_1": 0.020370621234178543, "rmse_2": 0.02342899702489376, "rmse_3": 0.02702733874320984, "rmse_4": 0.028247864916920662, "rmse_5": 0.028000634163618088, "rmse_6": 0.027862560003995895, "rmse_7": 0.02869338169693947, "rmse_8": 0.02913973480463028, "rmse_9": 0.029070036485791206, "rmse_10": 0.029092926532030106}