{"vy_0.05": 0.015786463394761086, "vy_1": 0.04263089597225189, "vy_2": 0.05230000242590904, "vy_3": 0.05561627075076103, "vy_4": 0.05711182579398155, "vy_5": 0.056345436722040176, "vy_6": 0.055811695754528046, "vy_7": 0.057139698415994644, "vy_8": 0.05757729709148407, "vy_9": 0.057363659143447876, "vy_10": 0.05702832713723183, "psidt_0.05": 0.0024857590906322002, "psidt_1": 0.005215546581894159, "psidt_2": 0.0064972518011927605, "psidt_3": 0.00729514192789793, "psidt_4": 0.007193613797426224, "psidt_5": 0.0070130303502082825, "psidt_6": 0.006941345985978842, "psidt_7": 0.006854221690446138, "psidt_8": 0.006781730800867081, "psidt_9": 0.00683366134762764, "psidt_10": 0.006744320038706064, "rmse_0.05": 0.009136111475527287, "rmse_1": 0.023923221975564957, "rmse_2": 0.02939862757921219, "rmse_3": 0.03145570680499077, "rmse_4": 0.03215271979570389, "rmse_5": 0.03167923539876938, "rmse_6": 0.03137652203440666, "rmse_7": 0.0319969616830349, "rmse_8": 0.032179512083530426, "rmse_9": 0.03209865838289261, "rmse_10": 0.031886324286460876}