{"vy_0.05": 0.016146842390298843, "vy_1": 0.039142344146966934, "vy_2": 0.046536657959222794, "vy_3": 0.0485944040119648, "vy_4": 0.05086912587285042, "vy_5": 0.05028499662876129, "vy_6": 0.04975225031375885, "vy_7": 0.05118925869464874, "vy_8": 0.05209843069314957, "vy_9": 0.05215080827474594, "vy_10": 0.05227738991379738, "psidt_0.05": 0.002536298241466284, "psidt_1": 0.004941272549331188, "psidt_2": 0.005805782042443752, "psidt_3": 0.00633271737024188, "psidt_4": 0.006264231167733669, "psidt_5": 0.006209435872733593, "psidt_6": 0.006103768479079008, "psidt_7": 0.006099639926105738, "psidt_8": 0.006136494688689709, "psidt_9": 0.0061953188851475716, "psidt_10": 0.006182831712067127, "rmse_0.05": 0.009341570548713207, "rmse_1": 0.02204180881381035, "rmse_2": 0.02617122046649456, "rmse_3": 0.027463560923933983, "rmse_4": 0.02856667898595333, "rmse_5": 0.02824721671640873, "rmse_6": 0.027928009629249573, "rmse_7": 0.02864445000886917, "rmse_8": 0.029117463156580925, "rmse_9": 0.02917306311428547, "rmse_10": 0.029230110347270966}