{"vy_0.05": 0.017085513100028038, "vy_1": 0.05539199709892273, "vy_2": 0.075858935713768, "vy_3": 0.09407588094472885, "vy_4": 0.10087917745113373, "vy_5": 0.10558512806892395, "vy_6": 0.10954795032739639, "vy_7": 0.11996518820524216, "vy_8": 0.1272241324186325, "vy_9": 0.12961430847644806, "vy_10": 0.13591912388801575, "psidt_0.05": 0.002351674484089017, "psidt_1": 0.005348314996808767, "psidt_2": 0.006526957266032696, "psidt_3": 0.007188442628830671, "psidt_4": 0.007534422911703587, "psidt_5": 0.007512800395488739, "psidt_6": 0.00791263673454523, "psidt_7": 0.007825706154108047, "psidt_8": 0.007962656207382679, "psidt_9": 0.008178861811757088, "psidt_10": 0.008288905955851078, "rmse_0.05": 0.009718594141304493, "rmse_1": 0.030370155349373817, "rmse_2": 0.04119294509291649, "rmse_3": 0.050632160156965256, "rmse_4": 0.05420679971575737, "rmse_5": 0.056548964232206345, "rmse_6": 0.058730293065309525, "rmse_7": 0.06389544904232025, "rmse_8": 0.06759339570999146, "rmse_9": 0.06889658421278, "rmse_10": 0.07210401445627213}