{"vy_0.05": 0.014436282217502594, "vy_1": 0.03530043736100197, "vy_2": 0.04200131073594093, "vy_3": 0.04518790543079376, "vy_4": 0.04767666384577751, "vy_5": 0.048154592514038086, "vy_6": 0.04856887832283974, "vy_7": 0.049707889556884766, "vy_8": 0.050014544278383255, "vy_9": 0.05066125467419624, "vy_10": 0.05139445513486862, "psidt_0.05": 0.0025134601164609194, "psidt_1": 0.004535943269729614, "psidt_2": 0.005424213130027056, "psidt_3": 0.0058228024281561375, "psidt_4": 0.0058182054199278355, "psidt_5": 0.005755644291639328, "psidt_6": 0.0057291556149721146, "psidt_7": 0.005634361412376165, "psidt_8": 0.005614607594907284, "psidt_9": 0.0056509822607040405, "psidt_10": 0.005586057435721159, "rmse_0.05": 0.008474871516227722, "rmse_1": 0.01991819031536579, "rmse_2": 0.02371276170015335, "rmse_3": 0.02550535462796688, "rmse_4": 0.026747435331344604, "rmse_5": 0.026955118402838707, "rmse_6": 0.0271490179002285, "rmse_7": 0.027671124786138535, "rmse_8": 0.027814576402306557, "rmse_9": 0.028156118467450142, "rmse_10": 0.028490256518125534}