{"vy_0.05": 0.014320133253932, "vy_1": 0.04322253540158272, "vy_2": 0.05665692687034607, "vy_3": 0.05836334079504013, "vy_4": 0.0596434511244297, "vy_5": 0.059871606528759, "vy_6": 0.06053914874792099, "vy_7": 0.06263411790132523, "vy_8": 0.0635664239525795, "vy_9": 0.06873223930597305, "vy_10": 0.07117651402950287, "psidt_0.05": 0.002445999765768647, "psidt_1": 0.005950476508587599, "psidt_2": 0.007460904307663441, "psidt_3": 0.007908625528216362, "psidt_4": 0.008049535565078259, "psidt_5": 0.007923380471765995, "psidt_6": 0.008009430952370167, "psidt_7": 0.007889662869274616, "psidt_8": 0.008126932196319103, "psidt_9": 0.010221246629953384, "psidt_10": 0.010766775347292423, "rmse_0.05": 0.008383066393435001, "rmse_1": 0.024586506187915802, "rmse_2": 0.03205891698598862, "rmse_3": 0.03313598409295082, "rmse_4": 0.03384649381041527, "rmse_5": 0.03389749303460121, "rmse_6": 0.03427429124712944, "rmse_7": 0.03526189178228378, "rmse_8": 0.03584667667746544, "rmse_9": 0.03947674483060837, "rmse_10": 0.04097164422273636}