{"vy_0.05": 0.015670282766222954, "vy_1": 0.04263363778591156, "vy_2": 0.04947374761104584, "vy_3": 0.0507722869515419, "vy_4": 0.052589051425457, "vy_5": 0.051582954823970795, "vy_6": 0.051278240978717804, "vy_7": 0.052231624722480774, "vy_8": 0.05247201770544052, "vy_9": 0.05240970849990845, "vy_10": 0.052070502191782, "psidt_0.05": 0.002444347832351923, "psidt_1": 0.004960054997354746, "psidt_2": 0.006218571215867996, "psidt_3": 0.007053174544125795, "psidt_4": 0.007012235000729561, "psidt_5": 0.006839309819042683, "psidt_6": 0.006692633498460054, "psidt_7": 0.0065877377055585384, "psidt_8": 0.006552270147949457, "psidt_9": 0.0066106547601521015, "psidt_10": 0.0065687792375683784, "rmse_0.05": 0.009057315066456795, "rmse_1": 0.023796847090125084, "rmse_2": 0.027846159413456917, "rmse_3": 0.028912730515003204, "rmse_4": 0.029800642281770706, "rmse_5": 0.02921113185584545, "rmse_6": 0.028985437005758286, "rmse_7": 0.029409680515527725, "rmse_8": 0.02951214462518692, "rmse_9": 0.02951018139719963, "rmse_10": 0.0293196402490139}