{"vy_0.05": 0.01458707731217146, "vy_1": 0.04504690691828728, "vy_2": 0.0547519288957119, "vy_3": 0.05970580875873566, "vy_4": 0.061097003519535065, "vy_5": 0.06118198111653328, "vy_6": 0.062298838049173355, "vy_7": 0.0635373592376709, "vy_8": 0.0640154629945755, "vy_9": 0.0639650896191597, "vy_10": 0.06383258104324341, "psidt_0.05": 0.002558099804446101, "psidt_1": 0.005167311988770962, "psidt_2": 0.006423194892704487, "psidt_3": 0.006994497496634722, "psidt_4": 0.006872538942843676, "psidt_5": 0.006713974289596081, "psidt_6": 0.006655134726315737, "psidt_7": 0.0065416330471634865, "psidt_8": 0.006513191387057304, "psidt_9": 0.006564694456756115, "psidt_10": 0.006494784262031317, "rmse_0.05": 0.008572588674724102, "rmse_1": 0.025107109919190407, "rmse_2": 0.030587561428546906, "rmse_3": 0.033350154757499695, "rmse_4": 0.033984772861003876, "rmse_5": 0.03394797816872597, "rmse_6": 0.03447698801755905, "rmse_7": 0.035039495676755905, "rmse_8": 0.03526432812213898, "rmse_9": 0.035264890640974045, "rmse_10": 0.03516368195414543}