{"vy_0.05": 0.013863199390470982, "vy_1": 0.046596772968769073, "vy_2": 0.06087305396795273, "vy_3": 0.06201675906777382, "vy_4": 0.06524447351694107, "vy_5": 0.0654725655913353, "vy_6": 0.06815395504236221, "vy_7": 0.07104536145925522, "vy_8": 0.0720595270395279, "vy_9": 0.0733226090669632, "vy_10": 0.07377096265554428, "psidt_0.05": 0.0022935904562473297, "psidt_1": 0.006688868161290884, "psidt_2": 0.009041395969688892, "psidt_3": 0.00945670809596777, "psidt_4": 0.010450904257595539, "psidt_5": 0.011647720821201801, "psidt_6": 0.011740455403923988, "psidt_7": 0.01143692433834076, "psidt_8": 0.011233636178076267, "psidt_9": 0.011682485230267048, "psidt_10": 0.011982756666839123, "rmse_0.05": 0.008078394457697868, "rmse_1": 0.026642819866538048, "rmse_2": 0.03495722636580467, "rmse_3": 0.03573673218488693, "rmse_4": 0.03784769028425217, "rmse_5": 0.03856014460325241, "rmse_6": 0.039947204291820526, "rmse_7": 0.04124114289879799, "rmse_8": 0.04164658114314079, "rmse_9": 0.042502548545598984, "rmse_10": 0.04287685826420784}