{"vy_0.05": 0.01332843117415905, "vy_1": 0.03993123397231102, "vy_2": 0.05093074589967728, "vy_3": 0.05718134343624115, "vy_4": 0.05986303463578224, "vy_5": 0.05951285362243652, "vy_6": 0.060607705265283585, "vy_7": 0.061787866055965424, "vy_8": 0.06252564489841461, "vy_9": 0.0630091205239296, "vy_10": 0.0633254423737526, "psidt_0.05": 0.0025709986221045256, "psidt_1": 0.004979977384209633, "psidt_2": 0.006127360742539167, "psidt_3": 0.00667091179639101, "psidt_4": 0.0066056945361196995, "psidt_5": 0.006511618383228779, "psidt_6": 0.006520731374621391, "psidt_7": 0.006452571600675583, "psidt_8": 0.006418036296963692, "psidt_9": 0.006491640582680702, "psidt_10": 0.0064560603350400925, "rmse_0.05": 0.007949714548885822, "rmse_1": 0.0224556066095829, "rmse_2": 0.028529053553938866, "rmse_3": 0.03192612901329994, "rmse_4": 0.0332343652844429, "rmse_5": 0.03301223739981651, "rmse_6": 0.03356421738862991, "rmse_7": 0.034120216965675354, "rmse_8": 0.03447183966636658, "rmse_9": 0.034750379621982574, "rmse_10": 0.03489075228571892}