{"vy_0.05": 0.01512985024601221, "vy_1": 0.03918663412332535, "vy_2": 0.047463834285736084, "vy_3": 0.04885289818048477, "vy_4": 0.05030510947108269, "vy_5": 0.050320494920015335, "vy_6": 0.05095675215125084, "vy_7": 0.05297555774450302, "vy_8": 0.05373312905430794, "vy_9": 0.05355944484472275, "vy_10": 0.05332019552588463, "psidt_0.05": 0.0022192050237208605, "psidt_1": 0.005169214680790901, "psidt_2": 0.006441615987569094, "psidt_3": 0.00688044261187315, "psidt_4": 0.006781479809433222, "psidt_5": 0.0066539328545331955, "psidt_6": 0.006609916687011719, "psidt_7": 0.006513544358313084, "psidt_8": 0.0065017701126635075, "psidt_9": 0.0065554045140743256, "psidt_10": 0.006484107580035925, "rmse_0.05": 0.008674527518451214, "rmse_1": 0.02217792347073555, "rmse_2": 0.026952724903821945, "rmse_3": 0.027866670861840248, "rmse_4": 0.028543295338749886, "rmse_5": 0.02848721295595169, "rmse_6": 0.02878333441913128, "rmse_7": 0.029744550585746765, "rmse_8": 0.030117450281977654, "rmse_9": 0.030057424679398537, "rmse_10": 0.029902150854468346}