{"vy_0.05": 0.015437761321663857, "vy_1": 0.03935118392109871, "vy_2": 0.049215737730264664, "vy_3": 0.051728397607803345, "vy_4": 0.05345779284834862, "vy_5": 0.05285850912332535, "vy_6": 0.05307316780090332, "vy_7": 0.05471823364496231, "vy_8": 0.05552562326192856, "vy_9": 0.055452946573495865, "vy_10": 0.055397968739271164, "psidt_0.05": 0.002379154320806265, "psidt_1": 0.004995674826204777, "psidt_2": 0.006236792542040348, "psidt_3": 0.006870105396956205, "psidt_4": 0.006777514703571796, "psidt_5": 0.0066644069738686085, "psidt_6": 0.006581857334822416, "psidt_7": 0.0065172528848052025, "psidt_8": 0.006486486177891493, "psidt_9": 0.0065251123160123825, "psidt_10": 0.006453461013734341, "rmse_0.05": 0.008908458054065704, "rmse_1": 0.022173428907990456, "rmse_2": 0.02772626467049122, "rmse_3": 0.02929925173521042, "rmse_4": 0.03011765331029892, "rmse_5": 0.029761457815766335, "rmse_6": 0.029827512800693512, "rmse_7": 0.030617743730545044, "rmse_8": 0.03100605495274067, "rmse_9": 0.03098902851343155, "rmse_10": 0.03092571534216404}