{"vy_0.05": 0.017049793154001236, "vy_1": 0.0537857785820961, "vy_2": 0.0719681903719902, "vy_3": 0.08380571007728577, "vy_4": 0.08683700859546661, "vy_5": 0.090774767100811, "vy_6": 0.09454064816236496, "vy_7": 0.10458517074584961, "vy_8": 0.10971741378307343, "vy_9": 0.11130473762750626, "vy_10": 0.11603423953056335, "psidt_0.05": 0.0023717544972896576, "psidt_1": 0.0053548444993793964, "psidt_2": 0.006480320822447538, "psidt_3": 0.0071139857172966, "psidt_4": 0.007332492619752884, "psidt_5": 0.0073060342110693455, "psidt_6": 0.007689400110393763, "psidt_7": 0.007619016338139772, "psidt_8": 0.0077295200899243355, "psidt_9": 0.007934453897178173, "psidt_10": 0.007960023358464241, "rmse_0.05": 0.009710773825645447, "rmse_1": 0.029570311307907104, "rmse_2": 0.039224255830049515, "rmse_3": 0.045459847897291183, "rmse_4": 0.0470847487449646, "rmse_5": 0.04904039949178696, "rmse_6": 0.05111502483487129, "rmse_7": 0.05610209330916405, "rmse_8": 0.05872346833348274, "rmse_9": 0.05961959436535835, "rmse_10": 0.06199713051319122}