{"vy_0.05": 0.01467741746455431, "vy_1": 0.04406212270259857, "vy_2": 0.05337606742978096, "vy_3": 0.05869237333536148, "vy_4": 0.06006557121872902, "vy_5": 0.06006217002868652, "vy_6": 0.0611511692404747, "vy_7": 0.06251836568117142, "vy_8": 0.06361943483352661, "vy_9": 0.06392793357372284, "vy_10": 0.06397446244955063, "psidt_0.05": 0.0024345002602785826, "psidt_1": 0.004974787589162588, "psidt_2": 0.006258358247578144, "psidt_3": 0.006858207751065493, "psidt_4": 0.006790209095925093, "psidt_5": 0.006669377442449331, "psidt_6": 0.0065512023866176605, "psidt_7": 0.0065076895989477634, "psidt_8": 0.006466659251600504, "psidt_9": 0.00654537184163928, "psidt_10": 0.0064966436475515366, "rmse_0.05": 0.008555958978831768, "rmse_1": 0.02451845444738865, "rmse_2": 0.029817212373018265, "rmse_3": 0.03277529031038284, "rmse_4": 0.0334278903901577, "rmse_5": 0.033365774899721146, "rmse_6": 0.03385118395090103, "rmse_7": 0.03451302647590637, "rmse_8": 0.03504304587841034, "rmse_9": 0.035236652940511703, "rmse_10": 0.03523555397987366}