{"vy_0.05": 0.01596500538289547, "vy_1": 0.044301941990852356, "vy_2": 0.05334201455116272, "vy_3": 0.055735908448696136, "vy_4": 0.05730805546045303, "vy_5": 0.056130871176719666, "vy_6": 0.05570339411497116, "vy_7": 0.0574885830283165, "vy_8": 0.057561617344617844, "vy_9": 0.057156823575496674, "vy_10": 0.056769635528326035, "psidt_0.05": 0.0026594738010317087, "psidt_1": 0.00523808877915144, "psidt_2": 0.006363576743751764, "psidt_3": 0.007018713746219873, "psidt_4": 0.006895543076097965, "psidt_5": 0.0067485240288078785, "psidt_6": 0.00666631618514657, "psidt_7": 0.00669308565557003, "psidt_8": 0.006663511041551828, "psidt_9": 0.006692348048090935, "psidt_10": 0.006674394477158785, "rmse_0.05": 0.009312239475548267, "rmse_1": 0.024770015850663185, "rmse_2": 0.029852796345949173, "rmse_3": 0.031377311795949936, "rmse_4": 0.03210179880261421, "rmse_5": 0.03143969923257828, "rmse_6": 0.031184855848550797, "rmse_7": 0.03209083527326584, "rmse_8": 0.03211256489157677, "rmse_9": 0.03192458674311638, "rmse_10": 0.031722016632556915}