{"vy_0.05": 0.017049316316843033, "vy_1": 0.054112426936626434, "vy_2": 0.07235073298215866, "vy_3": 0.08697623759508133, "vy_4": 0.09108170866966248, "vy_5": 0.09463724493980408, "vy_6": 0.0980674996972084, "vy_7": 0.10789327323436737, "vy_8": 0.11335781216621399, "vy_9": 0.11488723754882812, "vy_10": 0.11953018605709076, "psidt_0.05": 0.002349368529394269, "psidt_1": 0.005263604689389467, "psidt_2": 0.006466124672442675, "psidt_3": 0.007175280246883631, "psidt_4": 0.007466457784175873, "psidt_5": 0.0074297054670751095, "psidt_6": 0.0077699352987110615, "psidt_7": 0.007708973716944456, "psidt_8": 0.007863732054829597, "psidt_9": 0.008062194101512432, "psidt_10": 0.008077002130448818, "rmse_0.05": 0.009699342772364616, "rmse_1": 0.029688015580177307, "rmse_2": 0.03940843045711517, "rmse_3": 0.04707575961947441, "rmse_4": 0.049274083226919174, "rmse_5": 0.05103347450494766, "rmse_6": 0.05291871726512909, "rmse_7": 0.05780112370848656, "rmse_8": 0.06061077117919922, "rmse_9": 0.06147471442818642, "rmse_10": 0.06380359083414078}