{"vy_0.05": 0.014601564034819603, "vy_1": 0.051019102334976196, "vy_2": 0.06483136862516403, "vy_3": 0.06794419884681702, "vy_4": 0.06940823048353195, "vy_5": 0.07014522701501846, "vy_6": 0.07135874778032303, "vy_7": 0.07364818453788757, "vy_8": 0.07498238980770111, "vy_9": 0.07512518018484116, "vy_10": 0.0751228779554367, "psidt_0.05": 0.0021428256295621395, "psidt_1": 0.005455955397337675, "psidt_2": 0.007075981702655554, "psidt_3": 0.007688030134886503, "psidt_4": 0.00782499834895134, "psidt_5": 0.007827947847545147, "psidt_6": 0.007937601767480373, "psidt_7": 0.007866520434617996, "psidt_8": 0.007891173474490643, "psidt_9": 0.008040416985750198, "psidt_10": 0.007969154976308346, "rmse_0.05": 0.008372195065021515, "rmse_1": 0.02823752909898758, "rmse_2": 0.03595367446541786, "rmse_3": 0.037816114723682404, "rmse_4": 0.0386166125535965, "rmse_5": 0.03898658603429794, "rmse_6": 0.03964817523956299, "rmse_7": 0.040757350623607635, "rmse_8": 0.041436780244112015, "rmse_9": 0.041582800447940826, "rmse_10": 0.041546016931533813}