{"vy_0.05": 0.015703262761235237, "vy_1": 0.03847840800881386, "vy_2": 0.046106018126010895, "vy_3": 0.04852284863591194, "vy_4": 0.050319742411375046, "vy_5": 0.04967910423874855, "vy_6": 0.04933270066976547, "vy_7": 0.05080260708928108, "vy_8": 0.05103423446416855, "vy_9": 0.050946734845638275, "vy_10": 0.050788749009370804, "psidt_0.05": 0.002728380961343646, "psidt_1": 0.005066766869276762, "psidt_2": 0.006114081479609013, "psidt_3": 0.006705679465085268, "psidt_4": 0.006679669953882694, "psidt_5": 0.0065654246136546135, "psidt_6": 0.006443320773541927, "psidt_7": 0.006408127024769783, "psidt_8": 0.006436850409954786, "psidt_9": 0.00647905096411705, "psidt_10": 0.006477179937064648, "rmse_0.05": 0.009215821512043476, "rmse_1": 0.021772587671875954, "rmse_2": 0.026110049337148666, "rmse_3": 0.02761426381766796, "rmse_4": 0.028499705716967583, "rmse_5": 0.02812226489186287, "rmse_6": 0.027888011187314987, "rmse_7": 0.028605367988348007, "rmse_8": 0.02873554266989231, "rmse_9": 0.028712892904877663, "rmse_10": 0.028632964938879013}