{"vy_0.05": 0.015380924567580223, "vy_1": 0.04072203487157822, "vy_2": 0.048064179718494415, "vy_3": 0.050710637122392654, "vy_4": 0.05270656570792198, "vy_5": 0.05226550251245499, "vy_6": 0.05193106830120087, "vy_7": 0.05313991382718086, "vy_8": 0.053624510765075684, "vy_9": 0.053824782371520996, "vy_10": 0.05361998453736305, "psidt_0.05": 0.002547814277932048, "psidt_1": 0.0054884604178369045, "psidt_2": 0.006836690474301577, "psidt_3": 0.007576157338917255, "psidt_4": 0.007448438089340925, "psidt_5": 0.007264659274369478, "psidt_6": 0.007189413532614708, "psidt_7": 0.007104829885065556, "psidt_8": 0.007057839073240757, "psidt_9": 0.0071005136705935, "psidt_10": 0.006994540803134441, "rmse_0.05": 0.00896436907351017, "rmse_1": 0.02310524694621563, "rmse_2": 0.027450434863567352, "rmse_3": 0.029143396764993668, "rmse_4": 0.030077502131462097, "rmse_5": 0.02976508066058159, "rmse_6": 0.029560241848230362, "rmse_7": 0.03012237139046192, "rmse_8": 0.030341174453496933, "rmse_9": 0.03046264871954918, "rmse_10": 0.030307263135910034}