{"vy_0.05": 0.013898276723921299, "vy_1": 0.0452810600399971, "vy_2": 0.061809785664081573, "vy_3": 0.06408298015594482, "vy_4": 0.06409071385860443, "vy_5": 0.06482280790805817, "vy_6": 0.06584340333938599, "vy_7": 0.06792087107896805, "vy_8": 0.06774238497018814, "vy_9": 0.06886836141347885, "vy_10": 0.06836612522602081, "psidt_0.05": 0.0021642788778990507, "psidt_1": 0.005626480095088482, "psidt_2": 0.00795395765453577, "psidt_3": 0.008252045139670372, "psidt_4": 0.008115138858556747, "psidt_5": 0.008296805433928967, "psidt_6": 0.008727011270821095, "psidt_7": 0.008860104717314243, "psidt_8": 0.008678115904331207, "psidt_9": 0.009009867906570435, "psidt_10": 0.008942480199038982, "rmse_0.05": 0.008031277917325497, "rmse_1": 0.02545377053320408, "rmse_2": 0.034881871193647385, "rmse_3": 0.03616751357913017, "rmse_4": 0.03610292822122574, "rmse_5": 0.036559805274009705, "rmse_6": 0.0372852087020874, "rmse_7": 0.03839048743247986, "rmse_8": 0.038210250437259674, "rmse_9": 0.03893911466002464, "rmse_10": 0.038654301315546036}