{"vy_0.05": 0.014916544780135155, "vy_1": 0.044668182730674744, "vy_2": 0.05183376744389534, "vy_3": 0.05333208292722702, "vy_4": 0.054568350315093994, "vy_5": 0.05337642505764961, "vy_6": 0.0530136339366436, "vy_7": 0.054387278854846954, "vy_8": 0.05465371161699295, "vy_9": 0.054560545831918716, "vy_10": 0.05415750667452812, "psidt_0.05": 0.002653552684932947, "psidt_1": 0.005082794465124607, "psidt_2": 0.006171560380607843, "psidt_3": 0.00680676382035017, "psidt_4": 0.006729013752192259, "psidt_5": 0.0066428715363144875, "psidt_6": 0.006542458664625883, "psidt_7": 0.006495108362287283, "psidt_8": 0.00647742347791791, "psidt_9": 0.006510881241410971, "psidt_10": 0.006478490307927132, "rmse_0.05": 0.008785048499703407, "rmse_1": 0.024875488132238388, "rmse_2": 0.029002664610743523, "rmse_3": 0.030069423839449883, "rmse_4": 0.03064868226647377, "rmse_5": 0.030009647831320763, "rmse_6": 0.029778046533465385, "rmse_7": 0.030441192910075188, "rmse_8": 0.030565567314624786, "rmse_9": 0.030535712838172913, "rmse_10": 0.0303179994225502}