{"vy_0.05": 0.014931430108845234, "vy_1": 0.04394613578915596, "vy_2": 0.05254606157541275, "vy_3": 0.055317364633083344, "vy_4": 0.056808099150657654, "vy_5": 0.05607045441865921, "vy_6": 0.05584913119673729, "vy_7": 0.0568104051053524, "vy_8": 0.057547468692064285, "vy_9": 0.05747005715966225, "vy_10": 0.05733716860413551, "psidt_0.05": 0.0025713436771184206, "psidt_1": 0.005753714125603437, "psidt_2": 0.007142779882997274, "psidt_3": 0.007852899841964245, "psidt_4": 0.007737359963357449, "psidt_5": 0.007577177602797747, "psidt_6": 0.007532506249845028, "psidt_7": 0.007425620686262846, "psidt_8": 0.007367443293333054, "psidt_9": 0.007418835069984198, "psidt_10": 0.0073173921555280685, "rmse_0.05": 0.008751386776566505, "rmse_1": 0.024849925190210342, "rmse_2": 0.02984442003071308, "rmse_3": 0.03158513084053993, "rmse_4": 0.03227273002266884, "rmse_5": 0.031823817640542984, "rmse_6": 0.0316908173263073, "rmse_7": 0.03211801126599312, "rmse_8": 0.03245745599269867, "rmse_9": 0.03244444727897644, "rmse_10": 0.032327279448509216}