{"vy_0.05": 0.013931117951869965, "vy_1": 0.0454215332865715, "vy_2": 0.06148931756615639, "vy_3": 0.06736845523118973, "vy_4": 0.06747766584157944, "vy_5": 0.06625397503376007, "vy_6": 0.06586254388093948, "vy_7": 0.06799861043691635, "vy_8": 0.06776666641235352, "vy_9": 0.06797072291374207, "vy_10": 0.06777405738830566, "psidt_0.05": 0.0021281407680362463, "psidt_1": 0.004930991679430008, "psidt_2": 0.006341190543025732, "psidt_3": 0.006862540729343891, "psidt_4": 0.006798283196985722, "psidt_5": 0.006714231800287962, "psidt_6": 0.006683239713311195, "psidt_7": 0.006590867880731821, "psidt_8": 0.006560369860380888, "psidt_9": 0.006712417583912611, "psidt_10": 0.006633986718952656, "rmse_0.05": 0.008029629476368427, "rmse_1": 0.025176262483000755, "rmse_2": 0.03391525521874428, "rmse_3": 0.03711549937725067, "rmse_4": 0.03713797405362129, "rmse_5": 0.03648410364985466, "rmse_6": 0.036272890865802765, "rmse_7": 0.03729473799467087, "rmse_8": 0.037163518369197845, "rmse_9": 0.03734156861901283, "rmse_10": 0.03720402345061302}