{"vy_0.05": 0.013586733490228653, "vy_1": 0.04243861511349678, "vy_2": 0.054099299013614655, "vy_3": 0.05721930041909218, "vy_4": 0.05799039453268051, "vy_5": 0.05789177864789963, "vy_6": 0.059162840247154236, "vy_7": 0.062005192041397095, "vy_8": 0.06220633164048195, "vy_9": 0.0628451332449913, "vy_10": 0.06288889795541763, "psidt_0.05": 0.00235153641551733, "psidt_1": 0.005495032295584679, "psidt_2": 0.006804407108575106, "psidt_3": 0.007368556223809719, "psidt_4": 0.00726550305262208, "psidt_5": 0.007221247535198927, "psidt_6": 0.007859333418309689, "psidt_7": 0.008310492150485516, "psidt_8": 0.008210413157939911, "psidt_9": 0.008337982930243015, "psidt_10": 0.008452187292277813, "rmse_0.05": 0.007969135418534279, "rmse_1": 0.023966822773218155, "rmse_2": 0.030451852828264236, "rmse_3": 0.03229392692446709, "rmse_4": 0.03262794762849808, "rmse_5": 0.03255651146173477, "rmse_6": 0.03351108729839325, "rmse_7": 0.03515784069895744, "rmse_8": 0.03520837426185608, "rmse_9": 0.03559155762195587, "rmse_10": 0.03567054122686386}