{"vy_0.05": 0.015028275549411774, "vy_1": 0.04630101099610329, "vy_2": 0.05929189547896385, "vy_3": 0.06097394973039627, "vy_4": 0.061372000724077225, "vy_5": 0.06162557005882263, "vy_6": 0.06197138503193855, "vy_7": 0.06452315300703049, "vy_8": 0.0657418742775917, "vy_9": 0.06620316952466965, "vy_10": 0.06627848744392395, "psidt_0.05": 0.00207067234441638, "psidt_1": 0.005251387599855661, "psidt_2": 0.006935449317097664, "psidt_3": 0.007741980720311403, "psidt_4": 0.00784803181886673, "psidt_5": 0.007888182997703552, "psidt_6": 0.007877275347709656, "psidt_7": 0.007792038843035698, "psidt_8": 0.007819866761565208, "psidt_9": 0.007988540455698967, "psidt_10": 0.007971183396875858, "rmse_0.05": 0.00854947417974472, "rmse_1": 0.025776199996471405, "rmse_2": 0.03311367332935333, "rmse_3": 0.03435796499252319, "rmse_4": 0.034610018134117126, "rmse_5": 0.03475687652826309, "rmse_6": 0.034924328327178955, "rmse_7": 0.03615759685635567, "rmse_8": 0.03678087145090103, "rmse_9": 0.03709585592150688, "rmse_10": 0.03712483495473862}