{"vy_0.05": 0.017142249271273613, "vy_1": 0.054037369787693024, "vy_2": 0.07427038252353668, "vy_3": 0.08955032378435135, "vy_4": 0.09541789442300797, "vy_5": 0.09878131747245789, "vy_6": 0.10319256037473679, "vy_7": 0.11203913390636444, "vy_8": 0.11789384484291077, "vy_9": 0.11975312978029251, "vy_10": 0.12504233419895172, "psidt_0.05": 0.002325572771951556, "psidt_1": 0.00515668885782361, "psidt_2": 0.00645202724263072, "psidt_3": 0.007151539903134108, "psidt_4": 0.007435588166117668, "psidt_5": 0.007433745078742504, "psidt_6": 0.007676644716411829, "psidt_7": 0.007621613796800375, "psidt_8": 0.00775556406006217, "psidt_9": 0.00797501765191555, "psidt_10": 0.007955936715006828, "rmse_0.05": 0.009733910672366619, "rmse_1": 0.029597029089927673, "rmse_2": 0.040361203253269196, "rmse_3": 0.04835093021392822, "rmse_4": 0.05142674222588539, "rmse_5": 0.05310752987861633, "rmse_6": 0.05543460324406624, "rmse_7": 0.059830375015735626, "rmse_8": 0.06282470375299454, "rmse_9": 0.0638640746474266, "rmse_10": 0.06649913638830185}