{"vy_0.05": 0.014764356426894665, "vy_1": 0.05000726133584976, "vy_2": 0.06182730570435524, "vy_3": 0.06534194946289062, "vy_4": 0.0667729452252388, "vy_5": 0.06772677600383759, "vy_6": 0.07099295407533646, "vy_7": 0.08487806469202042, "vy_8": 0.1093134954571724, "vy_9": 0.13678480684757233, "vy_10": 0.16200296580791473, "psidt_0.05": 0.002152216387912631, "psidt_1": 0.004940941464155912, "psidt_2": 0.0066478317603468895, "psidt_3": 0.007685433141887188, "psidt_4": 0.007726400159299374, "psidt_5": 0.011092519387602806, "psidt_6": 0.0313674733042717, "psidt_7": 0.05570068210363388, "psidt_8": 0.08141160011291504, "psidt_9": 0.10864938795566559, "psidt_10": 0.13558296859264374, "rmse_0.05": 0.00845828652381897, "rmse_1": 0.02747410163283348, "rmse_2": 0.0342375673353672, "rmse_3": 0.036513689905405045, "rmse_4": 0.037249673157930374, "rmse_5": 0.03940964862704277, "rmse_6": 0.05118021368980408, "rmse_7": 0.07028937339782715, "rmse_8": 0.09536254405975342, "rmse_9": 0.12271709740161896, "rmse_10": 0.14879296720027924}