{"vy_0.05": 0.016812238842248917, "vy_1": 0.053701549768447876, "vy_2": 0.07309284061193466, "vy_3": 0.08489901572465897, "vy_4": 0.08799771219491959, "vy_5": 0.0915716290473938, "vy_6": 0.09486070275306702, "vy_7": 0.10526518523693085, "vy_8": 0.1103883758187294, "vy_9": 0.11186458170413971, "vy_10": 0.11654916405677795, "psidt_0.05": 0.0023602484725415707, "psidt_1": 0.005310417618602514, "psidt_2": 0.006547686643898487, "psidt_3": 0.0071205939166247845, "psidt_4": 0.0073268781416118145, "psidt_5": 0.007269260007888079, "psidt_6": 0.00763663649559021, "psidt_7": 0.007559793535619974, "psidt_8": 0.007666480727493763, "psidt_9": 0.007857185788452625, "psidt_10": 0.007905272766947746, "rmse_0.05": 0.009586243890225887, "rmse_1": 0.029505982995033264, "rmse_2": 0.039820265024900436, "rmse_3": 0.04600980505347252, "rmse_4": 0.047662295401096344, "rmse_5": 0.049420446157455444, "rmse_6": 0.05124866962432861, "rmse_7": 0.05641248822212219, "rmse_8": 0.059027429670095444, "rmse_9": 0.05986088514328003, "rmse_10": 0.062227219343185425}