{"vy_0.05": 0.013786500319838524, "vy_1": 0.03970657289028168, "vy_2": 0.05042752996087074, "vy_3": 0.05234592780470848, "vy_4": 0.05206930264830589, "vy_5": 0.051708780229091644, "vy_6": 0.05164822190999985, "vy_7": 0.05325696989893913, "vy_8": 0.05361516773700714, "vy_9": 0.05374301224946976, "vy_10": 0.05368511378765106, "psidt_0.05": 0.002151306951418519, "psidt_1": 0.004715139511972666, "psidt_2": 0.006022004410624504, "psidt_3": 0.006411783397197723, "psidt_4": 0.00628688232973218, "psidt_5": 0.006267446093261242, "psidt_6": 0.0063596754334867, "psidt_7": 0.006315142847597599, "psidt_8": 0.006309000309556723, "psidt_9": 0.006391101982444525, "psidt_10": 0.006361021194607019, "rmse_0.05": 0.0079689035192132, "rmse_1": 0.022210856899619102, "rmse_2": 0.02822476625442505, "rmse_3": 0.029378855600953102, "rmse_4": 0.029178092256188393, "rmse_5": 0.02898811362683773, "rmse_6": 0.029003947973251343, "rmse_7": 0.02978605590760708, "rmse_8": 0.02996208332479, "rmse_9": 0.03006705641746521, "rmse_10": 0.03002306818962097}