{"vy_0.05": 0.014508390799164772, "vy_1": 0.03468771278858185, "vy_2": 0.04059489071369171, "vy_3": 0.04482167214155197, "vy_4": 0.04757756367325783, "vy_5": 0.04735599085688591, "vy_6": 0.04713456332683563, "vy_7": 0.04854273051023483, "vy_8": 0.04951566457748413, "vy_9": 0.04990950599312782, "vy_10": 0.05009188503026962, "psidt_0.05": 0.002472180174663663, "psidt_1": 0.0047754934057593346, "psidt_2": 0.00571621535345912, "psidt_3": 0.006096499972045422, "psidt_4": 0.005984633229672909, "psidt_5": 0.005896396469324827, "psidt_6": 0.005823774728924036, "psidt_7": 0.0057198842987418175, "psidt_8": 0.005703662987798452, "psidt_9": 0.005733170080929995, "psidt_10": 0.005636974703520536, "rmse_0.05": 0.008490285836160183, "rmse_1": 0.01973160356283188, "rmse_2": 0.02315555326640606, "rmse_3": 0.025459086522459984, "rmse_4": 0.026781098917126656, "rmse_5": 0.026626193895936012, "rmse_6": 0.026479169726371765, "rmse_7": 0.027131307870149612, "rmse_8": 0.02760966308414936, "rmse_9": 0.027821337804198265, "rmse_10": 0.027864430099725723}