{"vy_0.05": 0.016997389495372772, "vy_1": 0.05362991616129875, "vy_2": 0.07206670194864273, "vy_3": 0.08456017822027206, "vy_4": 0.0880538821220398, "vy_5": 0.09217043220996857, "vy_6": 0.09583248198032379, "vy_7": 0.10573970526456833, "vy_8": 0.11081218719482422, "vy_9": 0.1124059185385704, "vy_10": 0.11748660355806351, "psidt_0.05": 0.002397862495854497, "psidt_1": 0.005306967068463564, "psidt_2": 0.006498875096440315, "psidt_3": 0.007186392322182655, "psidt_4": 0.00739962188526988, "psidt_5": 0.007374417968094349, "psidt_6": 0.0077002220787107944, "psidt_7": 0.0076394760981202126, "psidt_8": 0.0077553074806928635, "psidt_9": 0.007941184565424919, "psidt_10": 0.007939718663692474, "rmse_0.05": 0.0096976263448596, "rmse_1": 0.029468441382050514, "rmse_2": 0.03928278759121895, "rmse_3": 0.045873284339904785, "rmse_4": 0.04772675037384033, "rmse_5": 0.04977242648601532, "rmse_6": 0.051766350865364075, "rmse_7": 0.05668959021568298, "rmse_8": 0.059283748269081116, "rmse_9": 0.060173552483320236, "rmse_10": 0.06271316111087799}