{"vy_0.05": 0.014852927066385746, "vy_1": 0.038700733333826065, "vy_2": 0.04693654924631119, "vy_3": 0.04999792203307152, "vy_4": 0.05197346583008766, "vy_5": 0.05201543867588043, "vy_6": 0.052458468824625015, "vy_7": 0.054291732609272, "vy_8": 0.05519414693117142, "vy_9": 0.05562061443924904, "vy_10": 0.05576668679714203, "psidt_0.05": 0.002554025035351515, "psidt_1": 0.005157611332833767, "psidt_2": 0.006221049930900335, "psidt_3": 0.00664461450651288, "psidt_4": 0.006478755734860897, "psidt_5": 0.006350615993142128, "psidt_6": 0.006360583007335663, "psidt_7": 0.006274322047829628, "psidt_8": 0.0062491800636053085, "psidt_9": 0.006276280619204044, "psidt_10": 0.0062052663415670395, "rmse_0.05": 0.008703475818037987, "rmse_1": 0.021929172798991203, "rmse_2": 0.02657879889011383, "rmse_3": 0.028321268036961555, "rmse_4": 0.029226111248135567, "rmse_5": 0.029183026403188705, "rmse_6": 0.02940952591598034, "rmse_7": 0.03028302639722824, "rmse_8": 0.030721664428710938, "rmse_9": 0.030948447063565254, "rmse_10": 0.03098597750067711}