{"vy_0.05": 0.01478133536875248, "vy_1": 0.048622194677591324, "vy_2": 0.0639784187078476, "vy_3": 0.06634804606437683, "vy_4": 0.0672951191663742, "vy_5": 0.06831218302249908, "vy_6": 0.06870103627443314, "vy_7": 0.07132534682750702, "vy_8": 0.07253850251436234, "vy_9": 0.07296903431415558, "vy_10": 0.07292357832193375, "psidt_0.05": 0.0023861625231802464, "psidt_1": 0.006474766880273819, "psidt_2": 0.007755921687930822, "psidt_3": 0.008312525227665901, "psidt_4": 0.008562400005757809, "psidt_5": 0.008416189812123775, "psidt_6": 0.00870370864868164, "psidt_7": 0.008639967069029808, "psidt_8": 0.008816476911306381, "psidt_9": 0.008921352215111256, "psidt_10": 0.008920695632696152, "rmse_0.05": 0.00858374871313572, "rmse_1": 0.02754848077893257, "rmse_2": 0.03586716949939728, "rmse_3": 0.03733028471469879, "rmse_4": 0.037928760051727295, "rmse_5": 0.03836418688297272, "rmse_6": 0.03870237246155739, "rmse_7": 0.03998265787959099, "rmse_8": 0.04067748785018921, "rmse_9": 0.04094519466161728, "rmse_10": 0.0409221351146698}