{"vy_0.05": 0.014148199930787086, "vy_1": 0.0433911494910717, "vy_2": 0.054904017597436905, "vy_3": 0.05965800955891609, "vy_4": 0.0616573691368103, "vy_5": 0.06503031402826309, "vy_6": 0.06671009957790375, "vy_7": 0.069207102060318, "vy_8": 0.0711015835404396, "vy_9": 0.0750255435705185, "vy_10": 0.07529444247484207, "psidt_0.05": 0.002214090432971716, "psidt_1": 0.004882351495325565, "psidt_2": 0.006228146143257618, "psidt_3": 0.006826514378190041, "psidt_4": 0.006833660416305065, "psidt_5": 0.007786301430314779, "psidt_6": 0.008129497990012169, "psidt_7": 0.008255049586296082, "psidt_8": 0.008713449351489544, "psidt_9": 0.009729261510074139, "psidt_10": 0.010200963355600834, "rmse_0.05": 0.008181145414710045, "rmse_1": 0.024136750027537346, "rmse_2": 0.030566081404685974, "rmse_3": 0.03324226289987564, "rmse_4": 0.03424551337957382, "rmse_5": 0.036408308893442154, "rmse_6": 0.03741979971528053, "rmse_7": 0.03873107582330704, "rmse_8": 0.03990751504898071, "rmse_9": 0.042377401143312454, "rmse_10": 0.042747702449560165}