{"vy_0.05": 0.015878012403845787, "vy_1": 0.04035661742091179, "vy_2": 0.04884705692529678, "vy_3": 0.05058528482913971, "vy_4": 0.05178340524435043, "vy_5": 0.05122264474630356, "vy_6": 0.050555989146232605, "vy_7": 0.05172870308160782, "vy_8": 0.051797088235616684, "vy_9": 0.0517553947865963, "vy_10": 0.05191495642066002, "psidt_0.05": 0.002672152128070593, "psidt_1": 0.005566983483731747, "psidt_2": 0.006832112558186054, "psidt_3": 0.0074804238975048065, "psidt_4": 0.00736677460372448, "psidt_5": 0.007168616633862257, "psidt_6": 0.007172225043177605, "psidt_7": 0.007085758727043867, "psidt_8": 0.007023386191576719, "psidt_9": 0.007040763273835182, "psidt_10": 0.006939432583749294, "rmse_0.05": 0.009275082498788834, "rmse_1": 0.022961800917983055, "rmse_2": 0.02783958427608013, "rmse_3": 0.029032854363322258, "rmse_4": 0.02957509085536003, "rmse_5": 0.02919563092291355, "rmse_6": 0.02886410802602768, "rmse_7": 0.029407231137156487, "rmse_8": 0.029410237446427345, "rmse_9": 0.029398079961538315, "rmse_10": 0.029427194967865944}