{"vy_0.05": 0.014113172888755798, "vy_1": 0.04663824662566185, "vy_2": 0.14496438205242157, "vy_3": 0.4146362245082855, "vy_4": 0.8477343916893005, "vy_5": 1.3923592567443848, "vy_6": 2.0506699085235596, "vy_7": 2.8468246459960938, "vy_8": 3.6882262229919434, "vy_9": 4.5591816902160645, "vy_10": 5.452683925628662, "psidt_0.05": 0.0023120795376598835, "psidt_1": 0.004998283926397562, "psidt_2": 0.022243905812501907, "psidt_3": 0.07388558983802795, "psidt_4": 0.15713292360305786, "psidt_5": 0.26341360807418823, "psidt_6": 0.39139190316200256, "psidt_7": 0.5519775748252869, "psidt_8": 0.7235212326049805, "psidt_9": 0.9007737040519714, "psidt_10": 1.0819891691207886, "rmse_0.05": 0.008212625980377197, "rmse_1": 0.025818265974521637, "rmse_2": 0.08360414206981659, "rmse_3": 0.24426090717315674, "rmse_4": 0.5024336576461792, "rmse_5": 0.8278864622116089, "rmse_6": 1.2210309505462646, "rmse_7": 1.6994011402130127, "rmse_8": 2.205873727798462, "rmse_9": 2.729977607727051, "rmse_10": 3.26733660697937}