{"vy_0.05": 0.01467874739319086, "vy_1": 0.04067675769329071, "vy_2": 0.04884921386837959, "vy_3": 0.053828220814466476, "vy_4": 0.0570918470621109, "vy_5": 0.05788645148277283, "vy_6": 0.059216130524873734, "vy_7": 0.06090047210454941, "vy_8": 0.06154336780309677, "vy_9": 0.062112752348184586, "vy_10": 0.06282687932252884, "psidt_0.05": 0.0023326813243329525, "psidt_1": 0.005265227518975735, "psidt_2": 0.0064350455068051815, "psidt_3": 0.007044428493827581, "psidt_4": 0.0069695571437478065, "psidt_5": 0.0068878429010510445, "psidt_6": 0.006863664370030165, "psidt_7": 0.006821523420512676, "psidt_8": 0.0068516978062689304, "psidt_9": 0.006928838789463043, "psidt_10": 0.006882400251924992, "rmse_0.05": 0.008505714125931263, "rmse_1": 0.02297099307179451, "rmse_2": 0.027642128989100456, "rmse_3": 0.030436323955655098, "rmse_4": 0.032030701637268066, "rmse_5": 0.0323871485888958, "rmse_6": 0.03303989768028259, "rmse_7": 0.03386099636554718, "rmse_8": 0.03419753164052963, "rmse_9": 0.034520797431468964, "rmse_10": 0.03485463932156563}