{"vy_0.05": 0.015804089605808258, "vy_1": 0.03611896559596062, "vy_2": 0.04162369668483734, "vy_3": 0.043367087841033936, "vy_4": 0.046166617423295975, "vy_5": 0.04692523553967476, "vy_6": 0.04733206331729889, "vy_7": 0.04912304878234863, "vy_8": 0.05032910779118538, "vy_9": 0.05058365687727928, "vy_10": 0.050532590597867966, "psidt_0.05": 0.002444524085149169, "psidt_1": 0.00473870849236846, "psidt_2": 0.005676924251019955, "psidt_3": 0.006199967116117477, "psidt_4": 0.006188030820339918, "psidt_5": 0.006163570564240217, "psidt_6": 0.006051374599337578, "psidt_7": 0.005973328370600939, "psidt_8": 0.0059493049047887325, "psidt_9": 0.0059953839518129826, "psidt_10": 0.0059537156485021114, "rmse_0.05": 0.009124306961894035, "rmse_1": 0.020428836345672607, "rmse_2": 0.023650310933589935, "rmse_3": 0.024783527478575706, "rmse_4": 0.02617732435464859, "rmse_5": 0.02654440328478813, "rmse_6": 0.026691719889640808, "rmse_7": 0.027548188343644142, "rmse_8": 0.028139205649495125, "rmse_9": 0.028289521113038063, "rmse_10": 0.028243152424693108}