{"vy_0.05": 0.015075940638780594, "vy_1": 0.03868432715535164, "vy_2": 0.0478375181555748, "vy_3": 0.050096314400434494, "vy_4": 0.05144355446100235, "vy_5": 0.05085921287536621, "vy_6": 0.050670549273490906, "vy_7": 0.05266125500202179, "vy_8": 0.053437940776348114, "vy_9": 0.05346538871526718, "vy_10": 0.05359553545713425, "psidt_0.05": 0.002725594909861684, "psidt_1": 0.005367410369217396, "psidt_2": 0.006370716728270054, "psidt_3": 0.006853180937469006, "psidt_4": 0.00675439927726984, "psidt_5": 0.006604344584047794, "psidt_6": 0.006565853022038937, "psidt_7": 0.006430363282561302, "psidt_8": 0.006393360905349255, "psidt_9": 0.006401664111763239, "psidt_10": 0.006317636929452419, "rmse_0.05": 0.008900768123567104, "rmse_1": 0.02202586829662323, "rmse_2": 0.02710411697626114, "rmse_3": 0.028474748134613037, "rmse_4": 0.029098976403474808, "rmse_5": 0.028731778264045715, "rmse_6": 0.02861820161342621, "rmse_7": 0.02954581007361412, "rmse_8": 0.02991565130650997, "rmse_9": 0.02993352711200714, "rmse_10": 0.02995658665895462}