{"vy_0.05": 0.015754323452711105, "vy_1": 0.03947380930185318, "vy_2": 0.047161877155303955, "vy_3": 0.04992558807134628, "vy_4": 0.05218587815761566, "vy_5": 0.0512656643986702, "vy_6": 0.050727784633636475, "vy_7": 0.05194060131907463, "vy_8": 0.0522654689848423, "vy_9": 0.05232572183012962, "vy_10": 0.052154865115880966, "psidt_0.05": 0.0026228823699057102, "psidt_1": 0.004926125518977642, "psidt_2": 0.0060515617951750755, "psidt_3": 0.006724998354911804, "psidt_4": 0.006633178796619177, "psidt_5": 0.006476846989244223, "psidt_6": 0.0063854712061584, "psidt_7": 0.006311747245490551, "psidt_8": 0.006283202674239874, "psidt_9": 0.006304769776761532, "psidt_10": 0.006260938476771116, "rmse_0.05": 0.009188602678477764, "rmse_1": 0.0221999678760767, "rmse_2": 0.026606719940900803, "rmse_3": 0.028325293213129044, "rmse_4": 0.02940952777862549, "rmse_5": 0.02887125499546528, "rmse_6": 0.02855662815272808, "rmse_7": 0.029126174747943878, "rmse_8": 0.029274335131049156, "rmse_9": 0.029315246269106865, "rmse_10": 0.029207902029156685}