{"vy_0.05": 0.016846850514411926, "vy_1": 0.05357245355844498, "vy_2": 0.0735110193490982, "vy_3": 0.08499301224946976, "vy_4": 0.08790396898984909, "vy_5": 0.09051299095153809, "vy_6": 0.09322464466094971, "vy_7": 0.10457394272089005, "vy_8": 0.10952817648649216, "vy_9": 0.11040011793375015, "vy_10": 0.11504852026700974, "psidt_0.05": 0.0024854792281985283, "psidt_1": 0.005482656415551901, "psidt_2": 0.0067670647986233234, "psidt_3": 0.007425192277878523, "psidt_4": 0.007540935184806585, "psidt_5": 0.007444318849593401, "psidt_6": 0.0077635315246880054, "psidt_7": 0.007704703137278557, "psidt_8": 0.007799877319484949, "psidt_9": 0.007985698990523815, "psidt_10": 0.007984806783497334, "rmse_0.05": 0.009666165336966515, "rmse_1": 0.029527554288506508, "rmse_2": 0.04013904184103012, "rmse_3": 0.046209100633859634, "rmse_4": 0.04772245138883591, "rmse_5": 0.04897865653038025, "rmse_6": 0.05049408972263336, "rmse_7": 0.056139323860406876, "rmse_8": 0.058664027601480484, "rmse_9": 0.05919290706515312, "rmse_10": 0.061516664922237396}