{"vy_0.05": 0.015252923592925072, "vy_1": 0.043095480650663376, "vy_2": 0.053135946393013, "vy_3": 0.05608314275741577, "vy_4": 0.05701211839914322, "vy_5": 0.056032512336969376, "vy_6": 0.05547249689698219, "vy_7": 0.05670760199427605, "vy_8": 0.05727551877498627, "vy_9": 0.057023730129003525, "vy_10": 0.05673897638916969, "psidt_0.05": 0.0024819194804877043, "psidt_1": 0.005469487514346838, "psidt_2": 0.006771930027753115, "psidt_3": 0.007331436965614557, "psidt_4": 0.007291349582374096, "psidt_5": 0.007165713235735893, "psidt_6": 0.007093397900462151, "psidt_7": 0.007039815187454224, "psidt_8": 0.006995269097387791, "psidt_9": 0.007059089839458466, "psidt_10": 0.006974383722990751, "rmse_0.05": 0.008867421187460423, "rmse_1": 0.024282483384013176, "rmse_2": 0.029953937977552414, "rmse_3": 0.031707290560007095, "rmse_4": 0.032151732593774796, "rmse_5": 0.03159911185503006, "rmse_6": 0.0312829464673996, "rmse_7": 0.031873710453510284, "rmse_8": 0.03213539347052574, "rmse_9": 0.032041408121585846, "rmse_10": 0.03185667842626572}