{"vy_0.05": 0.014652424491941929, "vy_1": 0.04345821589231491, "vy_2": 0.05844225361943245, "vy_3": 0.060331493616104126, "vy_4": 0.06042139232158661, "vy_5": 0.06025904417037964, "vy_6": 0.0609716959297657, "vy_7": 0.06569962203502655, "vy_8": 0.06985103338956833, "vy_9": 0.07338649034500122, "vy_10": 0.07602739334106445, "psidt_0.05": 0.0021705119870603085, "psidt_1": 0.005297873634845018, "psidt_2": 0.006628148723393679, "psidt_3": 0.00741510558873415, "psidt_4": 0.0074350410141050816, "psidt_5": 0.007475696504116058, "psidt_6": 0.007651535794138908, "psidt_7": 0.007713766768574715, "psidt_8": 0.007909562438726425, "psidt_9": 0.008164417929947376, "psidt_10": 0.008189105428755283, "rmse_0.05": 0.008411468006670475, "rmse_1": 0.02437804453074932, "rmse_2": 0.03253520280122757, "rmse_3": 0.033873300999403, "rmse_4": 0.03392821550369263, "rmse_5": 0.03386737033724785, "rmse_6": 0.03431161493062973, "rmse_7": 0.03670669347047806, "rmse_8": 0.03888029605150223, "rmse_9": 0.04077545553445816, "rmse_10": 0.04210824891924858}