{"vy_0.05": 0.014269409701228142, "vy_1": 0.049493689090013504, "vy_2": 0.07221058756113052, "vy_3": 0.08053817600011826, "vy_4": 0.07940322905778885, "vy_5": 0.08766055107116699, "vy_6": 0.0954156368970871, "vy_7": 0.10003849118947983, "vy_8": 0.0992300733923912, "vy_9": 0.09905258566141129, "vy_10": 0.09829419106245041, "psidt_0.05": 0.002306828275322914, "psidt_1": 0.006693374831229448, "psidt_2": 0.011967185884714127, "psidt_3": 0.015371935442090034, "psidt_4": 0.015512813813984394, "psidt_5": 0.02175348624587059, "psidt_6": 0.02296929433941841, "psidt_7": 0.023433657363057137, "psidt_8": 0.022754104807972908, "psidt_9": 0.022649461403489113, "psidt_10": 0.022308656945824623, "rmse_0.05": 0.008288118988275528, "rmse_1": 0.028093531727790833, "rmse_2": 0.042088888585567474, "rmse_3": 0.04795505478978157, "rmse_4": 0.04745802283287048, "rmse_5": 0.05470702052116394, "rmse_6": 0.059192463755607605, "rmse_7": 0.06173607334494591, "rmse_8": 0.06099208816885948, "rmse_9": 0.060851022601127625, "rmse_10": 0.06030142307281494}