{"vy_0.05": 0.014344589784741402, "vy_1": 0.04360930621623993, "vy_2": 0.052471358329057693, "vy_3": 0.05606218799948692, "vy_4": 0.05704183503985405, "vy_5": 0.056722164154052734, "vy_6": 0.05756346136331558, "vy_7": 0.059044063091278076, "vy_8": 0.06008891388773918, "vy_9": 0.06022880971431732, "vy_10": 0.06030302122235298, "psidt_0.05": 0.00244512059725821, "psidt_1": 0.005251037422567606, "psidt_2": 0.006529051810503006, "psidt_3": 0.007137379143387079, "psidt_4": 0.007069563027471304, "psidt_5": 0.006948594469577074, "psidt_6": 0.006929723545908928, "psidt_7": 0.00681111728772521, "psidt_8": 0.006780719850212336, "psidt_9": 0.00679248059168458, "psidt_10": 0.0066962032578885555, "rmse_0.05": 0.008394855074584484, "rmse_1": 0.0244301725178957, "rmse_2": 0.02950020506978035, "rmse_3": 0.03159978240728378, "rmse_4": 0.032055698335170746, "rmse_5": 0.03183538094162941, "rmse_6": 0.03224659338593483, "rmse_7": 0.03292759135365486, "rmse_8": 0.03343481570482254, "rmse_9": 0.03351064398884773, "rmse_10": 0.03349961340427399}