{"vy_0.05": 0.014091077260673046, "vy_1": 0.04468117654323578, "vy_2": 0.08927146345376968, "vy_3": 0.1260252147912979, "vy_4": 0.1642894446849823, "vy_5": 0.19965581595897675, "vy_6": 0.26218274235725403, "vy_7": 0.33843016624450684, "vy_8": 0.4041277766227722, "vy_9": 0.469115674495697, "vy_10": 0.5300372242927551, "psidt_0.05": 0.002046117326244712, "psidt_1": 0.0056311325170099735, "psidt_2": 0.012893746607005596, "psidt_3": 0.01851503923535347, "psidt_4": 0.021875664591789246, "psidt_5": 0.024502359330654144, "psidt_6": 0.032317500561475754, "psidt_7": 0.04240817949175835, "psidt_8": 0.049705199897289276, "psidt_9": 0.056038521230220795, "psidt_10": 0.061044637113809586, "rmse_0.05": 0.008068596944212914, "rmse_1": 0.025156155228614807, "rmse_2": 0.05108260363340378, "rmse_3": 0.07227012515068054, "rmse_4": 0.09308255463838577, "rmse_5": 0.11207908391952515, "rmse_6": 0.14725011587142944, "rmse_7": 0.19041916728019714, "rmse_8": 0.22691649198532104, "rmse_9": 0.262577086687088, "rmse_10": 0.2955409288406372}