{"vy_0.05": 0.015563017688691616, "vy_1": 0.046742718666791916, "vy_2": 0.058228276669979095, "vy_3": 0.06063947081565857, "vy_4": 0.061429738998413086, "vy_5": 0.06094619259238243, "vy_6": 0.060646384954452515, "vy_7": 0.06185160577297211, "vy_8": 0.062482208013534546, "vy_9": 0.06236618757247925, "vy_10": 0.06192614883184433, "psidt_0.05": 0.0025129669811576605, "psidt_1": 0.005728293210268021, "psidt_2": 0.007003101520240307, "psidt_3": 0.007585867773741484, "psidt_4": 0.0074906377121806145, "psidt_5": 0.007307037245482206, "psidt_6": 0.00728530902415514, "psidt_7": 0.007210132200270891, "psidt_8": 0.00716731371358037, "psidt_9": 0.007190472912043333, "psidt_10": 0.007095173932611942, "rmse_0.05": 0.009037991985678673, "rmse_1": 0.026235505938529968, "rmse_2": 0.03261568769812584, "rmse_3": 0.03411266952753067, "rmse_4": 0.03446018695831299, "rmse_5": 0.03412661328911781, "rmse_6": 0.03396584838628769, "rmse_7": 0.034530870616436005, "rmse_8": 0.034824762493371964, "rmse_9": 0.034778330475091934, "rmse_10": 0.03451066091656685}