{"vy_0.05": 0.01426029484719038, "vy_1": 0.03476206585764885, "vy_2": 0.03999470919370651, "vy_3": 0.043844208121299744, "vy_4": 0.04701097682118416, "vy_5": 0.046863216906785965, "vy_6": 0.047041941434144974, "vy_7": 0.04854898527264595, "vy_8": 0.048979975283145905, "vy_9": 0.049458567053079605, "vy_10": 0.049657247960567474, "psidt_0.05": 0.0026241333689540625, "psidt_1": 0.005014108028262854, "psidt_2": 0.005815960932523012, "psidt_3": 0.0061129359528422356, "psidt_4": 0.006043908651918173, "psidt_5": 0.006004631984978914, "psidt_6": 0.005938532762229443, "psidt_7": 0.005809657741338015, "psidt_8": 0.005776119884103537, "psidt_9": 0.00582024734467268, "psidt_10": 0.005720240529626608, "rmse_0.05": 0.008442213758826256, "rmse_1": 0.01988808624446392, "rmse_2": 0.02290533483028412, "rmse_3": 0.024978572502732277, "rmse_4": 0.026527442038059235, "rmse_5": 0.026433924213051796, "rmse_6": 0.026490237563848495, "rmse_7": 0.02717932127416134, "rmse_8": 0.02737804688513279, "rmse_9": 0.02763940766453743, "rmse_10": 0.02768874354660511}