{"vy_0.05": 0.017224304378032684, "vy_1": 0.05447336286306381, "vy_2": 0.07273698598146439, "vy_3": 0.08709198236465454, "vy_4": 0.09096641093492508, "vy_5": 0.09388149529695511, "vy_6": 0.09692228585481644, "vy_7": 0.10692013055086136, "vy_8": 0.1122569888830185, "vy_9": 0.11323077976703644, "vy_10": 0.11765406280755997, "psidt_0.05": 0.00234214193187654, "psidt_1": 0.0052229491993784904, "psidt_2": 0.0064474474638700485, "psidt_3": 0.007195931859314442, "psidt_4": 0.0074674165807664394, "psidt_5": 0.007462827488780022, "psidt_6": 0.0077530513517558575, "psidt_7": 0.007683764211833477, "psidt_8": 0.007840349338948727, "psidt_9": 0.008046317845582962, "psidt_10": 0.00802887137979269, "rmse_0.05": 0.009783223271369934, "rmse_1": 0.02984815649688244, "rmse_2": 0.03959221765398979, "rmse_3": 0.04714395850896835, "rmse_4": 0.04921691492199898, "rmse_5": 0.05067216232419014, "rmse_6": 0.05233766883611679, "rmse_7": 0.057301945984363556, "rmse_8": 0.0600486695766449, "rmse_9": 0.06063854694366455, "rmse_10": 0.06284146755933762}