{"vy_0.05": 0.014540846459567547, "vy_1": 0.04562830924987793, "vy_2": 0.06044277548789978, "vy_3": 0.062415771186351776, "vy_4": 0.06437207758426666, "vy_5": 0.0641828253865242, "vy_6": 0.06369258463382721, "vy_7": 0.0676715224981308, "vy_8": 0.06896969676017761, "vy_9": 0.06885316222906113, "vy_10": 0.06891342252492905, "psidt_0.05": 0.0023699691519141197, "psidt_1": 0.005819106474518776, "psidt_2": 0.0069679091684520245, "psidt_3": 0.007737177424132824, "psidt_4": 0.007841937243938446, "psidt_5": 0.007793222088366747, "psidt_6": 0.008096618577837944, "psidt_7": 0.008073144592344761, "psidt_8": 0.00804162211716175, "psidt_9": 0.008117681369185448, "psidt_10": 0.008148439228534698, "rmse_0.05": 0.008455407805740833, "rmse_1": 0.025723706930875778, "rmse_2": 0.033705342561006546, "rmse_3": 0.03507647290825844, "rmse_4": 0.036107007414102554, "rmse_5": 0.03598802536725998, "rmse_6": 0.03589460253715515, "rmse_7": 0.03787233307957649, "rmse_8": 0.03850565850734711, "rmse_9": 0.03848542273044586, "rmse_10": 0.03853093087673187}