{"vy_0.05": 0.014355254359543324, "vy_1": 0.03737829253077507, "vy_2": 0.04347669333219528, "vy_3": 0.045610446482896805, "vy_4": 0.04789517819881439, "vy_5": 0.048044465482234955, "vy_6": 0.048372045159339905, "vy_7": 0.05051010847091675, "vy_8": 0.051193028688430786, "vy_9": 0.051050297915935516, "vy_10": 0.05089174583554268, "psidt_0.05": 0.002677897922694683, "psidt_1": 0.005365592893213034, "psidt_2": 0.006296404171735048, "psidt_3": 0.006738791707903147, "psidt_4": 0.006572683807462454, "psidt_5": 0.006478968076407909, "psidt_6": 0.006443013437092304, "psidt_7": 0.006385872606188059, "psidt_8": 0.0063982014544308186, "psidt_9": 0.006437300704419613, "psidt_10": 0.006384608801454306, "rmse_0.05": 0.008516576141119003, "rmse_1": 0.02137194201350212, "rmse_2": 0.02488654851913452, "rmse_3": 0.026174619793891907, "rmse_4": 0.027233930304646492, "rmse_5": 0.02726171724498272, "rmse_6": 0.027407528832554817, "rmse_7": 0.028447991237044334, "rmse_8": 0.02879561483860016, "rmse_9": 0.028743799775838852, "rmse_10": 0.02863817662000656}