{"vy_0.05": 0.014296038076281548, "vy_1": 0.039798881858587265, "vy_2": 0.05031143128871918, "vy_3": 0.054530926048755646, "vy_4": 0.05630571022629738, "vy_5": 0.05609641969203949, "vy_6": 0.05558506026864052, "vy_7": 0.056934937834739685, "vy_8": 0.05787249282002449, "vy_9": 0.05847432464361191, "vy_10": 0.05775652080774307, "psidt_0.05": 0.0021137248259037733, "psidt_1": 0.004958662670105696, "psidt_2": 0.0062499078921973705, "psidt_3": 0.006702992133796215, "psidt_4": 0.00674053281545639, "psidt_5": 0.006847793236374855, "psidt_6": 0.006882700137794018, "psidt_7": 0.00672296853736043, "psidt_8": 0.0066951061598956585, "psidt_9": 0.006930842064321041, "psidt_10": 0.006839787121862173, "rmse_0.05": 0.008204881101846695, "rmse_1": 0.022378772497177124, "rmse_2": 0.028280669823288918, "rmse_3": 0.030616959556937218, "rmse_4": 0.031523123383522034, "rmse_5": 0.0314721055328846, "rmse_6": 0.031233880668878555, "rmse_7": 0.03182895481586456, "rmse_8": 0.03228379786014557, "rmse_9": 0.03270258381962776, "rmse_10": 0.03229815512895584}