{"vy_0.05": 0.01527341827750206, "vy_1": 0.03555172681808472, "vy_2": 0.04103243723511696, "vy_3": 0.045247774571180344, "vy_4": 0.04877184331417084, "vy_5": 0.04871005564928055, "vy_6": 0.048763349652290344, "vy_7": 0.0501135028898716, "vy_8": 0.0507097989320755, "vy_9": 0.0509444922208786, "vy_10": 0.05109130218625069, "psidt_0.05": 0.00248090922832489, "psidt_1": 0.00468985503539443, "psidt_2": 0.005562674719840288, "psidt_3": 0.006203772500157356, "psidt_4": 0.006161813624203205, "psidt_5": 0.006116032600402832, "psidt_6": 0.006002362817525864, "psidt_7": 0.005892181769013405, "psidt_8": 0.005862186197191477, "psidt_9": 0.005920962896198034, "psidt_10": 0.005881451535969973, "rmse_0.05": 0.008877163752913475, "rmse_1": 0.020120790228247643, "rmse_2": 0.02329755574464798, "rmse_3": 0.025725774466991425, "rmse_4": 0.027466828003525734, "rmse_5": 0.02741304412484169, "rmse_6": 0.027382856234908104, "rmse_7": 0.028002843260765076, "rmse_8": 0.02828599326312542, "rmse_9": 0.028432726860046387, "rmse_10": 0.028486376628279686}