{"vy_0.05": 0.014882424846291542, "vy_1": 0.03595196083188057, "vy_2": 0.04328933730721474, "vy_3": 0.04791748523712158, "vy_4": 0.05048267915844917, "vy_5": 0.050113461911678314, "vy_6": 0.04976050183176994, "vy_7": 0.0510299876332283, "vy_8": 0.05150310695171356, "vy_9": 0.05195418372750282, "vy_10": 0.052100200206041336, "psidt_0.05": 0.0026913268957287073, "psidt_1": 0.0051213596016168594, "psidt_2": 0.005882051773369312, "psidt_3": 0.0062957764603197575, "psidt_4": 0.006209295708686113, "psidt_5": 0.0061096083372831345, "psidt_6": 0.006062792148441076, "psidt_7": 0.005917436443269253, "psidt_8": 0.005893017631024122, "psidt_9": 0.005924188531935215, "psidt_10": 0.0058273086324334145, "rmse_0.05": 0.008786875754594803, "rmse_1": 0.02053666114807129, "rmse_2": 0.024585694074630737, "rmse_3": 0.0271066315472126, "rmse_4": 0.028345987200737, "rmse_5": 0.0281115360558033, "rmse_6": 0.02791164629161358, "rmse_7": 0.028473712503910065, "rmse_8": 0.028698062524199486, "rmse_9": 0.02893918566405773, "rmse_10": 0.028963753953576088}