{"vy_0.05": 0.01516735553741455, "vy_1": 0.04471753165125847, "vy_2": 0.05233921855688095, "vy_3": 0.05366339907050133, "vy_4": 0.05476394668221474, "vy_5": 0.05384974926710129, "vy_6": 0.053625527769327164, "vy_7": 0.05568039417266846, "vy_8": 0.05654788389801979, "vy_9": 0.05663392320275307, "vy_10": 0.056356992572546005, "psidt_0.05": 0.002695726463571191, "psidt_1": 0.005878731142729521, "psidt_2": 0.007069972809404135, "psidt_3": 0.007714157458394766, "psidt_4": 0.007575740106403828, "psidt_5": 0.007422186899930239, "psidt_6": 0.007388595025986433, "psidt_7": 0.0073239607736468315, "psidt_8": 0.007306941319257021, "psidt_9": 0.007311264052987099, "psidt_10": 0.007229857612401247, "rmse_0.05": 0.008931540884077549, "rmse_1": 0.02529813162982464, "rmse_2": 0.029704594984650612, "rmse_3": 0.030688777565956116, "rmse_4": 0.031169842928647995, "rmse_5": 0.03063596785068512, "rmse_6": 0.030507061630487442, "rmse_7": 0.03150217607617378, "rmse_8": 0.03192741423845291, "rmse_9": 0.03197259455919266, "rmse_10": 0.03179342672228813}