{"vy_0.05": 0.014507229439914227, "vy_1": 0.047298990190029144, "vy_2": 0.05773355811834335, "vy_3": 0.0628797858953476, "vy_4": 0.06351783871650696, "vy_5": 0.06465821713209152, "vy_6": 0.0660567507147789, "vy_7": 0.06837015599012375, "vy_8": 0.07025612890720367, "vy_9": 0.07032587379217148, "vy_10": 0.07045897096395493, "psidt_0.05": 0.0021805271971970797, "psidt_1": 0.005475313402712345, "psidt_2": 0.007263936568051577, "psidt_3": 0.008165555074810982, "psidt_4": 0.008139042183756828, "psidt_5": 0.008168019354343414, "psidt_6": 0.008382405154407024, "psidt_7": 0.008445956744253635, "psidt_8": 0.008439343422651291, "psidt_9": 0.008579513058066368, "psidt_10": 0.008541754446923733, "rmse_0.05": 0.008343878202140331, "rmse_1": 0.026387151330709457, "rmse_2": 0.03249874711036682, "rmse_3": 0.035522669553756714, "rmse_4": 0.03582844138145447, "rmse_5": 0.03641311824321747, "rmse_6": 0.0372195765376091, "rmse_7": 0.038408055901527405, "rmse_8": 0.03934773802757263, "rmse_9": 0.0394526943564415, "rmse_10": 0.039500363171100616}