{"vy_0.05": 0.014994308352470398, "vy_1": 0.04871271178126335, "vy_2": 0.06425204128026962, "vy_3": 0.06668370962142944, "vy_4": 0.06755626946687698, "vy_5": 0.06837736070156097, "vy_6": 0.06854122132062912, "vy_7": 0.07108056545257568, "vy_8": 0.07282236963510513, "vy_9": 0.07273364067077637, "vy_10": 0.0724179670214653, "psidt_0.05": 0.002434794558212161, "psidt_1": 0.005320195108652115, "psidt_2": 0.006658138707280159, "psidt_3": 0.007562377490103245, "psidt_4": 0.007586733903735876, "psidt_5": 0.007576175965368748, "psidt_6": 0.0075959800742566586, "psidt_7": 0.0075578223913908005, "psidt_8": 0.007613630965352058, "psidt_9": 0.007732981350272894, "psidt_10": 0.0076603516936302185, "rmse_0.05": 0.008714551106095314, "rmse_1": 0.027016453444957733, "rmse_2": 0.035455089062452316, "rmse_3": 0.03712304309010506, "rmse_4": 0.0375715009868145, "rmse_5": 0.037976767867803574, "rmse_6": 0.03806859999895096, "rmse_7": 0.03931919485330582, "rmse_8": 0.04021799936890602, "rmse_9": 0.0402333103120327, "rmse_10": 0.04003915935754776}