{"vy_0.05": 0.012168043293058872, "vy_1": 0.03525332361459732, "vy_2": 0.05103065446019173, "vy_3": 0.058641549199819565, "vy_4": 0.05968807637691498, "vy_5": 0.05870114639401436, "vy_6": 0.059106968343257904, "vy_7": 0.06155368313193321, "vy_8": 0.06312224268913269, "vy_9": 0.06465951353311539, "vy_10": 0.06551152467727661, "psidt_0.05": 0.0022138929925858974, "psidt_1": 0.0059716482646763325, "psidt_2": 0.015192444436252117, "psidt_3": 0.01404912956058979, "psidt_4": 0.013092903420329094, "psidt_5": 0.012517968192696571, "psidt_6": 0.01245392020791769, "psidt_7": 0.013574122451245785, "psidt_8": 0.013254866003990173, "psidt_9": 0.013932263478636742, "psidt_10": 0.013960763812065125, "rmse_0.05": 0.007190967909991741, "rmse_1": 0.020612485706806183, "rmse_2": 0.03311154991388321, "rmse_3": 0.03634534031152725, "rmse_4": 0.03639049082994461, "rmse_5": 0.03560955822467804, "rmse_6": 0.035780444741249084, "rmse_7": 0.03756390139460564, "rmse_8": 0.03818855434656143, "rmse_9": 0.03929588943719864, "rmse_10": 0.03973614424467087}