{"vy_0.05": 0.01460851076990366, "vy_1": 0.035015854984521866, "vy_2": 0.04232889413833618, "vy_3": 0.046381913125514984, "vy_4": 0.04934007674455643, "vy_5": 0.048796147108078, "vy_6": 0.04895976930856705, "vy_7": 0.05032813176512718, "vy_8": 0.050216712057590485, "vy_9": 0.05054892227053642, "vy_10": 0.0509217269718647, "psidt_0.05": 0.0024635514710098505, "psidt_1": 0.004617974162101746, "psidt_2": 0.005508745089173317, "psidt_3": 0.006122787483036518, "psidt_4": 0.006159916985780001, "psidt_5": 0.00612300680950284, "psidt_6": 0.0061094071716070175, "psidt_7": 0.006009894888848066, "psidt_8": 0.005998820997774601, "psidt_9": 0.006016580853611231, "psidt_10": 0.0059219044633209705, "rmse_0.05": 0.00853603146970272, "rmse_1": 0.019816914573311806, "rmse_2": 0.023918818682432175, "rmse_3": 0.026252349838614464, "rmse_4": 0.02774999663233757, "rmse_5": 0.027459576725959778, "rmse_6": 0.027534589171409607, "rmse_7": 0.028169013559818268, "rmse_8": 0.028107766062021255, "rmse_9": 0.028282752260565758, "rmse_10": 0.028421815484762192}