{"vy_0.05": 0.0150397177785635, "vy_1": 0.040012698620557785, "vy_2": 0.04854019731283188, "vy_3": 0.05047452822327614, "vy_4": 0.05228819325566292, "vy_5": 0.05208771675825119, "vy_6": 0.05162256956100464, "vy_7": 0.053419288247823715, "vy_8": 0.05415474250912666, "vy_9": 0.05398379638791084, "vy_10": 0.05377260595560074, "psidt_0.05": 0.0026202313601970673, "psidt_1": 0.0054221730679273605, "psidt_2": 0.006587578449398279, "psidt_3": 0.0070691839791834354, "psidt_4": 0.006958332844078541, "psidt_5": 0.006797971203923225, "psidt_6": 0.006745991762727499, "psidt_7": 0.0066576856188476086, "psidt_8": 0.0066213482059538364, "psidt_9": 0.006641348823904991, "psidt_10": 0.006546459160745144, "rmse_0.05": 0.008829974569380283, "rmse_1": 0.022717434912919998, "rmse_2": 0.02756388857960701, "rmse_3": 0.028771856799721718, "rmse_4": 0.029623262584209442, "rmse_5": 0.029442843049764633, "rmse_6": 0.029184279963374138, "rmse_7": 0.030038487166166306, "rmse_8": 0.03038804605603218, "rmse_9": 0.030312571674585342, "rmse_10": 0.03015953302383423}