{"vy_0.05": 0.015728643164038658, "vy_1": 0.044945940375328064, "vy_2": 0.052762944251298904, "vy_3": 0.05407552793622017, "vy_4": 0.055463626980781555, "vy_5": 0.054418906569480896, "vy_6": 0.05408845096826553, "vy_7": 0.05546829476952553, "vy_8": 0.055760402232408524, "vy_9": 0.05562254413962364, "vy_10": 0.05516035854816437, "psidt_0.05": 0.002534441649913788, "psidt_1": 0.0050276098772883415, "psidt_2": 0.006268014200031757, "psidt_3": 0.00700108939781785, "psidt_4": 0.006923926528543234, "psidt_5": 0.006816008593887091, "psidt_6": 0.006701171398162842, "psidt_7": 0.006644401233643293, "psidt_8": 0.006605751346796751, "psidt_9": 0.0066338395699858665, "psidt_10": 0.006575488019734621, "rmse_0.05": 0.009131542406976223, "rmse_1": 0.02498677559196949, "rmse_2": 0.029515478760004044, "rmse_3": 0.03053830936551094, "rmse_4": 0.031193776056170464, "rmse_5": 0.030617456883192062, "rmse_6": 0.030394811183214188, "rmse_7": 0.031056348234415054, "rmse_8": 0.03118307702243328, "rmse_9": 0.03112819232046604, "rmse_10": 0.03086792305111885}