{"vy_0.05": 0.016761377453804016, "vy_1": 0.05417218431830406, "vy_2": 0.07434362918138504, "vy_3": 0.08841214329004288, "vy_4": 0.09240593016147614, "vy_5": 0.09673807770013809, "vy_6": 0.10071728378534317, "vy_7": 0.1113208532333374, "vy_8": 0.11697772145271301, "vy_9": 0.11878758668899536, "vy_10": 0.12396968901157379, "psidt_0.05": 0.0024039933923631907, "psidt_1": 0.005452139303088188, "psidt_2": 0.0067884717136621475, "psidt_3": 0.007329618092626333, "psidt_4": 0.007527045905590057, "psidt_5": 0.007427992299199104, "psidt_6": 0.007865638472139835, "psidt_7": 0.007781557738780975, "psidt_8": 0.00786349643021822, "psidt_9": 0.008052435703575611, "psidt_10": 0.00812068022787571, "rmse_0.05": 0.009582685306668282, "rmse_1": 0.02981216087937355, "rmse_2": 0.04056604951620102, "rmse_3": 0.047870881855487823, "rmse_4": 0.049966488033533096, "rmse_5": 0.052083034068346024, "rmse_6": 0.054291460663080215, "rmse_7": 0.05955120548605919, "rmse_8": 0.06242061033844948, "rmse_9": 0.06342001259326935, "rmse_10": 0.06604518741369247}