{"vy_0.05": 0.014911968261003494, "vy_1": 0.03611995652318001, "vy_2": 0.04508883133530617, "vy_3": 0.047995425760746, "vy_4": 0.04997443035244942, "vy_5": 0.04947957396507263, "vy_6": 0.04938625544309616, "vy_7": 0.05013201758265495, "vy_8": 0.05053950846195221, "vy_9": 0.050448935478925705, "vy_10": 0.050469957292079926, "psidt_0.05": 0.002363968873396516, "psidt_1": 0.004835627041757107, "psidt_2": 0.0060244216583669186, "psidt_3": 0.0064940182492136955, "psidt_4": 0.006393038667738438, "psidt_5": 0.006257351022213697, "psidt_6": 0.0061763497069478035, "psidt_7": 0.006063045002520084, "psidt_8": 0.005998716223984957, "psidt_9": 0.006061887834221125, "psidt_10": 0.005996422842144966, "rmse_0.05": 0.008637968450784683, "rmse_1": 0.020477792248129845, "rmse_2": 0.025556625798344612, "rmse_3": 0.027244722470641136, "rmse_4": 0.02818373404443264, "rmse_5": 0.02786846272647381, "rmse_6": 0.027781302109360695, "rmse_7": 0.02809753082692623, "rmse_8": 0.02826911211013794, "rmse_9": 0.028255412355065346, "rmse_10": 0.02823318913578987}