{"vy_0.05": 0.014172874391078949, "vy_1": 0.04870503395795822, "vy_2": 0.06285801529884338, "vy_3": 0.06506814062595367, "vy_4": 0.06476064771413803, "vy_5": 0.07112393528223038, "vy_6": 0.07782743871212006, "vy_7": 0.08450790494680405, "vy_8": 0.08613932132720947, "vy_9": 0.08535067737102509, "vy_10": 0.0844925045967102, "psidt_0.05": 0.002289015334099531, "psidt_1": 0.005274602677673101, "psidt_2": 0.006652351934462786, "psidt_3": 0.007449137978255749, "psidt_4": 0.0074616544879972935, "psidt_5": 0.008235972374677658, "psidt_6": 0.009193913079798222, "psidt_7": 0.0096641406416893, "psidt_8": 0.009671034291386604, "psidt_9": 0.00973779521882534, "psidt_10": 0.009566744789481163, "rmse_0.05": 0.008230945095419884, "rmse_1": 0.02698981761932373, "rmse_2": 0.03475518524646759, "rmse_3": 0.03625863790512085, "rmse_4": 0.036111149936914444, "rmse_5": 0.03967995196580887, "rmse_6": 0.04351067543029785, "rmse_7": 0.047086022794246674, "rmse_8": 0.047905176877975464, "rmse_9": 0.04754423722624779, "rmse_10": 0.04702962562441826}