{"vy_0.05": 0.015221958979964256, "vy_1": 0.051720667630434036, "vy_2": 0.06897783279418945, "vy_3": 0.07277008891105652, "vy_4": 0.07315247505903244, "vy_5": 0.07350292056798935, "vy_6": 0.07327719777822495, "vy_7": 0.07538791745901108, "vy_8": 0.07653161138296127, "vy_9": 0.07654588669538498, "vy_10": 0.07605785876512527, "psidt_0.05": 0.002155384747311473, "psidt_1": 0.005014733877032995, "psidt_2": 0.00676185917109251, "psidt_3": 0.007584818173199892, "psidt_4": 0.007651162333786488, "psidt_5": 0.007676942273974419, "psidt_6": 0.0076564764603972435, "psidt_7": 0.007582527585327625, "psidt_8": 0.007572368253022432, "psidt_9": 0.007745315320789814, "psidt_10": 0.0076971822418272495, "rmse_0.05": 0.008688671514391899, "rmse_1": 0.028367700055241585, "rmse_2": 0.03786984458565712, "rmse_3": 0.04017745330929756, "rmse_4": 0.040401820093393326, "rmse_5": 0.04058993235230446, "rmse_6": 0.04046683758497238, "rmse_7": 0.041485223919153214, "rmse_8": 0.04205198958516121, "rmse_9": 0.04214560240507126, "rmse_10": 0.041877519339323044}