{"vy_0.05": 0.016198759898543358, "vy_1": 0.04622940346598625, "vy_2": 0.0548081137239933, "vy_3": 0.0559537410736084, "vy_4": 0.056830186396837234, "vy_5": 0.05614229291677475, "vy_6": 0.055953774601221085, "vy_7": 0.05760740488767624, "vy_8": 0.05854567140340805, "vy_9": 0.05867782235145569, "vy_10": 0.05830443277955055, "psidt_0.05": 0.0025452643167227507, "psidt_1": 0.005201166030019522, "psidt_2": 0.006382925435900688, "psidt_3": 0.007089744322001934, "psidt_4": 0.007044516503810883, "psidt_5": 0.0069040218368172646, "psidt_6": 0.006820757873356342, "psidt_7": 0.0067559462040662766, "psidt_8": 0.006754999049007893, "psidt_9": 0.00675995834171772, "psidt_10": 0.006698490586131811, "rmse_0.05": 0.009372011758387089, "rmse_1": 0.025715284049510956, "rmse_2": 0.03059551864862442, "rmse_3": 0.031521741300821304, "rmse_4": 0.03193735331296921, "rmse_5": 0.03152315691113472, "rmse_6": 0.031387265771627426, "rmse_7": 0.03218167647719383, "rmse_8": 0.032650336623191833, "rmse_9": 0.03271888941526413, "rmse_10": 0.0325014628469944}