{"vy_0.05": 0.014658946543931961, "vy_1": 0.0369553379714489, "vy_2": 0.04582630470395088, "vy_3": 0.04922352731227875, "vy_4": 0.051098864525556564, "vy_5": 0.050375036895275116, "vy_6": 0.05087679997086525, "vy_7": 0.05233503133058548, "vy_8": 0.05342784523963928, "vy_9": 0.05398021638393402, "vy_10": 0.0540364645421505, "psidt_0.05": 0.002555753570050001, "psidt_1": 0.0048960130661726, "psidt_2": 0.005866071674972773, "psidt_3": 0.006307956762611866, "psidt_4": 0.006208559963852167, "psidt_5": 0.006134264636784792, "psidt_6": 0.006070609670132399, "psidt_7": 0.0059910970740020275, "psidt_8": 0.005946455057710409, "psidt_9": 0.0059473104774951935, "psidt_10": 0.005876896437257528, "rmse_0.05": 0.008607350289821625, "rmse_1": 0.020925674587488174, "rmse_2": 0.025846188887953758, "rmse_3": 0.02776574157178402, "rmse_4": 0.028653712943196297, "rmse_5": 0.02825465053319931, "rmse_6": 0.028473705053329468, "rmse_7": 0.029163064435124397, "rmse_8": 0.029687149450182915, "rmse_9": 0.029963763430714607, "rmse_10": 0.029956679791212082}