{"vy_0.05": 0.01698673889040947, "vy_1": 0.053886644542217255, "vy_2": 0.07184821367263794, "vy_3": 0.08616562932729721, "vy_4": 0.08983557671308517, "vy_5": 0.09291768819093704, "vy_6": 0.09604603797197342, "vy_7": 0.10598408430814743, "vy_8": 0.11154644936323166, "vy_9": 0.1127096563577652, "vy_10": 0.11726624518632889, "psidt_0.05": 0.0023689197842031717, "psidt_1": 0.005218764767050743, "psidt_2": 0.006515515968203545, "psidt_3": 0.007207951508462429, "psidt_4": 0.007454661652445793, "psidt_5": 0.007397920824587345, "psidt_6": 0.0077490005642175674, "psidt_7": 0.0076690069399774075, "psidt_8": 0.007805960718542337, "psidt_9": 0.008018666878342628, "psidt_10": 0.008041533641517162, "rmse_0.05": 0.009677829220890999, "rmse_1": 0.029552705585956573, "rmse_2": 0.03918186575174332, "rmse_3": 0.04668679088354111, "rmse_4": 0.04864512011408806, "rmse_5": 0.050157804042100906, "rmse_6": 0.05189751833677292, "rmse_7": 0.05682654678821564, "rmse_8": 0.05967620387673378, "rmse_9": 0.06036416068673134, "rmse_10": 0.06265389174222946}