{"vy_0.05": 0.015371005982160568, "vy_1": 0.05236430838704109, "vy_2": 0.0733964666724205, "vy_3": 0.07807851582765579, "vy_4": 0.07787713408470154, "vy_5": 0.07808602601289749, "vy_6": 0.0776359960436821, "vy_7": 0.0798606351017952, "vy_8": 0.08158037811517715, "vy_9": 0.08155232667922974, "vy_10": 0.08114565163850784, "psidt_0.05": 0.002268778160214424, "psidt_1": 0.005308938678354025, "psidt_2": 0.006779664661735296, "psidt_3": 0.0075214761309325695, "psidt_4": 0.0075897336937487125, "psidt_5": 0.0075499508529901505, "psidt_6": 0.007457617204636335, "psidt_7": 0.007365810219198465, "psidt_8": 0.007410039193928242, "psidt_9": 0.007505615241825581, "psidt_10": 0.007405816577374935, "rmse_0.05": 0.008819892071187496, "rmse_1": 0.028836622834205627, "rmse_2": 0.04008806496858597, "rmse_3": 0.042799994349479675, "rmse_4": 0.042733434587717056, "rmse_5": 0.042817987501621246, "rmse_6": 0.04254680499434471, "rmse_7": 0.04361322149634361, "rmse_8": 0.04449521005153656, "rmse_9": 0.04452897235751152, "rmse_10": 0.044275734573602676}