{"vy_0.05": 0.0137748122215271, "vy_1": 0.03411215916275978, "vy_2": 0.04190991446375847, "vy_3": 0.046694912016391754, "vy_4": 0.048820946365594864, "vy_5": 0.04837336391210556, "vy_6": 0.048197098076343536, "vy_7": 0.049733541905879974, "vy_8": 0.05079752206802368, "vy_9": 0.05134354904294014, "vy_10": 0.051942888647317886, "psidt_0.05": 0.0023658040445297956, "psidt_1": 0.004660171922296286, "psidt_2": 0.005613754503428936, "psidt_3": 0.00615609809756279, "psidt_4": 0.006114346440881491, "psidt_5": 0.006100502330809832, "psidt_6": 0.005997259169816971, "psidt_7": 0.005909554194658995, "psidt_8": 0.0058687953278422356, "psidt_9": 0.005880671087652445, "psidt_10": 0.005840010941028595, "rmse_0.05": 0.008070307783782482, "rmse_1": 0.019386164844036102, "rmse_2": 0.02376183494925499, "rmse_3": 0.026425505056977272, "rmse_4": 0.027467645704746246, "rmse_5": 0.027236932888627052, "rmse_6": 0.027097178623080254, "rmse_7": 0.027821548283100128, "rmse_8": 0.028333159163594246, "rmse_9": 0.028612110763788223, "rmse_10": 0.02889144979417324}