{"vy_0.05": 0.016396494582295418, "vy_1": 0.04254220426082611, "vy_2": 0.049206238240003586, "vy_3": 0.05085095763206482, "vy_4": 0.05219515413045883, "vy_5": 0.05131062492728233, "vy_6": 0.051233645528554916, "vy_7": 0.052416492253541946, "vy_8": 0.0526939257979393, "vy_9": 0.05278060585260391, "vy_10": 0.05256544426083565, "psidt_0.05": 0.002534995786845684, "psidt_1": 0.004887981805950403, "psidt_2": 0.0060643767938017845, "psidt_3": 0.006877928040921688, "psidt_4": 0.00684019410982728, "psidt_5": 0.006688018795102835, "psidt_6": 0.006587947718799114, "psidt_7": 0.006518119480460882, "psidt_8": 0.006500218529254198, "psidt_9": 0.006504802033305168, "psidt_10": 0.00641852430999279, "rmse_0.05": 0.009465744718909264, "rmse_1": 0.023715093731880188, "rmse_2": 0.027635307982563972, "rmse_3": 0.02886444330215454, "rmse_4": 0.029517674818634987, "rmse_5": 0.028999321162700653, "rmse_6": 0.028910797089338303, "rmse_7": 0.029467305168509483, "rmse_8": 0.029597071930766106, "rmse_9": 0.029642704874277115, "rmse_10": 0.029491983354091644}