{"vy_0.05": 0.01529460959136486, "vy_1": 0.04173501953482628, "vy_2": 0.05162471532821655, "vy_3": 0.053529251366853714, "vy_4": 0.054563477635383606, "vy_5": 0.053877368569374084, "vy_6": 0.05336791276931763, "vy_7": 0.054633501917123795, "vy_8": 0.05507173389196396, "vy_9": 0.05478643253445625, "vy_10": 0.05467316135764122, "psidt_0.05": 0.0026096177753061056, "psidt_1": 0.005587341729551554, "psidt_2": 0.006881580222398043, "psidt_3": 0.007464013062417507, "psidt_4": 0.007362029515206814, "psidt_5": 0.0071890950202941895, "psidt_6": 0.007171375676989555, "psidt_7": 0.007091118022799492, "psidt_8": 0.007032919675111771, "psidt_9": 0.007056914735585451, "psidt_10": 0.006959693972021341, "rmse_0.05": 0.008952113799750805, "rmse_1": 0.023661181330680847, "rmse_2": 0.029253147542476654, "rmse_3": 0.030496632680296898, "rmse_4": 0.030962754040956497, "rmse_5": 0.030533231794834137, "rmse_6": 0.030269645154476166, "rmse_7": 0.03086230903863907, "rmse_8": 0.031052326783537865, "rmse_9": 0.03092167340219021, "rmse_10": 0.03081642836332321}