{"vy_0.05": 0.014359171502292156, "vy_1": 0.03318728506565094, "vy_2": 0.03826262429356575, "vy_3": 0.04169422388076782, "vy_4": 0.04572099819779396, "vy_5": 0.045637451112270355, "vy_6": 0.045563895255327225, "vy_7": 0.047161225229501724, "vy_8": 0.04796983674168587, "vy_9": 0.048331573605537415, "vy_10": 0.048774171620607376, "psidt_0.05": 0.0022922034841030836, "psidt_1": 0.004672574810683727, "psidt_2": 0.005659071262925863, "psidt_3": 0.00615652184933424, "psidt_4": 0.006039230618625879, "psidt_5": 0.006000407971441746, "psidt_6": 0.005910237319767475, "psidt_7": 0.005816102027893066, "psidt_8": 0.005791212432086468, "psidt_9": 0.005802440457046032, "psidt_10": 0.005712533835321665, "rmse_0.05": 0.008325687609612942, "rmse_1": 0.01892993040382862, "rmse_2": 0.021960847079753876, "rmse_3": 0.02392537333071232, "rmse_4": 0.02588011510670185, "rmse_5": 0.025818929076194763, "rmse_6": 0.025737065821886063, "rmse_7": 0.026488663628697395, "rmse_8": 0.026880525052547455, "rmse_9": 0.02706700749695301, "rmse_10": 0.02724335342645645}