{"vy_0.05": 0.014364317990839481, "vy_1": 0.03615733981132507, "vy_2": 0.04305374249815941, "vy_3": 0.046944454312324524, "vy_4": 0.049828480929136276, "vy_5": 0.04904286935925484, "vy_6": 0.04871124401688576, "vy_7": 0.050136249512434006, "vy_8": 0.0507068857550621, "vy_9": 0.050337888300418854, "vy_10": 0.050302904099226, "psidt_0.05": 0.002457731869071722, "psidt_1": 0.005248870700597763, "psidt_2": 0.006295559927821159, "psidt_3": 0.0066634733229875565, "psidt_4": 0.0065180519595742226, "psidt_5": 0.006413384806364775, "psidt_6": 0.006381392478942871, "psidt_7": 0.00623483257368207, "psidt_8": 0.006155191920697689, "psidt_9": 0.00616871565580368, "psidt_10": 0.006095753517001867, "rmse_0.05": 0.008411024697124958, "rmse_1": 0.020703105255961418, "rmse_2": 0.02467465028166771, "rmse_3": 0.026803962886333466, "rmse_4": 0.028173265978693962, "rmse_5": 0.02772812731564045, "rmse_6": 0.027546318247914314, "rmse_7": 0.028185540810227394, "rmse_8": 0.028431039303541183, "rmse_9": 0.028253301978111267, "rmse_10": 0.028199328109622}