{"vy_0.05": 0.012640625238418579, "vy_1": 0.04253002628684044, "vy_2": 0.052728716284036636, "vy_3": 0.053396545350551605, "vy_4": 0.05391671136021614, "vy_5": 0.054348889738321304, "vy_6": 0.05521262064576149, "vy_7": 0.05804060399532318, "vy_8": 0.0589338093996048, "vy_9": 0.05880910903215408, "vy_10": 0.058645009994506836, "psidt_0.05": 0.002269742311909795, "psidt_1": 0.004944318439811468, "psidt_2": 0.006300510838627815, "psidt_3": 0.006539127789437771, "psidt_4": 0.006594119127839804, "psidt_5": 0.006782594136893749, "psidt_6": 0.006935261655598879, "psidt_7": 0.006894523743540049, "psidt_8": 0.006898149847984314, "psidt_9": 0.007019436452537775, "psidt_10": 0.006960263941437006, "rmse_0.05": 0.007455183658748865, "rmse_1": 0.023737171664834023, "rmse_2": 0.0295146144926548, "rmse_3": 0.029967837035655975, "rmse_4": 0.03025541454553604, "rmse_5": 0.030565742403268814, "rmse_6": 0.03107394091784954, "rmse_7": 0.0324675627052784, "rmse_8": 0.032915979623794556, "rmse_9": 0.03291427344083786, "rmse_10": 0.03280263766646385}