{"vy_0.05": 0.014396877028048038, "vy_1": 0.04713480547070503, "vy_2": 0.059773270040750504, "vy_3": 0.06042483076453209, "vy_4": 0.06148054450750351, "vy_5": 0.06454023718833923, "vy_6": 0.06597553193569183, "vy_7": 0.0691535472869873, "vy_8": 0.07063903659582138, "vy_9": 0.07083679735660553, "vy_10": 0.0712982714176178, "psidt_0.05": 0.0022866714280098677, "psidt_1": 0.006537891924381256, "psidt_2": 0.008080797269940376, "psidt_3": 0.008216018788516521, "psidt_4": 0.008880442008376122, "psidt_5": 0.008995325304567814, "psidt_6": 0.009759068489074707, "psidt_7": 0.009780587628483772, "psidt_8": 0.009781950153410435, "psidt_9": 0.010032008402049541, "psidt_10": 0.010458510369062424, "rmse_0.05": 0.008341774344444275, "rmse_1": 0.026836348697543144, "rmse_2": 0.033927034586668015, "rmse_3": 0.03432042524218559, "rmse_4": 0.03518049418926239, "rmse_5": 0.036767780780792236, "rmse_6": 0.03786730021238327, "rmse_7": 0.039467066526412964, "rmse_8": 0.04021049290895462, "rmse_9": 0.040434401482343674, "rmse_10": 0.04087839275598526}