{"vy_0.05": 0.016895059496164322, "vy_1": 0.053537506610155106, "vy_2": 0.07211735844612122, "vy_3": 0.08443760126829147, "vy_4": 0.08757889270782471, "vy_5": 0.09101251512765884, "vy_6": 0.09424872696399689, "vy_7": 0.10452747344970703, "vy_8": 0.10963532328605652, "vy_9": 0.11096730828285217, "vy_10": 0.11581825464963913, "psidt_0.05": 0.0024425804149359465, "psidt_1": 0.0054525393061339855, "psidt_2": 0.00678374944254756, "psidt_3": 0.007442213129252195, "psidt_4": 0.007570329587906599, "psidt_5": 0.007461551111191511, "psidt_6": 0.007793576456606388, "psidt_7": 0.007732375990599394, "psidt_8": 0.007802597247064114, "psidt_9": 0.007964525371789932, "psidt_10": 0.007960684597492218, "rmse_0.05": 0.009668819606304169, "rmse_1": 0.02949502319097519, "rmse_2": 0.03945055231451988, "rmse_3": 0.04593990743160248, "rmse_4": 0.04757460951805115, "rmse_5": 0.04923703148961067, "rmse_6": 0.05102115124464035, "rmse_7": 0.056129924952983856, "rmse_8": 0.0587189607322216, "rmse_9": 0.0594659149646759, "rmse_10": 0.061889469623565674}