{"vy_0.05": 0.014810049906373024, "vy_1": 0.03712420165538788, "vy_2": 0.045763321220874786, "vy_3": 0.047878049314022064, "vy_4": 0.04977097362279892, "vy_5": 0.04951738193631172, "vy_6": 0.049884725362062454, "vy_7": 0.051552169024944305, "vy_8": 0.051997654139995575, "vy_9": 0.05226045474410057, "vy_10": 0.05214112624526024, "psidt_0.05": 0.002419225173071027, "psidt_1": 0.0050424449145793915, "psidt_2": 0.006064354907721281, "psidt_3": 0.0065477932803332806, "psidt_4": 0.0064849574118852615, "psidt_5": 0.006406091619282961, "psidt_6": 0.006380321923643351, "psidt_7": 0.006311538629233837, "psidt_8": 0.006279055494815111, "psidt_9": 0.006339732091873884, "psidt_10": 0.00627483706921339, "rmse_0.05": 0.008614637888967991, "rmse_1": 0.021083323284983635, "rmse_2": 0.025913838297128677, "rmse_3": 0.027212921530008316, "rmse_4": 0.028127964586019516, "rmse_5": 0.027961736544966698, "rmse_6": 0.028132524341344833, "rmse_7": 0.02893185429275036, "rmse_8": 0.0291383545845747, "rmse_9": 0.02930009365081787, "rmse_10": 0.029207982122898102}