{"vy_0.05": 0.014477787539362907, "vy_1": 0.03786274418234825, "vy_2": 0.04521656036376953, "vy_3": 0.04931536316871643, "vy_4": 0.05077898129820824, "vy_5": 0.05043746903538704, "vy_6": 0.05044674128293991, "vy_7": 0.052111729979515076, "vy_8": 0.052981119602918625, "vy_9": 0.05350165814161301, "vy_10": 0.053744710981845856, "psidt_0.05": 0.0023795985616743565, "psidt_1": 0.0046679251827299595, "psidt_2": 0.005660179071128368, "psidt_3": 0.006222946103662252, "psidt_4": 0.006178451236337423, "psidt_5": 0.0060379342176020145, "psidt_6": 0.00601181061938405, "psidt_7": 0.0059219845570623875, "psidt_8": 0.0059274062514305115, "psidt_9": 0.005970872938632965, "psidt_10": 0.005908629857003689, "rmse_0.05": 0.008428692817687988, "rmse_1": 0.021265335381031036, "rmse_2": 0.025438370183110237, "rmse_3": 0.02776915393769741, "rmse_4": 0.0284787155687809, "rmse_5": 0.028237702324986458, "rmse_6": 0.028229275718331337, "rmse_7": 0.029016857966780663, "rmse_8": 0.029454262927174568, "rmse_9": 0.029736265540122986, "rmse_10": 0.02982667088508606}