{"vy_0.05": 0.015492204576730728, "vy_1": 0.04227476939558983, "vy_2": 0.05173192173242569, "vy_3": 0.05368155241012573, "vy_4": 0.0552707239985466, "vy_5": 0.054675184190273285, "vy_6": 0.05419372394680977, "vy_7": 0.056241076439619064, "vy_8": 0.056744154542684555, "vy_9": 0.05636996403336525, "vy_10": 0.05600181967020035, "psidt_0.05": 0.0025548571720719337, "psidt_1": 0.0054780966602265835, "psidt_2": 0.006709568668156862, "psidt_3": 0.007290332578122616, "psidt_4": 0.007178470958024263, "psidt_5": 0.007013475988060236, "psidt_6": 0.0070232851430773735, "psidt_7": 0.00692145898938179, "psidt_8": 0.006876896135509014, "psidt_9": 0.006882458925247192, "psidt_10": 0.006786726880818605, "rmse_0.05": 0.009023530408740044, "rmse_1": 0.023876432329416275, "rmse_2": 0.029220744967460632, "rmse_3": 0.03048594295978546, "rmse_4": 0.031224597245454788, "rmse_5": 0.03084433078765869, "rmse_6": 0.03060850501060486, "rmse_7": 0.03158126771450043, "rmse_8": 0.03181052580475807, "rmse_9": 0.03162620961666107, "rmse_10": 0.03139427304267883}