{"vy_0.05": 0.013086504302918911, "vy_1": 0.03932072967290878, "vy_2": 0.05875455215573311, "vy_3": 0.06514628231525421, "vy_4": 0.06733237206935883, "vy_5": 0.06714192777872086, "vy_6": 0.07249343395233154, "vy_7": 0.08200475573539734, "vy_8": 0.08384290337562561, "vy_9": 0.08491305261850357, "vy_10": 0.08475390821695328, "psidt_0.05": 0.0021259053610265255, "psidt_1": 0.0053034452721476555, "psidt_2": 0.008486490696668625, "psidt_3": 0.009516289457678795, "psidt_4": 0.009478496387600899, "psidt_5": 0.009538160637021065, "psidt_6": 0.01102977804839611, "psidt_7": 0.012941140681505203, "psidt_8": 0.013383060693740845, "psidt_9": 0.01353493519127369, "psidt_10": 0.013528716750442982, "rmse_0.05": 0.007606204599142075, "rmse_1": 0.022312087938189507, "rmse_2": 0.03362052142620087, "rmse_3": 0.03733128681778908, "rmse_4": 0.03840543329715729, "rmse_5": 0.038340043276548386, "rmse_6": 0.0417616069316864, "rmse_7": 0.04747294634580612, "rmse_8": 0.04861298203468323, "rmse_9": 0.049223992973566055, "rmse_10": 0.04914131388068199}