{"vy_0.05": 0.014570239931344986, "vy_1": 0.04481040686368942, "vy_2": 0.05686165392398834, "vy_3": 0.05734263360500336, "vy_4": 0.05803539976477623, "vy_5": 0.058038219809532166, "vy_6": 0.05802145600318909, "vy_7": 0.060202326625585556, "vy_8": 0.062023065984249115, "vy_9": 0.06220760941505432, "vy_10": 0.06220194324851036, "psidt_0.05": 0.0024195292498916388, "psidt_1": 0.005612795706838369, "psidt_2": 0.006983205676078796, "psidt_3": 0.0077281235717237, "psidt_4": 0.0076589081436395645, "psidt_5": 0.007577660959213972, "psidt_6": 0.00765134347602725, "psidt_7": 0.007593230810016394, "psidt_8": 0.007711745332926512, "psidt_9": 0.007797922473400831, "psidt_10": 0.007747586350888014, "rmse_0.05": 0.008494884707033634, "rmse_1": 0.025211600586771965, "rmse_2": 0.03192242980003357, "rmse_3": 0.0325353778898716, "rmse_4": 0.03284715488553047, "rmse_5": 0.03280793875455856, "rmse_6": 0.03283639997243881, "rmse_7": 0.03389777988195419, "rmse_8": 0.03486740589141846, "rmse_9": 0.03500276431441307, "rmse_10": 0.03497476503252983}