{"vy_0.05": 0.013564961962401867, "vy_1": 0.04037497937679291, "vy_2": 0.049951717257499695, "vy_3": 0.05227379873394966, "vy_4": 0.05441470816731453, "vy_5": 0.055010952055454254, "vy_6": 0.054705049842596054, "vy_7": 0.05577059090137482, "vy_8": 0.055966902524232864, "vy_9": 0.05721856653690338, "vy_10": 0.05759621411561966, "psidt_0.05": 0.0020945570431649685, "psidt_1": 0.005055488087236881, "psidt_2": 0.006471995729953051, "psidt_3": 0.0068407137878239155, "psidt_4": 0.00686940411105752, "psidt_5": 0.006929964758455753, "psidt_6": 0.007003495469689369, "psidt_7": 0.006856076419353485, "psidt_8": 0.0068718669936060905, "psidt_9": 0.0069312602281570435, "psidt_10": 0.0069512734189629555, "rmse_0.05": 0.007829759269952774, "rmse_1": 0.022715233266353607, "rmse_2": 0.02821185626089573, "rmse_3": 0.029557256028056145, "rmse_4": 0.030642056837677956, "rmse_5": 0.030970457941293716, "rmse_6": 0.030854273587465286, "rmse_7": 0.03131333366036415, "rmse_8": 0.031419385224580765, "rmse_9": 0.03207491338253021, "rmse_10": 0.03227374330163002}