{"vy_0.05": 0.01387125626206398, "vy_1": 0.03890124708414078, "vy_2": 0.04751532897353172, "vy_3": 0.05157329887151718, "vy_4": 0.053409643471241, "vy_5": 0.05323940888047218, "vy_6": 0.05365521460771561, "vy_7": 0.055646028369665146, "vy_8": 0.05700307711958885, "vy_9": 0.05729498341679573, "vy_10": 0.057298239320516586, "psidt_0.05": 0.0026344277430325747, "psidt_1": 0.00524948351085186, "psidt_2": 0.006301306188106537, "psidt_3": 0.006793024949729443, "psidt_4": 0.006625068373978138, "psidt_5": 0.006447425112128258, "psidt_6": 0.006412757560610771, "psidt_7": 0.006335035432130098, "psidt_8": 0.006280035246163607, "psidt_9": 0.0062726461328566074, "psidt_10": 0.006200746167451143, "rmse_0.05": 0.008252842351794243, "rmse_1": 0.022075366228818893, "rmse_2": 0.02690831758081913, "rmse_3": 0.0291831623762846, "rmse_4": 0.03001735545694828, "rmse_5": 0.029843416064977646, "rmse_6": 0.030033987015485764, "rmse_7": 0.03099053166806698, "rmse_8": 0.031641557812690735, "rmse_9": 0.0317838154733181, "rmse_10": 0.03174949437379837}