{"vy_0.05": 0.014854437671601772, "vy_1": 0.04192321002483368, "vy_2": 0.04987145960330963, "vy_3": 0.0535062737762928, "vy_4": 0.05449178069829941, "vy_5": 0.05413355678319931, "vy_6": 0.05491865798830986, "vy_7": 0.056756533682346344, "vy_8": 0.057921845465898514, "vy_9": 0.057738058269023895, "vy_10": 0.05760938674211502, "psidt_0.05": 0.002362045692279935, "psidt_1": 0.004868145566433668, "psidt_2": 0.006097858771681786, "psidt_3": 0.006764017511159182, "psidt_4": 0.006734971422702074, "psidt_5": 0.006588969845324755, "psidt_6": 0.006491694133728743, "psidt_7": 0.006372989621013403, "psidt_8": 0.00638664560392499, "psidt_9": 0.0064114732667803764, "psidt_10": 0.006327400449663401, "rmse_0.05": 0.008608241565525532, "rmse_1": 0.023395678028464317, "rmse_2": 0.027984660118818283, "rmse_3": 0.030135145410895348, "rmse_4": 0.030613375827670097, "rmse_5": 0.03036126308143139, "rmse_6": 0.030705176293849945, "rmse_7": 0.03156476095318794, "rmse_8": 0.03215424716472626, "rmse_9": 0.032074764370918274, "rmse_10": 0.03196839243173599}