{"vy_0.05": 0.014866682700812817, "vy_1": 0.03714289516210556, "vy_2": 0.0450228676199913, "vy_3": 0.04738013818860054, "vy_4": 0.048945240676403046, "vy_5": 0.04811461642384529, "vy_6": 0.047686878591775894, "vy_7": 0.049781545996665955, "vy_8": 0.05034206807613373, "vy_9": 0.050237905234098434, "vy_10": 0.05024319514632225, "psidt_0.05": 0.002763198222965002, "psidt_1": 0.0056418306194245815, "psidt_2": 0.006637596990913153, "psidt_3": 0.0071877469308674335, "psidt_4": 0.007039092481136322, "psidt_5": 0.006853837985545397, "psidt_6": 0.00683780899271369, "psidt_7": 0.00675849849358201, "psidt_8": 0.006731300614774227, "psidt_9": 0.006775526329874992, "psidt_10": 0.006711251568049192, "rmse_0.05": 0.008814940229058266, "rmse_1": 0.02139236219227314, "rmse_2": 0.025830231606960297, "rmse_3": 0.027283942326903343, "rmse_4": 0.027992166578769684, "rmse_5": 0.0274842269718647, "rmse_6": 0.02726234309375286, "rmse_7": 0.028270022943615913, "rmse_8": 0.028536684811115265, "rmse_9": 0.02850671485066414, "rmse_10": 0.028477223590016365}