{"vy_0.05": 0.013322757557034492, "vy_1": 0.03911982476711273, "vy_2": 0.04742692783474922, "vy_3": 0.049482155591249466, "vy_4": 0.05247805640101433, "vy_5": 0.05329032242298126, "vy_6": 0.052998922765254974, "vy_7": 0.054147422313690186, "vy_8": 0.05478030815720558, "vy_9": 0.05572056025266647, "vy_10": 0.05571789667010307, "psidt_0.05": 0.002077024895697832, "psidt_1": 0.004416243638843298, "psidt_2": 0.005682885181158781, "psidt_3": 0.0063094571232795715, "psidt_4": 0.006579100154340267, "psidt_5": 0.0069122640416026115, "psidt_6": 0.007014784030616283, "psidt_7": 0.0068917423486709595, "psidt_8": 0.006971885450184345, "psidt_9": 0.00708386255428195, "psidt_10": 0.007021165452897549, "rmse_0.05": 0.007699890993535519, "rmse_1": 0.021768033504486084, "rmse_2": 0.026554906740784645, "rmse_3": 0.02789580635726452, "rmse_4": 0.029528578743338585, "rmse_5": 0.030101293697953224, "rmse_6": 0.030006853863596916, "rmse_7": 0.030519582331180573, "rmse_8": 0.030876096338033676, "rmse_9": 0.031402211636304855, "rmse_10": 0.03136952966451645}