{"vy_0.05": 0.01513084676116705, "vy_1": 0.04062797874212265, "vy_2": 0.051956821233034134, "vy_3": 0.05455237999558449, "vy_4": 0.05534845590591431, "vy_5": 0.054498590528964996, "vy_6": 0.05408754199743271, "vy_7": 0.055916253477334976, "vy_8": 0.05703800916671753, "vy_9": 0.0571734644472599, "vy_10": 0.056995049118995667, "psidt_0.05": 0.0026106724981218576, "psidt_1": 0.005475707817822695, "psidt_2": 0.0065539805218577385, "psidt_3": 0.0069000450894236565, "psidt_4": 0.006760431453585625, "psidt_5": 0.006586644798517227, "psidt_6": 0.006553076673299074, "psidt_7": 0.006471375003457069, "psidt_8": 0.00641498202458024, "psidt_9": 0.006429893895983696, "psidt_10": 0.006344723515212536, "rmse_0.05": 0.008870759978890419, "rmse_1": 0.02305184304714203, "rmse_2": 0.029255401343107224, "rmse_3": 0.03072621300816536, "rmse_4": 0.03105444461107254, "rmse_5": 0.030542617663741112, "rmse_6": 0.030320309102535248, "rmse_7": 0.031193815171718597, "rmse_8": 0.031726494431495667, "rmse_9": 0.031801678240299225, "rmse_10": 0.03166988492012024}