{"vy_0.05": 0.013635826297104359, "vy_1": 0.0355447456240654, "vy_2": 0.041789036244153976, "vy_3": 0.04801139235496521, "vy_4": 0.05118410661816597, "vy_5": 0.050286561250686646, "vy_6": 0.050011564046144485, "vy_7": 0.051082272082567215, "vy_8": 0.051669828593730927, "vy_9": 0.051814064383506775, "vy_10": 0.05189312621951103, "psidt_0.05": 0.0027251718565821648, "psidt_1": 0.004977064672857523, "psidt_2": 0.005890779662877321, "psidt_3": 0.00641340808942914, "psidt_4": 0.006284549832344055, "psidt_5": 0.006142843049019575, "psidt_6": 0.0060860891826450825, "psidt_7": 0.00594466645270586, "psidt_8": 0.0059328642673790455, "psidt_9": 0.005943772848695517, "psidt_10": 0.005895920563489199, "rmse_0.05": 0.008180499076843262, "rmse_1": 0.020260905846953392, "rmse_2": 0.023839907720685005, "rmse_3": 0.02721239998936653, "rmse_4": 0.028734328225255013, "rmse_5": 0.028214702382683754, "rmse_6": 0.02804882638156414, "rmse_7": 0.02851346880197525, "rmse_8": 0.028801346197724342, "rmse_9": 0.028878917917609215, "rmse_10": 0.028894523158669472}