{"vy_0.05": 0.015094796195626259, "vy_1": 0.03651394695043564, "vy_2": 0.043956972658634186, "vy_3": 0.04696321114897728, "vy_4": 0.04900692030787468, "vy_5": 0.04838128387928009, "vy_6": 0.04831239953637123, "vy_7": 0.05029108375310898, "vy_8": 0.051035068929195404, "vy_9": 0.0512639656662941, "vy_10": 0.05128616467118263, "psidt_0.05": 0.00250740977935493, "psidt_1": 0.005086357705295086, "psidt_2": 0.006005606614053249, "psidt_3": 0.006552015896886587, "psidt_4": 0.006439396180212498, "psidt_5": 0.006323505192995071, "psidt_6": 0.006262323819100857, "psidt_7": 0.0061965202912688255, "psidt_8": 0.0061477795243263245, "psidt_9": 0.006207897327840328, "psidt_10": 0.006163304205983877, "rmse_0.05": 0.008801102638244629, "rmse_1": 0.02080015279352665, "rmse_2": 0.024981290102005005, "rmse_3": 0.026757612824440002, "rmse_4": 0.0277231577783823, "rmse_5": 0.02735239453613758, "rmse_6": 0.02728736214339733, "rmse_7": 0.02824380248785019, "rmse_8": 0.028591424226760864, "rmse_9": 0.0287359319627285, "rmse_10": 0.028724733740091324}