{"vy_0.05": 0.01477960217744112, "vy_1": 0.036291103810071945, "vy_2": 0.04517349600791931, "vy_3": 0.04880658909678459, "vy_4": 0.05035129934549332, "vy_5": 0.05004511773586273, "vy_6": 0.05022349953651428, "vy_7": 0.05247212201356888, "vy_8": 0.053244687616825104, "vy_9": 0.05304110795259476, "vy_10": 0.05343061313033104, "psidt_0.05": 0.0024795695208013058, "psidt_1": 0.005258495453745127, "psidt_2": 0.006293254904448986, "psidt_3": 0.006748632062226534, "psidt_4": 0.006653379183262587, "psidt_5": 0.006548393052071333, "psidt_6": 0.006585731636732817, "psidt_7": 0.006489794235676527, "psidt_8": 0.006423654966056347, "psidt_9": 0.006468004547059536, "psidt_10": 0.006375875789672136, "rmse_0.05": 0.00862958561629057, "rmse_1": 0.020774800330400467, "rmse_2": 0.025733375921845436, "rmse_3": 0.02777761034667492, "rmse_4": 0.028502339497208595, "rmse_5": 0.028296755626797676, "rmse_6": 0.028404615819454193, "rmse_7": 0.029480958357453346, "rmse_8": 0.029834171757102013, "rmse_9": 0.029754556715488434, "rmse_10": 0.029903244227170944}