{"vy_0.05": 0.015653202310204506, "vy_1": 0.0385938435792923, "vy_2": 0.04598468914628029, "vy_3": 0.048646602779626846, "vy_4": 0.0507052019238472, "vy_5": 0.049934450536966324, "vy_6": 0.04958421364426613, "vy_7": 0.051067207008600235, "vy_8": 0.05143796652555466, "vy_9": 0.05153141915798187, "vy_10": 0.051399294286966324, "psidt_0.05": 0.0026819969061762094, "psidt_1": 0.004870456177741289, "psidt_2": 0.00604276405647397, "psidt_3": 0.00667185103520751, "psidt_4": 0.006616948172450066, "psidt_5": 0.006499777548015118, "psidt_6": 0.006391527131199837, "psidt_7": 0.006367367226630449, "psidt_8": 0.00637210626155138, "psidt_9": 0.006403445266187191, "psidt_10": 0.006358943413943052, "rmse_0.05": 0.009167599491775036, "rmse_1": 0.02173214964568615, "rmse_2": 0.026013726368546486, "rmse_3": 0.027659226208925247, "rmse_4": 0.028661075979471207, "rmse_5": 0.028217114508152008, "rmse_6": 0.027987871319055557, "rmse_7": 0.0287172868847847, "rmse_8": 0.02890503592789173, "rmse_9": 0.02896743267774582, "rmse_10": 0.02887911908328533}