{"vy_0.05": 0.01319833006709814, "vy_1": 0.03612235188484192, "vy_2": 0.0451853908598423, "vy_3": 0.04852582514286041, "vy_4": 0.05155316740274429, "vy_5": 0.052493028342723846, "vy_6": 0.05224204808473587, "vy_7": 0.053356703370809555, "vy_8": 0.05378016456961632, "vy_9": 0.05463322624564171, "vy_10": 0.054742515087127686, "psidt_0.05": 0.002223365008831024, "psidt_1": 0.0047750636003911495, "psidt_2": 0.006167547777295113, "psidt_3": 0.006722457706928253, "psidt_4": 0.006623494438827038, "psidt_5": 0.00689154164865613, "psidt_6": 0.006877769250422716, "psidt_7": 0.006716038566082716, "psidt_8": 0.006696537137031555, "psidt_9": 0.006811615079641342, "psidt_10": 0.006765622645616531, "rmse_0.05": 0.0077108475379645824, "rmse_1": 0.020448707044124603, "rmse_2": 0.02567647024989128, "rmse_3": 0.027624141424894333, "rmse_4": 0.029088331386446953, "rmse_5": 0.029692284762859344, "rmse_6": 0.02955990843474865, "rmse_7": 0.03003637120127678, "rmse_8": 0.030238350853323936, "rmse_9": 0.030722420662641525, "rmse_10": 0.03075406886637211}