{"vy_0.05": 0.016897739842534065, "vy_1": 0.05399641394615173, "vy_2": 0.07244853675365448, "vy_3": 0.08414603024721146, "vy_4": 0.08727511018514633, "vy_5": 0.09066642075777054, "vy_6": 0.09396696090698242, "vy_7": 0.10416843742132187, "vy_8": 0.10914599895477295, "vy_9": 0.11044245958328247, "vy_10": 0.11501369625329971, "psidt_0.05": 0.002449833555147052, "psidt_1": 0.005393682979047298, "psidt_2": 0.006661547347903252, "psidt_3": 0.007314200047403574, "psidt_4": 0.007459869608283043, "psidt_5": 0.007369005586951971, "psidt_6": 0.007711662445217371, "psidt_7": 0.007660665083676577, "psidt_8": 0.0077488659881055355, "psidt_9": 0.007928615435957909, "psidt_10": 0.00791667029261589, "rmse_0.05": 0.009673786349594593, "rmse_1": 0.029695048928260803, "rmse_2": 0.03955504298210144, "rmse_3": 0.0457301139831543, "rmse_4": 0.04736749082803726, "rmse_5": 0.049017712473869324, "rmse_6": 0.05083931237459183, "rmse_7": 0.05591455101966858, "rmse_8": 0.05844743177294731, "rmse_9": 0.059185538440942764, "rmse_10": 0.06146518141031265}