{"vy_0.05": 0.014507334679365158, "vy_1": 0.04272034391760826, "vy_2": 0.05161621421575546, "vy_3": 0.056762270629405975, "vy_4": 0.05815279856324196, "vy_5": 0.058679573237895966, "vy_6": 0.06013210117816925, "vy_7": 0.06176350638270378, "vy_8": 0.06336241215467453, "vy_9": 0.06378602981567383, "vy_10": 0.06415220350027084, "psidt_0.05": 0.002360596088692546, "psidt_1": 0.004879003390669823, "psidt_2": 0.006258291192352772, "psidt_3": 0.006972610950469971, "psidt_4": 0.006904704961925745, "psidt_5": 0.006705738138407469, "psidt_6": 0.006594986189156771, "psidt_7": 0.006516984663903713, "psidt_8": 0.006547888275235891, "psidt_9": 0.006584853865206242, "psidt_10": 0.006525541190057993, "rmse_0.05": 0.008433965034782887, "rmse_1": 0.023799672722816467, "rmse_2": 0.02893725223839283, "rmse_3": 0.03186744078993797, "rmse_4": 0.032528750598430634, "rmse_5": 0.03269265592098236, "rmse_6": 0.03336354345083237, "rmse_7": 0.034140244126319885, "rmse_8": 0.03495515137910843, "rmse_9": 0.03518544137477875, "rmse_10": 0.0353388711810112}