{"vy_0.05": 0.01700291596353054, "vy_1": 0.05402476340532303, "vy_2": 0.07161843031644821, "vy_3": 0.08444920927286148, "vy_4": 0.0877760499715805, "vy_5": 0.09202225506305695, "vy_6": 0.09555446356534958, "vy_7": 0.10457589477300644, "vy_8": 0.10966387391090393, "vy_9": 0.11141886562108994, "vy_10": 0.1161399707198143, "psidt_0.05": 0.002321912907063961, "psidt_1": 0.00510981772094965, "psidt_2": 0.006652529817074537, "psidt_3": 0.007340763229876757, "psidt_4": 0.007505340501666069, "psidt_5": 0.007452776655554771, "psidt_6": 0.007792266085743904, "psidt_7": 0.007769740652292967, "psidt_8": 0.007883421145379543, "psidt_9": 0.008113974705338478, "psidt_10": 0.00813146959990263, "rmse_0.05": 0.009662413969635963, "rmse_1": 0.029567290097475052, "rmse_2": 0.03913547843694687, "rmse_3": 0.045894987881183624, "rmse_4": 0.04764069616794586, "rmse_5": 0.04973751679062843, "rmse_6": 0.05167336389422417, "rmse_7": 0.05617281794548035, "rmse_8": 0.058773647993803024, "rmse_9": 0.05976641923189163, "rmse_10": 0.0621357187628746}