{"vy_0.05": 0.015759678557515144, "vy_1": 0.04514266178011894, "vy_2": 0.053570542484521866, "vy_3": 0.05500204488635063, "vy_4": 0.05565013363957405, "vy_5": 0.054591454565525055, "vy_6": 0.05430182069540024, "vy_7": 0.05556034296751022, "vy_8": 0.05615073814988136, "vy_9": 0.05621254816651344, "vy_10": 0.05596945807337761, "psidt_0.05": 0.002579210791736841, "psidt_1": 0.005357816815376282, "psidt_2": 0.006595322862267494, "psidt_3": 0.007258971221745014, "psidt_4": 0.007199672516435385, "psidt_5": 0.007086141966283321, "psidt_6": 0.00702683674171567, "psidt_7": 0.006989770103245974, "psidt_8": 0.006950479932129383, "psidt_9": 0.006992412731051445, "psidt_10": 0.006935241632163525, "rmse_0.05": 0.009169444441795349, "rmse_1": 0.025250239297747612, "rmse_2": 0.030082933604717255, "rmse_3": 0.031130507588386536, "rmse_4": 0.03142490237951279, "rmse_5": 0.030838798731565475, "rmse_6": 0.03066432848572731, "rmse_7": 0.031275056302547455, "rmse_8": 0.031550608575344086, "rmse_9": 0.03160247951745987, "rmse_10": 0.031452350318431854}