{"vy_0.05": 0.013955262489616871, "vy_1": 0.046291105449199677, "vy_2": 0.05676600709557533, "vy_3": 0.05761139094829559, "vy_4": 0.05938754975795746, "vy_5": 0.06007292494177818, "vy_6": 0.061675120145082474, "vy_7": 0.06334812194108963, "vy_8": 0.06473218649625778, "vy_9": 0.0651177167892456, "vy_10": 0.06512534618377686, "psidt_0.05": 0.002357774181291461, "psidt_1": 0.005147652234882116, "psidt_2": 0.0063220844604074955, "psidt_3": 0.007398213725537062, "psidt_4": 0.007286816835403442, "psidt_5": 0.0073021589778363705, "psidt_6": 0.007388472557067871, "psidt_7": 0.00732233002781868, "psidt_8": 0.007275748066604137, "psidt_9": 0.007355707231909037, "psidt_10": 0.007282451260834932, "rmse_0.05": 0.008156518451869488, "rmse_1": 0.025719378143548965, "rmse_2": 0.031544044613838196, "rmse_3": 0.03250480070710182, "rmse_4": 0.03333718329668045, "rmse_5": 0.033687543123960495, "rmse_6": 0.03453179448843002, "rmse_7": 0.035335227847099304, "rmse_8": 0.0360039658844471, "rmse_9": 0.0362367108464241, "rmse_10": 0.03620389848947525}