{"vy_0.05": 0.014213595539331436, "vy_1": 0.04243551567196846, "vy_2": 0.051105108112096786, "vy_3": 0.05702962353825569, "vy_4": 0.05783357471227646, "vy_5": 0.057192496955394745, "vy_6": 0.057821765542030334, "vy_7": 0.059456001967191696, "vy_8": 0.06113965064287186, "vy_9": 0.061702661216259, "vy_10": 0.061877645552158356, "psidt_0.05": 0.0025212860200554132, "psidt_1": 0.005246049724519253, "psidt_2": 0.006514621898531914, "psidt_3": 0.0071575455367565155, "psidt_4": 0.007087675854563713, "psidt_5": 0.006907669361680746, "psidt_6": 0.006881221663206816, "psidt_7": 0.0067664263769984245, "psidt_8": 0.006728387903422117, "psidt_9": 0.00675275968387723, "psidt_10": 0.006650038529187441, "rmse_0.05": 0.008367440663278103, "rmse_1": 0.023840783163905144, "rmse_2": 0.028809864073991776, "rmse_3": 0.032093584537506104, "rmse_4": 0.03246062621474266, "rmse_5": 0.032050084322690964, "rmse_6": 0.03235149383544922, "rmse_7": 0.03311121463775635, "rmse_8": 0.03393401950597763, "rmse_9": 0.03422771021723747, "rmse_10": 0.034263841807842255}