{"vy_0.05": 0.014912799932062626, "vy_1": 0.0417916364967823, "vy_2": 0.049819402396678925, "vy_3": 0.05191424861550331, "vy_4": 0.05357896164059639, "vy_5": 0.052689019590616226, "vy_6": 0.05211978033185005, "vy_7": 0.053562864661216736, "vy_8": 0.053775426000356674, "vy_9": 0.05357569456100464, "vy_10": 0.05358785018324852, "psidt_0.05": 0.0025615317281335592, "psidt_1": 0.005475439131259918, "psidt_2": 0.006787934806197882, "psidt_3": 0.0073366183787584305, "psidt_4": 0.007226800080388784, "psidt_5": 0.0071057770401239395, "psidt_6": 0.0070668235421180725, "psidt_7": 0.006961689796298742, "psidt_8": 0.0068991719745099545, "psidt_9": 0.006928351707756519, "psidt_10": 0.006871724966913462, "rmse_0.05": 0.008737165480852127, "rmse_1": 0.02363353781402111, "rmse_2": 0.028303667902946472, "rmse_3": 0.029625434428453445, "rmse_4": 0.030402880162000656, "rmse_5": 0.029897399246692657, "rmse_6": 0.029593301936984062, "rmse_7": 0.030262276530265808, "rmse_8": 0.030337298288941383, "rmse_9": 0.03025202266871929, "rmse_10": 0.030229788273572922}