{"vy_0.05": 0.014940113760530949, "vy_1": 0.03664056211709976, "vy_2": 0.043805353343486786, "vy_3": 0.04666195809841156, "vy_4": 0.04886927828192711, "vy_5": 0.04868097975850105, "vy_6": 0.0489380918443203, "vy_7": 0.0507320873439312, "vy_8": 0.05147125944495201, "vy_9": 0.051909081637859344, "vy_10": 0.05203848332166672, "psidt_0.05": 0.002616492798551917, "psidt_1": 0.005259891040623188, "psidt_2": 0.006411103531718254, "psidt_3": 0.006888606119900942, "psidt_4": 0.006793924141675234, "psidt_5": 0.006645917426794767, "psidt_6": 0.00655889930203557, "psidt_7": 0.006479077041149139, "psidt_8": 0.006454893387854099, "psidt_9": 0.006511771585792303, "psidt_10": 0.006467733532190323, "rmse_0.05": 0.008778302930295467, "rmse_1": 0.020950226113200188, "rmse_2": 0.025108229368925095, "rmse_3": 0.026775281876325607, "rmse_4": 0.027831600978970528, "rmse_5": 0.027663448825478554, "rmse_6": 0.02774849534034729, "rmse_7": 0.02860558219254017, "rmse_8": 0.028963075950741768, "rmse_9": 0.029210425913333893, "rmse_10": 0.02925310842692852}