{"vy_0.05": 0.014245988801121712, "vy_1": 0.03625153377652168, "vy_2": 0.042599402368068695, "vy_3": 0.044771939516067505, "vy_4": 0.04697606712579727, "vy_5": 0.046963248401880264, "vy_6": 0.04727717116475105, "vy_7": 0.04917217791080475, "vy_8": 0.05068341642618179, "vy_9": 0.05137797072529793, "vy_10": 0.051533669233322144, "psidt_0.05": 0.0024669847916811705, "psidt_1": 0.004843851085752249, "psidt_2": 0.0058826422318816185, "psidt_3": 0.006281110458076, "psidt_4": 0.00619336124509573, "psidt_5": 0.006082808133214712, "psidt_6": 0.0060075498186051846, "psidt_7": 0.005883445031940937, "psidt_8": 0.00586613267660141, "psidt_9": 0.0058953589759767056, "psidt_10": 0.0058235907927155495, "rmse_0.05": 0.008356486447155476, "rmse_1": 0.020547691732645035, "rmse_2": 0.024241022765636444, "rmse_3": 0.02552652545273304, "rmse_4": 0.026584714651107788, "rmse_5": 0.026523027569055557, "rmse_6": 0.026642359793186188, "rmse_7": 0.027527811005711555, "rmse_8": 0.0282747745513916, "rmse_9": 0.028636664152145386, "rmse_10": 0.02867862954735756}