{"vy_0.05": 0.014675666578114033, "vy_1": 0.03914294391870499, "vy_2": 0.04576243832707405, "vy_3": 0.05005131661891937, "vy_4": 0.05298401415348053, "vy_5": 0.05273586884140968, "vy_6": 0.05293722823262215, "vy_7": 0.05401790887117386, "vy_8": 0.054343946278095245, "vy_9": 0.05512111634016037, "vy_10": 0.05600101128220558, "psidt_0.05": 0.002296043559908867, "psidt_1": 0.00481244595721364, "psidt_2": 0.005807284265756607, "psidt_3": 0.006368646863847971, "psidt_4": 0.006249940488487482, "psidt_5": 0.0061311302706599236, "psidt_6": 0.00608086446300149, "psidt_7": 0.005958037916570902, "psidt_8": 0.005885025020688772, "psidt_9": 0.005962096154689789, "psidt_10": 0.005913055967539549, "rmse_0.05": 0.008485855534672737, "rmse_1": 0.02197769470512867, "rmse_2": 0.02578486129641533, "rmse_3": 0.028209982439875603, "rmse_4": 0.029616978019475937, "rmse_5": 0.02943350002169609, "rmse_6": 0.02950904704630375, "rmse_7": 0.02998797409236431, "rmse_8": 0.030114484950900078, "rmse_9": 0.03054160624742508, "rmse_10": 0.03095703385770321}