{"vy_0.05": 0.014455912634730339, "vy_1": 0.04785960167646408, "vy_2": 0.060413263738155365, "vy_3": 0.06287812441587448, "vy_4": 0.06325376033782959, "vy_5": 0.06337972730398178, "vy_6": 0.06414008885622025, "vy_7": 0.06627074629068375, "vy_8": 0.06734298169612885, "vy_9": 0.06718766689300537, "vy_10": 0.06704998016357422, "psidt_0.05": 0.0023525021970272064, "psidt_1": 0.005657233763486147, "psidt_2": 0.006863761693239212, "psidt_3": 0.007655526977032423, "psidt_4": 0.007617505267262459, "psidt_5": 0.007520855404436588, "psidt_6": 0.007545259315520525, "psidt_7": 0.007428841199725866, "psidt_8": 0.007431996986269951, "psidt_9": 0.007488881703466177, "psidt_10": 0.007412836421281099, "rmse_0.05": 0.008404207415878773, "rmse_1": 0.02675841748714447, "rmse_2": 0.03363851457834244, "rmse_3": 0.03526682406663895, "rmse_4": 0.03543563187122345, "rmse_5": 0.0354502908885479, "rmse_6": 0.03584267571568489, "rmse_7": 0.036849793046712875, "rmse_8": 0.03738749027252197, "rmse_9": 0.03733827546238899, "rmse_10": 0.037231408059597015}