{"vy_0.05": 0.01702849753201008, "vy_1": 0.05496237799525261, "vy_2": 0.0747280940413475, "vy_3": 0.08871684968471527, "vy_4": 0.09256897121667862, "vy_5": 0.09678704291582108, "vy_6": 0.10035670548677444, "vy_7": 0.11129027605056763, "vy_8": 0.11682477593421936, "vy_9": 0.11834466457366943, "vy_10": 0.12354911863803864, "psidt_0.05": 0.002372568938881159, "psidt_1": 0.005374330095946789, "psidt_2": 0.006515669636428356, "psidt_3": 0.007204133085906506, "psidt_4": 0.007425793446600437, "psidt_5": 0.007387029938399792, "psidt_6": 0.007769158110022545, "psidt_7": 0.007702284026890993, "psidt_8": 0.007825507782399654, "psidt_9": 0.00802008155733347, "psidt_10": 0.008056225255131721, "rmse_0.05": 0.009700533002614975, "rmse_1": 0.030168354511260986, "rmse_2": 0.04062188044190407, "rmse_3": 0.047960489988327026, "rmse_4": 0.04999738186597824, "rmse_5": 0.05208703503012657, "rmse_6": 0.05406293272972107, "rmse_7": 0.059496279805898666, "rmse_8": 0.062325142323970795, "rmse_9": 0.06318237632513046, "rmse_10": 0.0658026710152626}