{"vy_0.05": 0.01344782393425703, "vy_1": 0.041970472782850266, "vy_2": 0.0515083372592926, "vy_3": 0.05724433436989784, "vy_4": 0.058336734771728516, "vy_5": 0.0710025280714035, "vy_6": 0.08413589745759964, "vy_7": 0.09086033701896667, "vy_8": 0.09361313283443451, "vy_9": 0.09382127970457077, "vy_10": 0.10570330172777176, "psidt_0.05": 0.002327839145436883, "psidt_1": 0.005093261133879423, "psidt_2": 0.0063045998103916645, "psidt_3": 0.007033226080238819, "psidt_4": 0.007059299852699041, "psidt_5": 0.0094910254701972, "psidt_6": 0.011291238479316235, "psidt_7": 0.011917931959033012, "psidt_8": 0.012019956484436989, "psidt_9": 0.012363116256892681, "psidt_10": 0.01454087346792221, "rmse_0.05": 0.007887831889092922, "rmse_1": 0.023531867191195488, "rmse_2": 0.02890646830201149, "rmse_3": 0.03213877975940704, "rmse_4": 0.03269801661372185, "rmse_5": 0.04024677723646164, "rmse_6": 0.047713566571474075, "rmse_7": 0.05138913542032242, "rmse_8": 0.052816543728113174, "rmse_9": 0.053092196583747864, "rmse_10": 0.060122087597846985}