{"vy_0.05": 0.014823716133832932, "vy_1": 0.03665584325790405, "vy_2": 0.0439283661544323, "vy_3": 0.0474809892475605, "vy_4": 0.049549926072359085, "vy_5": 0.04991023615002632, "vy_6": 0.05100291222333908, "vy_7": 0.053102098405361176, "vy_8": 0.05313853546977043, "vy_9": 0.05372069031000137, "vy_10": 0.054158758372068405, "psidt_0.05": 0.0026475561317056417, "psidt_1": 0.004582660738378763, "psidt_2": 0.005368937738239765, "psidt_3": 0.005883687641471624, "psidt_4": 0.005807139445096254, "psidt_5": 0.00571586424484849, "psidt_6": 0.0057387929409742355, "psidt_7": 0.005643850192427635, "psidt_8": 0.005598581861704588, "psidt_9": 0.0056440080516040325, "psidt_10": 0.005570427980273962, "rmse_0.05": 0.008735636249184608, "rmse_1": 0.02061925269663334, "rmse_2": 0.024648651480674744, "rmse_3": 0.026682337746024132, "rmse_4": 0.027678532525897026, "rmse_5": 0.027813050895929337, "rmse_6": 0.028370853513479233, "rmse_7": 0.02937297523021698, "rmse_8": 0.029368558898568153, "rmse_9": 0.029682349413633347, "rmse_10": 0.029864592477679253}