{"vy_0.05": 0.015528888441622257, "vy_1": 0.042735505849123, "vy_2": 0.049492187798023224, "vy_3": 0.05048181489109993, "vy_4": 0.05146403610706329, "vy_5": 0.05056609958410263, "vy_6": 0.05062008276581764, "vy_7": 0.051781605929136276, "vy_8": 0.05226260423660278, "vy_9": 0.05242052674293518, "vy_10": 0.05226031690835953, "psidt_0.05": 0.002446137834340334, "psidt_1": 0.00516434945166111, "psidt_2": 0.006419812329113483, "psidt_3": 0.007102421019226313, "psidt_4": 0.007070324849337339, "psidt_5": 0.006931486539542675, "psidt_6": 0.006852959282696247, "psidt_7": 0.006772598251700401, "psidt_8": 0.006789635866880417, "psidt_9": 0.006796720903366804, "psidt_10": 0.006722496822476387, "rmse_0.05": 0.00898751337081194, "rmse_1": 0.02394992858171463, "rmse_2": 0.027955999597907066, "rmse_3": 0.028792118653655052, "rmse_4": 0.02926718071103096, "rmse_5": 0.02874879352748394, "rmse_6": 0.028736520558595657, "rmse_7": 0.029277101159095764, "rmse_8": 0.0295261200517416, "rmse_9": 0.029608624055981636, "rmse_10": 0.029491405934095383}