{"vy_0.05": 0.014406858012080193, "vy_1": 0.0403246246278286, "vy_2": 0.04905407503247261, "vy_3": 0.05114178732037544, "vy_4": 0.05225251615047455, "vy_5": 0.05148047208786011, "vy_6": 0.051348727196455, "vy_7": 0.05268831551074982, "vy_8": 0.05312476307153702, "vy_9": 0.05300149694085121, "vy_10": 0.05294021591544151, "psidt_0.05": 0.002436567097902298, "psidt_1": 0.004787022713571787, "psidt_2": 0.006008698605000973, "psidt_3": 0.006610311567783356, "psidt_4": 0.006538461893796921, "psidt_5": 0.006378797348588705, "psidt_6": 0.006261737551540136, "psidt_7": 0.006178676150739193, "psidt_8": 0.006171805318444967, "psidt_9": 0.006234162021428347, "psidt_10": 0.006198046263307333, "rmse_0.05": 0.008421712554991245, "rmse_1": 0.022555824369192123, "rmse_2": 0.02753138728439808, "rmse_3": 0.0288760494440794, "rmse_4": 0.029395489022135735, "rmse_5": 0.028929634019732475, "rmse_6": 0.028805231675505638, "rmse_7": 0.029433496296405792, "rmse_8": 0.02964828349649906, "rmse_9": 0.029617829248309135, "rmse_10": 0.029569130390882492}