{"vy_0.05": 0.012782173231244087, "vy_1": 0.03493357449769974, "vy_2": 0.04109472036361694, "vy_3": 0.04506968334317207, "vy_4": 0.04840549826622009, "vy_5": 0.04846128448843956, "vy_6": 0.04827447608113289, "vy_7": 0.05011679232120514, "vy_8": 0.05088435113430023, "vy_9": 0.05152887478470802, "vy_10": 0.05165785551071167, "psidt_0.05": 0.002126057632267475, "psidt_1": 0.004203108139336109, "psidt_2": 0.005287508014589548, "psidt_3": 0.005838585551828146, "psidt_4": 0.0057967775501310825, "psidt_5": 0.005863495636731386, "psidt_6": 0.005820929072797298, "psidt_7": 0.005756547674536705, "psidt_8": 0.005835785064846277, "psidt_9": 0.005860356148332357, "psidt_10": 0.0057950494810938835, "rmse_0.05": 0.007454115431755781, "rmse_1": 0.019568340852856636, "rmse_2": 0.023191114887595177, "rmse_3": 0.02545413374900818, "rmse_4": 0.02710113860666752, "rmse_5": 0.02716238982975483, "rmse_6": 0.02704770304262638, "rmse_7": 0.027936670929193497, "rmse_8": 0.028360068798065186, "rmse_9": 0.02869461476802826, "rmse_10": 0.028726452961564064}