{"vy_0.05": 0.01696225255727768, "vy_1": 0.053601618856191635, "vy_2": 0.07209661602973938, "vy_3": 0.08368267118930817, "vy_4": 0.0870165303349495, "vy_5": 0.09083283692598343, "vy_6": 0.0943441167473793, "vy_7": 0.1046094298362732, "vy_8": 0.10983884334564209, "vy_9": 0.11140158772468567, "vy_10": 0.1162308007478714, "psidt_0.05": 0.002386176260188222, "psidt_1": 0.005292539019137621, "psidt_2": 0.006566275376826525, "psidt_3": 0.007235779892653227, "psidt_4": 0.007441844325512648, "psidt_5": 0.007398477755486965, "psidt_6": 0.007754487916827202, "psidt_7": 0.007681082934141159, "psidt_8": 0.007781900931149721, "psidt_9": 0.007972067221999168, "psidt_10": 0.008003816939890385, "rmse_0.05": 0.009674214757978916, "rmse_1": 0.029447078704833984, "rmse_2": 0.03933144733309746, "rmse_3": 0.04545922577381134, "rmse_4": 0.047229185700416565, "rmse_5": 0.049115657806396484, "rmse_6": 0.05104930326342583, "rmse_7": 0.056145258247852325, "rmse_8": 0.05881037190556526, "rmse_9": 0.05968682840466499, "rmse_10": 0.062117308378219604}