{"vy_0.05": 0.014868736267089844, "vy_1": 0.03422119468450546, "vy_2": 0.04149813577532768, "vy_3": 0.044710248708724976, "vy_4": 0.04696820676326752, "vy_5": 0.04670886695384979, "vy_6": 0.04664723575115204, "vy_7": 0.04777628555893898, "vy_8": 0.048753347247838974, "vy_9": 0.04921233654022217, "vy_10": 0.049300748854875565, "psidt_0.05": 0.0025198834482580423, "psidt_1": 0.004833146929740906, "psidt_2": 0.005786059889942408, "psidt_3": 0.006246018223464489, "psidt_4": 0.006166786886751652, "psidt_5": 0.006114746443927288, "psidt_6": 0.006010819226503372, "psidt_7": 0.005874385591596365, "psidt_8": 0.005847738590091467, "psidt_9": 0.005896168760955334, "psidt_10": 0.005829208996146917, "rmse_0.05": 0.008694309741258621, "rmse_1": 0.019527170807123184, "rmse_2": 0.023642098531126976, "rmse_3": 0.02547813393175602, "rmse_4": 0.026567496359348297, "rmse_5": 0.026411807164549828, "rmse_6": 0.026329027488827705, "rmse_7": 0.02682533487677574, "rmse_8": 0.02730054222047329, "rmse_9": 0.027554253116250038, "rmse_10": 0.02756497822701931}