{"vy_0.05": 0.014132474549114704, "vy_1": 0.046793755143880844, "vy_2": 0.12741927802562714, "vy_3": 0.21156607568264008, "vy_4": 0.22732722759246826, "vy_5": 0.24074597656726837, "vy_6": 0.32015249133110046, "vy_7": 0.4401925802230835, "vy_8": 0.5409342050552368, "vy_9": 0.645874559879303, "vy_10": 0.7403623461723328, "psidt_0.05": 0.002441687509417534, "psidt_1": 0.006877461448311806, "psidt_2": 0.04017806798219681, "psidt_3": 0.09820722788572311, "psidt_4": 0.14870986342430115, "psidt_5": 0.1738520711660385, "psidt_6": 0.19520476460456848, "psidt_7": 0.21591180562973022, "psidt_8": 0.2414627969264984, "psidt_9": 0.2766895592212677, "psidt_10": 0.3223685622215271, "rmse_0.05": 0.008287081494927406, "rmse_1": 0.0268356092274189, "rmse_2": 0.08379867672920227, "rmse_3": 0.1548866480588913, "rmse_4": 0.1880185455083847, "rmse_5": 0.20729902386665344, "rmse_6": 0.2576786279678345, "rmse_7": 0.32805219292640686, "rmse_8": 0.3911985158920288, "rmse_9": 0.46128207445144653, "rmse_10": 0.5313654541969299}