{"vy_0.05": 0.01454341784119606, "vy_1": 0.038772765547037125, "vy_2": 0.04472843557596207, "vy_3": 0.0473918691277504, "vy_4": 0.05108122527599335, "vy_5": 0.05101233720779419, "vy_6": 0.05080655589699745, "vy_7": 0.05263189226388931, "vy_8": 0.05364604294300079, "vy_9": 0.05363483354449272, "vy_10": 0.05362772196531296, "psidt_0.05": 0.0028380234725773335, "psidt_1": 0.005758302751928568, "psidt_2": 0.006555739790201187, "psidt_3": 0.007096426095813513, "psidt_4": 0.0069640944711863995, "psidt_5": 0.0068259574472904205, "psidt_6": 0.006788855418562889, "psidt_7": 0.006714729126542807, "psidt_8": 0.006715854164212942, "psidt_9": 0.006764302030205727, "psidt_10": 0.006689779460430145, "rmse_0.05": 0.008690720424056053, "rmse_1": 0.022265534847974777, "rmse_2": 0.025642087683081627, "rmse_3": 0.027244146913290024, "rmse_4": 0.029022660106420517, "rmse_5": 0.028919147327542305, "rmse_6": 0.028797704726457596, "rmse_7": 0.02967330999672413, "rmse_8": 0.030180947855114937, "rmse_9": 0.0301995687186718, "rmse_10": 0.03015875071287155}