{"vy_0.05": 0.015371955931186676, "vy_1": 0.04044411703944206, "vy_2": 0.04738115519285202, "vy_3": 0.04908355325460434, "vy_4": 0.050600700080394745, "vy_5": 0.05021744966506958, "vy_6": 0.050295714288949966, "vy_7": 0.052038613706827164, "vy_8": 0.052445460110902786, "vy_9": 0.05237998440861702, "vy_10": 0.05221417173743248, "psidt_0.05": 0.0024536047130823135, "psidt_1": 0.00500243715941906, "psidt_2": 0.006213882006704807, "psidt_3": 0.0067922500893473625, "psidt_4": 0.006718562915921211, "psidt_5": 0.006576657760888338, "psidt_6": 0.006495644338428974, "psidt_7": 0.006456972099840641, "psidt_8": 0.006453856360167265, "psidt_9": 0.006525240372866392, "psidt_10": 0.006499775685369968, "rmse_0.05": 0.008912780322134495, "rmse_1": 0.022723276168107986, "rmse_2": 0.026797518134117126, "rmse_3": 0.02793790213763714, "rmse_4": 0.028659630566835403, "rmse_5": 0.028397053480148315, "rmse_6": 0.028395678848028183, "rmse_7": 0.029247792437672615, "rmse_8": 0.02944965846836567, "rmse_9": 0.02945261262357235, "rmse_10": 0.029356973245739937}