{"vy_0.05": 0.015059355646371841, "vy_1": 0.04619070515036583, "vy_2": 0.059656448662281036, "vy_3": 0.06094330549240112, "vy_4": 0.06125424802303314, "vy_5": 0.061468806117773056, "vy_6": 0.061305515468120575, "vy_7": 0.06371120363473892, "vy_8": 0.06607191264629364, "vy_9": 0.06607173383235931, "vy_10": 0.06584754586219788, "psidt_0.05": 0.0021228103432804346, "psidt_1": 0.005095516797155142, "psidt_2": 0.006780412979424, "psidt_3": 0.007620337884873152, "psidt_4": 0.0077394964173436165, "psidt_5": 0.007774196565151215, "psidt_6": 0.007750448305159807, "psidt_7": 0.007701395079493523, "psidt_8": 0.007767668925225735, "psidt_9": 0.007919506169855595, "psidt_10": 0.007861712947487831, "rmse_0.05": 0.008591082878410816, "rmse_1": 0.025643110275268555, "rmse_2": 0.03321843221783638, "rmse_3": 0.03428182005882263, "rmse_4": 0.03449687361717224, "rmse_5": 0.034621499478816986, "rmse_6": 0.0345279835164547, "rmse_7": 0.0357063002884388, "rmse_8": 0.036919791251420975, "rmse_9": 0.03699561953544617, "rmse_10": 0.03685462847352028}