{"vy_0.05": 0.0172397680580616, "vy_1": 0.0541113056242466, "vy_2": 0.07242278754711151, "vy_3": 0.08524859696626663, "vy_4": 0.08878635615110397, "vy_5": 0.09302088618278503, "vy_6": 0.0967787653207779, "vy_7": 0.10653102397918701, "vy_8": 0.11177753657102585, "vy_9": 0.11351430416107178, "vy_10": 0.11862226575613022, "psidt_0.05": 0.002283878391608596, "psidt_1": 0.005337627604603767, "psidt_2": 0.006505310535430908, "psidt_3": 0.007277044467628002, "psidt_4": 0.0075188372284173965, "psidt_5": 0.007566351443529129, "psidt_6": 0.00785603653639555, "psidt_7": 0.007813414558768272, "psidt_8": 0.007976199500262737, "psidt_9": 0.00818535778671503, "psidt_10": 0.008208638988435268, "rmse_0.05": 0.00976182334125042, "rmse_1": 0.029724467545747757, "rmse_2": 0.03946404904127121, "rmse_3": 0.046262819319963455, "rmse_4": 0.04815259575843811, "rmse_5": 0.05029361695051193, "rmse_6": 0.05231739953160286, "rmse_7": 0.05717222020030022, "rmse_8": 0.05987686663866043, "rmse_9": 0.06084983050823212, "rmse_10": 0.06341545283794403}