{"vy_0.05": 0.014980983920395374, "vy_1": 0.04293384030461311, "vy_2": 0.054680235683918, "vy_3": 0.05568801611661911, "vy_4": 0.05605834349989891, "vy_5": 0.056642379611730576, "vy_6": 0.05796446651220322, "vy_7": 0.06032584607601166, "vy_8": 0.06138388067483902, "vy_9": 0.061364445835351944, "vy_10": 0.06112194061279297, "psidt_0.05": 0.0023627157788723707, "psidt_1": 0.005645076744258404, "psidt_2": 0.006830059457570314, "psidt_3": 0.007596669718623161, "psidt_4": 0.0075700487941503525, "psidt_5": 0.007551571354269981, "psidt_6": 0.00779989967122674, "psidt_7": 0.007753037381917238, "psidt_8": 0.00768038397654891, "psidt_9": 0.0077482727356255054, "psidt_10": 0.007696378044784069, "rmse_0.05": 0.008671849966049194, "rmse_1": 0.024289458990097046, "rmse_2": 0.030755147337913513, "rmse_3": 0.03164234384894371, "rmse_4": 0.03181419521570206, "rmse_5": 0.032096974551677704, "rmse_6": 0.03288218379020691, "rmse_7": 0.034039441496133804, "rmse_8": 0.03453213348984718, "rmse_9": 0.03455635905265808, "rmse_10": 0.03440915793180466}