{"vy_0.05": 0.014335136860609055, "vy_1": 0.04351981729269028, "vy_2": 0.053385619074106216, "vy_3": 0.05907633155584335, "vy_4": 0.059991925954818726, "vy_5": 0.05981135368347168, "vy_6": 0.060938745737075806, "vy_7": 0.06272248178720474, "vy_8": 0.06389184296131134, "vy_9": 0.06396956741809845, "vy_10": 0.06392475217580795, "psidt_0.05": 0.0024282424710690975, "psidt_1": 0.0049666413106024265, "psidt_2": 0.0062212347984313965, "psidt_3": 0.006824219133704901, "psidt_4": 0.006762645673006773, "psidt_5": 0.00664527015760541, "psidt_6": 0.006603215355426073, "psidt_7": 0.006493763532489538, "psidt_8": 0.0064790030010044575, "psidt_9": 0.006531084422022104, "psidt_10": 0.006463018245995045, "rmse_0.05": 0.00838168989866972, "rmse_1": 0.024243230000138283, "rmse_2": 0.029803426936268806, "rmse_3": 0.032950274646282196, "rmse_4": 0.03337728604674339, "rmse_5": 0.0332283116877079, "rmse_6": 0.033770982176065445, "rmse_7": 0.03460812196135521, "rmse_8": 0.035185422748327255, "rmse_9": 0.03525032475590706, "rmse_10": 0.03519388660788536}