{"vy_0.05": 0.015256737358868122, "vy_1": 0.03970294073224068, "vy_2": 0.04748978838324547, "vy_3": 0.049915850162506104, "vy_4": 0.05220295488834381, "vy_5": 0.0521344430744648, "vy_6": 0.052360840141773224, "vy_7": 0.05402783676981926, "vy_8": 0.05450441688299179, "vy_9": 0.05467602238059044, "vy_10": 0.05462067574262619, "psidt_0.05": 0.0026453204918652773, "psidt_1": 0.005404748488217592, "psidt_2": 0.006501911208033562, "psidt_3": 0.007042335346341133, "psidt_4": 0.006939657963812351, "psidt_5": 0.006753925699740648, "psidt_6": 0.006797332316637039, "psidt_7": 0.006699942052364349, "psidt_8": 0.006628992967307568, "psidt_9": 0.006673203781247139, "psidt_10": 0.0066126552410423756, "rmse_0.05": 0.008951028808951378, "rmse_1": 0.02255384437739849, "rmse_2": 0.02699584886431694, "rmse_3": 0.028479091823101044, "rmse_4": 0.029571305960416794, "rmse_5": 0.02944418415427208, "rmse_6": 0.02957908622920513, "rmse_7": 0.030363889411091805, "rmse_8": 0.030566705390810966, "rmse_9": 0.030674614012241364, "rmse_10": 0.03061666525900364}