{"vy_0.05": 0.015930064022541046, "vy_1": 0.043676070868968964, "vy_2": 0.05226766690611839, "vy_3": 0.053543318063020706, "vy_4": 0.054499007761478424, "vy_5": 0.053370408713817596, "vy_6": 0.05284745246171951, "vy_7": 0.05474112182855606, "vy_8": 0.054969191551208496, "vy_9": 0.054705653339624405, "vy_10": 0.05452577769756317, "psidt_0.05": 0.0026347774546593428, "psidt_1": 0.005132272839546204, "psidt_2": 0.006274199113249779, "psidt_3": 0.006950140930712223, "psidt_4": 0.006862702779471874, "psidt_5": 0.006748756859451532, "psidt_6": 0.006652211770415306, "psidt_7": 0.006593344733119011, "psidt_8": 0.006553816143423319, "psidt_9": 0.006579806562513113, "psidt_10": 0.006516400258988142, "rmse_0.05": 0.009282420389354229, "rmse_1": 0.024404171854257584, "rmse_2": 0.02927093207836151, "rmse_3": 0.030246729031205177, "rmse_4": 0.030680855736136436, "rmse_5": 0.030059583485126495, "rmse_6": 0.029749833047389984, "rmse_7": 0.03066723421216011, "rmse_8": 0.03076150454580784, "rmse_9": 0.030642729252576828, "rmse_10": 0.0305210892111063}