{"vy_0.05": 0.014312883839011192, "vy_1": 0.044048458337783813, "vy_2": 0.05658472701907158, "vy_3": 0.05884072557091713, "vy_4": 0.05939739942550659, "vy_5": 0.05925929173827171, "vy_6": 0.0594572015106678, "vy_7": 0.06229319050908089, "vy_8": 0.06445414572954178, "vy_9": 0.0645165890455246, "vy_10": 0.06447415053844452, "psidt_0.05": 0.00236245384439826, "psidt_1": 0.005996616557240486, "psidt_2": 0.007652987726032734, "psidt_3": 0.008378250524401665, "psidt_4": 0.00826376210898161, "psidt_5": 0.008137174881994724, "psidt_6": 0.0082650575786829, "psidt_7": 0.008219942450523376, "psidt_8": 0.008199538104236126, "psidt_9": 0.00829901173710823, "psidt_10": 0.008243395946919918, "rmse_0.05": 0.00833766907453537, "rmse_1": 0.025022536516189575, "rmse_2": 0.03211885690689087, "rmse_3": 0.03360948711633682, "rmse_4": 0.03383057937026024, "rmse_5": 0.03369823470711708, "rmse_6": 0.033861130475997925, "rmse_7": 0.03525656461715698, "rmse_8": 0.03632684051990509, "rmse_9": 0.036407798528671265, "rmse_10": 0.036358773708343506}