{"vy_0.05": 0.014673255383968353, "vy_1": 0.04595498368144035, "vy_2": 0.06727325171232224, "vy_3": 0.07376383244991302, "vy_4": 0.07319311797618866, "vy_5": 0.0749061331152916, "vy_6": 0.07449931651353836, "vy_7": 0.07533300668001175, "vy_8": 0.07558636367321014, "vy_9": 0.07805726677179337, "vy_10": 0.07786770910024643, "psidt_0.05": 0.0022516008466482162, "psidt_1": 0.0051762862130999565, "psidt_2": 0.009767820127308369, "psidt_3": 0.01102549396455288, "psidt_4": 0.01062794029712677, "psidt_5": 0.011417532339692116, "psidt_6": 0.01149090938270092, "psidt_7": 0.011298401281237602, "psidt_8": 0.011089066974818707, "psidt_9": 0.012103370390832424, "psidt_10": 0.012218531221151352, "rmse_0.05": 0.008462428115308285, "rmse_1": 0.025565635412931442, "rmse_2": 0.038520537316799164, "rmse_3": 0.04239466413855553, "rmse_4": 0.041910529136657715, "rmse_5": 0.04316183179616928, "rmse_6": 0.042995113879442215, "rmse_7": 0.04331570491194725, "rmse_8": 0.04333771392703056, "rmse_9": 0.04508031904697418, "rmse_10": 0.04504311829805374}