{"vy_0.05": 0.013762441463768482, "vy_1": 0.0445769838988781, "vy_2": 0.05726655572652817, "vy_3": 0.059821151196956635, "vy_4": 0.06081101670861244, "vy_5": 0.06454040855169296, "vy_6": 0.06716269999742508, "vy_7": 0.0679832324385643, "vy_8": 0.06799697875976562, "vy_9": 0.06817381829023361, "vy_10": 0.06787797063589096, "psidt_0.05": 0.0023478171788156033, "psidt_1": 0.005365370307117701, "psidt_2": 0.006714050192385912, "psidt_3": 0.007403302006423473, "psidt_4": 0.00746001023799181, "psidt_5": 0.008568977937102318, "psidt_6": 0.009837117977440357, "psidt_7": 0.009609808214008808, "psidt_8": 0.00940083246678114, "psidt_9": 0.009566046297550201, "psidt_10": 0.00942025426775217, "rmse_0.05": 0.008055129088461399, "rmse_1": 0.02497117780148983, "rmse_2": 0.031990304589271545, "rmse_3": 0.03361222520470619, "rmse_4": 0.03413551300764084, "rmse_5": 0.036554694175720215, "rmse_6": 0.03849991038441658, "rmse_7": 0.038796521723270416, "rmse_8": 0.03869890421628952, "rmse_9": 0.03886993229389191, "rmse_10": 0.03864911198616028}