{"vy_0.05": 0.015272699296474457, "vy_1": 0.0402059406042099, "vy_2": 0.048557355999946594, "vy_3": 0.05366688594222069, "vy_4": 0.05560106784105301, "vy_5": 0.05621431767940521, "vy_6": 0.05716276168823242, "vy_7": 0.05884585529565811, "vy_8": 0.05943143740296364, "vy_9": 0.05944835767149925, "vy_10": 0.05934717878699303, "psidt_0.05": 0.002422642195597291, "psidt_1": 0.005063918884843588, "psidt_2": 0.0062860180623829365, "psidt_3": 0.00690993620082736, "psidt_4": 0.006830327212810516, "psidt_5": 0.006703059189021587, "psidt_6": 0.006642489228397608, "psidt_7": 0.00656194007024169, "psidt_8": 0.006545622833073139, "psidt_9": 0.0065993499010801315, "psidt_10": 0.006524899508804083, "rmse_0.05": 0.008847670629620552, "rmse_1": 0.022634929046034813, "rmse_2": 0.02742168679833412, "rmse_3": 0.030288411304354668, "rmse_4": 0.031215697526931763, "rmse_5": 0.03145868703722954, "rmse_6": 0.031902626156806946, "rmse_7": 0.03270389884710312, "rmse_8": 0.0329885296523571, "rmse_9": 0.03302385285496712, "rmse_10": 0.03293604031205177}