{"vy_0.05": 0.01684408448636532, "vy_1": 0.05466034635901451, "vy_2": 0.07507593184709549, "vy_3": 0.08668719232082367, "vy_4": 0.08947552740573883, "vy_5": 0.09307244420051575, "vy_6": 0.09659410268068314, "vy_7": 0.10735750943422318, "vy_8": 0.11213473230600357, "vy_9": 0.11348165571689606, "vy_10": 0.11827470362186432, "psidt_0.05": 0.0025447725784033537, "psidt_1": 0.005721652880311012, "psidt_2": 0.007014809176325798, "psidt_3": 0.00753867719322443, "psidt_4": 0.0076828813180327415, "psidt_5": 0.007575070019811392, "psidt_6": 0.007954594679176807, "psidt_7": 0.00786126684397459, "psidt_8": 0.0079299695789814, "psidt_9": 0.008101960644125938, "psidt_10": 0.008122960105538368, "rmse_0.05": 0.00969442818313837, "rmse_1": 0.030191000550985336, "rmse_2": 0.04104537144303322, "rmse_3": 0.04711293429136276, "rmse_4": 0.04857920482754707, "rmse_5": 0.05032375827431679, "rmse_6": 0.052274350076913834, "rmse_7": 0.05760938674211502, "rmse_8": 0.060032352805137634, "rmse_9": 0.06079180911183357, "rmse_10": 0.06319883465766907}