{"vy_0.05": 0.01577197015285492, "vy_1": 0.04445311054587364, "vy_2": 0.05203302577137947, "vy_3": 0.05300460010766983, "vy_4": 0.05406853184103966, "vy_5": 0.05325140431523323, "vy_6": 0.052759330719709396, "vy_7": 0.05403728038072586, "vy_8": 0.054718781262636185, "vy_9": 0.05467867851257324, "vy_10": 0.05442928150296211, "psidt_0.05": 0.0026420417707413435, "psidt_1": 0.005300913937389851, "psidt_2": 0.006518743000924587, "psidt_3": 0.0072900159284472466, "psidt_4": 0.007210685405880213, "psidt_5": 0.007035970687866211, "psidt_6": 0.006935427896678448, "psidt_7": 0.006853419356048107, "psidt_8": 0.006841382477432489, "psidt_9": 0.006865302100777626, "psidt_10": 0.006803854368627071, "rmse_0.05": 0.009207005612552166, "rmse_1": 0.02487701177597046, "rmse_2": 0.029275884851813316, "rmse_3": 0.030147308483719826, "rmse_4": 0.030639609321951866, "rmse_5": 0.03014368750154972, "rmse_6": 0.02984737977385521, "rmse_7": 0.03044535033404827, "rmse_8": 0.030780082568526268, "rmse_9": 0.03077198937535286, "rmse_10": 0.03061656840145588}