{"vy_0.05": 0.016194572672247887, "vy_1": 0.04011279717087746, "vy_2": 0.0489809550344944, "vy_3": 0.05098915845155716, "vy_4": 0.052728865295648575, "vy_5": 0.052185527980327606, "vy_6": 0.05152982845902443, "vy_7": 0.0526745580136776, "vy_8": 0.05271125212311745, "vy_9": 0.052825234830379486, "vy_10": 0.05302662029862404, "psidt_0.05": 0.0025824292097240686, "psidt_1": 0.005156565457582474, "psidt_2": 0.006307038478553295, "psidt_3": 0.007010329514741898, "psidt_4": 0.006880429107695818, "psidt_5": 0.006739593576639891, "psidt_6": 0.006666737608611584, "psidt_7": 0.0065563153475522995, "psidt_8": 0.006505840923637152, "psidt_9": 0.0065893447026610374, "psidt_10": 0.006508386228233576, "rmse_0.05": 0.009388500824570656, "rmse_1": 0.022634681314229965, "rmse_2": 0.027643997222185135, "rmse_3": 0.02899974398314953, "rmse_4": 0.029804646968841553, "rmse_5": 0.029462561011314392, "rmse_6": 0.029098283499479294, "rmse_7": 0.029615435749292374, "rmse_8": 0.02960854582488537, "rmse_9": 0.02970729023218155, "rmse_10": 0.029767503961920738}