{"vy_0.05": 0.015254402533173561, "vy_1": 0.04438077285885811, "vy_2": 0.052882853895425797, "vy_3": 0.05405843257904053, "vy_4": 0.05496937409043312, "vy_5": 0.05432349815964699, "vy_6": 0.05383509770035744, "vy_7": 0.05512934550642967, "vy_8": 0.055661268532276154, "vy_9": 0.05570743978023529, "vy_10": 0.05548696219921112, "psidt_0.05": 0.002808622783049941, "psidt_1": 0.005990075413137674, "psidt_2": 0.007190197706222534, "psidt_3": 0.007845056243240833, "psidt_4": 0.007677522953599691, "psidt_5": 0.007430483587086201, "psidt_6": 0.007397940382361412, "psidt_7": 0.007303368300199509, "psidt_8": 0.007244573440402746, "psidt_9": 0.007254263386130333, "psidt_10": 0.007164149545133114, "rmse_0.05": 0.009031512774527073, "rmse_1": 0.025185424834489822, "rmse_2": 0.030036525800824165, "rmse_3": 0.030951743945479393, "rmse_4": 0.031323447823524475, "rmse_5": 0.030876990407705307, "rmse_6": 0.03061651811003685, "rmse_7": 0.03121635690331459, "rmse_8": 0.03145292028784752, "rmse_9": 0.031480852514505386, "rmse_10": 0.031325556337833405}