{"vy_0.05": 0.01543736644089222, "vy_1": 0.04399212822318077, "vy_2": 0.05238017812371254, "vy_3": 0.0535513199865818, "vy_4": 0.054575081914663315, "vy_5": 0.05354439839720726, "vy_6": 0.05291278660297394, "vy_7": 0.05437861382961273, "vy_8": 0.054524485021829605, "vy_9": 0.054404959082603455, "vy_10": 0.054223813116550446, "psidt_0.05": 0.0025210294406861067, "psidt_1": 0.005106125492602587, "psidt_2": 0.006280388217419386, "psidt_3": 0.006944607477635145, "psidt_4": 0.0068239024840295315, "psidt_5": 0.006694483570754528, "psidt_6": 0.006611459422856569, "psidt_7": 0.006569072138518095, "psidt_8": 0.0065399520099163055, "psidt_9": 0.006584444548934698, "psidt_10": 0.006542617920786142, "rmse_0.05": 0.008979197591543198, "rmse_1": 0.024549126625061035, "rmse_2": 0.029330283403396606, "rmse_3": 0.030247963964939117, "rmse_4": 0.030699491500854492, "rmse_5": 0.03011944144964218, "rmse_6": 0.02976212278008461, "rmse_7": 0.030473843216896057, "rmse_8": 0.030532218515872955, "rmse_9": 0.030494701117277145, "rmse_10": 0.030383216217160225}