{"vy_0.05": 0.012661056593060493, "vy_1": 0.04741809889674187, "vy_2": 0.06444850564002991, "vy_3": 0.0661703422665596, "vy_4": 0.06735008955001831, "vy_5": 0.07237523794174194, "vy_6": 0.0797073096036911, "vy_7": 0.09096422046422958, "vy_8": 0.09533005207777023, "vy_9": 0.09916912019252777, "vy_10": 0.09890026599168777, "psidt_0.05": 0.002245213370770216, "psidt_1": 0.005808723624795675, "psidt_2": 0.008400076068937778, "psidt_3": 0.008660449646413326, "psidt_4": 0.00837658066302538, "psidt_5": 0.008849364705383778, "psidt_6": 0.008810189552605152, "psidt_7": 0.008975967764854431, "psidt_8": 0.008945135399699211, "psidt_9": 0.00893112551420927, "psidt_10": 0.008763915859162807, "rmse_0.05": 0.007453135214745998, "rmse_1": 0.02661341056227684, "rmse_2": 0.036424290388822556, "rmse_3": 0.03741539642214775, "rmse_4": 0.03786333650350571, "rmse_5": 0.04061230272054672, "rmse_6": 0.04425875097513199, "rmse_7": 0.04997009411454201, "rmse_8": 0.0521375946700573, "rmse_9": 0.05405012145638466, "rmse_10": 0.05383209139108658}