{"vy_0.05": 0.013446671888232231, "vy_1": 0.03506868705153465, "vy_2": 0.041826896369457245, "vy_3": 0.04729911684989929, "vy_4": 0.05002027004957199, "vy_5": 0.049318455159664154, "vy_6": 0.04979311302304268, "vy_7": 0.05122269317507744, "vy_8": 0.05167089030146599, "vy_9": 0.052075762301683426, "vy_10": 0.05234341695904732, "psidt_0.05": 0.0024986169300973415, "psidt_1": 0.004655813332647085, "psidt_2": 0.00559013057500124, "psidt_3": 0.00598860764876008, "psidt_4": 0.005910354666411877, "psidt_5": 0.005825987085700035, "psidt_6": 0.005760681815445423, "psidt_7": 0.005661319009959698, "psidt_8": 0.005601426586508751, "psidt_9": 0.005595582537353039, "psidt_10": 0.00550873251631856, "rmse_0.05": 0.00797264464199543, "rmse_1": 0.019862249493598938, "rmse_2": 0.023708513006567955, "rmse_3": 0.026643862947821617, "rmse_4": 0.02796531282365322, "rmse_5": 0.02757222205400467, "rmse_6": 0.027776896953582764, "rmse_7": 0.028442006558179855, "rmse_8": 0.028636157512664795, "rmse_9": 0.02883567288517952, "rmse_10": 0.028926074504852295}