{"vy_0.05": 0.015383454971015453, "vy_1": 0.05232025682926178, "vy_2": 0.06564950942993164, "vy_3": 0.0705326497554779, "vy_4": 0.07217719405889511, "vy_5": 0.07358235120773315, "vy_6": 0.07538097351789474, "vy_7": 0.07840003818273544, "vy_8": 0.0817197859287262, "vy_9": 0.08241725713014603, "vy_10": 0.08261974155902863, "psidt_0.05": 0.002056493191048503, "psidt_1": 0.004924837499856949, "psidt_2": 0.0068039484322071075, "psidt_3": 0.007745625451207161, "psidt_4": 0.007831333205103874, "psidt_5": 0.0077705178409814835, "psidt_6": 0.007729840464890003, "psidt_7": 0.007693805731832981, "psidt_8": 0.007754581980407238, "psidt_9": 0.007790712174028158, "psidt_10": 0.007671572733670473, "rmse_0.05": 0.0087199741974473, "rmse_1": 0.028622547164559364, "rmse_2": 0.036226727068424225, "rmse_3": 0.03913913667201996, "rmse_4": 0.04000426456332207, "rmse_5": 0.040676433593034744, "rmse_6": 0.041555408388376236, "rmse_7": 0.043046921491622925, "rmse_8": 0.044737182557582855, "rmse_9": 0.04510398581624031, "rmse_10": 0.045145656913518906}