{"vy_0.05": 0.014613375999033451, "vy_1": 0.049285344779491425, "vy_2": 0.06259063631296158, "vy_3": 0.06476610898971558, "vy_4": 0.06588638573884964, "vy_5": 0.0673203095793724, "vy_6": 0.068209208548069, "vy_7": 0.07063087821006775, "vy_8": 0.07213333249092102, "vy_9": 0.07239113748073578, "vy_10": 0.07234365493059158, "psidt_0.05": 0.0023614491801708937, "psidt_1": 0.006468256935477257, "psidt_2": 0.007776223123073578, "psidt_3": 0.008420318365097046, "psidt_4": 0.008410317823290825, "psidt_5": 0.008266214281320572, "psidt_6": 0.008439723402261734, "psidt_7": 0.008384179323911667, "psidt_8": 0.008464012295007706, "psidt_9": 0.008618158288300037, "psidt_10": 0.00861457921564579, "rmse_0.05": 0.008487412706017494, "rmse_1": 0.027876801788806915, "rmse_2": 0.03518342971801758, "rmse_3": 0.03659321367740631, "rmse_4": 0.03714835271239281, "rmse_5": 0.03779326379299164, "rmse_6": 0.038324467837810516, "rmse_7": 0.03950753062963486, "rmse_8": 0.040298670530319214, "rmse_9": 0.04050464928150177, "rmse_10": 0.04047911614179611}