{"vy_0.05": 0.016328971832990646, "vy_1": 0.042663414031267166, "vy_2": 0.0512705072760582, "vy_3": 0.05307769402861595, "vy_4": 0.05431535467505455, "vy_5": 0.05376347526907921, "vy_6": 0.05306306481361389, "vy_7": 0.054586444050073624, "vy_8": 0.0547218844294548, "vy_9": 0.05443745478987694, "vy_10": 0.05412441864609718, "psidt_0.05": 0.00265386956743896, "psidt_1": 0.00534046208485961, "psidt_2": 0.00653822673484683, "psidt_3": 0.007318431977182627, "psidt_4": 0.007195114158093929, "psidt_5": 0.006944956257939339, "psidt_6": 0.00690869614481926, "psidt_7": 0.006793959531933069, "psidt_8": 0.006732138339430094, "psidt_9": 0.006753387860953808, "psidt_10": 0.006663814187049866, "rmse_0.05": 0.009491420350968838, "rmse_1": 0.024001937359571457, "rmse_2": 0.028904367238283157, "rmse_3": 0.03019806370139122, "rmse_4": 0.030755234882235527, "rmse_5": 0.030354216694831848, "rmse_6": 0.029985880479216576, "rmse_7": 0.030690202489495277, "rmse_8": 0.03072701208293438, "rmse_9": 0.03059542179107666, "rmse_10": 0.030394116416573524}