{"vy_0.05": 0.01700172759592533, "vy_1": 0.055223967880010605, "vy_2": 0.07678940892219543, "vy_3": 0.08629133552312851, "vy_4": 0.08830178529024124, "vy_5": 0.09179019182920456, "vy_6": 0.09448377788066864, "vy_7": 0.106382817029953, "vy_8": 0.11101856082677841, "vy_9": 0.11188770085573196, "vy_10": 0.1166694238781929, "psidt_0.05": 0.002502219984307885, "psidt_1": 0.005564555525779724, "psidt_2": 0.006877033971250057, "psidt_3": 0.007507361937314272, "psidt_4": 0.007677826099097729, "psidt_5": 0.007604663725942373, "psidt_6": 0.007954833097755909, "psidt_7": 0.00789638701826334, "psidt_8": 0.008008350618183613, "psidt_9": 0.008195250295102596, "psidt_10": 0.00820100586861372, "rmse_0.05": 0.009751973673701286, "rmse_1": 0.030394261702895164, "rmse_2": 0.04183322191238403, "rmse_3": 0.04689934849739075, "rmse_4": 0.04798980429768562, "rmse_5": 0.049697428941726685, "rmse_6": 0.051219306886196136, "rmse_7": 0.057139601558446884, "rmse_8": 0.059513457119464874, "rmse_9": 0.06004147604107857, "rmse_10": 0.06243521347641945}