{"vy_0.05": 0.015331442467868328, "vy_1": 0.042089469730854034, "vy_2": 0.051580410450696945, "vy_3": 0.05360036343336105, "vy_4": 0.05502421036362648, "vy_5": 0.05458466708660126, "vy_6": 0.054142605513334274, "vy_7": 0.05542443320155144, "vy_8": 0.055983010679483414, "vy_9": 0.05575408414006233, "vy_10": 0.05547735467553139, "psidt_0.05": 0.0025760428979992867, "psidt_1": 0.0054687983356416225, "psidt_2": 0.006727742962539196, "psidt_3": 0.007331595290452242, "psidt_4": 0.007235540542751551, "psidt_5": 0.007053812965750694, "psidt_6": 0.006995097734034061, "psidt_7": 0.006890463177114725, "psidt_8": 0.0068272873759269714, "psidt_9": 0.006874787621200085, "psidt_10": 0.006788040045648813, "rmse_0.05": 0.008953742682933807, "rmse_1": 0.023779133334755898, "rmse_2": 0.029154077172279358, "rmse_3": 0.030465979129076004, "rmse_4": 0.031129876151680946, "rmse_5": 0.03081924095749855, "rmse_6": 0.03056885115802288, "rmse_7": 0.031157448887825012, "rmse_8": 0.03140515089035034, "rmse_9": 0.031314436346292496, "rmse_10": 0.03113269805908203}