{"vy_0.05": 0.016265954822301865, "vy_1": 0.04096067324280739, "vy_2": 0.04908907413482666, "vy_3": 0.050622545182704926, "vy_4": 0.052108000963926315, "vy_5": 0.05131441354751587, "vy_6": 0.05068168416619301, "vy_7": 0.05179203674197197, "vy_8": 0.05188833177089691, "vy_9": 0.05186869204044342, "vy_10": 0.051876090466976166, "psidt_0.05": 0.0025242965202778578, "psidt_1": 0.005228238180279732, "psidt_2": 0.0064361500553786755, "psidt_3": 0.007089406251907349, "psidt_4": 0.0070463744923472404, "psidt_5": 0.006892060395330191, "psidt_6": 0.00678592873737216, "psidt_7": 0.006789910141378641, "psidt_8": 0.006802608724683523, "psidt_9": 0.006809826474636793, "psidt_10": 0.00673315767198801, "rmse_0.05": 0.009395125322043896, "rmse_1": 0.023094456642866135, "rmse_2": 0.02776261232793331, "rmse_3": 0.028855975717306137, "rmse_4": 0.029577188193798065, "rmse_5": 0.0291032362729311, "rmse_6": 0.028733806684613228, "rmse_7": 0.029290974140167236, "rmse_8": 0.029345469549298286, "rmse_9": 0.02933925949037075, "rmse_10": 0.0293046236038208}