{"vy_0.05": 0.014919825829565525, "vy_1": 0.03711054101586342, "vy_2": 0.045210614800453186, "vy_3": 0.04593106731772423, "vy_4": 0.04817131906747818, "vy_5": 0.04887020215392113, "vy_6": 0.049263790249824524, "vy_7": 0.051001351326704025, "vy_8": 0.05177830159664154, "vy_9": 0.05190586671233177, "vy_10": 0.051914311945438385, "psidt_0.05": 0.0026197556871920824, "psidt_1": 0.005369598511606455, "psidt_2": 0.006445024628192186, "psidt_3": 0.006860350724309683, "psidt_4": 0.006724217906594276, "psidt_5": 0.006534961983561516, "psidt_6": 0.006619450636208057, "psidt_7": 0.006501801777631044, "psidt_8": 0.006432789843529463, "psidt_9": 0.006444315891712904, "psidt_10": 0.006378655321896076, "rmse_0.05": 0.008769790641963482, "rmse_1": 0.021240070462226868, "rmse_2": 0.025827819481492043, "rmse_3": 0.026395708322525024, "rmse_4": 0.027447767555713654, "rmse_5": 0.027702581137418747, "rmse_6": 0.027941619977355003, "rmse_7": 0.02875157631933689, "rmse_8": 0.029105545952916145, "rmse_9": 0.02917509153485298, "rmse_10": 0.029146483168005943}