{"vy_0.05": 0.014679125510156155, "vy_1": 0.05130205303430557, "vy_2": 0.06775215268135071, "vy_3": 0.07030249387025833, "vy_4": 0.07429705560207367, "vy_5": 0.08488182723522186, "vy_6": 0.08444962650537491, "vy_7": 0.0897861197590828, "vy_8": 0.10140027850866318, "vy_9": 0.10951787233352661, "vy_10": 0.13688968122005463, "psidt_0.05": 0.002298411214724183, "psidt_1": 0.005766821559518576, "psidt_2": 0.008357004262506962, "psidt_3": 0.008421579375863075, "psidt_4": 0.013195940293371677, "psidt_5": 0.013966302387416363, "psidt_6": 0.013889209367334843, "psidt_7": 0.016774538904428482, "psidt_8": 0.019223352894186974, "psidt_9": 0.02593257464468479, "psidt_10": 0.036396536976099014, "rmse_0.05": 0.008488768711686134, "rmse_1": 0.028534436598420143, "rmse_2": 0.03805457800626755, "rmse_3": 0.03936203569173813, "rmse_4": 0.043746497482061386, "rmse_5": 0.04942406341433525, "rmse_6": 0.04916941747069359, "rmse_7": 0.05328033119440079, "rmse_8": 0.06031181663274765, "rmse_9": 0.06772522628307343, "rmse_10": 0.08664310723543167}