{"vy_0.05": 0.014764000661671162, "vy_1": 0.047384459525346756, "vy_2": 0.06206316128373146, "vy_3": 0.06394397467374802, "vy_4": 0.0641128197312355, "vy_5": 0.0636894479393959, "vy_6": 0.06361032277345657, "vy_7": 0.06662549823522568, "vy_8": 0.0682140365242958, "vy_9": 0.06829346716403961, "vy_10": 0.0682731568813324, "psidt_0.05": 0.0023853520397096872, "psidt_1": 0.006407574284821749, "psidt_2": 0.007788279093801975, "psidt_3": 0.00832194834947586, "psidt_4": 0.008297223597764969, "psidt_5": 0.008193041197955608, "psidt_6": 0.008378991857171059, "psidt_7": 0.008301223628222942, "psidt_8": 0.00826104823499918, "psidt_9": 0.008382068015635014, "psidt_10": 0.008334636688232422, "rmse_0.05": 0.00857467669993639, "rmse_1": 0.02689601667225361, "rmse_2": 0.03492572158575058, "rmse_3": 0.03613296151161194, "rmse_4": 0.036205023527145386, "rmse_5": 0.035941243171691895, "rmse_6": 0.03599465638399124, "rmse_7": 0.03746335953474045, "rmse_8": 0.038237541913986206, "rmse_9": 0.038337767124176025, "rmse_10": 0.03830389678478241}