{"vy_0.05": 0.015076127834618092, "vy_1": 0.03750379756093025, "vy_2": 0.045407675206661224, "vy_3": 0.047494012862443924, "vy_4": 0.04946453124284744, "vy_5": 0.04973606392741203, "vy_6": 0.050116293132305145, "vy_7": 0.052057430148124695, "vy_8": 0.05318332836031914, "vy_9": 0.05330539867281914, "vy_10": 0.05328400433063507, "psidt_0.05": 0.002511769998818636, "psidt_1": 0.005162314977496862, "psidt_2": 0.0061468882486224174, "psidt_3": 0.006635198835283518, "psidt_4": 0.006490896921604872, "psidt_5": 0.006397605873644352, "psidt_6": 0.00635865144431591, "psidt_7": 0.006271073594689369, "psidt_8": 0.006220786366611719, "psidt_9": 0.006255142390727997, "psidt_10": 0.006188653875142336, "rmse_0.05": 0.008793949149549007, "rmse_1": 0.021333055570721626, "rmse_2": 0.025777282193303108, "rmse_3": 0.027064606547355652, "rmse_4": 0.0279777143150568, "rmse_5": 0.028066834434866905, "rmse_6": 0.028237473219633102, "rmse_7": 0.029164250940084457, "rmse_8": 0.02970205806195736, "rmse_9": 0.029780270531773567, "rmse_10": 0.02973632887005806}