{"vy_0.05": 0.015384640544652939, "vy_1": 0.03823608532547951, "vy_2": 0.04524177685379982, "vy_3": 0.04774898290634155, "vy_4": 0.0494503416121006, "vy_5": 0.04859985038638115, "vy_6": 0.04802659526467323, "vy_7": 0.04958749935030937, "vy_8": 0.050531093031167984, "vy_9": 0.0506618432700634, "vy_10": 0.05055787414312363, "psidt_0.05": 0.0024406358134001493, "psidt_1": 0.004639369435608387, "psidt_2": 0.005657427478581667, "psidt_3": 0.006107974331825972, "psidt_4": 0.006089557893574238, "psidt_5": 0.006049072835594416, "psidt_6": 0.005913127679377794, "psidt_7": 0.005845733918249607, "psidt_8": 0.005795476958155632, "psidt_9": 0.005807594861835241, "psidt_10": 0.005780916195362806, "rmse_0.05": 0.008912637829780579, "rmse_1": 0.02143772691488266, "rmse_2": 0.0254496019333601, "rmse_3": 0.026928478851914406, "rmse_4": 0.027769949287176132, "rmse_5": 0.027324462309479713, "rmse_6": 0.02696986123919487, "rmse_7": 0.027716616168618202, "rmse_8": 0.028163284063339233, "rmse_9": 0.02823471836745739, "rmse_10": 0.02816939540207386}