{"vy_0.05": 0.013183402828872204, "vy_1": 0.046833258122205734, "vy_2": 0.05800236389040947, "vy_3": 0.06137200817465782, "vy_4": 0.06340384483337402, "vy_5": 0.06323079764842987, "vy_6": 0.064021535217762, "vy_7": 0.06525518000125885, "vy_8": 0.06501886993646622, "vy_9": 0.06548716872930527, "vy_10": 0.06526400148868561, "psidt_0.05": 0.002078250516206026, "psidt_1": 0.004789516795426607, "psidt_2": 0.0063525959849357605, "psidt_3": 0.007177792955189943, "psidt_4": 0.007180029060691595, "psidt_5": 0.007164947688579559, "psidt_6": 0.007252784445881844, "psidt_7": 0.007151750382035971, "psidt_8": 0.0070748706348240376, "psidt_9": 0.0071506379172205925, "psidt_10": 0.007119821850210428, "rmse_0.05": 0.007630826905369759, "rmse_1": 0.025811387225985527, "rmse_2": 0.032177478075027466, "rmse_3": 0.03427490219473839, "rmse_4": 0.03529193624854088, "rmse_5": 0.035197872668504715, "rmse_6": 0.035637158900499344, "rmse_7": 0.03620346635580063, "rmse_8": 0.036046870052814484, "rmse_9": 0.03631890192627907, "rmse_10": 0.0361919105052948}