{"vy_0.05": 0.014886178076267242, "vy_1": 0.0456579215824604, "vy_2": 0.0558982752263546, "vy_3": 0.06152134761214256, "vy_4": 0.06284089386463165, "vy_5": 0.06314121186733246, "vy_6": 0.06479315459728241, "vy_7": 0.06648607552051544, "vy_8": 0.06765855103731155, "vy_9": 0.06810358166694641, "vy_10": 0.06825169920921326, "psidt_0.05": 0.0023029237054288387, "psidt_1": 0.004678419791162014, "psidt_2": 0.005969124846160412, "psidt_3": 0.00664563337340951, "psidt_4": 0.006613532081246376, "psidt_5": 0.00648398557677865, "psidt_6": 0.006407157983630896, "psidt_7": 0.006345844361931086, "psidt_8": 0.006332368589937687, "psidt_9": 0.006394620519131422, "psidt_10": 0.006338282022625208, "rmse_0.05": 0.008594551123678684, "rmse_1": 0.025168171152472496, "rmse_2": 0.030933700501918793, "rmse_3": 0.03408348932862282, "rmse_4": 0.03472721204161644, "rmse_5": 0.034812599420547485, "rmse_6": 0.03560015559196472, "rmse_7": 0.036415960639715195, "rmse_8": 0.03699545934796333, "rmse_9": 0.03724909946322441, "rmse_10": 0.03729499131441116}