{"vy_0.05": 0.015163020230829716, "vy_1": 0.054996147751808167, "vy_2": 0.07287287712097168, "vy_3": 0.07828368991613388, "vy_4": 0.07974045723676682, "vy_5": 0.07994888722896576, "vy_6": 0.08098587393760681, "vy_7": 0.08427463471889496, "vy_8": 0.08589987456798553, "vy_9": 0.08605297654867172, "vy_10": 0.08670057356357574, "psidt_0.05": 0.0021420239936560392, "psidt_1": 0.005161183886229992, "psidt_2": 0.007025377359241247, "psidt_3": 0.007906727492809296, "psidt_4": 0.00807663332670927, "psidt_5": 0.008126518689095974, "psidt_6": 0.008145613595843315, "psidt_7": 0.008100447244942188, "psidt_8": 0.00813361443579197, "psidt_9": 0.008297798223793507, "psidt_10": 0.00822248961776495, "rmse_0.05": 0.0086525222286582, "rmse_1": 0.030078666284680367, "rmse_2": 0.03994912654161453, "rmse_3": 0.04309520870447159, "rmse_4": 0.04390854388475418, "rmse_5": 0.044037703424692154, "rmse_6": 0.04456574469804764, "rmse_7": 0.046187542378902435, "rmse_8": 0.04701674357056618, "rmse_9": 0.047175388783216476, "rmse_10": 0.047461532056331635}