{"vy_0.05": 0.014755846932530403, "vy_1": 0.03970244154334068, "vy_2": 0.04644095152616501, "vy_3": 0.04954574629664421, "vy_4": 0.051827572286129, "vy_5": 0.051005732268095016, "vy_6": 0.050664663314819336, "vy_7": 0.05187658220529556, "vy_8": 0.05268746614456177, "vy_9": 0.05265921726822853, "vy_10": 0.052516523748636246, "psidt_0.05": 0.002659516641870141, "psidt_1": 0.00540314894169569, "psidt_2": 0.006399624515324831, "psidt_3": 0.006853306200355291, "psidt_4": 0.006768538150936365, "psidt_5": 0.006638319231569767, "psidt_6": 0.006552284117788076, "psidt_7": 0.00649137981235981, "psidt_8": 0.006507073994725943, "psidt_9": 0.00656024320051074, "psidt_10": 0.006533778738230467, "rmse_0.05": 0.00870768167078495, "rmse_1": 0.022552795708179474, "rmse_2": 0.026420287787914276, "rmse_3": 0.02819952555000782, "rmse_4": 0.029298055917024612, "rmse_5": 0.028822025284171104, "rmse_6": 0.028608473017811775, "rmse_7": 0.02918398007750511, "rmse_8": 0.029597269371151924, "rmse_9": 0.02960973046720028, "rmse_10": 0.029525151476264}