{"vy_0.05": 0.013816324062645435, "vy_1": 0.04286043345928192, "vy_2": 0.052304673939943314, "vy_3": 0.05957738310098648, "vy_4": 0.06227431446313858, "vy_5": 0.0635688379406929, "vy_6": 0.06565338373184204, "vy_7": 0.06713582575321198, "vy_8": 0.06789220124483109, "vy_9": 0.06840058416128159, "vy_10": 0.06882994621992111, "psidt_0.05": 0.002391536021605134, "psidt_1": 0.005015293136239052, "psidt_2": 0.006189397536218166, "psidt_3": 0.006773389410227537, "psidt_4": 0.006691951770335436, "psidt_5": 0.006569084245711565, "psidt_6": 0.00657607289031148, "psidt_7": 0.0065161194652318954, "psidt_8": 0.006475457921624184, "psidt_9": 0.00652276212349534, "psidt_10": 0.006478765979409218, "rmse_0.05": 0.00810393039137125, "rmse_1": 0.023937862366437912, "rmse_2": 0.029247036203742027, "rmse_3": 0.03317538648843765, "rmse_4": 0.034483134746551514, "rmse_5": 0.03506896272301674, "rmse_6": 0.036114729940891266, "rmse_7": 0.03682597354054451, "rmse_8": 0.03718382865190506, "rmse_9": 0.037461671978235245, "rmse_10": 0.03765435516834259}