{"vy_0.05": 0.017040416598320007, "vy_1": 0.05359186977148056, "vy_2": 0.07160765677690506, "vy_3": 0.08394680172204971, "vy_4": 0.08718638867139816, "vy_5": 0.09107509255409241, "vy_6": 0.09461677819490433, "vy_7": 0.10471129417419434, "vy_8": 0.10990080237388611, "vy_9": 0.11151757836341858, "vy_10": 0.11666133254766464, "psidt_0.05": 0.002321436069905758, "psidt_1": 0.005304423626512289, "psidt_2": 0.0065597472712397575, "psidt_3": 0.007116770371794701, "psidt_4": 0.007381799630820751, "psidt_5": 0.007363058160990477, "psidt_6": 0.007833623327314854, "psidt_7": 0.007746384013444185, "psidt_8": 0.0078768040984869, "psidt_9": 0.008109747432172298, "psidt_10": 0.00823401939123869, "rmse_0.05": 0.00968092679977417, "rmse_1": 0.029448146000504494, "rmse_2": 0.03908370062708855, "rmse_3": 0.04553178697824478, "rmse_4": 0.047284092754125595, "rmse_5": 0.049219075590372086, "rmse_6": 0.0512252002954483, "rmse_7": 0.05622883886098862, "rmse_8": 0.05888880416750908, "rmse_9": 0.059813663363456726, "rmse_10": 0.062447674572467804}