{"vy_0.05": 0.014428554102778435, "vy_1": 0.04463137313723564, "vy_2": 0.05419716238975525, "vy_3": 0.06001858785748482, "vy_4": 0.061445195227861404, "vy_5": 0.06150849908590317, "vy_6": 0.06270517408847809, "vy_7": 0.06388074159622192, "vy_8": 0.0646570473909378, "vy_9": 0.06471817195415497, "vy_10": 0.06462491303682327, "psidt_0.05": 0.002310899319127202, "psidt_1": 0.004714342765510082, "psidt_2": 0.005881899036467075, "psidt_3": 0.006496293004602194, "psidt_4": 0.006456638686358929, "psidt_5": 0.006328323390334845, "psidt_6": 0.006224632263183594, "psidt_7": 0.006180858239531517, "psidt_8": 0.006193234119564295, "psidt_9": 0.006250392645597458, "psidt_10": 0.00621762964874506, "rmse_0.05": 0.008369727060198784, "rmse_1": 0.02467285841703415, "rmse_2": 0.030039530247449875, "rmse_3": 0.033257439732551575, "rmse_4": 0.033950917422771454, "rmse_5": 0.033918410539627075, "rmse_6": 0.03446490317583084, "rmse_7": 0.035030800849199295, "rmse_8": 0.03542514145374298, "rmse_9": 0.03548428416252136, "rmse_10": 0.03542127087712288}