{"vy_0.05": 0.015695305541157722, "vy_1": 0.04217890650033951, "vy_2": 0.048801008611917496, "vy_3": 0.05035800114274025, "vy_4": 0.05138196051120758, "vy_5": 0.05050330236554146, "vy_6": 0.050696831196546555, "vy_7": 0.0526467002928257, "vy_8": 0.05359843000769615, "vy_9": 0.05361206829547882, "vy_10": 0.053514815866947174, "psidt_0.05": 0.002582298591732979, "psidt_1": 0.0049771410413086414, "psidt_2": 0.006181126926094294, "psidt_3": 0.006954071577638388, "psidt_4": 0.006916453130543232, "psidt_5": 0.006805691868066788, "psidt_6": 0.006720529403537512, "psidt_7": 0.006629507523030043, "psidt_8": 0.0066119092516601086, "psidt_9": 0.006626102142035961, "psidt_10": 0.006535157095640898, "rmse_0.05": 0.00913880206644535, "rmse_1": 0.02357802353799343, "rmse_2": 0.027491068467497826, "rmse_3": 0.028656035661697388, "rmse_4": 0.02914920635521412, "rmse_5": 0.028654497116804123, "rmse_6": 0.028708679601550102, "rmse_7": 0.029638104140758514, "rmse_8": 0.030105169862508774, "rmse_9": 0.03011908568441868, "rmse_10": 0.03002498671412468}