{"vy_0.05": 0.015530502423644066, "vy_1": 0.04398689419031143, "vy_2": 0.0516517348587513, "vy_3": 0.05312597379088402, "vy_4": 0.05480754002928734, "vy_5": 0.053756311535835266, "vy_6": 0.053313519805669785, "vy_7": 0.054825011640787125, "vy_8": 0.05484376475214958, "vy_9": 0.05464887246489525, "vy_10": 0.054353293031454086, "psidt_0.05": 0.0025126980617642403, "psidt_1": 0.005192271433770657, "psidt_2": 0.006370092276483774, "psidt_3": 0.007015672512352467, "psidt_4": 0.006919052917510271, "psidt_5": 0.006783138960599899, "psidt_6": 0.006690850481390953, "psidt_7": 0.006618546787649393, "psidt_8": 0.006616449449211359, "psidt_9": 0.006657927297055721, "psidt_10": 0.006627979688346386, "rmse_0.05": 0.00902160070836544, "rmse_1": 0.02458958327770233, "rmse_2": 0.029010914266109467, "rmse_3": 0.030070822685956955, "rmse_4": 0.03086329624056816, "rmse_5": 0.030269725248217583, "rmse_6": 0.030002184212207794, "rmse_7": 0.03072177991271019, "rmse_8": 0.0307301077991724, "rmse_9": 0.030653400346636772, "rmse_10": 0.030490636825561523}