{"vy_0.05": 0.014868169091641903, "vy_1": 0.03802569583058357, "vy_2": 0.044645536690950394, "vy_3": 0.048045430332422256, "vy_4": 0.05020347237586975, "vy_5": 0.05075736716389656, "vy_6": 0.051664531230926514, "vy_7": 0.053727537393569946, "vy_8": 0.054871104657649994, "vy_9": 0.05544905737042427, "vy_10": 0.05567116662859917, "psidt_0.05": 0.0025014891289174557, "psidt_1": 0.004937150049954653, "psidt_2": 0.00577153917402029, "psidt_3": 0.006192193832248449, "psidt_4": 0.006111365742981434, "psidt_5": 0.00601343484595418, "psidt_6": 0.005960626527667046, "psidt_7": 0.0058108139783144, "psidt_8": 0.005768681410700083, "psidt_9": 0.00583769753575325, "psidt_10": 0.005771361291408539, "rmse_0.05": 0.008684828877449036, "rmse_1": 0.02148142270743847, "rmse_2": 0.02520853839814663, "rmse_3": 0.027118811383843422, "rmse_4": 0.028157418593764305, "rmse_5": 0.028385400772094727, "rmse_6": 0.028812579810619354, "rmse_7": 0.0297691747546196, "rmse_8": 0.03031989373266697, "rmse_9": 0.03064337745308876, "rmse_10": 0.030721263960003853}