{"vy_0.05": 0.013107283972203732, "vy_1": 0.03562067449092865, "vy_2": 0.040701042860746384, "vy_3": 0.04355906695127487, "vy_4": 0.045932311564683914, "vy_5": 0.04580730199813843, "vy_6": 0.04542398452758789, "vy_7": 0.04675420746207237, "vy_8": 0.04788271337747574, "vy_9": 0.048069246113300323, "vy_10": 0.04850934445858002, "psidt_0.05": 0.002071146620437503, "psidt_1": 0.0037070573307573795, "psidt_2": 0.0050853826105594635, "psidt_3": 0.005531864706426859, "psidt_4": 0.005530445370823145, "psidt_5": 0.005594055168330669, "psidt_6": 0.005586408544331789, "psidt_7": 0.005537164863198996, "psidt_8": 0.005522080231457949, "psidt_9": 0.005552961025387049, "psidt_10": 0.0055687399581074715, "rmse_0.05": 0.007589215412735939, "rmse_1": 0.019663866609334946, "rmse_2": 0.022893212735652924, "rmse_3": 0.024545466527342796, "rmse_4": 0.02573137916624546, "rmse_5": 0.025700679048895836, "rmse_6": 0.025505196303129196, "rmse_7": 0.026145685464143753, "rmse_8": 0.0267023965716362, "rmse_9": 0.026811104267835617, "rmse_10": 0.027039041742682457}