{"vy_0.05": 0.015324201434850693, "vy_1": 0.03886822238564491, "vy_2": 0.045630186796188354, "vy_3": 0.04828304424881935, "vy_4": 0.050488464534282684, "vy_5": 0.050044648349285126, "vy_6": 0.04975717514753342, "vy_7": 0.05122137814760208, "vy_8": 0.05189439654350281, "vy_9": 0.05195015296339989, "vy_10": 0.05187879502773285, "psidt_0.05": 0.0026532879564911127, "psidt_1": 0.005067106336355209, "psidt_2": 0.005917001515626907, "psidt_3": 0.0064036124385893345, "psidt_4": 0.006325110327452421, "psidt_5": 0.00627256790176034, "psidt_6": 0.006229076534509659, "psidt_7": 0.006220153532922268, "psidt_8": 0.0063022105023264885, "psidt_9": 0.0063167777843773365, "psidt_10": 0.006259843707084656, "rmse_0.05": 0.008988744579255581, "rmse_1": 0.02196766436100006, "rmse_2": 0.02577359415590763, "rmse_3": 0.027343329042196274, "rmse_4": 0.028406787663698196, "rmse_5": 0.028158608824014664, "rmse_6": 0.027993125841021538, "rmse_7": 0.028720766305923462, "rmse_8": 0.029098303988575935, "rmse_9": 0.029133465141057968, "rmse_10": 0.029069319367408752}