{"vy_0.05": 0.013830279931426048, "vy_1": 0.040107835084199905, "vy_2": 0.05012594535946846, "vy_3": 0.054044209420681, "vy_4": 0.05496957153081894, "vy_5": 0.0543111115694046, "vy_6": 0.05551239475607872, "vy_7": 0.05737140029668808, "vy_8": 0.057788312435150146, "vy_9": 0.05838888883590698, "vy_10": 0.0584312304854393, "psidt_0.05": 0.002354701515287161, "psidt_1": 0.005996895022690296, "psidt_2": 0.0075813583098351955, "psidt_3": 0.007992440834641457, "psidt_4": 0.007742304354906082, "psidt_5": 0.007658845279365778, "psidt_6": 0.008014699444174767, "psidt_7": 0.007913882844150066, "psidt_8": 0.007839309051632881, "psidt_9": 0.00796961784362793, "psidt_10": 0.008035551756620407, "rmse_0.05": 0.008092490956187248, "rmse_1": 0.023052364587783813, "rmse_2": 0.028853651136159897, "rmse_3": 0.031018324196338654, "rmse_4": 0.03135593980550766, "rmse_5": 0.03098497912287712, "rmse_6": 0.03176354616880417, "rmse_7": 0.03264264017343521, "rmse_8": 0.03281380981206894, "rmse_9": 0.033179253339767456, "rmse_10": 0.033233389258384705}