{"vy_0.05": 0.016924886032938957, "vy_1": 0.053928397595882416, "vy_2": 0.07260803878307343, "vy_3": 0.08425348997116089, "vy_4": 0.08771119266748428, "vy_5": 0.09090588241815567, "vy_6": 0.0938117727637291, "vy_7": 0.10420665889978409, "vy_8": 0.10926435887813568, "vy_9": 0.1105278953909874, "vy_10": 0.11551154404878616, "psidt_0.05": 0.002480399562045932, "psidt_1": 0.005521773360669613, "psidt_2": 0.006848418619483709, "psidt_3": 0.00747537100687623, "psidt_4": 0.00768280727788806, "psidt_5": 0.007561081554740667, "psidt_6": 0.007937694899737835, "psidt_7": 0.00786137767136097, "psidt_8": 0.007988388650119305, "psidt_9": 0.008155722171068192, "psidt_10": 0.008173109963536263, "rmse_0.05": 0.009702642448246479, "rmse_1": 0.0297250859439373, "rmse_2": 0.039728228002786636, "rmse_3": 0.04586442932486534, "rmse_4": 0.047697000205516815, "rmse_5": 0.04923348128795624, "rmse_6": 0.0508747324347496, "rmse_7": 0.056034017354249954, "rmse_8": 0.05862637236714363, "rmse_9": 0.05934181064367294, "rmse_10": 0.06184232607483864}