{"vy_0.05": 0.015955327078700066, "vy_1": 0.042329996824264526, "vy_2": 0.05012819916009903, "vy_3": 0.052953287959098816, "vy_4": 0.05357935652136803, "vy_5": 0.05264366418123245, "vy_6": 0.05268733203411102, "vy_7": 0.05433957278728485, "vy_8": 0.05540372431278229, "vy_9": 0.055816613137722015, "vy_10": 0.05574410408735275, "psidt_0.05": 0.002377354074269533, "psidt_1": 0.005008692387491465, "psidt_2": 0.00633384520187974, "psidt_3": 0.006942961364984512, "psidt_4": 0.006937397178262472, "psidt_5": 0.006822759285569191, "psidt_6": 0.006708964705467224, "psidt_7": 0.006659023463726044, "psidt_8": 0.006701252888888121, "psidt_9": 0.006736817304044962, "psidt_10": 0.006758436094969511, "rmse_0.05": 0.009166340343654156, "rmse_1": 0.023669345304369926, "rmse_2": 0.028231022879481316, "rmse_3": 0.029948124662041664, "rmse_4": 0.03025837615132332, "rmse_5": 0.029733210802078247, "rmse_6": 0.029698148369789124, "rmse_7": 0.030499298125505447, "rmse_8": 0.031052488833665848, "rmse_9": 0.03127671405673027, "rmse_10": 0.031251270323991776}