{"vy_0.05": 0.01465219259262085, "vy_1": 0.04781298711895943, "vy_2": 0.07840032875537872, "vy_3": 0.09062402695417404, "vy_4": 0.10721328109502792, "vy_5": 0.13935799896717072, "vy_6": 0.15140104293823242, "vy_7": 0.16754885017871857, "vy_8": 0.17198285460472107, "vy_9": 0.17117832601070404, "vy_10": 0.1709478795528412, "psidt_0.05": 0.0023005849216133356, "psidt_1": 0.0064866309985518456, "psidt_2": 0.014819317497313023, "psidt_3": 0.018894022330641747, "psidt_4": 0.021741798147559166, "psidt_5": 0.035822056233882904, "psidt_6": 0.037202659994363785, "psidt_7": 0.04035792872309685, "psidt_8": 0.040441207587718964, "psidt_9": 0.04060874506831169, "psidt_10": 0.040352895855903625, "rmse_0.05": 0.00847638864070177, "rmse_1": 0.027149809524416924, "rmse_2": 0.046609822660684586, "rmse_3": 0.05475902557373047, "rmse_4": 0.06447754055261612, "rmse_5": 0.08759002387523651, "rmse_6": 0.09430184960365295, "rmse_7": 0.10395339131355286, "rmse_8": 0.10621203482151031, "rmse_9": 0.10589353740215302, "rmse_10": 0.1056503877043724}