{"vy_0.05": 0.015354166738688946, "vy_1": 0.03747526556253433, "vy_2": 0.04523367062211037, "vy_3": 0.04806644842028618, "vy_4": 0.05010342225432396, "vy_5": 0.04929489269852638, "vy_6": 0.0490938276052475, "vy_7": 0.050093431025743484, "vy_8": 0.05063009634613991, "vy_9": 0.050802409648895264, "vy_10": 0.05083862319588661, "psidt_0.05": 0.0026807331014424562, "psidt_1": 0.005292053800076246, "psidt_2": 0.006042998284101486, "psidt_3": 0.006477018818259239, "psidt_4": 0.0063488660380244255, "psidt_5": 0.006309331860393286, "psidt_6": 0.006221978459507227, "psidt_7": 0.0061067319475114346, "psidt_8": 0.006057797931134701, "psidt_9": 0.0060896361246705055, "psidt_10": 0.006035985425114632, "rmse_0.05": 0.00901744980365038, "rmse_1": 0.021383659914135933, "rmse_2": 0.025638334453105927, "rmse_3": 0.027271732687950134, "rmse_4": 0.02822614461183548, "rmse_5": 0.027802111580967903, "rmse_6": 0.027657903730869293, "rmse_7": 0.02810008078813553, "rmse_8": 0.02834394760429859, "rmse_9": 0.028446022421121597, "rmse_10": 0.028437305241823196}