{"vy_0.05": 0.014432099647819996, "vy_1": 0.03417135775089264, "vy_2": 0.039956431835889816, "vy_3": 0.043438706547021866, "vy_4": 0.046099670231342316, "vy_5": 0.04605498164892197, "vy_6": 0.0462484173476696, "vy_7": 0.04783504456281662, "vy_8": 0.04882941395044327, "vy_9": 0.04930450767278671, "vy_10": 0.049434859305620193, "psidt_0.05": 0.002626508940011263, "psidt_1": 0.005117874126881361, "psidt_2": 0.0058538285084068775, "psidt_3": 0.006067708600312471, "psidt_4": 0.006049680523574352, "psidt_5": 0.005973192863166332, "psidt_6": 0.005890185479074717, "psidt_7": 0.005764023866504431, "psidt_8": 0.005780512932687998, "psidt_9": 0.005824363324791193, "psidt_10": 0.005727326963096857, "rmse_0.05": 0.008529304526746273, "rmse_1": 0.019644616171717644, "rmse_2": 0.022905129939317703, "rmse_3": 0.024753207340836525, "rmse_4": 0.02607467584311962, "rmse_5": 0.026014087721705437, "rmse_6": 0.02606930211186409, "rmse_7": 0.026799533516168594, "rmse_8": 0.027304964140057564, "rmse_9": 0.027564436197280884, "rmse_10": 0.027581093832850456}