{"vy_0.05": 0.015308554284274578, "vy_1": 0.04740766063332558, "vy_2": 0.05531875789165497, "vy_3": 0.05651776120066643, "vy_4": 0.057614851742982864, "vy_5": 0.056734275072813034, "vy_6": 0.05665675923228264, "vy_7": 0.05811820924282074, "vy_8": 0.05887753143906593, "vy_9": 0.059179067611694336, "vy_10": 0.05900011211633682, "psidt_0.05": 0.0025631508324295282, "psidt_1": 0.005586026236414909, "psidt_2": 0.006888925097882748, "psidt_3": 0.0075409370474517345, "psidt_4": 0.007453357335180044, "psidt_5": 0.00727087864652276, "psidt_6": 0.007220743224024773, "psidt_7": 0.007143107708543539, "psidt_8": 0.007120279595255852, "psidt_9": 0.007122305687516928, "psidt_10": 0.007026697508990765, "rmse_0.05": 0.008935852907598019, "rmse_1": 0.02649684250354767, "rmse_2": 0.031103841960430145, "rmse_3": 0.032029349356889725, "rmse_4": 0.03253410384058952, "rmse_5": 0.03200257569551468, "rmse_6": 0.03193875029683113, "rmse_7": 0.03263065963983536, "rmse_8": 0.03299890458583832, "rmse_9": 0.03315068781375885, "rmse_10": 0.03301340341567993}