{"vy_0.05": 0.015023492276668549, "vy_1": 0.04759427532553673, "vy_2": 0.06092371791601181, "vy_3": 0.062469713389873505, "vy_4": 0.06294851005077362, "vy_5": 0.06302941590547562, "vy_6": 0.06321826577186584, "vy_7": 0.06540632247924805, "vy_8": 0.0668734759092331, "vy_9": 0.06639428436756134, "vy_10": 0.06621722877025604, "psidt_0.05": 0.002505876123905182, "psidt_1": 0.005727231502532959, "psidt_2": 0.0067367530427873135, "psidt_3": 0.007210704497992992, "psidt_4": 0.007193609606474638, "psidt_5": 0.007154039107263088, "psidt_6": 0.007244586944580078, "psidt_7": 0.00718246353790164, "psidt_8": 0.00719392579048872, "psidt_9": 0.007313241250813007, "psidt_10": 0.00725831463932991, "rmse_0.05": 0.008764684200286865, "rmse_1": 0.026660753414034843, "rmse_2": 0.03383023664355278, "rmse_3": 0.03484020754694939, "rmse_4": 0.03507106006145477, "rmse_5": 0.03509172797203064, "rmse_6": 0.03523142635822296, "rmse_7": 0.03629439324140549, "rmse_8": 0.037033699452877045, "rmse_9": 0.036853764206171036, "rmse_10": 0.03673776984214783}