{"vy_0.05": 0.013133309781551361, "vy_1": 0.03493865206837654, "vy_2": 0.04222094640135765, "vy_3": 0.04756828770041466, "vy_4": 0.05001923069357872, "vy_5": 0.05016196891665459, "vy_6": 0.05127949267625809, "vy_7": 0.053401246666908264, "vy_8": 0.053411051630973816, "vy_9": 0.05424409732222557, "vy_10": 0.054809048771858215, "psidt_0.05": 0.0022649476304650307, "psidt_1": 0.004371716175228357, "psidt_2": 0.005578754004091024, "psidt_3": 0.006241102237254381, "psidt_4": 0.006149657536298037, "psidt_5": 0.006104748696088791, "psidt_6": 0.006092897616326809, "psidt_7": 0.0060318391770124435, "psidt_8": 0.006057326681911945, "psidt_9": 0.006075304467231035, "psidt_10": 0.006024143658578396, "rmse_0.05": 0.007699128706008196, "rmse_1": 0.01965518482029438, "rmse_2": 0.023899849504232407, "rmse_3": 0.026904694736003876, "rmse_4": 0.028084443882107735, "rmse_5": 0.02813335880637169, "rmse_6": 0.028686195611953735, "rmse_7": 0.02971654385328293, "rmse_8": 0.029734188690781593, "rmse_9": 0.03015970066189766, "rmse_10": 0.030416596680879593}