{"vy_0.05": 0.01697937399148941, "vy_1": 0.05379397049546242, "vy_2": 0.0721839889883995, "vy_3": 0.08301649987697601, "vy_4": 0.08570472151041031, "vy_5": 0.08955171704292297, "vy_6": 0.09329688549041748, "vy_7": 0.10315845906734467, "vy_8": 0.10792502015829086, "vy_9": 0.10950054228305817, "vy_10": 0.11405004560947418, "psidt_0.05": 0.0023608433548361063, "psidt_1": 0.005229571834206581, "psidt_2": 0.006559474393725395, "psidt_3": 0.007195372134447098, "psidt_4": 0.007385583594441414, "psidt_5": 0.007330297492444515, "psidt_6": 0.007671785540878773, "psidt_7": 0.0076270680874586105, "psidt_8": 0.007722059264779091, "psidt_9": 0.00791090540587902, "psidt_10": 0.00792715884745121, "rmse_0.05": 0.009670108556747437, "rmse_1": 0.029511772096157074, "rmse_2": 0.039371732622385025, "rmse_3": 0.045105934143066406, "rmse_4": 0.04654515162110329, "rmse_5": 0.04844100773334503, "rmse_6": 0.05048433691263199, "rmse_7": 0.05539276450872421, "rmse_8": 0.0578235387802124, "rmse_9": 0.05870572477579117, "rmse_10": 0.06098860129714012}