{"vy_0.05": 0.014805573970079422, "vy_1": 0.050175972282886505, "vy_2": 0.06529539078474045, "vy_3": 0.06798006594181061, "vy_4": 0.06916461139917374, "vy_5": 0.06983538717031479, "vy_6": 0.06983780115842819, "vy_7": 0.07169654220342636, "vy_8": 0.07296409457921982, "vy_9": 0.07319971919059753, "vy_10": 0.07301031053066254, "psidt_0.05": 0.002138591604307294, "psidt_1": 0.0054684909991919994, "psidt_2": 0.006990418769419193, "psidt_3": 0.0076082623563706875, "psidt_4": 0.007698473054915667, "psidt_5": 0.007708779536187649, "psidt_6": 0.007830752991139889, "psidt_7": 0.007738068234175444, "psidt_8": 0.007783404551446438, "psidt_9": 0.008009680546820164, "psidt_10": 0.008000001311302185, "rmse_0.05": 0.008472083136439323, "rmse_1": 0.027822231873869896, "rmse_2": 0.03614290431141853, "rmse_3": 0.037794165313243866, "rmse_4": 0.03843154385685921, "rmse_5": 0.038772083818912506, "rmse_6": 0.03883427754044533, "rmse_7": 0.039717305451631546, "rmse_8": 0.040373750030994415, "rmse_9": 0.04060469940304756, "rmse_10": 0.04050515592098236}