{"vy_0.05": 0.015328451991081238, "vy_1": 0.0430205836892128, "vy_2": 0.05171280726790428, "vy_3": 0.05275537073612213, "vy_4": 0.054059948772192, "vy_5": 0.05309358611702919, "vy_6": 0.052565090358257294, "vy_7": 0.05395805835723877, "vy_8": 0.054117701947689056, "vy_9": 0.053975753486156464, "vy_10": 0.05369237810373306, "psidt_0.05": 0.002632491523399949, "psidt_1": 0.005291250068694353, "psidt_2": 0.006474024150520563, "psidt_3": 0.007145257666707039, "psidt_4": 0.007069724146276712, "psidt_5": 0.006926211528480053, "psidt_6": 0.006872641853988171, "psidt_7": 0.006853888742625713, "psidt_8": 0.00689272815361619, "psidt_9": 0.00695605855435133, "psidt_10": 0.006917324382811785, "rmse_0.05": 0.008980471640825272, "rmse_1": 0.024155916646122932, "rmse_2": 0.029093416407704353, "rmse_3": 0.02995031327009201, "rmse_4": 0.030564837157726288, "rmse_5": 0.03000989928841591, "rmse_6": 0.02971886657178402, "rmse_7": 0.03040597401559353, "rmse_8": 0.030505215749144554, "rmse_9": 0.030465906485915184, "rmse_10": 0.03030485101044178}