{"vy_0.05": 0.014287498779594898, "vy_1": 0.04847163334488869, "vy_2": 0.06114647164940834, "vy_3": 0.06348660588264465, "vy_4": 0.06409383565187454, "vy_5": 0.06447607278823853, "vy_6": 0.06573154032230377, "vy_7": 0.06744331121444702, "vy_8": 0.0691550001502037, "vy_9": 0.06885942816734314, "vy_10": 0.06883072108030319, "psidt_0.05": 0.0023554624058306217, "psidt_1": 0.005931320134550333, "psidt_2": 0.007294274400919676, "psidt_3": 0.007878554984927177, "psidt_4": 0.007751942612230778, "psidt_5": 0.007695496082305908, "psidt_6": 0.007814918644726276, "psidt_7": 0.007780112791806459, "psidt_8": 0.007843873463571072, "psidt_9": 0.007876667194068432, "psidt_10": 0.007779461331665516, "rmse_0.05": 0.008321480825543404, "rmse_1": 0.02720147743821144, "rmse_2": 0.0342203713953495, "rmse_3": 0.03568258136510849, "rmse_4": 0.03592288866639137, "rmse_5": 0.03608578443527222, "rmse_6": 0.036773230880498886, "rmse_7": 0.0376117117702961, "rmse_8": 0.038499437272548676, "rmse_9": 0.038368046283721924, "rmse_10": 0.038305092602968216}