{"vy_0.05": 0.014321820810437202, "vy_1": 0.050770413130521774, "vy_2": 0.09088431298732758, "vy_3": 0.10835818946361542, "vy_4": 0.11818777024745941, "vy_5": 0.12605120241641998, "vy_6": 0.12885919213294983, "vy_7": 0.132408007979393, "vy_8": 0.13493426144123077, "vy_9": 0.13714459538459778, "vy_10": 0.14236876368522644, "psidt_0.05": 0.002331304829567671, "psidt_1": 0.0054277535527944565, "psidt_2": 0.011224925518035889, "psidt_3": 0.01418338343501091, "psidt_4": 0.01724928803741932, "psidt_5": 0.021005120128393173, "psidt_6": 0.02270967699587345, "psidt_7": 0.023493802174925804, "psidt_8": 0.024078188464045525, "psidt_9": 0.025044864043593407, "psidt_10": 0.026588985696434975, "rmse_0.05": 0.00832656305283308, "rmse_1": 0.02809908241033554, "rmse_2": 0.05105461925268173, "rmse_3": 0.06127078831195831, "rmse_4": 0.06771852821111679, "rmse_5": 0.07352816313505173, "rmse_6": 0.07578443735837936, "rmse_7": 0.07795090228319168, "rmse_8": 0.07950622588396072, "rmse_9": 0.08109472692012787, "rmse_10": 0.08447887748479843}