{"vy_0.05": 0.015010612085461617, "vy_1": 0.036514416337013245, "vy_2": 0.044787537306547165, "vy_3": 0.047399215400218964, "vy_4": 0.04933689534664154, "vy_5": 0.04901519790291786, "vy_6": 0.048806093633174896, "vy_7": 0.05062570422887802, "vy_8": 0.05153951421380043, "vy_9": 0.05184810608625412, "vy_10": 0.0518362857401371, "psidt_0.05": 0.0026305948849767447, "psidt_1": 0.005482882261276245, "psidt_2": 0.006394257768988609, "psidt_3": 0.006896126549690962, "psidt_4": 0.006759862415492535, "psidt_5": 0.0066101341508328915, "psidt_6": 0.006630521733313799, "psidt_7": 0.006549545098096132, "psidt_8": 0.00655385060235858, "psidt_9": 0.006616898346692324, "psidt_10": 0.006545571610331535, "rmse_0.05": 0.008820603601634502, "rmse_1": 0.020998649299144745, "rmse_2": 0.025590896606445312, "rmse_3": 0.027147671207785606, "rmse_4": 0.028048379346728325, "rmse_5": 0.027812665328383446, "rmse_6": 0.027718307450413704, "rmse_7": 0.028587624430656433, "rmse_8": 0.02904668264091015, "rmse_9": 0.029232501983642578, "rmse_10": 0.029190927743911743}