{"vy_0.05": 0.01464856043457985, "vy_1": 0.04940225929021835, "vy_2": 0.06590596586465836, "vy_3": 0.06773143261671066, "vy_4": 0.06954114139080048, "vy_5": 0.07170882821083069, "vy_6": 0.07115306705236435, "vy_7": 0.07360897958278656, "vy_8": 0.07509823888540268, "vy_9": 0.07555851340293884, "vy_10": 0.07560189068317413, "psidt_0.05": 0.002404876286163926, "psidt_1": 0.006193502340465784, "psidt_2": 0.007466737646609545, "psidt_3": 0.00793712679296732, "psidt_4": 0.007989184930920601, "psidt_5": 0.007986572571098804, "psidt_6": 0.00813628826290369, "psidt_7": 0.008036607876420021, "psidt_8": 0.00805068202316761, "psidt_9": 0.008229529485106468, "psidt_10": 0.008205339312553406, "rmse_0.05": 0.008526718243956566, "rmse_1": 0.027797881513834, "rmse_2": 0.036686353385448456, "rmse_3": 0.037834279239177704, "rmse_4": 0.038765162229537964, "rmse_5": 0.03984770178794861, "rmse_6": 0.03964467719197273, "rmse_7": 0.040822792798280716, "rmse_8": 0.04157445952296257, "rmse_9": 0.04189402237534523, "rmse_10": 0.04190361499786377}