{"vy_0.05": 0.017032505944371223, "vy_1": 0.05410841479897499, "vy_2": 0.07270253449678421, "vy_3": 0.0847182646393776, "vy_4": 0.08763706684112549, "vy_5": 0.09165645390748978, "vy_6": 0.09528876841068268, "vy_7": 0.10547489672899246, "vy_8": 0.1104392483830452, "vy_9": 0.11195958405733109, "vy_10": 0.11690473556518555, "psidt_0.05": 0.002397183096036315, "psidt_1": 0.005291099194437265, "psidt_2": 0.006470991764217615, "psidt_3": 0.007174722850322723, "psidt_4": 0.007382190320640802, "psidt_5": 0.007359437644481659, "psidt_6": 0.007717113010585308, "psidt_7": 0.007652323693037033, "psidt_8": 0.007763361092656851, "psidt_9": 0.007956053130328655, "psidt_10": 0.00798434391617775, "rmse_0.05": 0.009714844636619091, "rmse_1": 0.02969975769519806, "rmse_2": 0.039586763828992844, "rmse_3": 0.04594649374485016, "rmse_4": 0.047509629279375076, "rmse_5": 0.04950794577598572, "rmse_6": 0.05150293931365013, "rmse_7": 0.0565636083483696, "rmse_8": 0.05910130590200424, "rmse_9": 0.05995781719684601, "rmse_10": 0.0624445378780365}