{"vy_0.05": 0.016328252851963043, "vy_1": 0.045737374573946, "vy_2": 0.05446027219295502, "vy_3": 0.0556524433195591, "vy_4": 0.05683082342147827, "vy_5": 0.05546494573354721, "vy_6": 0.054898783564567566, "vy_7": 0.05661001801490784, "vy_8": 0.05665193498134613, "vy_9": 0.05642521753907204, "vy_10": 0.05620264261960983, "psidt_0.05": 0.0024832633789628744, "psidt_1": 0.005430719815194607, "psidt_2": 0.006635901052504778, "psidt_3": 0.007234347052872181, "psidt_4": 0.007196083199232817, "psidt_5": 0.007090399973094463, "psidt_6": 0.007053398992866278, "psidt_7": 0.006963706109672785, "psidt_8": 0.006988066248595715, "psidt_9": 0.007020474411547184, "psidt_10": 0.006917447317391634, "rmse_0.05": 0.00940575823187828, "rmse_1": 0.02558404766023159, "rmse_2": 0.030548086389899254, "rmse_3": 0.03144339472055435, "rmse_4": 0.03201345354318619, "rmse_5": 0.031277671456336975, "rmse_6": 0.03097609058022499, "rmse_7": 0.03178686276078224, "rmse_8": 0.03181999921798706, "rmse_9": 0.03172284737229347, "rmse_10": 0.03156004473567009}