{"vy_0.05": 0.016080059111118317, "vy_1": 0.042698901146650314, "vy_2": 0.052006449550390244, "vy_3": 0.05467640236020088, "vy_4": 0.05567605048418045, "vy_5": 0.054631706327199936, "vy_6": 0.05441244691610336, "vy_7": 0.055602941662073135, "vy_8": 0.05611949786543846, "vy_9": 0.05602790787816048, "vy_10": 0.05594984441995621, "psidt_0.05": 0.002339573111385107, "psidt_1": 0.005055793095380068, "psidt_2": 0.006362211424857378, "psidt_3": 0.007025801111012697, "psidt_4": 0.0070252930745482445, "psidt_5": 0.006879172753542662, "psidt_6": 0.006761191412806511, "psidt_7": 0.0066956025548279285, "psidt_8": 0.0066825090907514095, "psidt_9": 0.00673222029581666, "psidt_10": 0.006680522579699755, "rmse_0.05": 0.009209816344082355, "rmse_1": 0.023877346888184547, "rmse_2": 0.029184330254793167, "rmse_3": 0.030851101502776146, "rmse_4": 0.031350672245025635, "rmse_5": 0.030755439773201942, "rmse_6": 0.03058682009577751, "rmse_7": 0.03114927187561989, "rmse_8": 0.031401004642248154, "rmse_9": 0.0313800647854805, "rmse_10": 0.03131518512964249}