{"vy_0.05": 0.014826273545622826, "vy_1": 0.0497799813747406, "vy_2": 0.06462878733873367, "vy_3": 0.06749726086854935, "vy_4": 0.06969846785068512, "vy_5": 0.07358085364103317, "vy_6": 0.07380063831806183, "vy_7": 0.07603318989276886, "vy_8": 0.077659972012043, "vy_9": 0.0780908539891243, "vy_10": 0.0781419575214386, "psidt_0.05": 0.002381405560299754, "psidt_1": 0.007180736865848303, "psidt_2": 0.008056780323386192, "psidt_3": 0.0085963299497962, "psidt_4": 0.009394313208758831, "psidt_5": 0.009225781075656414, "psidt_6": 0.009458726271986961, "psidt_7": 0.009326140396296978, "psidt_8": 0.00962662324309349, "psidt_9": 0.009811597876250744, "psidt_10": 0.009881680831313133, "rmse_0.05": 0.008603839203715324, "rmse_1": 0.02848035842180252, "rmse_2": 0.03634278476238251, "rmse_3": 0.03804679587483406, "rmse_4": 0.03954638913273811, "rmse_5": 0.04140331596136093, "rmse_6": 0.04162968322634697, "rmse_7": 0.04267966374754906, "rmse_8": 0.043643295764923096, "rmse_9": 0.04395122453570366, "rmse_10": 0.04401182010769844}