{"vy_0.05": 0.012954085133969784, "vy_1": 0.04070189222693443, "vy_2": 0.0483134426176548, "vy_3": 0.05279043689370155, "vy_4": 0.05615348368883133, "vy_5": 0.05939328297972679, "vy_6": 0.06179239600896835, "vy_7": 0.0644109770655632, "vy_8": 0.06584079563617706, "vy_9": 0.06800761818885803, "vy_10": 0.06742607802152634, "psidt_0.05": 0.0021931244991719723, "psidt_1": 0.005773648153990507, "psidt_2": 0.006740575656294823, "psidt_3": 0.007164209149777889, "psidt_4": 0.007162072695791721, "psidt_5": 0.0076132058165967464, "psidt_6": 0.008030840195715427, "psidt_7": 0.007993080653250217, "psidt_8": 0.008030599914491177, "psidt_9": 0.008545166812837124, "psidt_10": 0.008428150787949562, "rmse_0.05": 0.007573604583740234, "rmse_1": 0.023237770423293114, "rmse_2": 0.027527008205652237, "rmse_3": 0.02997732348740101, "rmse_4": 0.03165777772665024, "rmse_5": 0.03350324556231499, "rmse_6": 0.0349116176366806, "rmse_7": 0.03620202839374542, "rmse_8": 0.03693569824099541, "rmse_9": 0.038276392966508865, "rmse_10": 0.037927113473415375}