{"vy_0.05": 0.014571582898497581, "vy_1": 0.040909625589847565, "vy_2": 0.04789050295948982, "vy_3": 0.05085161700844765, "vy_4": 0.0542699433863163, "vy_5": 0.05395545810461044, "vy_6": 0.054295144975185394, "vy_7": 0.05502154678106308, "vy_8": 0.05594726279377937, "vy_9": 0.056040212512016296, "vy_10": 0.05587382987141609, "psidt_0.05": 0.002633237512782216, "psidt_1": 0.004870453849434853, "psidt_2": 0.0057289558462798595, "psidt_3": 0.006240717135369778, "psidt_4": 0.006188645493239164, "psidt_5": 0.006099597085267305, "psidt_6": 0.0060037714429199696, "psidt_7": 0.0058787367306649685, "psidt_8": 0.005875547882169485, "psidt_9": 0.005908942315727472, "psidt_10": 0.00587290246039629, "rmse_0.05": 0.008602410554885864, "rmse_1": 0.022890038788318634, "rmse_2": 0.026809729635715485, "rmse_3": 0.02854616753757, "rmse_4": 0.030229294672608376, "rmse_5": 0.03002752736210823, "rmse_6": 0.03014945797622204, "rmse_7": 0.030450141057372093, "rmse_8": 0.030911404639482498, "rmse_9": 0.030974578112363815, "rmse_10": 0.030873365700244904}