{"vy_0.05": 0.015032172203063965, "vy_1": 0.045393653213977814, "vy_2": 0.05447044223546982, "vy_3": 0.05914333835244179, "vy_4": 0.060462918132543564, "vy_5": 0.06025706231594086, "vy_6": 0.06152249872684479, "vy_7": 0.06288040429353714, "vy_8": 0.06386171281337738, "vy_9": 0.06407821178436279, "vy_10": 0.06409979611635208, "psidt_0.05": 0.0022754112724214792, "psidt_1": 0.004670938942581415, "psidt_2": 0.006044359412044287, "psidt_3": 0.006749096792191267, "psidt_4": 0.006805332377552986, "psidt_5": 0.006683466490358114, "psidt_6": 0.006578369531780481, "psidt_7": 0.0064812516793608665, "psidt_8": 0.006514823995530605, "psidt_9": 0.006559585686773062, "psidt_10": 0.006511025130748749, "rmse_0.05": 0.0086537916213274, "rmse_1": 0.025032296776771545, "rmse_2": 0.03025740012526512, "rmse_3": 0.03294621780514717, "rmse_4": 0.03363412618637085, "rmse_5": 0.033470265567302704, "rmse_6": 0.034050434827804565, "rmse_7": 0.03468082845211029, "rmse_8": 0.03518826887011528, "rmse_9": 0.035318899899721146, "rmse_10": 0.035305410623550415}