{"vy_0.05": 0.01456484105437994, "vy_1": 0.045431483536958694, "vy_2": 0.055275119841098785, "vy_3": 0.061340250074863434, "vy_4": 0.06276913732290268, "vy_5": 0.06317424774169922, "vy_6": 0.06400806456804276, "vy_7": 0.0649651288986206, "vy_8": 0.06562019884586334, "vy_9": 0.06579678505659103, "vy_10": 0.06572400033473969, "psidt_0.05": 0.002276630839332938, "psidt_1": 0.004707817453891039, "psidt_2": 0.006079639308154583, "psidt_3": 0.006696462631225586, "psidt_4": 0.006707153748720884, "psidt_5": 0.006589343771338463, "psidt_6": 0.0064368885941803455, "psidt_7": 0.00636860029771924, "psidt_8": 0.006409153342247009, "psidt_9": 0.0064909802749753, "psidt_10": 0.006472554989159107, "rmse_0.05": 0.008420735597610474, "rmse_1": 0.025069650262594223, "rmse_2": 0.03067738004028797, "rmse_3": 0.03401835635304451, "rmse_4": 0.034738145768642426, "rmse_5": 0.034881796687841415, "rmse_6": 0.035222478210926056, "rmse_7": 0.03566686436533928, "rmse_8": 0.036014676094055176, "rmse_9": 0.03614388406276703, "rmse_10": 0.03609827905893326}