{"vy_0.05": 0.014797227457165718, "vy_1": 0.038473859429359436, "vy_2": 0.045808907598257065, "vy_3": 0.048436373472213745, "vy_4": 0.05102533474564552, "vy_5": 0.05169559270143509, "vy_6": 0.05296359956264496, "vy_7": 0.05600764602422714, "vy_8": 0.056814152747392654, "vy_9": 0.057187095284461975, "vy_10": 0.05740326642990112, "psidt_0.05": 0.0024225255474448204, "psidt_1": 0.005210889037698507, "psidt_2": 0.006179968826472759, "psidt_3": 0.0066012670285999775, "psidt_4": 0.006494881585240364, "psidt_5": 0.006366901099681854, "psidt_6": 0.0064253737218678, "psidt_7": 0.00632738322019577, "psidt_8": 0.006269967183470726, "psidt_9": 0.006339280866086483, "psidt_10": 0.0062780543230473995, "rmse_0.05": 0.008609876036643982, "rmse_1": 0.02184237353503704, "rmse_2": 0.0259944386780262, "rmse_3": 0.027518820017576218, "rmse_4": 0.028760109096765518, "rmse_5": 0.02903124690055847, "rmse_6": 0.029694486409425735, "rmse_7": 0.031167514622211456, "rmse_8": 0.031542059034109116, "rmse_9": 0.031763188540935516, "rmse_10": 0.03184065967798233}