{"vy_0.05": 0.01508229598402977, "vy_1": 0.0424816831946373, "vy_2": 0.051178883761167526, "vy_3": 0.052388157695531845, "vy_4": 0.053838878870010376, "vy_5": 0.053135260939598083, "vy_6": 0.052619483321905136, "vy_7": 0.05401955544948578, "vy_8": 0.054144736379384995, "vy_9": 0.054056450724601746, "vy_10": 0.05393008887767792, "psidt_0.05": 0.002450469182804227, "psidt_1": 0.005112549755722284, "psidt_2": 0.006295920815318823, "psidt_3": 0.0069816382601857185, "psidt_4": 0.006889520213007927, "psidt_5": 0.0067591373808681965, "psidt_6": 0.0066669839434325695, "psidt_7": 0.006591344717890024, "psidt_8": 0.00656585767865181, "psidt_9": 0.006615133490413427, "psidt_10": 0.006586993578821421, "rmse_0.05": 0.008766382932662964, "rmse_1": 0.023797117173671722, "rmse_2": 0.028737401589751244, "rmse_3": 0.029684897512197495, "rmse_4": 0.030364200472831726, "rmse_5": 0.029947198927402496, "rmse_6": 0.029643233865499496, "rmse_7": 0.030305450782179832, "rmse_8": 0.030355297029018402, "rmse_9": 0.030335791409015656, "rmse_10": 0.0302585419267416}