{"vy_0.05": 0.014799884520471096, "vy_1": 0.03527761250734329, "vy_2": 0.04318234696984291, "vy_3": 0.047020163387060165, "vy_4": 0.04939646273851395, "vy_5": 0.04893527925014496, "vy_6": 0.04883813112974167, "vy_7": 0.05037667974829674, "vy_8": 0.051174331456422806, "vy_9": 0.051654014736413956, "vy_10": 0.05182820186018944, "psidt_0.05": 0.0025460203178226948, "psidt_1": 0.0048502241261303425, "psidt_2": 0.005686126183718443, "psidt_3": 0.006189815234392881, "psidt_4": 0.0060905893333256245, "psidt_5": 0.006011661607772112, "psidt_6": 0.00593429384753108, "psidt_7": 0.005818288307636976, "psidt_8": 0.005739017855376005, "psidt_9": 0.005764193367213011, "psidt_10": 0.005687233991920948, "rmse_0.05": 0.008672952651977539, "rmse_1": 0.020063918083906174, "rmse_2": 0.02443423680961132, "rmse_3": 0.026604989543557167, "rmse_4": 0.027743525803089142, "rmse_5": 0.02747347019612789, "rmse_6": 0.027386212721467018, "rmse_7": 0.0280974842607975, "rmse_8": 0.02845667488873005, "rmse_9": 0.028709104284644127, "rmse_10": 0.028757717460393906}