{"vy_0.05": 0.015741197392344475, "vy_1": 0.038528572767972946, "vy_2": 0.045829903334379196, "vy_3": 0.048241857439279556, "vy_4": 0.0500204972922802, "vy_5": 0.049217771738767624, "vy_6": 0.048859987407922745, "vy_7": 0.0503731369972229, "vy_8": 0.05076565593481064, "vy_9": 0.05080807954072952, "vy_10": 0.05054788663983345, "psidt_0.05": 0.0025760470889508724, "psidt_1": 0.004757252987474203, "psidt_2": 0.005988243035972118, "psidt_3": 0.006639671977609396, "psidt_4": 0.006616237107664347, "psidt_5": 0.006517264526337385, "psidt_6": 0.0063810208812355995, "psidt_7": 0.006353309843689203, "psidt_8": 0.006339724641293287, "psidt_9": 0.0063790264539420605, "psidt_10": 0.006363419350236654, "rmse_0.05": 0.009158622473478317, "rmse_1": 0.021642912179231644, "rmse_2": 0.025909073650836945, "rmse_3": 0.027440764009952545, "rmse_4": 0.028318367898464203, "rmse_5": 0.027867518365383148, "rmse_6": 0.027620503678917885, "rmse_7": 0.028363224118947983, "rmse_8": 0.028552690520882607, "rmse_9": 0.028593553230166435, "rmse_10": 0.02845565229654312}