{"vy_0.05": 0.014252384193241596, "vy_1": 0.04471335932612419, "vy_2": 0.058420330286026, "vy_3": 0.06146653741598129, "vy_4": 0.06316256523132324, "vy_5": 0.06299953162670135, "vy_6": 0.06311745196580887, "vy_7": 0.06490258872509003, "vy_8": 0.06587687134742737, "vy_9": 0.06558605283498764, "vy_10": 0.06551197916269302, "psidt_0.05": 0.002392742084339261, "psidt_1": 0.0050782994367182255, "psidt_2": 0.006055278237909079, "psidt_3": 0.006894330494105816, "psidt_4": 0.007025649771094322, "psidt_5": 0.007371645420789719, "psidt_6": 0.007379892282187939, "psidt_7": 0.007310947403311729, "psidt_8": 0.007253461983054876, "psidt_9": 0.007309249602258205, "psidt_10": 0.007213703356683254, "rmse_0.05": 0.008322563022375107, "rmse_1": 0.02489583007991314, "rmse_2": 0.03223780542612076, "rmse_3": 0.03418043255805969, "rmse_4": 0.03509410843253136, "rmse_5": 0.035185590386390686, "rmse_6": 0.03524867072701454, "rmse_7": 0.03610676899552345, "rmse_8": 0.03656516596674919, "rmse_9": 0.03644765168428421, "rmse_10": 0.036362841725349426}