{"vy_0.05": 0.015426668338477612, "vy_1": 0.042433302849531174, "vy_2": 0.052196234464645386, "vy_3": 0.054561905562877655, "vy_4": 0.056485190987586975, "vy_5": 0.05615769326686859, "vy_6": 0.05528605356812477, "vy_7": 0.05650098994374275, "vy_8": 0.05691520497202873, "vy_9": 0.056682221591472626, "vy_10": 0.056302759796381, "psidt_0.05": 0.002665988402441144, "psidt_1": 0.005728557240217924, "psidt_2": 0.0067817335948348045, "psidt_3": 0.007366443518549204, "psidt_4": 0.007225935813039541, "psidt_5": 0.0069986507296562195, "psidt_6": 0.0069730160757899284, "psidt_7": 0.006853797007352114, "psidt_8": 0.006789867300540209, "psidt_9": 0.006784743629395962, "psidt_10": 0.006696159951388836, "rmse_0.05": 0.009046328254044056, "rmse_1": 0.024080930277705193, "rmse_2": 0.029488984495401382, "rmse_3": 0.03096417523920536, "rmse_4": 0.031855564564466476, "rmse_5": 0.031578171998262405, "rmse_6": 0.031129535287618637, "rmse_7": 0.03167739510536194, "rmse_8": 0.03185253590345383, "rmse_9": 0.03173348307609558, "rmse_10": 0.031499460339546204}