{"vy_0.05": 0.014099730178713799, "vy_1": 0.044334106147289276, "vy_2": 0.05262749642133713, "vy_3": 0.057143136858940125, "vy_4": 0.05828743800520897, "vy_5": 0.05832266807556152, "vy_6": 0.05949728190898895, "vy_7": 0.0605357326567173, "vy_8": 0.06129879131913185, "vy_9": 0.061567116528749466, "vy_10": 0.06163064390420914, "psidt_0.05": 0.0024477937258780003, "psidt_1": 0.004969752859324217, "psidt_2": 0.006232668180018663, "psidt_3": 0.006878724321722984, "psidt_4": 0.006784527096897364, "psidt_5": 0.00660406518727541, "psidt_6": 0.006538150832056999, "psidt_7": 0.00643015094101429, "psidt_8": 0.006423058453947306, "psidt_9": 0.0064626713283360004, "psidt_10": 0.006394737400114536, "rmse_0.05": 0.008273761719465256, "rmse_1": 0.02465192973613739, "rmse_2": 0.029430082067847252, "rmse_3": 0.03201093152165413, "rmse_4": 0.03253598138689995, "rmse_5": 0.03246336802840233, "rmse_6": 0.03301771730184555, "rmse_7": 0.03348294273018837, "rmse_8": 0.03386092558503151, "rmse_9": 0.03401489555835724, "rmse_10": 0.03401269018650055}