{"vy_0.05": 0.013292861171066761, "vy_1": 0.03458452224731445, "vy_2": 0.04060225561261177, "vy_3": 0.045081526041030884, "vy_4": 0.04742087423801422, "vy_5": 0.047703806310892105, "vy_6": 0.048346322029829025, "vy_7": 0.050485461950302124, "vy_8": 0.05130776762962341, "vy_9": 0.051653292030096054, "vy_10": 0.0516260489821434, "psidt_0.05": 0.0024252848234027624, "psidt_1": 0.004854264203459024, "psidt_2": 0.00584331713616848, "psidt_3": 0.006282067392021418, "psidt_4": 0.006215193308889866, "psidt_5": 0.006190219894051552, "psidt_6": 0.006200945004820824, "psidt_7": 0.006144644692540169, "psidt_8": 0.006163352634757757, "psidt_9": 0.006241419818252325, "psidt_10": 0.006159934215247631, "rmse_0.05": 0.007859072647988796, "rmse_1": 0.01971939392387867, "rmse_2": 0.02322278544306755, "rmse_3": 0.02568179741501808, "rmse_4": 0.026818033307790756, "rmse_5": 0.026947014033794403, "rmse_6": 0.02727363258600235, "rmse_7": 0.028315052390098572, "rmse_8": 0.028735559433698654, "rmse_9": 0.02894735522568226, "rmse_10": 0.028892992064356804}