{"vy_0.05": 0.01588810421526432, "vy_1": 0.04284394159913063, "vy_2": 0.05194805562496185, "vy_3": 0.05405906215310097, "vy_4": 0.055532656610012054, "vy_5": 0.05525607615709305, "vy_6": 0.05466047301888466, "vy_7": 0.055762603878974915, "vy_8": 0.056103870272636414, "vy_9": 0.056006453931331635, "vy_10": 0.055734001100063324, "psidt_0.05": 0.002437981078401208, "psidt_1": 0.0050171539187431335, "psidt_2": 0.006217419169843197, "psidt_3": 0.00676620751619339, "psidt_4": 0.006720193196088076, "psidt_5": 0.00659194914624095, "psidt_6": 0.006523042917251587, "psidt_7": 0.00643732538446784, "psidt_8": 0.006408879533410072, "psidt_9": 0.006427782587707043, "psidt_10": 0.006343427114188671, "rmse_0.05": 0.009163042530417442, "rmse_1": 0.023930547758936882, "rmse_2": 0.029082737863063812, "rmse_3": 0.03041263483464718, "rmse_4": 0.03112642467021942, "rmse_5": 0.030924012884497643, "rmse_6": 0.030591757968068123, "rmse_7": 0.031099963933229446, "rmse_8": 0.03125637397170067, "rmse_9": 0.031217118725180626, "rmse_10": 0.031038714572787285}