{"vy_0.05": 0.014685562811791897, "vy_1": 0.04472890496253967, "vy_2": 0.06109264865517616, "vy_3": 0.06718630343675613, "vy_4": 0.06751785427331924, "vy_5": 0.07871746271848679, "vy_6": 0.1112656369805336, "vy_7": 0.15201441943645477, "vy_8": 0.19363915920257568, "vy_9": 0.24071960151195526, "vy_10": 0.31454259157180786, "psidt_0.05": 0.002325487555935979, "psidt_1": 0.005141983274370432, "psidt_2": 0.006571280770003796, "psidt_3": 0.007611725013703108, "psidt_4": 0.007629643194377422, "psidt_5": 0.011020461097359657, "psidt_6": 0.019411444664001465, "psidt_7": 0.028613993898034096, "psidt_8": 0.038007304072380066, "psidt_9": 0.049426671117544174, "psidt_10": 0.06715838611125946, "rmse_0.05": 0.008505525067448616, "rmse_1": 0.024935444816946983, "rmse_2": 0.033831965178251266, "rmse_3": 0.037399012595415115, "rmse_4": 0.03757374733686447, "rmse_5": 0.04486896097660065, "rmse_6": 0.06533853709697723, "rmse_7": 0.09031420946121216, "rmse_8": 0.11582323163747787, "rmse_9": 0.14507313072681427, "rmse_10": 0.19085049629211426}