{"vy_0.05": 0.013750392943620682, "vy_1": 0.04912171512842178, "vy_2": 0.09153126180171967, "vy_3": 0.12742410600185394, "vy_4": 0.14803892374038696, "vy_5": 0.17794331908226013, "vy_6": 0.1972997933626175, "vy_7": 0.22251680493354797, "vy_8": 0.24233828485012054, "vy_9": 0.2550300359725952, "vy_10": 0.25714176893234253, "psidt_0.05": 0.002370255533605814, "psidt_1": 0.006012058816850185, "psidt_2": 0.01832428202033043, "psidt_3": 0.0325801819562912, "psidt_4": 0.04117175191640854, "psidt_5": 0.05601875111460686, "psidt_6": 0.06564076989889145, "psidt_7": 0.07533881068229675, "psidt_8": 0.0862915888428688, "psidt_9": 0.09511896222829819, "psidt_10": 0.10063350945711136, "rmse_0.05": 0.008060324005782604, "rmse_1": 0.02756688743829727, "rmse_2": 0.0549277737736702, "rmse_3": 0.08000214397907257, "rmse_4": 0.09460534155368805, "rmse_5": 0.11698103696107864, "rmse_6": 0.13147027790546417, "rmse_7": 0.14892780780792236, "rmse_8": 0.16431494057178497, "rmse_9": 0.175074502825737, "rmse_10": 0.17888763546943665}