{"vy_0.05": 0.014673328027129173, "vy_1": 0.04346977546811104, "vy_2": 0.053364697843790054, "vy_3": 0.05979389324784279, "vy_4": 0.061011455953121185, "vy_5": 0.06172357499599457, "vy_6": 0.0634726732969284, "vy_7": 0.06527764350175858, "vy_8": 0.06632079929113388, "vy_9": 0.06658481806516647, "vy_10": 0.06664568930864334, "psidt_0.05": 0.0023504234850406647, "psidt_1": 0.0049621048383414745, "psidt_2": 0.006220669485628605, "psidt_3": 0.006770658306777477, "psidt_4": 0.00670598354190588, "psidt_5": 0.006565088406205177, "psidt_6": 0.0065155066549777985, "psidt_7": 0.006421197671443224, "psidt_8": 0.006404586602002382, "psidt_9": 0.006474062334746122, "psidt_10": 0.006411855574697256, "rmse_0.05": 0.008511875756084919, "rmse_1": 0.0242159403860569, "rmse_2": 0.029792683199048042, "rmse_3": 0.03328227624297142, "rmse_4": 0.03385872021317482, "rmse_5": 0.0341443307697773, "rmse_6": 0.03499408811330795, "rmse_7": 0.035849422216415405, "rmse_8": 0.03636269271373749, "rmse_9": 0.03652944043278694, "rmse_10": 0.03652877360582352}