{"vy_0.05": 0.01477692648768425, "vy_1": 0.039146777242422104, "vy_2": 0.047605372965335846, "vy_3": 0.04947148263454437, "vy_4": 0.05204092338681221, "vy_5": 0.05145210400223732, "vy_6": 0.05095899477601051, "vy_7": 0.051951318979263306, "vy_8": 0.0525701679289341, "vy_9": 0.05269000306725502, "vy_10": 0.05272788926959038, "psidt_0.05": 0.0025449011009186506, "psidt_1": 0.0049089533276855946, "psidt_2": 0.005930664949119091, "psidt_3": 0.006425806321203709, "psidt_4": 0.006306091323494911, "psidt_5": 0.0061883884482085705, "psidt_6": 0.006113390438258648, "psidt_7": 0.00598199013620615, "psidt_8": 0.005923399701714516, "psidt_9": 0.0059509193524718285, "psidt_10": 0.005884963553398848, "rmse_0.05": 0.008660913445055485, "rmse_1": 0.022027865052223206, "rmse_2": 0.026768019422888756, "rmse_3": 0.027948644012212753, "rmse_4": 0.029173508286476135, "rmse_5": 0.02882024645805359, "rmse_6": 0.028536193072795868, "rmse_7": 0.02896665409207344, "rmse_8": 0.02924678474664688, "rmse_9": 0.02932046167552471, "rmse_10": 0.029306426644325256}