{"vy_0.05": 0.016898151487112045, "vy_1": 0.05373488366603851, "vy_2": 0.07171574980020523, "vy_3": 0.08311787992715836, "vy_4": 0.08603250980377197, "vy_5": 0.08927131444215775, "vy_6": 0.09250026196241379, "vy_7": 0.10262449085712433, "vy_8": 0.1078164279460907, "vy_9": 0.10919679701328278, "vy_10": 0.1141236200928688, "psidt_0.05": 0.002495505614206195, "psidt_1": 0.005600004456937313, "psidt_2": 0.006845144554972649, "psidt_3": 0.0074380552396178246, "psidt_4": 0.007572028320282698, "psidt_5": 0.007459842134267092, "psidt_6": 0.007851357571780682, "psidt_7": 0.007764631416648626, "psidt_8": 0.007824674248695374, "psidt_9": 0.007996723987162113, "psidt_10": 0.008032317273318768, "rmse_0.05": 0.009696828201413155, "rmse_1": 0.0296674445271492, "rmse_2": 0.039280448108911514, "rmse_3": 0.04527796804904938, "rmse_4": 0.04680226743221283, "rmse_5": 0.048365578055381775, "rmse_6": 0.05017580837011337, "rmse_7": 0.055194560438394547, "rmse_8": 0.057820551097393036, "rmse_9": 0.05859676003456116, "rmse_10": 0.061077967286109924}