{"vy_0.05": 0.016240647062659264, "vy_1": 0.042061369866132736, "vy_2": 0.051093507558107376, "vy_3": 0.05281294882297516, "vy_4": 0.05414856597781181, "vy_5": 0.05342506617307663, "vy_6": 0.05316564068198204, "vy_7": 0.05482807382941246, "vy_8": 0.055256448686122894, "vy_9": 0.05503242090344429, "vy_10": 0.054815344512462616, "psidt_0.05": 0.002604195149615407, "psidt_1": 0.005025945138186216, "psidt_2": 0.006188554689288139, "psidt_3": 0.006741432473063469, "psidt_4": 0.0066515253856778145, "psidt_5": 0.0065133958123624325, "psidt_6": 0.006386814638972282, "psidt_7": 0.006340018007904291, "psidt_8": 0.006338989827781916, "psidt_9": 0.006389430724084377, "psidt_10": 0.006367865484207869, "rmse_0.05": 0.0094224214553833, "rmse_1": 0.02354365773499012, "rmse_2": 0.028641030192375183, "rmse_3": 0.02977719157934189, "rmse_4": 0.030400045216083527, "rmse_5": 0.0299692302942276, "rmse_6": 0.029776226729154587, "rmse_7": 0.030584046617150307, "rmse_8": 0.030797719955444336, "rmse_9": 0.03071092627942562, "rmse_10": 0.030591605231165886}