{"vy_0.05": 0.01568721793591976, "vy_1": 0.04424272105097771, "vy_2": 0.05150911957025528, "vy_3": 0.05234561860561371, "vy_4": 0.05308045819401741, "vy_5": 0.052151795476675034, "vy_6": 0.052033163607120514, "vy_7": 0.05391125753521919, "vy_8": 0.054540667682886124, "vy_9": 0.05440887436270714, "vy_10": 0.05411474034190178, "psidt_0.05": 0.002418270567432046, "psidt_1": 0.005058214534074068, "psidt_2": 0.00621713325381279, "psidt_3": 0.00689267460256815, "psidt_4": 0.00686075771227479, "psidt_5": 0.006723570637404919, "psidt_6": 0.006634454242885113, "psidt_7": 0.006534244399517775, "psidt_8": 0.006515452638268471, "psidt_9": 0.006509070750325918, "psidt_10": 0.006420588120818138, "rmse_0.05": 0.009052744135260582, "rmse_1": 0.024650467559695244, "rmse_2": 0.028863126412034035, "rmse_3": 0.02961914613842964, "rmse_4": 0.02997060865163803, "rmse_5": 0.029437683522701263, "rmse_6": 0.0293338093906641, "rmse_7": 0.030222751200199127, "rmse_8": 0.030528061091899872, "rmse_9": 0.030458971858024597, "rmse_10": 0.030267663300037384}