{"vy_0.05": 0.013003219850361347, "vy_1": 0.04323150962591171, "vy_2": 0.06669266521930695, "vy_3": 0.07704149931669235, "vy_4": 0.09481300413608551, "vy_5": 0.09595391154289246, "vy_6": 0.09851468354463577, "vy_7": 0.1000354140996933, "vy_8": 0.10014034807682037, "vy_9": 0.10020942986011505, "vy_10": 0.09772273898124695, "psidt_0.05": 0.002321182982996106, "psidt_1": 0.00565342465415597, "psidt_2": 0.008490785025060177, "psidt_3": 0.012601425871253014, "psidt_4": 0.017051968723535538, "psidt_5": 0.01664823666214943, "psidt_6": 0.017235374078154564, "psidt_7": 0.017218787223100662, "psidt_8": 0.01707569882273674, "psidt_9": 0.016940444707870483, "psidt_10": 0.016376981511712074, "rmse_0.05": 0.007662201300263405, "rmse_1": 0.024442467838525772, "rmse_2": 0.03759172558784485, "rmse_3": 0.04482146352529526, "rmse_4": 0.055932484567165375, "rmse_5": 0.05630107223987579, "rmse_6": 0.05787502974271774, "rmse_7": 0.05862709879875183, "rmse_8": 0.058608025312423706, "rmse_9": 0.05857493728399277, "rmse_10": 0.05704985931515694}