{"vy_0.05": 0.01537754200398922, "vy_1": 0.044717248529195786, "vy_2": 0.0533890537917614, "vy_3": 0.058193691074848175, "vy_4": 0.05906515195965767, "vy_5": 0.058364976197481155, "vy_6": 0.059068113565444946, "vy_7": 0.060652364045381546, "vy_8": 0.06166832149028778, "vy_9": 0.06174664571881294, "vy_10": 0.06180866062641144, "psidt_0.05": 0.0024999806191772223, "psidt_1": 0.005174126476049423, "psidt_2": 0.00638788053765893, "psidt_3": 0.00709768058732152, "psidt_4": 0.0070295571349561214, "psidt_5": 0.006821076385676861, "psidt_6": 0.0068075815215706825, "psidt_7": 0.006679710000753403, "psidt_8": 0.0066368733532726765, "psidt_9": 0.006651878356933594, "psidt_10": 0.006545220967382193, "rmse_0.05": 0.008938761427998543, "rmse_1": 0.024945687502622604, "rmse_2": 0.029888467863202095, "rmse_3": 0.03264568746089935, "rmse_4": 0.033047355711460114, "rmse_5": 0.032593026757240295, "rmse_6": 0.03293784707784653, "rmse_7": 0.033666037023067474, "rmse_8": 0.034152597188949585, "rmse_9": 0.03419926017522812, "rmse_10": 0.034176941961050034}