{"vy_0.05": 0.014447178691625595, "vy_1": 0.03481694310903549, "vy_2": 0.04161947965621948, "vy_3": 0.04694216325879097, "vy_4": 0.049776557832956314, "vy_5": 0.049192674458026886, "vy_6": 0.04893292114138603, "vy_7": 0.05032087489962578, "vy_8": 0.050960466265678406, "vy_9": 0.0511738583445549, "vy_10": 0.051238011568784714, "psidt_0.05": 0.0026122992858290672, "psidt_1": 0.005197017453610897, "psidt_2": 0.005994771141558886, "psidt_3": 0.006499560549855232, "psidt_4": 0.006319184321910143, "psidt_5": 0.0062335338443517685, "psidt_6": 0.006145686376839876, "psidt_7": 0.006016396451741457, "psidt_8": 0.005948689300566912, "psidt_9": 0.00594893516972661, "psidt_10": 0.005875780712813139, "rmse_0.05": 0.008529739454388618, "rmse_1": 0.020006980746984482, "rmse_2": 0.02380712516605854, "rmse_3": 0.026720862835645676, "rmse_4": 0.028047870844602585, "rmse_5": 0.027713105082511902, "rmse_6": 0.02753930352628231, "rmse_7": 0.028168635442852974, "rmse_8": 0.028454577550292015, "rmse_9": 0.028561396524310112, "rmse_10": 0.02855689637362957}