{"vy_0.05": 0.01471633929759264, "vy_1": 0.04705508053302765, "vy_2": 0.06340732425451279, "vy_3": 0.06428508460521698, "vy_4": 0.06408508121967316, "vy_5": 0.0646791085600853, "vy_6": 0.06476995348930359, "vy_7": 0.06803742051124573, "vy_8": 0.06910701841115952, "vy_9": 0.06912553310394287, "vy_10": 0.06911618262529373, "psidt_0.05": 0.0023906035348773003, "psidt_1": 0.005797955673187971, "psidt_2": 0.007434923201799393, "psidt_3": 0.00830661691725254, "psidt_4": 0.00822109542787075, "psidt_5": 0.008125850930809975, "psidt_6": 0.008117946796119213, "psidt_7": 0.008074570447206497, "psidt_8": 0.00807829387485981, "psidt_9": 0.00815259013324976, "psidt_10": 0.008067742921411991, "rmse_0.05": 0.00855347141623497, "rmse_1": 0.026426518335938454, "rmse_2": 0.03542112559080124, "rmse_3": 0.036295849829912186, "rmse_4": 0.03615308925509453, "rmse_5": 0.03640247881412506, "rmse_6": 0.03644394874572754, "rmse_7": 0.03805599361658096, "rmse_8": 0.03859265521168709, "rmse_9": 0.03863906115293503, "rmse_10": 0.038591962307691574}