{"vy_0.05": 0.012737886980175972, "vy_1": 0.03376764804124832, "vy_2": 0.039848703891038895, "vy_3": 0.042686160653829575, "vy_4": 0.045495543628931046, "vy_5": 0.04587041586637497, "vy_6": 0.045569147914648056, "vy_7": 0.04689202457666397, "vy_8": 0.04723197966814041, "vy_9": 0.047863803803920746, "vy_10": 0.04818020761013031, "psidt_0.05": 0.0022669746540486813, "psidt_1": 0.004116862080991268, "psidt_2": 0.005274360999464989, "psidt_3": 0.005927004385739565, "psidt_4": 0.006038102321326733, "psidt_5": 0.006108670961111784, "psidt_6": 0.006012730300426483, "psidt_7": 0.005951769184321165, "psidt_8": 0.005969231016933918, "psidt_9": 0.005988793913275003, "psidt_10": 0.005915197543799877, "rmse_0.05": 0.00750243104994297, "rmse_1": 0.018942255526781082, "rmse_2": 0.022561531513929367, "rmse_3": 0.024306582286953926, "rmse_4": 0.025766823440790176, "rmse_5": 0.02598954364657402, "rmse_6": 0.02579093910753727, "rmse_7": 0.02642189711332321, "rmse_8": 0.026600604876875877, "rmse_9": 0.026926299557089806, "rmse_10": 0.02704770304262638}