{"vy_0.05": 0.014349021017551422, "vy_1": 0.03584882989525795, "vy_2": 0.04089592397212982, "vy_3": 0.04603179544210434, "vy_4": 0.04977709427475929, "vy_5": 0.049506936222314835, "vy_6": 0.04935194551944733, "vy_7": 0.05047808587551117, "vy_8": 0.050851549953222275, "vy_9": 0.05102058872580528, "vy_10": 0.05102011188864708, "psidt_0.05": 0.0024221641942858696, "psidt_1": 0.004792990628629923, "psidt_2": 0.005553793162107468, "psidt_3": 0.00593391340225935, "psidt_4": 0.0061044832691550255, "psidt_5": 0.006102078128606081, "psidt_6": 0.0060188123025000095, "psidt_7": 0.0058983913622796535, "psidt_8": 0.0059520890936255455, "psidt_9": 0.006027030758559704, "psidt_10": 0.005968945566564798, "rmse_0.05": 0.008385593071579933, "rmse_1": 0.020320910960435867, "rmse_2": 0.023224858567118645, "rmse_3": 0.025982854887843132, "rmse_4": 0.027940789237618446, "rmse_5": 0.027804506942629814, "rmse_6": 0.0276853796094656, "rmse_7": 0.02818823792040348, "rmse_8": 0.028401819989085197, "rmse_9": 0.02852381020784378, "rmse_10": 0.02849452942609787}