{"vy_0.05": 0.013631286099553108, "vy_1": 0.036895815283060074, "vy_2": 0.046489737927913666, "vy_3": 0.048532575368881226, "vy_4": 0.05031469836831093, "vy_5": 0.05043564736843109, "vy_6": 0.05044936388731003, "vy_7": 0.05152402073144913, "vy_8": 0.05205041170120239, "vy_9": 0.052176035940647125, "vy_10": 0.05212736129760742, "psidt_0.05": 0.002258424647152424, "psidt_1": 0.005086593795567751, "psidt_2": 0.006249961908906698, "psidt_3": 0.006625204347074032, "psidt_4": 0.006550924386829138, "psidt_5": 0.00660412572324276, "psidt_6": 0.006591680459678173, "psidt_7": 0.006476669572293758, "psidt_8": 0.006467227358371019, "psidt_9": 0.006533332634717226, "psidt_10": 0.0064760176464915276, "rmse_0.05": 0.007944855839014053, "rmse_1": 0.02099120430648327, "rmse_2": 0.02636984921991825, "rmse_3": 0.027578890323638916, "rmse_4": 0.028432810679078102, "rmse_5": 0.0285198874771595, "rmse_6": 0.028520522639155388, "rmse_7": 0.02900034561753273, "rmse_8": 0.029258819296956062, "rmse_9": 0.029354684054851532, "rmse_10": 0.029301689937710762}