{"vy_0.05": 0.013624629005789757, "vy_1": 0.041057948023080826, "vy_2": 0.05270818993449211, "vy_3": 0.05607945844531059, "vy_4": 0.05659275874495506, "vy_5": 0.056176118552684784, "vy_6": 0.055651139467954636, "vy_7": 0.05778633430600166, "vy_8": 0.05881636589765549, "vy_9": 0.05926084518432617, "vy_10": 0.05883713439106941, "psidt_0.05": 0.002082274528220296, "psidt_1": 0.004454083740711212, "psidt_2": 0.005933838430792093, "psidt_3": 0.006557059474289417, "psidt_4": 0.006485584657639265, "psidt_5": 0.006536873057484627, "psidt_6": 0.006452254951000214, "psidt_7": 0.006505066994577646, "psidt_8": 0.006552813574671745, "psidt_9": 0.006646236404776573, "psidt_10": 0.0065918718464672565, "rmse_0.05": 0.007853452116250992, "rmse_1": 0.02275601588189602, "rmse_2": 0.029321014881134033, "rmse_3": 0.03131825849413872, "rmse_4": 0.03153917193412781, "rmse_5": 0.03135649487376213, "rmse_6": 0.031051697209477425, "rmse_7": 0.032145701348781586, "rmse_8": 0.03268459066748619, "rmse_9": 0.03295354172587395, "rmse_10": 0.03271450474858284}