{"vy_0.05": 0.014851929619908333, "vy_1": 0.040196727961301804, "vy_2": 0.05001390725374222, "vy_3": 0.052633579820394516, "vy_4": 0.05401187762618065, "vy_5": 0.05333113297820091, "vy_6": 0.05279833450913429, "vy_7": 0.05411268398165703, "vy_8": 0.05495445057749748, "vy_9": 0.05510375648736954, "vy_10": 0.054937299340963364, "psidt_0.05": 0.0026463160756975412, "psidt_1": 0.00517816049978137, "psidt_2": 0.006251792889088392, "psidt_3": 0.006666822358965874, "psidt_4": 0.006549463607370853, "psidt_5": 0.006430142093449831, "psidt_6": 0.006394613534212112, "psidt_7": 0.0063209813088178635, "psidt_8": 0.006409534718841314, "psidt_9": 0.0064317709766328335, "psidt_10": 0.006344526540488005, "rmse_0.05": 0.008749122731387615, "rmse_1": 0.02268744446337223, "rmse_2": 0.02813285030424595, "rmse_3": 0.02965020015835762, "rmse_4": 0.030280670151114464, "rmse_5": 0.029880637302994728, "rmse_6": 0.029596474021673203, "rmse_7": 0.03021683171391487, "rmse_8": 0.030681991949677467, "rmse_9": 0.030767763033509254, "rmse_10": 0.030640913173556328}