{"vy_0.05": 0.017005978152155876, "vy_1": 0.05399567261338234, "vy_2": 0.07323873788118362, "vy_3": 0.08611050993204117, "vy_4": 0.0895274356007576, "vy_5": 0.0927245169878006, "vy_6": 0.09601053595542908, "vy_7": 0.10740107297897339, "vy_8": 0.11272377520799637, "vy_9": 0.11383689939975739, "vy_10": 0.11840080469846725, "psidt_0.05": 0.0024425724986940622, "psidt_1": 0.005474023520946503, "psidt_2": 0.006676071789115667, "psidt_3": 0.0073973266407847404, "psidt_4": 0.007605134509503841, "psidt_5": 0.007537266239523888, "psidt_6": 0.007900891825556755, "psidt_7": 0.007825054228305817, "psidt_8": 0.007935197092592716, "psidt_9": 0.008123681880533695, "psidt_10": 0.008137275464832783, "rmse_0.05": 0.009724275209009647, "rmse_1": 0.02973484806716442, "rmse_2": 0.039957404136657715, "rmse_3": 0.04675391688942909, "rmse_4": 0.04856628552079201, "rmse_5": 0.05013089254498482, "rmse_6": 0.05195571482181549, "rmse_7": 0.0576130636036396, "rmse_8": 0.060329485684633255, "rmse_9": 0.06098029017448425, "rmse_10": 0.06326904147863388}