{"vy_0.05": 0.01427546888589859, "vy_1": 0.04648124426603317, "vy_2": 0.0562247671186924, "vy_3": 0.06246176362037659, "vy_4": 0.06347684562206268, "vy_5": 0.06364516913890839, "vy_6": 0.0647074356675148, "vy_7": 0.06598222255706787, "vy_8": 0.06693629175424576, "vy_9": 0.06718489527702332, "vy_10": 0.06726864725351334, "psidt_0.05": 0.0022836285643279552, "psidt_1": 0.004742810036987066, "psidt_2": 0.006077840458601713, "psidt_3": 0.006673738826066256, "psidt_4": 0.006648439913988113, "psidt_5": 0.0065368772484362125, "psidt_6": 0.006438849028199911, "psidt_7": 0.006336699705570936, "psidt_8": 0.006352335214614868, "psidt_9": 0.006446273066103458, "psidt_10": 0.006394991651177406, "rmse_0.05": 0.008279548957943916, "rmse_1": 0.02561202645301819, "rmse_2": 0.0311513040214777, "rmse_3": 0.03456775099039078, "rmse_4": 0.03506264090538025, "rmse_5": 0.03509102389216423, "rmse_6": 0.035573143512010574, "rmse_7": 0.0361594595015049, "rmse_8": 0.03664431348443031, "rmse_9": 0.0368155837059021, "rmse_10": 0.0368318185210228}