{"vy_0.05": 0.015987595543265343, "vy_1": 0.04121670499444008, "vy_2": 0.051259227097034454, "vy_3": 0.05317430570721626, "vy_4": 0.05434013903141022, "vy_5": 0.05328366532921791, "vy_6": 0.05256899818778038, "vy_7": 0.05447223037481308, "vy_8": 0.054483309388160706, "vy_9": 0.05437464639544487, "vy_10": 0.054642897099256516, "psidt_0.05": 0.00243188813328743, "psidt_1": 0.005222190637141466, "psidt_2": 0.006395472679287195, "psidt_3": 0.0069637359119951725, "psidt_4": 0.006853614468127489, "psidt_5": 0.006719664204865694, "psidt_6": 0.006657398771494627, "psidt_7": 0.006563195027410984, "psidt_8": 0.0065134745091199875, "psidt_9": 0.006546415388584137, "psidt_10": 0.006485298275947571, "rmse_0.05": 0.009209741838276386, "rmse_1": 0.02321944758296013, "rmse_2": 0.028827350586652756, "rmse_3": 0.03006902150809765, "rmse_4": 0.03059687651693821, "rmse_5": 0.03000166453421116, "rmse_6": 0.029613198712468147, "rmse_7": 0.030517712235450745, "rmse_8": 0.03049839287996292, "rmse_9": 0.030460530892014503, "rmse_10": 0.030564097687602043}