{"vy_0.05": 0.015189859084784985, "vy_1": 0.03525024279952049, "vy_2": 0.04114216938614845, "vy_3": 0.04438497871160507, "vy_4": 0.04733330011367798, "vy_5": 0.04731542244553566, "vy_6": 0.04740804806351662, "vy_7": 0.04909076169133186, "vy_8": 0.0499516986310482, "vy_9": 0.05034228414297104, "vy_10": 0.0504479706287384, "psidt_0.05": 0.0025470422115176916, "psidt_1": 0.0049332547932863235, "psidt_2": 0.0058643934316933155, "psidt_3": 0.006388554349541664, "psidt_4": 0.006348790600895882, "psidt_5": 0.006263568997383118, "psidt_6": 0.006164017599076033, "psidt_7": 0.006100184749811888, "psidt_8": 0.006128334440290928, "psidt_9": 0.006179592572152615, "psidt_10": 0.006097091361880302, "rmse_0.05": 0.008868450298905373, "rmse_1": 0.020091749727725983, "rmse_2": 0.02350328117609024, "rmse_3": 0.025386765599250793, "rmse_4": 0.026841044425964355, "rmse_5": 0.02678949572145939, "rmse_6": 0.02678603306412697, "rmse_7": 0.02759547345340252, "rmse_8": 0.028040016070008278, "rmse_9": 0.028260938823223114, "rmse_10": 0.028272531926631927}