{"vy_0.05": 0.01474752090871334, "vy_1": 0.036777183413505554, "vy_2": 0.04511925205588341, "vy_3": 0.04718702286481857, "vy_4": 0.04935222491621971, "vy_5": 0.04911251738667488, "vy_6": 0.04947906360030174, "vy_7": 0.05184103175997734, "vy_8": 0.052758827805519104, "vy_9": 0.052843768149614334, "vy_10": 0.052857737988233566, "psidt_0.05": 0.0026506357826292515, "psidt_1": 0.0055060251615941525, "psidt_2": 0.0066988649778068066, "psidt_3": 0.007241022773087025, "psidt_4": 0.007077133748680353, "psidt_5": 0.006866835057735443, "psidt_6": 0.006856025196611881, "psidt_7": 0.0067304265685379505, "psidt_8": 0.0066811516880989075, "psidt_9": 0.006709893699735403, "psidt_10": 0.006625018082559109, "rmse_0.05": 0.008699078112840652, "rmse_1": 0.021141603589057922, "rmse_2": 0.02590905874967575, "rmse_3": 0.02721402235329151, "rmse_4": 0.028214680030941963, "rmse_5": 0.027989676222205162, "rmse_6": 0.028167543932795525, "rmse_7": 0.029285728931427002, "rmse_8": 0.029719989746809006, "rmse_9": 0.029776830226182938, "rmse_10": 0.029741378501057625}