{"vy_0.05": 0.014829814434051514, "vy_1": 0.04712098836898804, "vy_2": 0.05919903889298439, "vy_3": 0.06132948026061058, "vy_4": 0.06199623644351959, "vy_5": 0.061734143644571304, "vy_6": 0.061528731137514114, "vy_7": 0.06389237940311432, "vy_8": 0.06553693115711212, "vy_9": 0.06515554338693619, "vy_10": 0.06482787430286407, "psidt_0.05": 0.00222107395529747, "psidt_1": 0.005165032111108303, "psidt_2": 0.007004996761679649, "psidt_3": 0.007893036119639874, "psidt_4": 0.007940180599689484, "psidt_5": 0.007901954464614391, "psidt_6": 0.007931445725262165, "psidt_7": 0.007925190031528473, "psidt_8": 0.007933215238153934, "psidt_9": 0.008051472716033459, "psidt_10": 0.007970994338393211, "rmse_0.05": 0.008525444194674492, "rmse_1": 0.026143010705709457, "rmse_2": 0.033102016896009445, "rmse_3": 0.034611258655786514, "rmse_4": 0.03496820852160454, "rmse_5": 0.034818049520254135, "rmse_6": 0.03473008796572685, "rmse_7": 0.035908784717321396, "rmse_8": 0.03673507273197174, "rmse_9": 0.03660350665450096, "rmse_10": 0.03639943525195122}