{"vy_0.05": 0.015310408547520638, "vy_1": 0.04587733373045921, "vy_2": 0.05880376324057579, "vy_3": 0.061133984476327896, "vy_4": 0.06151920184493065, "vy_5": 0.06157098710536957, "vy_6": 0.06200999394059181, "vy_7": 0.0641840398311615, "vy_8": 0.06589893996715546, "vy_9": 0.06556914001703262, "vy_10": 0.06532557308673859, "psidt_0.05": 0.0025562290102243423, "psidt_1": 0.005612536799162626, "psidt_2": 0.0070707909762859344, "psidt_3": 0.00816667266190052, "psidt_4": 0.008143755607306957, "psidt_5": 0.008123336359858513, "psidt_6": 0.008218972012400627, "psidt_7": 0.008218917064368725, "psidt_8": 0.008205090649425983, "psidt_9": 0.008273016661405563, "psidt_10": 0.008193661458790302, "rmse_0.05": 0.00893331877887249, "rmse_1": 0.025744935497641563, "rmse_2": 0.03293727710843086, "rmse_3": 0.03465032950043678, "rmse_4": 0.03483147919178009, "rmse_5": 0.034847162663936615, "rmse_6": 0.035114482045173645, "rmse_7": 0.03620147705078125, "rmse_8": 0.03705201670527458, "rmse_9": 0.036921076476573944, "rmse_10": 0.036759618669748306}