{"vy_0.05": 0.014958953484892845, "vy_1": 0.03536529839038849, "vy_2": 0.041237812489271164, "vy_3": 0.04612792655825615, "vy_4": 0.048884496092796326, "vy_5": 0.049559324979782104, "vy_6": 0.04978018254041672, "vy_7": 0.05140076205134392, "vy_8": 0.05270714685320854, "vy_9": 0.0531143955886364, "vy_10": 0.053117964416742325, "psidt_0.05": 0.0025500257033854723, "psidt_1": 0.005052116699516773, "psidt_2": 0.005832749418914318, "psidt_3": 0.006319040432572365, "psidt_4": 0.006196431815624237, "psidt_5": 0.006117869634181261, "psidt_6": 0.0060297478921711445, "psidt_7": 0.00587427569553256, "psidt_8": 0.005800093989819288, "psidt_9": 0.005843272898346186, "psidt_10": 0.0057446882128715515, "rmse_0.05": 0.008754489943385124, "rmse_1": 0.020208707079291344, "rmse_2": 0.02353528141975403, "rmse_3": 0.02622348442673683, "rmse_4": 0.02754046395421028, "rmse_5": 0.02783859707415104, "rmse_6": 0.027904964983463287, "rmse_7": 0.028637519106268883, "rmse_8": 0.02925362065434456, "rmse_9": 0.029478834941983223, "rmse_10": 0.029431326314806938}