{"vy_0.05": 0.01513228751718998, "vy_1": 0.03672793135046959, "vy_2": 0.04337913170456886, "vy_3": 0.046065524220466614, "vy_4": 0.04849516227841377, "vy_5": 0.04834115132689476, "vy_6": 0.04823494702577591, "vy_7": 0.04997924342751503, "vy_8": 0.05077217519283295, "vy_9": 0.050948601216077805, "vy_10": 0.05105233192443848, "psidt_0.05": 0.0024917202536016703, "psidt_1": 0.0049836291000247, "psidt_2": 0.00581424031406641, "psidt_3": 0.006237178575247526, "psidt_4": 0.006172828376293182, "psidt_5": 0.006065643858164549, "psidt_6": 0.0060216207057237625, "psidt_7": 0.005888407118618488, "psidt_8": 0.005901968572288752, "psidt_9": 0.005963234230875969, "psidt_10": 0.0058959960006177425, "rmse_0.05": 0.008812003768980503, "rmse_1": 0.020855780690908432, "rmse_2": 0.02459668554365635, "rmse_3": 0.026151351630687714, "rmse_4": 0.027333995327353477, "rmse_5": 0.027203397825360298, "rmse_6": 0.02712828293442726, "rmse_7": 0.027933824807405472, "rmse_8": 0.02833707258105278, "rmse_9": 0.028455916792154312, "rmse_10": 0.02847416326403618}