{"vy_0.05": 0.014025475829839706, "vy_1": 0.04400261491537094, "vy_2": 0.05488158017396927, "vy_3": 0.06531528383493423, "vy_4": 0.07880013436079025, "vy_5": 0.07702220976352692, "vy_6": 0.07619970291852951, "vy_7": 0.07660818845033646, "vy_8": 0.0774931013584137, "vy_9": 0.07771135866641998, "vy_10": 0.07654033601284027, "psidt_0.05": 0.0022642912808805704, "psidt_1": 0.0055903298780322075, "psidt_2": 0.00658311415463686, "psidt_3": 0.007400463335216045, "psidt_4": 0.009757684543728828, "psidt_5": 0.009723854251205921, "psidt_6": 0.00973406434059143, "psidt_7": 0.009387826547026634, "psidt_8": 0.009273123927414417, "psidt_9": 0.009450359269976616, "psidt_10": 0.00928088091313839, "rmse_0.05": 0.008144883438944817, "rmse_1": 0.02479647286236286, "rmse_2": 0.030732346698641777, "rmse_3": 0.03635787218809128, "rmse_4": 0.044278908520936966, "rmse_5": 0.04337303340435028, "rmse_6": 0.04296688362956047, "rmse_7": 0.04299800843000412, "rmse_8": 0.04338311403989792, "rmse_9": 0.043580859899520874, "rmse_10": 0.042910609394311905}