{"vy_0.05": 0.012717288918793201, "vy_1": 0.03421778604388237, "vy_2": 0.040570471435785294, "vy_3": 0.04363091662526131, "vy_4": 0.04565129801630974, "vy_5": 0.04547920450568199, "vy_6": 0.045331988483667374, "vy_7": 0.04638613387942314, "vy_8": 0.047071993350982666, "vy_9": 0.04805593565106392, "vy_10": 0.04844091460108757, "psidt_0.05": 0.002159851836040616, "psidt_1": 0.00405212864279747, "psidt_2": 0.0051991501823067665, "psidt_3": 0.005793475080281496, "psidt_4": 0.0057737273164093494, "psidt_5": 0.0057968078181147575, "psidt_6": 0.005733832251280546, "psidt_7": 0.00562482001259923, "psidt_8": 0.00564982695505023, "psidt_9": 0.005694148130714893, "psidt_10": 0.005683352239429951, "rmse_0.05": 0.007438570261001587, "rmse_1": 0.01913495734333992, "rmse_2": 0.022884810343384743, "rmse_3": 0.024712195619940758, "rmse_4": 0.0257125124335289, "rmse_5": 0.025638006627559662, "rmse_6": 0.025532910600304604, "rmse_7": 0.026005476713180542, "rmse_8": 0.02636091038584709, "rmse_9": 0.02687504142522812, "rmse_10": 0.027062132954597473}