{"vy_0.05": 0.015875408425927162, "vy_1": 0.041322559118270874, "vy_2": 0.04911572486162186, "vy_3": 0.051104240119457245, "vy_4": 0.05280238389968872, "vy_5": 0.05217202007770538, "vy_6": 0.051418326795101166, "vy_7": 0.05240926146507263, "vy_8": 0.05266951024532318, "vy_9": 0.05278481915593147, "vy_10": 0.05282118543982506, "psidt_0.05": 0.0026098242960870266, "psidt_1": 0.005178891122341156, "psidt_2": 0.006383315194398165, "psidt_3": 0.007258483208715916, "psidt_4": 0.007127439137548208, "psidt_5": 0.0069729541428387165, "psidt_6": 0.006876069121062756, "psidt_7": 0.006846928503364325, "psidt_8": 0.0068143196403980255, "psidt_9": 0.0068933358415961266, "psidt_10": 0.006814754568040371, "rmse_0.05": 0.009242616593837738, "rmse_1": 0.023250725120306015, "rmse_2": 0.027749519795179367, "rmse_3": 0.029181361198425293, "rmse_4": 0.029964910820126534, "rmse_5": 0.029572486877441406, "rmse_6": 0.029147198423743248, "rmse_7": 0.029628094285726547, "rmse_8": 0.029741914942860603, "rmse_9": 0.029839077964425087, "rmse_10": 0.029817970469594002}