{"vy_0.05": 0.0149561557918787, "vy_1": 0.03650696575641632, "vy_2": 0.043379154056310654, "vy_3": 0.045826420187950134, "vy_4": 0.04878029227256775, "vy_5": 0.049116987735033035, "vy_6": 0.049516625702381134, "vy_7": 0.05162062868475914, "vy_8": 0.05273478105664253, "vy_9": 0.05337948724627495, "vy_10": 0.0535091795027256, "psidt_0.05": 0.0026578675024211407, "psidt_1": 0.005221671890467405, "psidt_2": 0.006138540804386139, "psidt_3": 0.0066634840331971645, "psidt_4": 0.006546657998114824, "psidt_5": 0.006365904118865728, "psidt_6": 0.006323445122689009, "psidt_7": 0.006156904622912407, "psidt_8": 0.0061174724251031876, "psidt_9": 0.006111025810241699, "psidt_10": 0.006030349992215633, "rmse_0.05": 0.008807011879980564, "rmse_1": 0.020864319056272507, "rmse_2": 0.024758847430348396, "rmse_3": 0.02624495141208172, "rmse_4": 0.027663474902510643, "rmse_5": 0.02774144522845745, "rmse_6": 0.027920035645365715, "rmse_7": 0.0288887657225132, "rmse_8": 0.029426127672195435, "rmse_9": 0.029745256528258324, "rmse_10": 0.029769765213131905}