{"vy_0.05": 0.015032870694994926, "vy_1": 0.03767292946577072, "vy_2": 0.045375436544418335, "vy_3": 0.04806118085980415, "vy_4": 0.05016520619392395, "vy_5": 0.05011279135942459, "vy_6": 0.05040961876511574, "vy_7": 0.051734719425439835, "vy_8": 0.05276474356651306, "vy_9": 0.052893515676259995, "vy_10": 0.052781589329242706, "psidt_0.05": 0.002847114112228155, "psidt_1": 0.005008142441511154, "psidt_2": 0.005917275324463844, "psidt_3": 0.006193069275468588, "psidt_4": 0.0061318231746554375, "psidt_5": 0.006018932908773422, "psidt_6": 0.005966454744338989, "psidt_7": 0.005838592536747456, "psidt_8": 0.005817941855639219, "psidt_9": 0.005854783579707146, "psidt_10": 0.005788485519587994, "rmse_0.05": 0.008939992636442184, "rmse_1": 0.021340535953640938, "rmse_2": 0.025646355003118515, "rmse_3": 0.02712712436914444, "rmse_4": 0.02814851514995098, "rmse_5": 0.028065862134099007, "rmse_6": 0.028188036754727364, "rmse_7": 0.028786655515432358, "rmse_8": 0.029291342943906784, "rmse_9": 0.029374148696660995, "rmse_10": 0.029285037890076637}