{"vy_0.05": 0.015279109589755535, "vy_1": 0.035998620092868805, "vy_2": 0.043724287301301956, "vy_3": 0.045286402106285095, "vy_4": 0.0480085127055645, "vy_5": 0.047971904277801514, "vy_6": 0.047890353947877884, "vy_7": 0.049158237874507904, "vy_8": 0.04989658668637276, "vy_9": 0.05042049661278725, "vy_10": 0.050861407071352005, "psidt_0.05": 0.002410016255453229, "psidt_1": 0.004690560512244701, "psidt_2": 0.005837663542479277, "psidt_3": 0.0061723520047962666, "psidt_4": 0.006078565027564764, "psidt_5": 0.005952877923846245, "psidt_6": 0.005923611577600241, "psidt_7": 0.005818117875605822, "psidt_8": 0.005774285178631544, "psidt_9": 0.005812992341816425, "psidt_10": 0.005736025515943766, "rmse_0.05": 0.00884456280618906, "rmse_1": 0.02034459076821804, "rmse_2": 0.02478097565472126, "rmse_3": 0.025729376822710037, "rmse_4": 0.0270435381680727, "rmse_5": 0.026962392032146454, "rmse_6": 0.02690698206424713, "rmse_7": 0.02748817764222622, "rmse_8": 0.027835436165332794, "rmse_9": 0.02811674401164055, "rmse_10": 0.028298716992139816}