{"vy_0.05": 0.01515054702758789, "vy_1": 0.039108991622924805, "vy_2": 0.04634648188948631, "vy_3": 0.04753714054822922, "vy_4": 0.04881753399968147, "vy_5": 0.04844671115279198, "vy_6": 0.04856286942958832, "vy_7": 0.05087568983435631, "vy_8": 0.0516824945807457, "vy_9": 0.052011169493198395, "vy_10": 0.05224764719605446, "psidt_0.05": 0.0025982274673879147, "psidt_1": 0.005172702483832836, "psidt_2": 0.006344773806631565, "psidt_3": 0.006954265292733908, "psidt_4": 0.006850728765130043, "psidt_5": 0.006726015359163284, "psidt_6": 0.006687367334961891, "psidt_7": 0.006610446609556675, "psidt_8": 0.006599511485546827, "psidt_9": 0.006630721967667341, "psidt_10": 0.006549426354467869, "rmse_0.05": 0.008874387480318546, "rmse_1": 0.022140847519040108, "rmse_2": 0.02634562738239765, "rmse_3": 0.02724570222198963, "rmse_4": 0.027834132313728333, "rmse_5": 0.02758636325597763, "rmse_6": 0.02762511745095253, "rmse_7": 0.028743067756295204, "rmse_8": 0.029141003265976906, "rmse_9": 0.02932094596326351, "rmse_10": 0.029398536309599876}