{"vy_0.05": 0.015296796336770058, "vy_1": 0.04706825688481331, "vy_2": 0.06659135967493057, "vy_3": 0.06984791904687881, "vy_4": 0.0705227330327034, "vy_5": 0.07208041101694107, "vy_6": 0.07196847349405289, "vy_7": 0.07337189465761185, "vy_8": 0.07307206839323044, "vy_9": 0.0725841298699379, "vy_10": 0.07214651256799698, "psidt_0.05": 0.0024257986806333065, "psidt_1": 0.005426075775176287, "psidt_2": 0.006581021472811699, "psidt_3": 0.007361189927905798, "psidt_4": 0.007305145263671875, "psidt_5": 0.007441947236657143, "psidt_6": 0.007403155788779259, "psidt_7": 0.007316663395613432, "psidt_8": 0.007286523003131151, "psidt_9": 0.007404104340821505, "psidt_10": 0.007335704751312733, "rmse_0.05": 0.008861297741532326, "rmse_1": 0.026247166097164154, "rmse_2": 0.03658619150519371, "rmse_3": 0.038604553788900375, "rmse_4": 0.03891393914818764, "rmse_5": 0.03976117819547653, "rmse_6": 0.03968581557273865, "rmse_7": 0.04034427925944328, "rmse_8": 0.0401792973279953, "rmse_9": 0.03999411687254906, "rmse_10": 0.03974111005663872}