{"vy_0.05": 0.015658488497138023, "vy_1": 0.0426826998591423, "vy_2": 0.04945334047079086, "vy_3": 0.050895318388938904, "vy_4": 0.052108753472566605, "vy_5": 0.05103134736418724, "vy_6": 0.051005732268095016, "vy_7": 0.0521092563867569, "vy_8": 0.052471622824668884, "vy_9": 0.05253276973962784, "vy_10": 0.0522967204451561, "psidt_0.05": 0.002466461155563593, "psidt_1": 0.00508985947817564, "psidt_2": 0.006312771234661341, "psidt_3": 0.00701826112344861, "psidt_4": 0.007006309926509857, "psidt_5": 0.006874467711895704, "psidt_6": 0.006816955283284187, "psidt_7": 0.0067057074047625065, "psidt_8": 0.006702853832393885, "psidt_9": 0.006705514155328274, "psidt_10": 0.006620630156248808, "rmse_0.05": 0.009062474593520164, "rmse_1": 0.02388628013432026, "rmse_2": 0.027883056551218033, "rmse_3": 0.028956789523363113, "rmse_4": 0.02955753169953823, "rmse_5": 0.028952907770872116, "rmse_6": 0.028911344707012177, "rmse_7": 0.029407482594251633, "rmse_8": 0.029587239027023315, "rmse_9": 0.029619142413139343, "rmse_10": 0.029458675533533096}