{"vy_0.05": 0.01315414346754551, "vy_1": 0.044387321919202805, "vy_2": 0.061569567769765854, "vy_3": 0.06509861350059509, "vy_4": 0.06759452819824219, "vy_5": 0.06845097988843918, "vy_6": 0.06893114745616913, "vy_7": 0.07070140540599823, "vy_8": 0.07140867412090302, "vy_9": 0.07263462245464325, "vy_10": 0.07335605472326279, "psidt_0.05": 0.002219697693362832, "psidt_1": 0.005053916946053505, "psidt_2": 0.006134145427495241, "psidt_3": 0.006497185677289963, "psidt_4": 0.006598943378776312, "psidt_5": 0.006672589108347893, "psidt_6": 0.006654249969869852, "psidt_7": 0.006603800226002932, "psidt_8": 0.006682564038783312, "psidt_9": 0.0068333824165165424, "psidt_10": 0.00676931906491518, "rmse_0.05": 0.007686920464038849, "rmse_1": 0.02472062036395073, "rmse_2": 0.03385185822844505, "rmse_3": 0.03579790145158768, "rmse_4": 0.03709673509001732, "rmse_5": 0.03756178542971611, "rmse_6": 0.03779269754886627, "rmse_7": 0.03865260258316994, "rmse_8": 0.03904562070965767, "rmse_9": 0.03973400220274925, "rmse_10": 0.040062688291072845}