{"vy_0.05": 0.014624815434217453, "vy_1": 0.037490662187337875, "vy_2": 0.046999044716358185, "vy_3": 0.049221221357584, "vy_4": 0.05093725025653839, "vy_5": 0.0511515736579895, "vy_6": 0.05178461968898773, "vy_7": 0.05300896242260933, "vy_8": 0.05395224317908287, "vy_9": 0.05374535173177719, "vy_10": 0.053520817309617996, "psidt_0.05": 0.0024802726693451405, "psidt_1": 0.005454471800476313, "psidt_2": 0.006702498998492956, "psidt_3": 0.0072247302159667015, "psidt_4": 0.007097790017724037, "psidt_5": 0.006945228204131126, "psidt_6": 0.006956893019378185, "psidt_7": 0.0067776767536997795, "psidt_8": 0.006670184899121523, "psidt_9": 0.0066728475503623486, "psidt_10": 0.006593984551727772, "rmse_0.05": 0.008552543818950653, "rmse_1": 0.021472567692399025, "rmse_2": 0.02685077115893364, "rmse_3": 0.028222976252436638, "rmse_4": 0.02901751920580864, "rmse_5": 0.02904840186238289, "rmse_6": 0.029370756819844246, "rmse_7": 0.02989332005381584, "rmse_8": 0.030311213806271553, "rmse_9": 0.030209099873900414, "rmse_10": 0.030057400465011597}