{"vy_0.05": 0.01395910233259201, "vy_1": 0.034544140100479126, "vy_2": 0.040591977536678314, "vy_3": 0.04510199651122093, "vy_4": 0.048324938863515854, "vy_5": 0.04792098328471184, "vy_6": 0.04771866649389267, "vy_7": 0.048514943569898605, "vy_8": 0.04890955239534378, "vy_9": 0.04939739778637886, "vy_10": 0.04977130889892578, "psidt_0.05": 0.002283716108649969, "psidt_1": 0.004548925440758467, "psidt_2": 0.005522225517779589, "psidt_3": 0.006117963697761297, "psidt_4": 0.006015842314809561, "psidt_5": 0.005960732698440552, "psidt_6": 0.0058927773497998714, "psidt_7": 0.005771141964942217, "psidt_8": 0.0057285199873149395, "psidt_9": 0.005731341429054737, "psidt_10": 0.005646026227623224, "rmse_0.05": 0.008121409453451633, "rmse_1": 0.01954653300344944, "rmse_2": 0.023057101294398308, "rmse_3": 0.025609979405999184, "rmse_4": 0.027170389890670776, "rmse_5": 0.026940857991576195, "rmse_6": 0.02680572122335434, "rmse_7": 0.027143042534589767, "rmse_8": 0.027319036424160004, "rmse_9": 0.02756436914205551, "rmse_10": 0.027708668261766434}