{"vy_0.05": 0.016521865501999855, "vy_1": 0.047059640288352966, "vy_2": 0.057466745376586914, "vy_3": 0.058758676052093506, "vy_4": 0.059937041252851486, "vy_5": 0.05921680107712746, "vy_6": 0.0588679239153862, "vy_7": 0.05990530550479889, "vy_8": 0.06006839498877525, "vy_9": 0.05990704894065857, "vy_10": 0.05936895310878754, "psidt_0.05": 0.002603757195174694, "psidt_1": 0.005318579729646444, "psidt_2": 0.006513461470603943, "psidt_3": 0.007263113744556904, "psidt_4": 0.007189844269305468, "psidt_5": 0.00700401933863759, "psidt_6": 0.006959567777812481, "psidt_7": 0.0068817222490906715, "psidt_8": 0.006858787499368191, "psidt_9": 0.00684797577559948, "psidt_10": 0.006755086127668619, "rmse_0.05": 0.009562810882925987, "rmse_1": 0.026189109310507774, "rmse_2": 0.03199010342359543, "rmse_3": 0.03301089629530907, "rmse_4": 0.03356344252824783, "rmse_5": 0.03311040997505188, "rmse_6": 0.03291374444961548, "rmse_7": 0.03339351341128349, "rmse_8": 0.03346358984708786, "rmse_9": 0.0333775132894516, "rmse_10": 0.03306201845407486}