{"vy_0.05": 0.015012342482805252, "vy_1": 0.036826517432928085, "vy_2": 0.04285009205341339, "vy_3": 0.045934539288282394, "vy_4": 0.04865138232707977, "vy_5": 0.04874838516116142, "vy_6": 0.04868457093834877, "vy_7": 0.0501447357237339, "vy_8": 0.05098436400294304, "vy_9": 0.05085907503962517, "vy_10": 0.050795864313840866, "psidt_0.05": 0.0025714454241096973, "psidt_1": 0.005052077583968639, "psidt_2": 0.005870046094059944, "psidt_3": 0.006330596748739481, "psidt_4": 0.006243589799851179, "psidt_5": 0.006133552175015211, "psidt_6": 0.006038405932486057, "psidt_7": 0.005876350216567516, "psidt_8": 0.005835840478539467, "psidt_9": 0.005902084521949291, "psidt_10": 0.0058105639182031155, "rmse_0.05": 0.008791893720626831, "rmse_1": 0.02093929797410965, "rmse_2": 0.024360068142414093, "rmse_3": 0.02613256871700287, "rmse_4": 0.02744748629629612, "rmse_5": 0.02744096890091896, "rmse_6": 0.027361487969756126, "rmse_7": 0.028010543435811996, "rmse_8": 0.028410103172063828, "rmse_9": 0.028380580246448517, "rmse_10": 0.02830321341753006}