{"vy_0.05": 0.014777407050132751, "vy_1": 0.034556131809949875, "vy_2": 0.041046272963285446, "vy_3": 0.04372110217809677, "vy_4": 0.046396683901548386, "vy_5": 0.046601731330156326, "vy_6": 0.04681678116321564, "vy_7": 0.048090800642967224, "vy_8": 0.04894910380244255, "vy_9": 0.04991684481501579, "vy_10": 0.05067572742700577, "psidt_0.05": 0.002408361528068781, "psidt_1": 0.004575484897941351, "psidt_2": 0.00556145841255784, "psidt_3": 0.006019837688654661, "psidt_4": 0.005943050608038902, "psidt_5": 0.005881021730601788, "psidt_6": 0.005815290845930576, "psidt_7": 0.005678598303347826, "psidt_8": 0.005650283768773079, "psidt_9": 0.005716357845813036, "psidt_10": 0.005656931083649397, "rmse_0.05": 0.008592884056270123, "rmse_1": 0.019565807655453682, "rmse_2": 0.023303866386413574, "rmse_3": 0.02487047016620636, "rmse_4": 0.02616986632347107, "rmse_5": 0.026241376996040344, "rmse_6": 0.02631603553891182, "rmse_7": 0.02688469924032688, "rmse_8": 0.02729969471693039, "rmse_9": 0.02781660109758377, "rmse_10": 0.028166329488158226}