{"vy_0.05": 0.015074178576469421, "vy_1": 0.044997941702604294, "vy_2": 0.052648525685071945, "vy_3": 0.053539372980594635, "vy_4": 0.05465317517518997, "vy_5": 0.05382862314581871, "vy_6": 0.05366085469722748, "vy_7": 0.05544118955731392, "vy_8": 0.056108854711055756, "vy_9": 0.056129924952983856, "vy_10": 0.0558287538588047, "psidt_0.05": 0.0025615934282541275, "psidt_1": 0.005635406356304884, "psidt_2": 0.006829681806266308, "psidt_3": 0.007428419776260853, "psidt_4": 0.007310914807021618, "psidt_5": 0.0071693845093250275, "psidt_6": 0.007101921364665031, "psidt_7": 0.007029881700873375, "psidt_8": 0.006974298041313887, "psidt_9": 0.00699320062994957, "psidt_10": 0.006911002565175295, "rmse_0.05": 0.008817886002361774, "rmse_1": 0.025316674262285233, "rmse_2": 0.029739104211330414, "rmse_3": 0.030483895912766457, "rmse_4": 0.030982045456767082, "rmse_5": 0.03049900382757187, "rmse_6": 0.03038138896226883, "rmse_7": 0.031235534697771072, "rmse_8": 0.031541574746370316, "rmse_9": 0.031561560928821564, "rmse_10": 0.031369879841804504}