{"vy_0.05": 0.014911682344973087, "vy_1": 0.03929756581783295, "vy_2": 0.04757191613316536, "vy_3": 0.04925491660833359, "vy_4": 0.05081776902079582, "vy_5": 0.05086951702833176, "vy_6": 0.050792496651411057, "vy_7": 0.0526982918381691, "vy_8": 0.05416140332818031, "vy_9": 0.054327819496393204, "vy_10": 0.05443265661597252, "psidt_0.05": 0.002496712375432253, "psidt_1": 0.00522400438785553, "psidt_2": 0.006374329328536987, "psidt_3": 0.0068126581609249115, "psidt_4": 0.006682686507701874, "psidt_5": 0.006528403144329786, "psidt_6": 0.006515162531286478, "psidt_7": 0.006434964947402477, "psidt_8": 0.006401387974619865, "psidt_9": 0.006464912556111813, "psidt_10": 0.006391359958797693, "rmse_0.05": 0.008704197593033314, "rmse_1": 0.02226078510284424, "rmse_2": 0.026973122730851173, "rmse_3": 0.02803378738462925, "rmse_4": 0.028750227764248848, "rmse_5": 0.028698960319161415, "rmse_6": 0.028653830289840698, "rmse_7": 0.029566628858447075, "rmse_8": 0.030281394720077515, "rmse_9": 0.030396366491913795, "rmse_10": 0.030412008985877037}