{"vy_0.05": 0.015108859166502953, "vy_1": 0.045840855687856674, "vy_2": 0.05465156212449074, "vy_3": 0.05846229940652847, "vy_4": 0.05904840677976608, "vy_5": 0.05865718424320221, "vy_6": 0.05959847941994667, "vy_7": 0.06129211187362671, "vy_8": 0.06254400312900543, "vy_9": 0.06253695487976074, "vy_10": 0.06250356882810593, "psidt_0.05": 0.002508798148483038, "psidt_1": 0.005326145328581333, "psidt_2": 0.0065729352645576, "psidt_3": 0.007283453363925219, "psidt_4": 0.00722828833386302, "psidt_5": 0.00701825600117445, "psidt_6": 0.006935196928679943, "psidt_7": 0.006848580669611692, "psidt_8": 0.006859404966235161, "psidt_9": 0.006878177169710398, "psidt_10": 0.006782508920878172, "rmse_0.05": 0.008808828890323639, "rmse_1": 0.025583500042557716, "rmse_2": 0.030612248927354813, "rmse_3": 0.03287287801504135, "rmse_4": 0.033138345927000046, "rmse_5": 0.03283771872520447, "rmse_6": 0.033266838639974594, "rmse_7": 0.034070346504449844, "rmse_8": 0.03470170497894287, "rmse_9": 0.03470756486058235, "rmse_10": 0.03464303910732269}