{"vy_0.05": 0.015513166785240173, "vy_1": 0.03822062909603119, "vy_2": 0.045220375061035156, "vy_3": 0.04756319895386696, "vy_4": 0.04992524906992912, "vy_5": 0.04938206076622009, "vy_6": 0.048990849405527115, "vy_7": 0.04988306760787964, "vy_8": 0.0502416267991066, "vy_9": 0.050312090665102005, "vy_10": 0.05028697848320007, "psidt_0.05": 0.0025181081146001816, "psidt_1": 0.004686318337917328, "psidt_2": 0.005539375357329845, "psidt_3": 0.006015027407556772, "psidt_4": 0.005992782302200794, "psidt_5": 0.005984489805996418, "psidt_6": 0.005882082041352987, "psidt_7": 0.0058481707237660885, "psidt_8": 0.005834382958710194, "psidt_9": 0.00586544256657362, "psidt_10": 0.005849551409482956, "rmse_0.05": 0.009015637449920177, "rmse_1": 0.02145347371697426, "rmse_2": 0.025379875674843788, "rmse_3": 0.026789113879203796, "rmse_4": 0.02795901522040367, "rmse_5": 0.027683274820446968, "rmse_6": 0.02743646502494812, "rmse_7": 0.027865618467330933, "rmse_8": 0.02803800441324711, "rmse_9": 0.0280887670814991, "rmse_10": 0.028068264946341515}