{"vy_0.05": 0.01415939535945654, "vy_1": 0.03479433432221413, "vy_2": 0.04046940803527832, "vy_3": 0.04475408047437668, "vy_4": 0.04800216108560562, "vy_5": 0.04720471054315567, "vy_6": 0.0469888336956501, "vy_7": 0.04814428463578224, "vy_8": 0.04873570054769516, "vy_9": 0.0488029420375824, "vy_10": 0.04891464486718178, "psidt_0.05": 0.0027950566727668047, "psidt_1": 0.005144815891981125, "psidt_2": 0.005996305495500565, "psidt_3": 0.006515825632959604, "psidt_4": 0.006371560972183943, "psidt_5": 0.0062529114075005054, "psidt_6": 0.006213051732629538, "psidt_7": 0.0061341021209955215, "psidt_8": 0.0060544321313500404, "psidt_9": 0.006017027422785759, "psidt_10": 0.005934811197221279, "rmse_0.05": 0.00847722589969635, "rmse_1": 0.019969575107097626, "rmse_2": 0.023232856765389442, "rmse_3": 0.025634953752160072, "rmse_4": 0.027186861261725426, "rmse_5": 0.026728810742497444, "rmse_6": 0.026600942015647888, "rmse_7": 0.027139194309711456, "rmse_8": 0.027395065873861313, "rmse_9": 0.027409985661506653, "rmse_10": 0.027424728497862816}