{"vy_0.05": 0.014870084822177887, "vy_1": 0.038110338151454926, "vy_2": 0.047966159880161285, "vy_3": 0.050439171493053436, "vy_4": 0.052843306213617325, "vy_5": 0.052322909235954285, "vy_6": 0.05241096392273903, "vy_7": 0.05440240725874901, "vy_8": 0.05509420484304428, "vy_9": 0.0552254356443882, "vy_10": 0.055261000990867615, "psidt_0.05": 0.0026583727449178696, "psidt_1": 0.005572311580181122, "psidt_2": 0.006685821805149317, "psidt_3": 0.007266911678016186, "psidt_4": 0.007111969869583845, "psidt_5": 0.006979617290198803, "psidt_6": 0.006982194259762764, "psidt_7": 0.00688459537923336, "psidt_8": 0.006815674714744091, "psidt_9": 0.006855861749500036, "psidt_10": 0.00680123083293438, "rmse_0.05": 0.008764228783547878, "rmse_1": 0.021841324865818024, "rmse_2": 0.027325991541147232, "rmse_3": 0.0288530420511961, "rmse_4": 0.02997763827443123, "rmse_5": 0.02965126372873783, "rmse_6": 0.02969658002257347, "rmse_7": 0.03064350038766861, "rmse_8": 0.030954940244555473, "rmse_9": 0.031040647998452187, "rmse_10": 0.031031116843223572}