{"vy_time": [], "dpsidtrmse_time": [], "vy_0.05": 0.018450116738677025, "dpsidt_0.05": 0.0030297371558845043, "rmse_0.05": 0.010739927180111408, "vy_1": 0.058324262499809265, "dpsidt_1": 0.006204019300639629, "rmse_1": 0.032264139503240585, "vy_2": 0.07419799268245697, "dpsidt_2": 0.006545803043991327, "rmse_2": 0.04037189856171608, "vy_3": 0.08261856436729431, "dpsidt_3": 0.00724537018686533, "rmse_3": 0.04493196681141853, "vy_4": 0.08501985669136047, "dpsidt_4": 0.007251726929098368, "rmse_4": 0.0461357906460762, "vy_5": 0.08890785276889801, "dpsidt_5": 0.007332946639508009, "rmse_5": 0.048120398074388504, "vy_6": 0.09192414581775665, "dpsidt_6": 0.007493026088923216, "rmse_6": 0.04970858618617058, "vy_7": 0.10147837549448013, "dpsidt_7": 0.0074077690951526165, "rmse_7": 0.05444307252764702, "vy_8": 0.10632424056529999, "dpsidt_8": 0.0074446192011237144, "rmse_8": 0.05688443034887314, "vy_9": 0.1076388731598854, "dpsidt_9": 0.007550640031695366, "rmse_9": 0.05759475752711296, "vy_10": 0.11177459359169006, "dpsidt_10": 0.007562919054180384, "rmse_10": 0.059668757021427155}