{"vy": 0.3831433653831482, "dpsidt": 0.10701287537813187, "rmse": 0.24507811665534973, "vy_": 0.11600250750780106, "dpsidt_": 0.008970160037279129, "rmse_": 0.06248633563518524}