{"vy_time": [], "dpsidtrmse_time": [], "vy_0.05": 0.01775449328124523, "dpsidt_0.05": 0.0024236550088971853, "rmse_0.05": 0.01008907426148653, "vy_1": 0.05823026970028877, "dpsidt_1": 0.006053341552615166, "rmse_1": 0.032141804695129395, "vy_2": 0.07627154141664505, "dpsidt_2": 0.0073578450828790665, "rmse_2": 0.041814692318439484, "vy_3": 0.08520419895648956, "dpsidt_3": 0.007781314197927713, "rmse_3": 0.04649275541305542, "vy_4": 0.08709891140460968, "dpsidt_4": 0.0080512510612607, "rmse_4": 0.04757508262991905, "vy_5": 0.09043242782354355, "dpsidt_5": 0.008115213364362717, "rmse_5": 0.04927381873130798, "vy_6": 0.09425342082977295, "dpsidt_6": 0.008595854043960571, "rmse_6": 0.05142463743686676, "vy_7": 0.1038576066493988, "dpsidt_7": 0.008668755181133747, "rmse_7": 0.05626318231225014, "vy_8": 0.10851335525512695, "dpsidt_8": 0.008841916918754578, "rmse_8": 0.058677636086940765, "vy_9": 0.10994499176740646, "dpsidt_9": 0.00912837591022253, "rmse_9": 0.059536684304475784, "vy_10": 0.11423377692699432, "dpsidt_10": 0.009150374680757523, "rmse_10": 0.061692073941230774}