{"vy": 0.376477986574173, "dpsidt": 0.09554226696491241, "rmse": 0.2360101342201233}