{"vy": 0.36891496181488037, "dpsidt": 0.09577938169240952, "rmse": 0.23234717547893524}