{"vy": 0.4226112365722656, "dpsidt": 0.0863095372915268, "rmse": 0.2544603943824768}