{"vy": 0.39587050676345825, "dpsidt": 0.07833337038755417, "rmse": 0.2371019423007965}