{"vy": 0.3841613531112671, "dpsidt": 0.07988537102937698, "rmse": 0.23202335834503174}