{"vy": 0.36828067898750305, "dpsidt": 0.08589726686477661, "rmse": 0.22708897292613983, "vy_": 0.11150261014699936, "dpsidt_": 0.007200183346867561, "rmse_": 0.059351395815610886}