{"vy_time": [], "dpsidtrmse_time": [], "vy_0.05": 0.018317073583602905, "dpsidt_0.05": 0.003076766151934862, "rmse_0.05": 0.01069691963493824, "vy_1": 0.05673184245824814, "dpsidt_1": 0.0059198434464633465, "rmse_1": 0.031325843185186386, "vy_2": 0.07320066541433334, "dpsidt_2": 0.006338415201753378, "rmse_2": 0.03976954147219658, "vy_3": 0.08407556265592575, "dpsidt_3": 0.00722084054723382, "rmse_3": 0.045648202300071716, "vy_4": 0.08758781850337982, "dpsidt_4": 0.007160512264817953, "rmse_4": 0.047374166548252106, "vy_5": 0.09179490059614182, "dpsidt_5": 0.007193044293671846, "rmse_5": 0.04949397221207619, "vy_6": 0.09442435204982758, "dpsidt_6": 0.007281903643161058, "rmse_6": 0.05085312947630882, "vy_7": 0.1049104854464531, "dpsidt_7": 0.007173572201281786, "rmse_7": 0.056042030453681946, "vy_8": 0.11012430489063263, "dpsidt_8": 0.007172717247158289, "rmse_8": 0.05864851176738739, "vy_9": 0.11159604787826538, "dpsidt_9": 0.00725367059931159, "rmse_9": 0.059424858540296555, "vy_10": 0.11599282175302505, "dpsidt_10": 0.007253977935761213, "rmse_10": 0.06162339821457863}