{"vy": 0.3692462742328644, "dpsidt": 0.09040182083845139, "rmse": 0.22982405126094818}