{"vy": 0.43836358189582825, "dpsidt": 0.09020312130451202, "rmse": 0.26428335905075073}