{"vy": 0.3807174563407898, "dpsidt": 0.11030157655477524, "rmse": 0.24550952017307281}