{"vy_time": [], "dpsidtrmse_time": [], "vy_0.05": 0.019029559567570686, "dpsidt_0.05": 0.003155497135594487, "rmse_0.05": 0.011092528700828552, "vy_1": 0.05811936408281326, "dpsidt_1": 0.005594979040324688, "rmse_1": 0.031857170164585114, "vy_2": 0.07375459372997284, "dpsidt_2": 0.006182841025292873, "rmse_2": 0.039968717843294144, "vy_3": 0.08235637098550797, "dpsidt_3": 0.007156373932957649, "rmse_3": 0.04475637152791023, "vy_4": 0.08520973473787308, "dpsidt_4": 0.00712192477658391, "rmse_4": 0.046165831387043, "vy_5": 0.08813305199146271, "dpsidt_5": 0.007062974851578474, "rmse_5": 0.047598011791706085, "vy_6": 0.09111471474170685, "dpsidt_6": 0.007061646785587072, "rmse_6": 0.04908818006515503, "vy_7": 0.10061705857515335, "dpsidt_7": 0.006981437560170889, "rmse_7": 0.05379924923181534, "vy_8": 0.10529164224863052, "dpsidt_8": 0.006939508020877838, "rmse_8": 0.05611557513475418, "vy_9": 0.10638445615768433, "dpsidt_9": 0.006968888454139233, "rmse_9": 0.05667667090892792, "vy_10": 0.11008846014738083, "dpsidt_10": 0.006917834281921387, "rmse_10": 0.05850314721465111}