{"vy": 0.3706399202346802, "dpsidt": 0.11078447848558426, "rmse": 0.24071219563484192}