{"vy": 0.35422682762145996, "dpsidt": 0.0861329734325409, "rmse": 0.22017990052700043, "vy_": 0.10724757611751556, "dpsidt_": 0.0072199394926428795, "rmse_": 0.05723375827074051}