{"vy": 0.3862640857696533, "dpsidt": 0.09702875465154648, "rmse": 0.2416464239358902}