{"vy": 0.39169108867645264, "dpsidt": 0.0870562195777893, "rmse": 0.23937365412712097, "vy_": 0.11859046667814255, "dpsidt_": 0.007297329604625702, "rmse_": 0.06294389814138412}