{"vy": 0.44105643033981323, "dpsidt": 0.11249017715454102, "rmse": 0.2767733037471771}