{"vy": 0.3624538481235504, "dpsidt": 0.08820540457963943, "rmse": 0.22532962262630463}