{"vy": 0.40429753065109253, "dpsidt": 0.09604743868112564, "rmse": 0.25017249584198}