{"vy": 0.35215288400650024, "dpsidt": 0.07775980979204178, "rmse": 0.2149563431739807}