{"vy": 0.3993532657623291, "dpsidt": 0.1028810515999794, "rmse": 0.25111716985702515, "vy_": 0.12091030180454254, "dpsidt_": 0.008623816072940826, "rmse_": 0.06476706266403198}