{"vy_time": [], "dpsidtrmse_time": [], "vy_0.05": 0.016535278409719467, "dpsidt_0.05": 0.002228714292868972, "rmse_0.05": 0.009381996467709541, "vy_1": 0.05605089291930199, "dpsidt_1": 0.0054185716435313225, "rmse_1": 0.030734732747077942, "vy_2": 0.07627665996551514, "dpsidt_2": 0.007834977470338345, "rmse_2": 0.04205581918358803, "vy_3": 0.08894992619752884, "dpsidt_3": 0.008654751814901829, "rmse_3": 0.04880233854055405, "vy_4": 0.09216859936714172, "dpsidt_4": 0.009021867997944355, "rmse_4": 0.0505952350795269, "vy_5": 0.09499182552099228, "dpsidt_5": 0.009132529608905315, "rmse_5": 0.052062176167964935, "vy_6": 0.09932268410921097, "dpsidt_6": 0.009676462039351463, "rmse_6": 0.05449957400560379, "vy_7": 0.10961844772100449, "dpsidt_7": 0.00986289419233799, "rmse_7": 0.05974067002534866, "vy_8": 0.1144089549779892, "dpsidt_8": 0.010011756792664528, "rmse_8": 0.06221035495400429, "vy_9": 0.11585088819265366, "dpsidt_9": 0.010316540487110615, "rmse_9": 0.063083715736866, "vy_10": 0.12057585269212723, "dpsidt_10": 0.01033252477645874, "rmse_10": 0.06545418500900269}