{"vy_time": [], "dpsidtrmse_time": [], "vy_0.05": 0.01815151795744896, "dpsidt_0.05": 0.002415633061900735, "rmse_0.05": 0.010283575393259525, "vy_1": 0.05829814448952675, "dpsidt_1": 0.005078680347651243, "rmse_1": 0.03168841078877449, "vy_2": 0.07459376007318497, "dpsidt_2": 0.006068133283406496, "rmse_2": 0.04033094644546509, "vy_3": 0.08564954996109009, "dpsidt_3": 0.0066911280155181885, "rmse_3": 0.04617033898830414, "vy_4": 0.08870457857847214, "dpsidt_4": 0.006820675916969776, "rmse_4": 0.04776262864470482, "vy_5": 0.09363400191068649, "dpsidt_5": 0.00681051192805171, "rmse_5": 0.050222255289554596, "vy_6": 0.09610587358474731, "dpsidt_6": 0.0070447796024382114, "rmse_6": 0.051575325429439545, "vy_7": 0.10644511878490448, "dpsidt_7": 0.006979085970669985, "rmse_7": 0.05671210214495659, "vy_8": 0.11169160902500153, "dpsidt_8": 0.007034776732325554, "rmse_8": 0.059363193809986115, "vy_9": 0.11316625028848648, "dpsidt_9": 0.007201841101050377, "rmse_9": 0.060184046626091, "vy_10": 0.11766744405031204, "dpsidt_10": 0.00718225073069334, "rmse_10": 0.06242484599351883}