{"vy": 0.36653628945350647, "dpsidt": 0.0912233293056488, "rmse": 0.22887980937957764}