{"vy": 0.3632564842700958, "dpsidt": 0.11084114015102386, "rmse": 0.23704880475997925}