{"vy_time": [], "dpsidtrmse_time": [], "vy_0.05": 0.01747528277337551, "dpsidt_0.05": 0.0023496064823120832, "rmse_0.05": 0.009912444278597832, "vy_1": 0.05778688192367554, "dpsidt_1": 0.005149882286787033, "rmse_1": 0.031468383967876434, "vy_2": 0.07562773674726486, "dpsidt_2": 0.00615741265937686, "rmse_2": 0.040892574936151505, "vy_3": 0.08697661012411118, "dpsidt_3": 0.006823072209954262, "rmse_3": 0.046899840235710144, "vy_4": 0.09009920060634613, "dpsidt_4": 0.006997434888035059, "rmse_4": 0.048548318445682526, "vy_5": 0.09303158521652222, "dpsidt_5": 0.007010337430983782, "rmse_5": 0.050020962953567505, "vy_6": 0.0964333713054657, "dpsidt_6": 0.007318883202970028, "rmse_6": 0.05187612771987915, "vy_7": 0.106814444065094, "dpsidt_7": 0.007269784342497587, "rmse_7": 0.057042114436626434, "vy_8": 0.11160937696695328, "dpsidt_8": 0.007338809780776501, "rmse_8": 0.05947409197688103, "vy_9": 0.11291839182376862, "dpsidt_9": 0.007529514376074076, "rmse_9": 0.06022395193576813, "vy_10": 0.11721281707286835, "dpsidt_10": 0.007519350852817297, "rmse_10": 0.06236608326435089}