{"vy": 0.41527703404426575, "dpsidt": 0.08881846070289612, "rmse": 0.25204774737358093}