{"vy": 0.37847790122032166, "dpsidt": 0.09725703299045563, "rmse": 0.23786747455596924}