{"vy": 0.42324942350387573, "dpsidt": 0.09902595728635788, "rmse": 0.2611376941204071}