{"vy_time": [], "dpsidtrmse_time": [], "vy_0.05": 0.017683539539575577, "dpsidt_0.05": 0.0022713784128427505, "rmse_0.05": 0.009977458976209164, "vy_1": 0.058164793998003006, "dpsidt_1": 0.0051209707744419575, "rmse_1": 0.03164288401603699, "vy_2": 0.07494411617517471, "dpsidt_2": 0.006846542004495859, "rmse_2": 0.04089532792568207, "vy_3": 0.08655229210853577, "dpsidt_3": 0.007561421487480402, "rmse_3": 0.047056857496500015, "vy_4": 0.08937358856201172, "dpsidt_4": 0.0077524431981146336, "rmse_4": 0.04856301471590996, "vy_5": 0.09360851347446442, "dpsidt_5": 0.0077554513700306416, "rmse_5": 0.050681982189416885, "vy_6": 0.09636376053094864, "dpsidt_6": 0.008085589855909348, "rmse_6": 0.052224673330783844, "vy_7": 0.10676142573356628, "dpsidt_7": 0.008134547621011734, "rmse_7": 0.05744798481464386, "vy_8": 0.11194853484630585, "dpsidt_8": 0.00821575615555048, "rmse_8": 0.060082145035266876, "vy_9": 0.11342272162437439, "dpsidt_9": 0.008422241546213627, "rmse_9": 0.06092248111963272, "vy_10": 0.11800741404294968, "dpsidt_10": 0.008388628251850605, "rmse_10": 0.063198022544384}