{"vy": 0.3647087514400482, "dpsidt": 0.08385667204856873, "rmse": 0.22428271174430847, "vy_": 0.11042115092277527, "dpsidt_": 0.007029132451862097, "rmse_": 0.05872514098882675}