{"vy": 0.40589314699172974, "dpsidt": 0.08102752268314362, "rmse": 0.24346032738685608, "vy_": 0.12289033830165863, "dpsidt_": 0.00679198419675231, "rmse_": 0.06484115868806839}