{"vy_time": [], "dpsidtrmse_time": [], "vy_0.05": 0.017074596136808395, "dpsidt_0.05": 0.0021984947379678488, "rmse_0.05": 0.009636545553803444, "vy_1": 0.05714462324976921, "dpsidt_1": 0.005201334599405527, "rmse_1": 0.0311729796230793, "vy_2": 0.07590775936841965, "dpsidt_2": 0.0072727082297205925, "rmse_2": 0.04159023240208626, "vy_3": 0.08992719650268555, "dpsidt_3": 0.008200873620808125, "rmse_3": 0.0490640364587307, "vy_4": 0.09208305180072784, "dpsidt_4": 0.008506509475409985, "rmse_4": 0.05029477924108505, "vy_5": 0.09857424348592758, "dpsidt_5": 0.008499518036842346, "rmse_5": 0.053536880761384964, "vy_6": 0.10211160778999329, "dpsidt_6": 0.00892403069883585, "rmse_6": 0.05551781877875328, "vy_7": 0.11263681203126907, "dpsidt_7": 0.008995966985821724, "rmse_7": 0.060816388577222824, "vy_8": 0.11854975670576096, "dpsidt_8": 0.00911103468388319, "rmse_8": 0.06383039802312851, "vy_9": 0.12043590843677521, "dpsidt_9": 0.009317952208220959, "rmse_9": 0.06487692892551422, "vy_10": 0.12589441239833832, "dpsidt_10": 0.009285376407206059, "rmse_10": 0.0675898939371109}