{"vy": 0.3780863285064697, "dpsidt": 0.11091582477092743, "rmse": 0.24450108408927917}