{"vy": 0.3747248649597168, "dpsidt": 0.10343152284622192, "rmse": 0.23907819390296936}