{"vy": 0.3623373210430145, "dpsidt": 0.07819535583257675, "rmse": 0.22026634216308594, "vy_": 0.1097031757235527, "dpsidt_": 0.006554584018886089, "rmse_": 0.058128878474235535}