{"vy_time": [], "dpsidtrmse_time": [], "vy_0.05": 0.0171356163918972, "dpsidt_0.05": 0.0028544836677610874, "rmse_0.05": 0.0099950497969985, "vy_1": 0.05485159531235695, "dpsidt_1": 0.006559201516211033, "rmse_1": 0.030705397948622704, "vy_2": 0.07590219378471375, "dpsidt_2": 0.007008139044046402, "rmse_2": 0.041455164551734924, "vy_3": 0.08840688318014145, "dpsidt_3": 0.007644404657185078, "rmse_3": 0.048025645315647125, "vy_4": 0.09303750097751617, "dpsidt_4": 0.007639218121767044, "rmse_4": 0.05033835768699646, "vy_5": 0.09553136676549911, "dpsidt_5": 0.007593325339257717, "rmse_5": 0.0515623465180397, "vy_6": 0.09994763135910034, "dpsidt_6": 0.007847210392355919, "rmse_6": 0.053897421807050705, "vy_7": 0.11021631956100464, "dpsidt_7": 0.007738479413092136, "rmse_7": 0.0589773990213871, "vy_8": 0.1151328757405281, "dpsidt_8": 0.00781575869768858, "rmse_8": 0.06147431582212448, "vy_9": 0.11642760038375854, "dpsidt_9": 0.007955539040267467, "rmse_9": 0.062191568315029144, "vy_10": 0.12072674930095673, "dpsidt_10": 0.00796043686568737, "rmse_10": 0.06434359401464462}