{"vy": 0.38778436183929443, "dpsidt": 0.09252076596021652, "rmse": 0.24015256762504578}