{"vy": 0.43993884325027466, "dpsidt": 0.11399140954017639, "rmse": 0.2769651412963867}