{"vy": 0.3718085289001465, "dpsidt": 0.10566647350788116, "rmse": 0.23873749375343323}