{"vy": 0.3976188898086548, "dpsidt": 0.12737178802490234, "rmse": 0.26249533891677856, "vy_": 0.12038519978523254, "dpsidt_": 0.01067670714110136, "rmse_": 0.06553095579147339}