{"vy": 0.37700074911117554, "dpsidt": 0.09550280123949051, "rmse": 0.23625177145004272, "vy_": 0.11414273083209991, "dpsidt_": 0.008005348034203053, "rmse_": 0.061074040830135345}