{"vy_time": [], "dpsidtrmse_time": [], "vy_0.05": 0.018591713160276413, "dpsidt_0.05": 0.0023981172125786543, "rmse_0.05": 0.010494914837181568, "vy_1": 0.061061035841703415, "dpsidt_1": 0.005185697693377733, "rmse_1": 0.03312336653470993, "vy_2": 0.075527623295784, "dpsidt_2": 0.006258320063352585, "rmse_2": 0.04089297354221344, "vy_3": 0.08350163698196411, "dpsidt_3": 0.0070734950713813305, "rmse_3": 0.045287564396858215, "vy_4": 0.08541428297758102, "dpsidt_4": 0.0071399942971765995, "rmse_4": 0.04627713933587074, "vy_5": 0.08786015957593918, "dpsidt_5": 0.007052524480968714, "rmse_5": 0.04745634272694588, "vy_6": 0.09077415615320206, "dpsidt_6": 0.007178353611379862, "rmse_6": 0.04897625371813774, "vy_7": 0.09988640993833542, "dpsidt_7": 0.0071521964855492115, "rmse_7": 0.05351930484175682, "vy_8": 0.1044200211763382, "dpsidt_8": 0.007178462576121092, "rmse_8": 0.05579924210906029, "vy_9": 0.1053721159696579, "dpsidt_9": 0.007279409561306238, "rmse_9": 0.056325763463974, "vy_10": 0.1090088039636612, "dpsidt_10": 0.007193894125521183, "rmse_10": 0.0581013485789299}