{"vy": 0.36801138520240784, "dpsidt": 0.0975496768951416, "rmse": 0.23278053104877472}