{"vy": 0.37136310338974, "dpsidt": 0.10041133314371109, "rmse": 0.23588721454143524}