{"vy": 0.46293672919273376, "dpsidt": 0.11336290091276169, "rmse": 0.28814980387687683}