{"vy": 0.4073916971683502, "dpsidt": 0.09646739810705185, "rmse": 0.25192955136299133}