{"vy_time": [], "dpsidtrmse_time": [], "vy_0.05": 0.01696336455643177, "dpsidt_0.05": 0.0025343503803014755, "rmse_0.05": 0.009748857468366623, "vy_1": 0.05446646735072136, "dpsidt_1": 0.0053678834810853004, "rmse_1": 0.029917174950242043, "vy_2": 0.07366961985826492, "dpsidt_2": 0.006520616356283426, "rmse_2": 0.040095116943120956, "vy_3": 0.08840131759643555, "dpsidt_3": 0.007584777195006609, "rmse_3": 0.047993049025535583, "vy_4": 0.09220809489488602, "dpsidt_4": 0.007652116008102894, "rmse_4": 0.04993010684847832, "vy_5": 0.09779317677021027, "dpsidt_5": 0.007612412329763174, "rmse_5": 0.05270279571413994, "vy_6": 0.1009206771850586, "dpsidt_6": 0.00782762560993433, "rmse_6": 0.054374150931835175, "vy_7": 0.11201497912406921, "dpsidt_7": 0.007691891863942146, "rmse_7": 0.059853434562683105, "vy_8": 0.11794362962245941, "dpsidt_8": 0.007765986490994692, "rmse_8": 0.0628548115491867, "vy_9": 0.11985410749912262, "dpsidt_9": 0.007911616005003452, "rmse_9": 0.06388286501169205, "vy_10": 0.12531325221061707, "dpsidt_10": 0.00791774783283472, "rmse_10": 0.0666154995560646}