{"vy_time": [], "dpsidtrmse_time": [], "vy_0.05": 0.018651526421308517, "dpsidt_0.05": 0.0023433337919414043, "rmse_0.05": 0.010497430339455605, "vy_1": 0.060475192964076996, "dpsidt_1": 0.005134995095431805, "rmse_1": 0.03280509263277054, "vy_2": 0.07598627358675003, "dpsidt_2": 0.006153226364403963, "rmse_2": 0.04106974974274635, "vy_3": 0.08377743512392044, "dpsidt_3": 0.006831817794591188, "rmse_3": 0.04530462622642517, "vy_4": 0.08557416498661041, "dpsidt_4": 0.0069983662106096745, "rmse_4": 0.046286266297101974, "vy_5": 0.089863121509552, "dpsidt_5": 0.0070166271179914474, "rmse_5": 0.0484398752450943, "vy_6": 0.09300452470779419, "dpsidt_6": 0.007279848214238882, "rmse_6": 0.050142187625169754, "vy_7": 0.10236900299787521, "dpsidt_7": 0.007262909319251776, "rmse_7": 0.054815955460071564, "vy_8": 0.10707086324691772, "dpsidt_8": 0.007333448156714439, "rmse_8": 0.05720215663313866, "vy_9": 0.10838336497545242, "dpsidt_9": 0.007505384739488363, "rmse_9": 0.05794437602162361, "vy_10": 0.11255241930484772, "dpsidt_10": 0.007478540297597647, "rmse_10": 0.0600154809653759}