{"vy_time": [], "dpsidtrmse_time": [], "vy_0.05": 0.015861663967370987, "dpsidt_0.05": 0.0022343553137034178, "rmse_0.05": 0.009048009291291237, "vy_1": 0.05293506756424904, "dpsidt_1": 0.005776228383183479, "rmse_1": 0.029355648905038834, "vy_2": 0.07605419307947159, "dpsidt_2": 0.00800173170864582, "rmse_2": 0.04202796146273613, "vy_3": 0.09634266793727875, "dpsidt_3": 0.009013654664158821, "rmse_3": 0.05267816036939621, "vy_4": 0.1028597503900528, "dpsidt_4": 0.009664053097367287, "rmse_4": 0.056261900812387466, "vy_5": 0.10752992331981659, "dpsidt_5": 0.009699195623397827, "rmse_5": 0.05861455947160721, "vy_6": 0.11218918114900589, "dpsidt_6": 0.010315120220184326, "rmse_6": 0.06125215068459511, "vy_7": 0.12307877093553543, "dpsidt_7": 0.010430709458887577, "rmse_7": 0.06675474345684052, "vy_8": 0.1295502483844757, "dpsidt_8": 0.010643432848155499, "rmse_8": 0.07009684294462204, "vy_9": 0.13186471164226532, "dpsidt_9": 0.010976849123835564, "rmse_9": 0.07142078131437302, "vy_10": 0.13782477378845215, "dpsidt_10": 0.011031372472643852, "rmse_10": 0.07442807406187057}