{"vy": 0.373868852853775, "dpsidt": 0.09710293263196945, "rmse": 0.23548589646816254}