{"vy": 0.393128365278244, "dpsidt": 0.10255603492259979, "rmse": 0.2478421926498413}