{"vy_0.05": 0.01762453280389309, "vy_1": 0.05659686401486397, "vy_2": 0.07329455763101578, "vy_3": 0.08253277093172073, "vy_4": 0.08500153571367264, "vy_5": 0.08914556354284286, "vy_6": 0.09233149141073227, "vy_7": 0.10207831859588623, "vy_8": 0.10697944462299347, "vy_9": 0.1083843782544136, "vy_10": 0.11268027126789093, "dpsidt_0.05": 0.0024875458329916, "dpsidt_1": 0.004891292657703161, "dpsidt_2": 0.005816678050905466, "dpsidt_3": 0.006681750528514385, "dpsidt_4": 0.006740028969943523, "dpsidt_5": 0.0067161982879042625, "dpsidt_6": 0.006874163635075092, "dpsidt_7": 0.006768099032342434, "dpsidt_8": 0.006796330213546753, "dpsidt_9": 0.00690777413547039, "dpsidt_10": 0.00686401454731822, "rmse_0.05": 0.010056039318442345, "rmse_1": 0.030744077637791634, "rmse_2": 0.039555616676807404, "rmse_3": 0.0446072593331337, "rmse_4": 0.04587078094482422, "rmse_5": 0.04793088138103485, "rmse_6": 0.04960282891988754, "rmse_7": 0.05442320927977562, "rmse_8": 0.05688788741827011, "rmse_9": 0.05764607712626457, "rmse_10": 0.05977214127779007}