{"vy": 0.39235153794288635, "dpsidt": 0.08914978802204132, "rmse": 0.24075067043304443}