{"vy_time": [], "dpsidtrmse_time": [], "vy_0.05": 0.017592841759324074, "dpsidt_0.05": 0.0023933942429721355, "rmse_0.05": 0.009993118233978748, "vy_1": 0.05699973180890083, "dpsidt_1": 0.005255975294858217, "rmse_1": 0.03112785331904888, "vy_2": 0.0749191865324974, "dpsidt_2": 0.006200906354933977, "rmse_2": 0.0405600480735302, "vy_3": 0.08692261576652527, "dpsidt_3": 0.006776627153158188, "rmse_3": 0.04684962332248688, "vy_4": 0.09009365737438202, "dpsidt_4": 0.006949333474040031, "rmse_4": 0.0485214963555336, "vy_5": 0.09435288608074188, "dpsidt_5": 0.0069629899226129055, "rmse_5": 0.05065793916583061, "vy_6": 0.09708592295646667, "dpsidt_6": 0.007275770418345928, "rmse_6": 0.05218084529042244, "vy_7": 0.1078513115644455, "dpsidt_7": 0.0072102793492376804, "rmse_7": 0.05753079429268837, "vy_8": 0.11303281784057617, "dpsidt_8": 0.007282426580786705, "rmse_8": 0.06015762314200401, "vy_9": 0.11456278711557388, "dpsidt_9": 0.0074896905571222305, "rmse_9": 0.06102623790502548, "vy_10": 0.11920825392007828, "dpsidt_10": 0.007491920609027147, "rmse_10": 0.06335008889436722}