{"vy": 0.4221894145011902, "dpsidt": 0.11683344095945358, "rmse": 0.2695114314556122}