{"vy": 0.3743777871131897, "dpsidt": 0.1196109801530838, "rmse": 0.24699437618255615}