{"vy_time": [], "dpsidtrmse_time": [], "vy_0.05": 0.01953696273267269, "dpsidt_0.05": 0.002663771156221628, "rmse_0.05": 0.011100366711616516, "vy_1": 0.06006021425127983, "dpsidt_1": 0.004939286503940821, "rmse_1": 0.03249974921345711, "vy_2": 0.07490164786577225, "dpsidt_2": 0.005614530295133591, "rmse_2": 0.04025808721780777, "vy_3": 0.08377141505479813, "dpsidt_3": 0.006487303413450718, "rmse_3": 0.045129358768463135, "vy_4": 0.08695204555988312, "dpsidt_4": 0.006493407301604748, "rmse_4": 0.04672272503376007, "vy_5": 0.09192859381437302, "dpsidt_5": 0.006421996280550957, "rmse_5": 0.04917529597878456, "vy_6": 0.09414414316415787, "dpsidt_6": 0.006457598879933357, "rmse_6": 0.05030087009072304, "vy_7": 0.1039552390575409, "dpsidt_7": 0.006347530987113714, "rmse_7": 0.05515138432383537, "vy_8": 0.1090129092335701, "dpsidt_8": 0.0063276453875005245, "rmse_8": 0.05767027661204338, "vy_9": 0.11032885313034058, "dpsidt_9": 0.006377227604389191, "rmse_9": 0.05835304036736488, "vy_10": 0.11444759368896484, "dpsidt_10": 0.006319793872535229, "rmse_10": 0.060383692383766174}