{"vy_time": [], "dpsidtrmse_time": [], "vy_0.05": 0.017544426023960114, "dpsidt_0.05": 0.0024661393836140633, "rmse_0.05": 0.010005282238125801, "vy_1": 0.05623835697770119, "dpsidt_1": 0.006335724610835314, "rmse_1": 0.03128704056143761, "vy_2": 0.07509700208902359, "dpsidt_2": 0.007762689143419266, "rmse_2": 0.04142984747886658, "vy_3": 0.08744212985038757, "dpsidt_3": 0.00826549157500267, "rmse_3": 0.04785381257534027, "vy_4": 0.09056242555379868, "dpsidt_4": 0.008508537895977497, "rmse_4": 0.04953548312187195, "vy_5": 0.09446342289447784, "dpsidt_5": 0.008519086055457592, "rmse_5": 0.051491253077983856, "vy_6": 0.09803685545921326, "dpsidt_6": 0.009014815092086792, "rmse_6": 0.053525835275650024, "vy_7": 0.10849756002426147, "dpsidt_7": 0.009122737683355808, "rmse_7": 0.058810148388147354, "vy_8": 0.11373332142829895, "dpsidt_8": 0.009317423216998577, "rmse_8": 0.0615253709256649, "vy_9": 0.11527399718761444, "dpsidt_9": 0.00957889948040247, "rmse_9": 0.06242644786834717, "vy_10": 0.12026124447584152, "dpsidt_10": 0.009592469781637192, "rmse_10": 0.06492685526609421}