{"vy": 0.369888037443161, "dpsidt": 0.10722680389881134, "rmse": 0.23855742812156677, "vy_": 0.11198924481868744, "dpsidt_": 0.0089880907908082, "rmse_": 0.06048866733908653}