{"vy": 0.36882704496383667, "dpsidt": 0.08474761992692947, "rmse": 0.22678732872009277}