{"vy": 0.39350560307502747, "dpsidt": 0.10882893949747086, "rmse": 0.25116726756095886, "vy_": 0.11913983523845673, "dpsidt_": 0.009122388437390327, "rmse_": 0.06413111090660095}