{"vy": 0.4361703097820282, "dpsidt": 0.10622766613960266, "rmse": 0.27119898796081543}