{"vy_time": [], "dpsidtrmse_time": [], "vy_0.05": 0.018146054819226265, "dpsidt_0.05": 0.0023308182135224342, "rmse_0.05": 0.010238436982035637, "vy_1": 0.0605098195374012, "dpsidt_1": 0.0050077964551746845, "rmse_1": 0.03275880962610245, "vy_2": 0.07545778900384903, "dpsidt_2": 0.006081301718950272, "rmse_2": 0.0407695472240448, "vy_3": 0.08481437712907791, "dpsidt_3": 0.006936688907444477, "rmse_3": 0.045875534415245056, "vy_4": 0.0874788835644722, "dpsidt_4": 0.00702320784330368, "rmse_4": 0.04725104570388794, "vy_5": 0.09056373685598373, "dpsidt_5": 0.006935991812497377, "rmse_5": 0.04874986410140991, "vy_6": 0.0933230072259903, "dpsidt_6": 0.007079673931002617, "rmse_6": 0.05020134150981903, "vy_7": 0.10316784679889679, "dpsidt_7": 0.0070227934047579765, "rmse_7": 0.05509531870484352, "vy_8": 0.10799051821231842, "dpsidt_8": 0.007048069499433041, "rmse_8": 0.05751929432153702, "vy_9": 0.10914608836174011, "dpsidt_9": 0.007146576419472694, "rmse_9": 0.05814633145928383, "vy_10": 0.11304003745317459, "dpsidt_10": 0.0070571331307291985, "rmse_10": 0.06004858389496803}