{"vy": 0.42339077591896057, "dpsidt": 0.09146971255540848, "rmse": 0.2574302554130554}