{"vy_time": [], "dpsidtrmse_time": [], "vy_0.05": 0.017184611409902573, "dpsidt_0.05": 0.002451797481626272, "rmse_0.05": 0.009818204678595066, "vy_1": 0.05615555867552757, "dpsidt_1": 0.006406368222087622, "rmse_1": 0.031280964612960815, "vy_2": 0.07529811561107635, "dpsidt_2": 0.007653865497559309, "rmse_2": 0.041475988924503326, "vy_3": 0.09010745584964752, "dpsidt_3": 0.008590584620833397, "rmse_3": 0.049349021166563034, "vy_4": 0.09373113512992859, "dpsidt_4": 0.008874083869159222, "rmse_4": 0.05130260810256004, "vy_5": 0.09891940653324127, "dpsidt_5": 0.00878969393670559, "rmse_5": 0.053854551166296005, "vy_6": 0.10348454862833023, "dpsidt_6": 0.00926245842128992, "rmse_6": 0.05637350305914879, "vy_7": 0.1140206977725029, "dpsidt_7": 0.009214467369019985, "rmse_7": 0.06161758303642273, "vy_8": 0.1200886219739914, "dpsidt_8": 0.009400835260748863, "rmse_8": 0.0647447258234024, "vy_9": 0.12213034182786942, "dpsidt_9": 0.009644432924687862, "rmse_9": 0.06588738411664963, "vy_10": 0.1278550773859024, "dpsidt_10": 0.009712660685181618, "rmse_10": 0.06878387182950974}