{"vy": 0.41928884387016296, "dpsidt": 0.10726486891508102, "rmse": 0.2632768452167511}