{"vy": 0.3647923767566681, "dpsidt": 0.10750392079353333, "rmse": 0.2361481487751007}