{"vy": 0.40037113428115845, "dpsidt": 0.08125599473714828, "rmse": 0.24081356823444366, "vy_": 0.1212184801697731, "dpsidt_": 0.0068111359141767025, "rmse_": 0.06401480734348297}