{"vy_time": [], "dpsidtrmse_time": [], "vy_0.05": 0.018366755917668343, "dpsidt_0.05": 0.003389588091522455, "rmse_0.05": 0.010878171771764755, "vy_1": 0.05749298632144928, "dpsidt_1": 0.007273227907717228, "rmse_1": 0.03238310664892197, "vy_2": 0.07455351203680038, "dpsidt_2": 0.00733401020988822, "rmse_2": 0.04094376042485237, "vy_3": 0.083406962454319, "dpsidt_3": 0.007869222201406956, "rmse_3": 0.04563809186220169, "vy_4": 0.08575890213251114, "dpsidt_4": 0.007851175032556057, "rmse_4": 0.046805039048194885, "vy_5": 0.08823223412036896, "dpsidt_5": 0.00794331356883049, "rmse_5": 0.04808777570724487, "vy_6": 0.09171155095100403, "dpsidt_6": 0.008113468997180462, "rmse_6": 0.04991250857710838, "vy_7": 0.10125649720430374, "dpsidt_7": 0.008045418187975883, "rmse_7": 0.05465095862746239, "vy_8": 0.10575776547193527, "dpsidt_8": 0.008077360689640045, "rmse_8": 0.05691756308078766, "vy_9": 0.10684089362621307, "dpsidt_9": 0.008176896721124649, "rmse_9": 0.05750889331102371, "vy_10": 0.11071682721376419, "dpsidt_10": 0.00819642934948206, "rmse_10": 0.05945662781596184}