{"vy": 0.36032339930534363, "dpsidt": 0.09749749302864075, "rmse": 0.2289104461669922}