{"vy": 0.3674321472644806, "dpsidt": 0.09528618305921555, "rmse": 0.23135916888713837}