{"vy_time": [], "dpsidtrmse_time": [], "vy_0.05": 0.016534175723791122, "dpsidt_0.05": 0.002194638829678297, "rmse_0.05": 0.009364407509565353, "vy_1": 0.05697224661707878, "dpsidt_1": 0.005948631092905998, "rmse_1": 0.031460437923669815, "vy_2": 0.07719879597425461, "dpsidt_2": 0.008587779477238655, "rmse_2": 0.04289328679442406, "vy_3": 0.08842195570468903, "dpsidt_3": 0.009384679608047009, "rmse_3": 0.048903316259384155, "vy_4": 0.0912494957447052, "dpsidt_4": 0.009938527829945087, "rmse_4": 0.050594013184309006, "vy_5": 0.09665226191282272, "dpsidt_5": 0.010078017599880695, "rmse_5": 0.05336514115333557, "vy_6": 0.10288131982088089, "dpsidt_6": 0.010784269310534, "rmse_6": 0.05683279410004616, "vy_7": 0.11228072643280029, "dpsidt_7": 0.011069564148783684, "rmse_7": 0.06167514622211456, "vy_8": 0.11793611943721771, "dpsidt_8": 0.011355499736964703, "rmse_8": 0.06464581191539764, "vy_9": 0.12020053714513779, "dpsidt_9": 0.01178488414734602, "rmse_9": 0.06599271297454834, "vy_10": 0.12522459030151367, "dpsidt_10": 0.011858170852065086, "rmse_10": 0.06854137778282166}