{"vy": 0.4250229299068451, "dpsidt": 0.10196570307016373, "rmse": 0.2634943127632141}