{"vy": 0.4500313401222229, "dpsidt": 0.1382931023836136, "rmse": 0.29416221380233765}