{"vy": 0.3983396887779236, "dpsidt": 0.09164226055145264, "rmse": 0.2449909746646881}