{"vy": 0.4172579050064087, "dpsidt": 0.11348461359739304, "rmse": 0.26537126302719116}