{"vy": 0.38974252343177795, "dpsidt": 0.12042602896690369, "rmse": 0.2550842761993408}