{"vy": 0.3823202848434448, "dpsidt": 0.08679317682981491, "rmse": 0.23455673456192017}