{"vy_0.05": 0.018506580963730812, "vy_1": 0.05837414786219597, "vy_2": 0.07352723926305771, "vy_3": 0.08214902132749557, "vy_4": 0.08466538041830063, "vy_5": 0.08827094733715057, "vy_6": 0.09090866893529892, "vy_7": 0.1003686785697937, "vy_8": 0.10515966266393661, "vy_9": 0.10629324615001678, "vy_10": 0.11015202850103378, "dpsidt_0.05": 0.00295627792365849, "dpsidt_1": 0.005331031978130341, "dpsidt_2": 0.005953277461230755, "dpsidt_3": 0.0068276626989245415, "dpsidt_4": 0.006808353587985039, "dpsidt_5": 0.006791164167225361, "dpsidt_6": 0.006851662416011095, "dpsidt_7": 0.006753817666321993, "dpsidt_8": 0.006723019294440746, "dpsidt_9": 0.006767812184989452, "dpsidt_10": 0.006736982148140669, "rmse_0.05": 0.010731429792940617, "rmse_1": 0.031852588057518005, "rmse_2": 0.03974025696516037, "rmse_3": 0.044488340616226196, "rmse_4": 0.04573686793446541, "rmse_5": 0.04753105714917183, "rmse_6": 0.04888016730546951, "rmse_7": 0.0535612478852272, "rmse_8": 0.05594133958220482, "rmse_9": 0.05653052777051926, "rmse_10": 0.05844450369477272}