{"vy": 0.380428671836853, "dpsidt": 0.10334219038486481, "rmse": 0.24188542366027832}