{"vy_time": [], "dpsidtrmse_time": [], "vy_0.05": 0.01743396557867527, "dpsidt_0.05": 0.0023397982586175203, "rmse_0.05": 0.00988688226789236, "vy_1": 0.05662054196000099, "dpsidt_1": 0.0054968721233308315, "rmse_1": 0.03105870634317398, "vy_2": 0.07538457214832306, "dpsidt_2": 0.006732526700943708, "rmse_2": 0.04105854779481888, "vy_3": 0.08608520776033401, "dpsidt_3": 0.007433776278048754, "rmse_3": 0.04675949364900589, "vy_4": 0.08879227936267853, "dpsidt_4": 0.0076468996703624725, "rmse_4": 0.04821959137916565, "vy_5": 0.0920519307255745, "dpsidt_5": 0.007668156176805496, "rmse_5": 0.049860045313835144, "vy_6": 0.09580130875110626, "dpsidt_6": 0.008055186830461025, "rmse_6": 0.05192824825644493, "vy_7": 0.10595214366912842, "dpsidt_7": 0.008074121549725533, "rmse_7": 0.0570131316781044, "vy_8": 0.11070796102285385, "dpsidt_8": 0.008189880289137363, "rmse_8": 0.05944892019033432, "vy_9": 0.11210457235574722, "dpsidt_9": 0.008394169621169567, "rmse_9": 0.06024936959147453, "vy_10": 0.1166197657585144, "dpsidt_10": 0.008388996124267578, "rmse_10": 0.06250438094139099}