{"vy_time": [], "dpsidtrmse_time": [], "vy_0.05": 0.018480179831385612, "dpsidt_0.05": 0.0024662793148308992, "rmse_0.05": 0.010473229922354221, "vy_1": 0.0589137077331543, "dpsidt_1": 0.0050307102501392365, "rmse_1": 0.03197220712900162, "vy_2": 0.0743015706539154, "dpsidt_2": 0.005935307592153549, "rmse_2": 0.040118440985679626, "vy_3": 0.08369060605764389, "dpsidt_3": 0.006612144876271486, "rmse_3": 0.045151375234127045, "vy_4": 0.08633246272802353, "dpsidt_4": 0.0067123305052518845, "rmse_4": 0.04652239754796028, "vy_5": 0.09017502516508102, "dpsidt_5": 0.0066839526407420635, "rmse_5": 0.04842948913574219, "vy_6": 0.09282230585813522, "dpsidt_6": 0.006864500232040882, "rmse_6": 0.049843404442071915, "vy_7": 0.102577343583107, "dpsidt_7": 0.006792709231376648, "rmse_7": 0.05468502640724182, "vy_8": 0.10752540081739426, "dpsidt_8": 0.006835489999502897, "rmse_8": 0.05718044564127922, "vy_9": 0.10878252983093262, "dpsidt_9": 0.006972203031182289, "rmse_9": 0.05787736549973488, "vy_10": 0.11287042498588562, "dpsidt_10": 0.006935609504580498, "rmse_10": 0.059903018176555634}