{"vy": 0.40785038471221924, "dpsidt": 0.08568821102380753, "rmse": 0.24676929414272308}