{"vy": 0.37315481901168823, "dpsidt": 0.10845253616571426, "rmse": 0.24080367386341095}