{"vy_time": [], "dpsidtrmse_time": [], "vy_0.05": 0.017257066443562508, "dpsidt_0.05": 0.0025186589919030666, "rmse_0.05": 0.00988786295056343, "vy_1": 0.055836137384176254, "dpsidt_1": 0.007165399845689535, "rmse_1": 0.031500767916440964, "vy_2": 0.07445282489061356, "dpsidt_2": 0.008640793152153492, "rmse_2": 0.041546810418367386, "vy_3": 0.08883167058229446, "dpsidt_3": 0.00928622018545866, "rmse_3": 0.0490589439868927, "vy_4": 0.09222458302974701, "dpsidt_4": 0.009649110026657581, "rmse_4": 0.05093684792518616, "vy_5": 0.0975283607840538, "dpsidt_5": 0.009587360545992851, "rmse_5": 0.0535578615963459, "vy_6": 0.1022629365324974, "dpsidt_6": 0.010207881219685078, "rmse_6": 0.056235410273075104, "vy_7": 0.11253738403320312, "dpsidt_7": 0.010287737473845482, "rmse_7": 0.06141256168484688, "vy_8": 0.11867114901542664, "dpsidt_8": 0.010560748167335987, "rmse_8": 0.06461594998836517, "vy_9": 0.12070127576589584, "dpsidt_9": 0.010865715332329273, "rmse_9": 0.06578349322080612, "vy_10": 0.12644466757774353, "dpsidt_10": 0.01092340424656868, "rmse_10": 0.06868403404951096}