{"vy": 0.3768942058086395, "dpsidt": 0.08515992760658264, "rmse": 0.23102706670761108}