{"vy": 0.37844938039779663, "dpsidt": 0.09015475958585739, "rmse": 0.2343020737171173, "vy_": 0.11458133906126022, "dpsidt_": 0.007557059172540903, "rmse_": 0.061069197952747345}