{"vy": 0.3812984526157379, "dpsidt": 0.09034418314695358, "rmse": 0.23582132160663605}