{"vy_0.05": 0.01728801801800728, "vy_1": 0.05673539265990257, "vy_2": 0.07413096725940704, "vy_3": 0.08465877920389175, "vy_4": 0.08685792237520218, "vy_5": 0.09193885326385498, "vy_6": 0.09583766013383865, "vy_7": 0.10555767267942429, "vy_8": 0.11076101660728455, "vy_9": 0.11234353482723236, "vy_10": 0.11707787960767746, "dpsidt_0.05": 0.0022355655673891306, "dpsidt_1": 0.005155992694199085, "dpsidt_2": 0.007406844291836023, "dpsidt_3": 0.00818614661693573, "dpsidt_4": 0.008430683054029942, "dpsidt_5": 0.008473626337945461, "dpsidt_6": 0.008889888413250446, "dpsidt_7": 0.009009553119540215, "dpsidt_8": 0.009117161855101585, "dpsidt_9": 0.009364383295178413, "dpsidt_10": 0.009345179423689842, "rmse_0.05": 0.009761791676282883, "rmse_1": 0.03094569221138954, "rmse_2": 0.040768906474113464, "rmse_3": 0.04642246291041374, "rmse_4": 0.04764430224895477, "rmse_5": 0.05020624026656151, "rmse_6": 0.05236377567052841, "rmse_7": 0.057283613830804825, "rmse_8": 0.05993909016251564, "rmse_9": 0.06085395812988281, "rmse_10": 0.06321153044700623}