{"vy": 0.384482741355896, "dpsidt": 0.08431249111890793, "rmse": 0.23439761996269226}