{"vy": 0.3687230050563812, "dpsidt": 0.09062294661998749, "rmse": 0.22967296838760376}