{"vy": 0.3924674689769745, "dpsidt": 0.10125928372144699, "rmse": 0.24686338007450104}