{"vy": 0.37675079703330994, "dpsidt": 0.08711385726928711, "rmse": 0.23193232715129852}