{"vy": 0.38309335708618164, "dpsidt": 0.08530963212251663, "rmse": 0.23420149087905884}