{"vy": 0.3765127956867218, "dpsidt": 0.08722051978111267, "rmse": 0.23186665773391724, "vy_": 0.1139950156211853, "dpsidt_": 0.007311101537197828, "rmse_": 0.06065305694937706}