{"vy": 0.4224051237106323, "dpsidt": 0.14339406788349152, "rmse": 0.2828995883464813, "vy_": 0.12788960337638855, "dpsidt_": 0.012019745074212551, "rmse_": 0.06995467096567154}