{"vy": 0.37009111046791077, "dpsidt": 0.10608602315187454, "rmse": 0.23808856308460236}