{"vy": 0.3754221200942993, "dpsidt": 0.10597174614667892, "rmse": 0.24069693684577942}