{"vy": 0.41039949655532837, "dpsidt": 0.09770467132329941, "rmse": 0.254052072763443}