{"vy_time": [], "dpsidtrmse_time": [], "vy_0.05": 0.017009353265166283, "dpsidt_0.05": 0.0022149374708533287, "rmse_0.05": 0.009612144902348518, "vy_1": 0.055373940616846085, "dpsidt_1": 0.005859151482582092, "rmse_1": 0.03061654604971409, "vy_2": 0.07540025562047958, "dpsidt_2": 0.008664119988679886, "rmse_2": 0.042032189667224884, "vy_3": 0.08963543176651001, "dpsidt_3": 0.009772541001439095, "rmse_3": 0.04970398545265198, "vy_4": 0.09271790832281113, "dpsidt_4": 0.010080033913254738, "rmse_4": 0.05139897018671036, "vy_5": 0.09873567521572113, "dpsidt_5": 0.010051935911178589, "rmse_5": 0.05439380556344986, "vy_6": 0.1033564880490303, "dpsidt_6": 0.010570048354566097, "rmse_6": 0.05696326866745949, "vy_7": 0.11340852081775665, "dpsidt_7": 0.010878183878958225, "rmse_7": 0.06214335188269615, "vy_8": 0.11996329575777054, "dpsidt_8": 0.011115377768874168, "rmse_8": 0.06553933769464493, "vy_9": 0.12200473994016647, "dpsidt_9": 0.01135866716504097, "rmse_9": 0.06668170541524887, "vy_10": 0.12770050764083862, "dpsidt_10": 0.011324773542582989, "rmse_10": 0.06951264292001724}