{"vy": 0.4705558717250824, "dpsidt": 0.10088597983121872, "rmse": 0.28572091460227966}