{"vy": 0.4344924986362457, "dpsidt": 0.0940902903676033, "rmse": 0.2642914056777954}