{"vy_time": [], "dpsidtrmse_time": [], "vy_0.05": 0.018252741545438766, "dpsidt_0.05": 0.0026738180313259363, "rmse_0.05": 0.01046327967196703, "vy_1": 0.05820253863930702, "dpsidt_1": 0.005508164409548044, "rmse_1": 0.031855352222919464, "vy_2": 0.07505641877651215, "dpsidt_2": 0.006053299643099308, "rmse_2": 0.04055485874414444, "vy_3": 0.08470400422811508, "dpsidt_3": 0.0067694708704948425, "rmse_3": 0.04573673754930496, "vy_4": 0.08756034076213837, "dpsidt_4": 0.006821064278483391, "rmse_4": 0.04719070345163345, "vy_5": 0.09085515886545181, "dpsidt_5": 0.0068634976632893085, "rmse_5": 0.04885932803153992, "vy_6": 0.09405452758073807, "dpsidt_6": 0.007059115916490555, "rmse_6": 0.05055682361125946, "vy_7": 0.10410579293966293, "dpsidt_7": 0.006967572495341301, "rmse_7": 0.05553668364882469, "vy_8": 0.10887721180915833, "dpsidt_8": 0.0070163793861866, "rmse_8": 0.05794679373502731, "vy_9": 0.11017493158578873, "dpsidt_9": 0.007143557071685791, "rmse_9": 0.05865924432873726, "vy_10": 0.11432299017906189, "dpsidt_10": 0.007131864782422781, "rmse_10": 0.060727428644895554}