{"vy_time": [], "dpsidtrmse_time": [], "vy_0.05": 0.015986362472176552, "dpsidt_0.05": 0.002231173450127244, "rmse_0.05": 0.009108767844736576, "vy_1": 0.054256372153759, "dpsidt_1": 0.005859327968209982, "rmse_1": 0.03005784936249256, "vy_2": 0.07524356991052628, "dpsidt_2": 0.00900776032358408, "rmse_2": 0.04212566465139389, "vy_3": 0.09244421869516373, "dpsidt_3": 0.009942213073372841, "rmse_3": 0.05119321495294571, "vy_4": 0.09510496258735657, "dpsidt_4": 0.010453689843416214, "rmse_4": 0.05277932435274124, "vy_5": 0.09966554492712021, "dpsidt_5": 0.010638090781867504, "rmse_5": 0.055151816457509995, "vy_6": 0.10434326529502869, "dpsidt_6": 0.011257548816502094, "rmse_6": 0.05780040845274925, "vy_7": 0.11450168490409851, "dpsidt_7": 0.011570161208510399, "rmse_7": 0.06303592026233673, "vy_8": 0.1202668622136116, "dpsidt_8": 0.011743093840777874, "rmse_8": 0.06600497663021088, "vy_9": 0.12209231406450272, "dpsidt_9": 0.012097317725419998, "rmse_9": 0.0670948177576065, "vy_10": 0.1274949014186859, "dpsidt_10": 0.012130328454077244, "rmse_10": 0.06981261819601059}