{"vy": 0.35240328311920166, "dpsidt": 0.08439759910106659, "rmse": 0.21840044856071472}