{"vy": 0.3951101005077362, "dpsidt": 0.08093948662281036, "rmse": 0.23802480101585388}