{"vy_time": [], "dpsidtrmse_time": [], "vy_0.05": 0.01672683283686638, "dpsidt_0.05": 0.002284125192090869, "rmse_0.05": 0.009505478665232658, "vy_1": 0.056832216680049896, "dpsidt_1": 0.005555242300033569, "rmse_1": 0.031193729490041733, "vy_2": 0.07572261989116669, "dpsidt_2": 0.008039147593080997, "rmse_2": 0.041880883276462555, "vy_3": 0.08875430375337601, "dpsidt_3": 0.008956636302173138, "rmse_3": 0.04885546863079071, "vy_4": 0.09105680882930756, "dpsidt_4": 0.009282395243644714, "rmse_4": 0.050169602036476135, "vy_5": 0.09553010016679764, "dpsidt_5": 0.00939017441123724, "rmse_5": 0.052460137754678726, "vy_6": 0.09939158707857132, "dpsidt_6": 0.00990176759660244, "rmse_6": 0.054646678268909454, "vy_7": 0.10973581671714783, "dpsidt_7": 0.010097436606884003, "rmse_7": 0.059916626662015915, "vy_8": 0.11486212909221649, "dpsidt_8": 0.010217469185590744, "rmse_8": 0.06253980100154877, "vy_9": 0.11650525778532028, "dpsidt_9": 0.010482171550393105, "rmse_9": 0.06349371373653412, "vy_10": 0.12160097062587738, "dpsidt_10": 0.010477771982550621, "rmse_10": 0.06603936851024628}