{"vy": 0.43395960330963135, "dpsidt": 0.10545337945222855, "rmse": 0.26970648765563965}