{"vy_time": [], "dpsidtrmse_time": [], "vy_0.05": 0.017664548009634018, "dpsidt_0.05": 0.002510082209482789, "rmse_0.05": 0.010087314993143082, "vy_1": 0.05642539635300636, "dpsidt_1": 0.005985472816973925, "rmse_1": 0.0312054343521595, "vy_2": 0.07370182126760483, "dpsidt_2": 0.0069813658483326435, "rmse_2": 0.04034159332513809, "vy_3": 0.08647157996892929, "dpsidt_3": 0.007523688487708569, "rmse_3": 0.04699763283133507, "vy_4": 0.08931288868188858, "dpsidt_4": 0.00774361751973629, "rmse_4": 0.04852825403213501, "vy_5": 0.09463636577129364, "dpsidt_5": 0.007751270662993193, "rmse_5": 0.05119381844997406, "vy_6": 0.09771600365638733, "dpsidt_6": 0.008157211355865002, "rmse_6": 0.0529366061091423, "vy_7": 0.10824747383594513, "dpsidt_7": 0.00813475251197815, "rmse_7": 0.05819111317396164, "vy_8": 0.11380727589130402, "dpsidt_8": 0.008275621570646763, "rmse_8": 0.0610414482653141, "vy_9": 0.11545898020267487, "dpsidt_9": 0.00850038230419159, "rmse_9": 0.06197968125343323, "vy_10": 0.12053386121988297, "dpsidt_10": 0.008515039458870888, "rmse_10": 0.06452444940805435}