{"vy": 0.35683467984199524, "dpsidt": 0.08569909632205963, "rmse": 0.22126689553260803, "vy_": 0.10803715884685516, "dpsidt_": 0.007183571346104145, "rmse_": 0.057610366493463516}