{"vy": 0.3662022054195404, "dpsidt": 0.1003536507487297, "rmse": 0.23327793180942535}