{"vy": 0.39690932631492615, "dpsidt": 0.0956343337893486, "rmse": 0.24627183377742767}