{"vy": 0.39462587237358093, "dpsidt": 0.0994352176785469, "rmse": 0.24703054130077362}