{"vy": 0.37168797850608826, "dpsidt": 0.10058260709047318, "rmse": 0.23613528907299042}