{"vy": 0.36896488070487976, "dpsidt": 0.10621674358844757, "rmse": 0.23759081959724426, "vy_": 0.11170975863933563, "dpsidt_": 0.008903426118195057, "rmse_": 0.06030659377574921}