{"vy": 0.36298105120658875, "dpsidt": 0.11534426361322403, "rmse": 0.2391626536846161}