{"vy": 0.4157017469406128, "dpsidt": 0.10690423846244812, "rmse": 0.26130300760269165}