{"vy": 0.36688899993896484, "dpsidt": 0.09893297404050827, "rmse": 0.23291099071502686}