{"vy": 0.38502123951911926, "dpsidt": 0.09856337308883667, "rmse": 0.24179230630397797}