{"vy": 0.43167102336883545, "dpsidt": 0.10046836733818054, "rmse": 0.2660697102546692}