{"vy": 0.3674536347389221, "dpsidt": 0.08419722318649292, "rmse": 0.22582542896270752}