{"vy": 0.39529627561569214, "dpsidt": 0.09146431088447571, "rmse": 0.24338029325008392}