{"vy": 0.42364218831062317, "dpsidt": 0.09478302299976349, "rmse": 0.2592126131057739, "vy_": 0.1282641589641571, "dpsidt_": 0.007945014163851738, "rmse_": 0.068104587495327}