{"vy": 0.391268789768219, "dpsidt": 0.07914146780967712, "rmse": 0.23520512878894806}