{"vy_time": [], "dpsidtrmse_time": [], "vy_0.05": 0.018466096371412277, "dpsidt_0.05": 0.0025957180187106133, "rmse_0.05": 0.010530907660722733, "vy_1": 0.05912616476416588, "dpsidt_1": 0.0054039484821259975, "rmse_1": 0.03226505592465401, "vy_2": 0.07467592507600784, "dpsidt_2": 0.006030922289937735, "rmse_2": 0.04035342484712601, "vy_3": 0.08369211852550507, "dpsidt_3": 0.0066519309766590595, "rmse_3": 0.04517202451825142, "vy_4": 0.08616920560598373, "dpsidt_4": 0.006754772271960974, "rmse_4": 0.04646198824048042, "vy_5": 0.09026674926280975, "dpsidt_5": 0.00679941289126873, "rmse_5": 0.048533082008361816, "vy_6": 0.09307820349931717, "dpsidt_6": 0.007024391088634729, "rmse_6": 0.05005129799246788, "vy_7": 0.10281654447317123, "dpsidt_7": 0.006940167862921953, "rmse_7": 0.0548783577978611, "vy_8": 0.10769375413656235, "dpsidt_8": 0.006993070710450411, "rmse_8": 0.057343412190675735, "vy_9": 0.10900989174842834, "dpsidt_9": 0.007146521937102079, "rmse_9": 0.058078207075595856, "vy_10": 0.11318574845790863, "dpsidt_10": 0.00714117893949151, "rmse_10": 0.060163464397192}