{"vy": 0.3991444706916809, "dpsidt": 0.08849630504846573, "rmse": 0.24382038414478302}