{"vy": 0.3610113859176636, "dpsidt": 0.07950069010257721, "rmse": 0.2202560305595398}