{"vy_time": [], "dpsidtrmse_time": [], "vy_0.05": 0.017570607364177704, "dpsidt_0.05": 0.002698940457776189, "rmse_0.05": 0.010134774260222912, "vy_1": 0.05775453895330429, "dpsidt_1": 0.007455552462488413, "rmse_1": 0.032605044543743134, "vy_2": 0.07631313055753708, "dpsidt_2": 0.00833587720990181, "rmse_2": 0.042324505746364594, "vy_3": 0.0853605717420578, "dpsidt_3": 0.00870264321565628, "rmse_3": 0.04703160747885704, "vy_4": 0.0873933732509613, "dpsidt_4": 0.009000628255307674, "rmse_4": 0.048197001218795776, "vy_5": 0.09111233800649643, "dpsidt_5": 0.00906383153051138, "rmse_5": 0.05008808523416519, "vy_6": 0.09541044384241104, "dpsidt_6": 0.009621731005609035, "rmse_6": 0.052516087889671326, "vy_7": 0.10487574338912964, "dpsidt_7": 0.009658176451921463, "rmse_7": 0.0572669580578804, "vy_8": 0.10966501384973526, "dpsidt_8": 0.009888626635074615, "rmse_8": 0.05977682024240494, "vy_9": 0.11125966906547546, "dpsidt_9": 0.010167839005589485, "rmse_9": 0.0607137531042099, "vy_10": 0.11569009721279144, "dpsidt_10": 0.01020810566842556, "rmse_10": 0.06294909864664078}