{"vy": 0.38028088212013245, "dpsidt": 0.08312781155109406, "rmse": 0.23170435428619385}