{"vy_time": [], "dpsidtrmse_time": [], "vy_0.05": 0.018030161038041115, "dpsidt_0.05": 0.0031547986436635256, "rmse_0.05": 0.010592480190098286, "vy_1": 0.05651241913437843, "dpsidt_1": 0.006081900559365749, "rmse_1": 0.03129715844988823, "vy_2": 0.07395382970571518, "dpsidt_2": 0.006448453292250633, "rmse_2": 0.04020114243030548, "vy_3": 0.08547142148017883, "dpsidt_3": 0.007316720671951771, "rmse_3": 0.046394072473049164, "vy_4": 0.0892423614859581, "dpsidt_4": 0.0072375391609966755, "rmse_4": 0.048239950090646744, "vy_5": 0.09255486726760864, "dpsidt_5": 0.007254128810018301, "rmse_5": 0.04990449920296669, "vy_6": 0.09545069187879562, "dpsidt_6": 0.0073382011614739895, "rmse_6": 0.051394447684288025, "vy_7": 0.10607433319091797, "dpsidt_7": 0.007227192632853985, "rmse_7": 0.056650761514902115, "vy_8": 0.11113785207271576, "dpsidt_8": 0.00721624493598938, "rmse_8": 0.05917704850435257, "vy_9": 0.11248606443405151, "dpsidt_9": 0.007287841290235519, "rmse_9": 0.059886954724788666, "vy_10": 0.11669250577688217, "dpsidt_10": 0.0072831036522984505, "rmse_10": 0.06198780611157417}