{"vy": 0.37602323293685913, "dpsidt": 0.09666075557470322, "rmse": 0.23634199798107147}