{"vy": 0.38725531101226807, "dpsidt": 0.08172189444303513, "rmse": 0.2344886064529419}