{"vy_time": [], "dpsidtrmse_time": [], "vy_0.05": 0.016815707087516785, "dpsidt_0.05": 0.0021985939238220453, "rmse_0.05": 0.009507150389254093, "vy_1": 0.05553567409515381, "dpsidt_1": 0.005287916399538517, "rmse_1": 0.030411794781684875, "vy_2": 0.07402513921260834, "dpsidt_2": 0.00791530404239893, "rmse_2": 0.040970221161842346, "vy_3": 0.08956070244312286, "dpsidt_3": 0.008738233707845211, "rmse_3": 0.049149468541145325, "vy_4": 0.09212543070316315, "dpsidt_4": 0.00912688858807087, "rmse_4": 0.050626158714294434, "vy_5": 0.09868162870407104, "dpsidt_5": 0.009189903736114502, "rmse_5": 0.05393576622009277, "vy_6": 0.10288646817207336, "dpsidt_6": 0.009728407487273216, "rmse_6": 0.056307438760995865, "vy_7": 0.11309115588665009, "dpsidt_7": 0.009919188916683197, "rmse_7": 0.06150517240166664, "vy_8": 0.11935761570930481, "dpsidt_8": 0.010094938799738884, "rmse_8": 0.06472627818584442, "vy_9": 0.12134318053722382, "dpsidt_9": 0.010401072911918163, "rmse_9": 0.06587212532758713, "vy_10": 0.1269543319940567, "dpsidt_10": 0.01041105855256319, "rmse_10": 0.06868269294500351}