{"vy": 0.3836710751056671, "dpsidt": 0.08603367954492569, "rmse": 0.2348523736000061}