{"vy": 0.38548773527145386, "dpsidt": 0.08909290283918381, "rmse": 0.23729032278060913}