{"vy": 0.39401572942733765, "dpsidt": 0.11412281543016434, "rmse": 0.2540692687034607}