{"vy": 0.4061756432056427, "dpsidt": 0.08839386701583862, "rmse": 0.24728475511074066, "vy_": 0.1229758933186531, "dpsidt_": 0.007409455254673958, "rmse_": 0.06519267708063126}