{"vy_time": [], "dpsidtrmse_time": [], "vy_0.05": 0.017017165198922157, "dpsidt_0.05": 0.0022617734503000975, "rmse_0.05": 0.009639468975365162, "vy_1": 0.0566127710044384, "dpsidt_1": 0.005295029375702143, "rmse_1": 0.030953900888562202, "vy_2": 0.07575002312660217, "dpsidt_2": 0.007098719943314791, "rmse_2": 0.04142437130212784, "vy_3": 0.08778651058673859, "dpsidt_3": 0.007834519259631634, "rmse_3": 0.04781051352620125, "vy_4": 0.09081542491912842, "dpsidt_4": 0.008084720931947231, "rmse_4": 0.04945007339119911, "vy_5": 0.09357833862304688, "dpsidt_5": 0.008099223487079144, "rmse_5": 0.05083877965807915, "vy_6": 0.09727546572685242, "dpsidt_6": 0.0085097411647439, "rmse_6": 0.05289260298013687, "vy_7": 0.10756036639213562, "dpsidt_7": 0.008580660447478294, "rmse_7": 0.05807051435112953, "vy_8": 0.11240391433238983, "dpsidt_8": 0.008695715107023716, "rmse_8": 0.060549814254045486, "vy_9": 0.11370601505041122, "dpsidt_9": 0.008926398120820522, "rmse_9": 0.06131620705127716, "vy_10": 0.11815764755010605, "dpsidt_10": 0.008907602168619633, "rmse_10": 0.06353262811899185}