{"vy_time": [], "dpsidtrmse_time": [], "vy_0.05": 0.017159806564450264, "dpsidt_0.05": 0.0022420117165893316, "rmse_0.05": 0.00970090925693512, "vy_1": 0.058301735669374466, "dpsidt_1": 0.005176587495952845, "rmse_1": 0.03173916041851044, "vy_2": 0.07660209387540817, "dpsidt_2": 0.006656602490693331, "rmse_2": 0.04162934795022011, "vy_3": 0.08884304761886597, "dpsidt_3": 0.0074149854481220245, "rmse_3": 0.048129014670848846, "vy_4": 0.09223005175590515, "dpsidt_4": 0.0076439110562205315, "rmse_4": 0.04993698000907898, "vy_5": 0.09517370164394379, "dpsidt_5": 0.007664219941943884, "rmse_5": 0.051418960094451904, "vy_6": 0.09874852001667023, "dpsidt_6": 0.00803000945597887, "rmse_6": 0.05338926613330841, "vy_7": 0.1091948077082634, "dpsidt_7": 0.008052166551351547, "rmse_7": 0.05862348526716232, "vy_8": 0.11405013501644135, "dpsidt_8": 0.008138895966112614, "rmse_8": 0.06109451502561569, "vy_9": 0.1154167428612709, "dpsidt_9": 0.00833981391042471, "rmse_9": 0.061878278851509094, "vy_10": 0.11982318758964539, "dpsidt_10": 0.008316254243254662, "rmse_10": 0.0640697181224823}