{"vy": 0.3745444715023041, "dpsidt": 0.10211954265832901, "rmse": 0.23833200335502625}