{"vy": 0.3693281412124634, "dpsidt": 0.10551618784666061, "rmse": 0.2374221682548523}