{"vy": 0.3816065788269043, "dpsidt": 0.09246852248907089, "rmse": 0.2370375543832779, "vy_": 0.11553721874952316, "dpsidt_": 0.007751006633043289, "rmse_": 0.061644114553928375}