{"vy": 0.4050723910331726, "dpsidt": 0.09577006846666336, "rmse": 0.2504212260246277}