{"vy": 0.3899264633655548, "dpsidt": 0.08116641640663147, "rmse": 0.23554643988609314, "vy_": 0.11805618554353714, "dpsidt_": 0.0068036275915801525, "rmse_": 0.06242990493774414}