{"vy": 0.4325382709503174, "dpsidt": 0.1000446081161499, "rmse": 0.26629143953323364}