{"vy": 0.36829429864883423, "dpsidt": 0.10357153415679932, "rmse": 0.23593291640281677}