{"vy": 0.39748355746269226, "dpsidt": 0.09017901122570038, "rmse": 0.24383127689361572, "vy_": 0.12034421414136887, "dpsidt_": 0.007559090852737427, "rmse_": 0.06395165622234344}