{"vy": 0.38705411553382874, "dpsidt": 0.08256310224533081, "rmse": 0.23480860888957977, "vy_": 0.1171865463256836, "dpsidt_": 0.006920702289789915, "rmse_": 0.0620536245405674}