{"vy": 0.3879782557487488, "dpsidt": 0.10410249978303909, "rmse": 0.24604037404060364}