{"vy": 0.39159393310546875, "dpsidt": 0.11777397990226746, "rmse": 0.2546839714050293, "vy_": 0.11856105178594589, "dpsidt_": 0.009872189722955227, "rmse_": 0.06421662122011185}