{"vy": 0.4193393290042877, "dpsidt": 0.08861485123634338, "rmse": 0.25397709012031555, "vy_": 0.1269613802433014, "dpsidt_": 0.007427978329360485, "rmse_": 0.06719467788934708}