{"vy": 0.4133789539337158, "dpsidt": 0.09074321389198303, "rmse": 0.25206106901168823}