{"vy_time": [], "dpsidtrmse_time": [], "vy_0.05": 0.016743721440434456, "dpsidt_0.05": 0.002427096478641033, "rmse_0.05": 0.009585408493876457, "vy_1": 0.05607597529888153, "dpsidt_1": 0.006959104910492897, "rmse_1": 0.03151753917336464, "vy_2": 0.07697764039039612, "dpsidt_2": 0.008614721707999706, "rmse_2": 0.04279617965221405, "vy_3": 0.08935388922691345, "dpsidt_3": 0.009104069322347641, "rmse_3": 0.049228981137275696, "vy_4": 0.09229423850774765, "dpsidt_4": 0.0095043471083045, "rmse_4": 0.05089929327368736, "vy_5": 0.09592396765947342, "dpsidt_5": 0.00956648401916027, "rmse_5": 0.05274522677063942, "vy_6": 0.10103968530893326, "dpsidt_6": 0.01025371439754963, "rmse_6": 0.05564669892191887, "vy_7": 0.11116449534893036, "dpsidt_7": 0.010430566966533661, "rmse_7": 0.06079753115773201, "vy_8": 0.11625462770462036, "dpsidt_8": 0.01071164757013321, "rmse_8": 0.06348313391208649, "vy_9": 0.11799754947423935, "dpsidt_9": 0.011091710068285465, "rmse_9": 0.06454463303089142, "vy_10": 0.12306905537843704, "dpsidt_10": 0.011163626797497272, "rmse_10": 0.06711634248495102}