{"vy": 0.3785121440887451, "dpsidt": 0.08553976565599442, "rmse": 0.23202595114707947}