{"vy": 0.4618915617465973, "dpsidt": 0.14057451486587524, "rmse": 0.30123305320739746}