{"vy": 0.40722501277923584, "dpsidt": 0.12402120232582092, "rmse": 0.2656230926513672}