{"vy": 0.38572371006011963, "dpsidt": 0.08543804287910461, "rmse": 0.23558087646961212}