{"vy": 0.3638433814048767, "dpsidt": 0.08423744142055511, "rmse": 0.2240404188632965, "vy_": 0.11015913635492325, "dpsidt_": 0.0070610507391393185, "rmse_": 0.05861009284853935}