{"vy": 0.3574831485748291, "dpsidt": 0.0878855288028717, "rmse": 0.2226843386888504}