{"vy_0.05": 0.016664134338498116, "vy_1": 0.05552292242646217, "vy_2": 0.07627096027135849, "vy_3": 0.08814259618520737, "vy_4": 0.09171387553215027, "vy_5": 0.09384281933307648, "vy_6": 0.09825898706912994, "vy_7": 0.10825598984956741, "vy_8": 0.11282235383987427, "vy_9": 0.1139892041683197, "vy_10": 0.11818548291921616, "dpsidt_0.05": 0.002337575191631913, "dpsidt_1": 0.005254719872027636, "dpsidt_2": 0.006707879714667797, "dpsidt_3": 0.007491976022720337, "dpsidt_4": 0.007684685755521059, "dpsidt_5": 0.007650567684322596, "dpsidt_6": 0.00798742100596428, "dpsidt_7": 0.007980513386428356, "dpsidt_8": 0.008063070476055145, "dpsidt_9": 0.008246892131865025, "dpsidt_10": 0.008215231820940971, "rmse_0.05": 0.009500854648649693, "rmse_1": 0.03038882091641426, "rmse_2": 0.04148941859602928, "rmse_3": 0.04781728610396385, "rmse_4": 0.04969928041100502, "rmse_5": 0.05074669420719147, "rmse_6": 0.05312320590019226, "rmse_7": 0.05811825022101402, "rmse_8": 0.060442712157964706, "rmse_9": 0.061118047684431076, "rmse_10": 0.06320035457611084}