{"vy_time": [], "dpsidtrmse_time": [], "vy_0.05": 0.018462738022208214, "dpsidt_0.05": 0.002602869179099798, "rmse_0.05": 0.01053280383348465, "vy_1": 0.058934252709150314, "dpsidt_1": 0.0049283322878181934, "rmse_1": 0.03193129226565361, "vy_2": 0.07456722110509872, "dpsidt_2": 0.005639270413666964, "rmse_2": 0.0401032455265522, "vy_3": 0.0841890498995781, "dpsidt_3": 0.006472589448094368, "rmse_3": 0.04533081874251366, "vy_4": 0.0873655453324318, "dpsidt_4": 0.006499566603451967, "rmse_4": 0.04693255573511124, "vy_5": 0.09116535633802414, "dpsidt_5": 0.006458403542637825, "rmse_5": 0.04881187900900841, "vy_6": 0.0937160924077034, "dpsidt_6": 0.006553235929459333, "rmse_6": 0.05013466253876686, "vy_7": 0.10376093536615372, "dpsidt_7": 0.00643869349732995, "rmse_7": 0.055099815130233765, "vy_8": 0.10876230895519257, "dpsidt_8": 0.006442859303206205, "rmse_8": 0.05760258436203003, "vy_9": 0.11005698889493942, "dpsidt_9": 0.00652727298438549, "rmse_9": 0.05829213187098503, "vy_10": 0.11411642283201218, "dpsidt_10": 0.0064798337407410145, "rmse_10": 0.0602981299161911}