{"vy_time": [], "dpsidtrmse_time": [], "vy_0.05": 0.018299492076039314, "dpsidt_0.05": 0.002852405421435833, "rmse_0.05": 0.010575948283076286, "vy_1": 0.05818220600485802, "dpsidt_1": 0.0052261617965996265, "rmse_1": 0.03170418366789818, "vy_2": 0.07531196624040604, "dpsidt_2": 0.005956239067018032, "rmse_2": 0.04063410311937332, "vy_3": 0.08616642653942108, "dpsidt_3": 0.006952283438295126, "rmse_3": 0.04655935615301132, "vy_4": 0.08988121896982193, "dpsidt_4": 0.006908274721354246, "rmse_4": 0.04839474707841873, "vy_5": 0.09357257932424545, "dpsidt_5": 0.00687349634245038, "rmse_5": 0.05022303760051727, "vy_6": 0.09618503600358963, "dpsidt_6": 0.00691180769354105, "rmse_6": 0.05154842138290405, "vy_7": 0.10676497966051102, "dpsidt_7": 0.0067933727987110615, "rmse_7": 0.056779175996780396, "vy_8": 0.11183290928602219, "dpsidt_8": 0.006771921180188656, "rmse_8": 0.05930241569876671, "vy_9": 0.1132158562541008, "dpsidt_9": 0.0068273963406682014, "rmse_9": 0.06002162769436836, "vy_10": 0.11734592169523239, "dpsidt_10": 0.006774330046027899, "rmse_10": 0.062060125172138214}