{"vy": 0.3927178680896759, "dpsidt": 0.0972275584936142, "rmse": 0.24497270584106445}