{"vy": 0.37410467863082886, "dpsidt": 0.10206747055053711, "rmse": 0.23808607459068298}