{"vy": 0.42295822501182556, "dpsidt": 0.13110652565956116, "rmse": 0.27703237533569336}