{"vy": 0.40169939398765564, "dpsidt": 0.12122437357902527, "rmse": 0.26146188378334045, "vy_": 0.12162064015865326, "dpsidt_": 0.010161411948502064, "rmse_": 0.06589102745056152}