{"vy": 0.3477441370487213, "dpsidt": 0.08042536675930023, "rmse": 0.21408474445343018}