{"vy": 0.36985063552856445, "dpsidt": 0.10826343297958374, "rmse": 0.2390570342540741}