{"vy": 0.3938218951225281, "dpsidt": 0.09987972676753998, "rmse": 0.24685081839561462}