{"vy_time": [], "dpsidtrmse_time": [], "vy_0.05": 0.017681661993265152, "dpsidt_0.05": 0.002597804181277752, "rmse_0.05": 0.01013973355293274, "vy_1": 0.05657750740647316, "dpsidt_1": 0.006337358150631189, "rmse_1": 0.031457431614398956, "vy_2": 0.07439722120761871, "dpsidt_2": 0.007096512243151665, "rmse_2": 0.040746867656707764, "vy_3": 0.08676698058843613, "dpsidt_3": 0.007643007207661867, "rmse_3": 0.04720499366521835, "vy_4": 0.08976148068904877, "dpsidt_4": 0.007801266387104988, "rmse_4": 0.0487813726067543, "vy_5": 0.09446584433317184, "dpsidt_5": 0.007820351049304008, "rmse_5": 0.0511430986225605, "vy_6": 0.09773507714271545, "dpsidt_6": 0.008219831623136997, "rmse_6": 0.05297745391726494, "vy_7": 0.10833976417779922, "dpsidt_7": 0.00818631798028946, "rmse_7": 0.05826304107904434, "vy_8": 0.11369908601045609, "dpsidt_8": 0.008331885561347008, "rmse_8": 0.06101548671722412, "vy_9": 0.11533360183238983, "dpsidt_9": 0.008535875007510185, "rmse_9": 0.06193473935127258, "vy_10": 0.12036795169115067, "dpsidt_10": 0.008567722514271736, "rmse_10": 0.06446783989667892}