{"vy_0.05": 0.018250199034810066, "vy_1": 0.05763590708374977, "vy_2": 0.07477492839097977, "vy_3": 0.08276764303445816, "vy_4": 0.0849190354347229, "vy_5": 0.08769591152667999, "vy_6": 0.09106443077325821, "vy_7": 0.10034724324941635, "vy_8": 0.10482713580131531, "vy_9": 0.10597679764032364, "vy_10": 0.10980305075645447, "dpsidt_0.05": 0.0029019799549132586, "dpsidt_1": 0.005603177938610315, "dpsidt_2": 0.006035486701875925, "dpsidt_3": 0.006792125757783651, "dpsidt_4": 0.006791228428483009, "dpsidt_5": 0.006803041324019432, "dpsidt_6": 0.006913202814757824, "dpsidt_7": 0.006806985475122929, "dpsidt_8": 0.006823787931352854, "dpsidt_9": 0.006913929246366024, "dpsidt_10": 0.006891236174851656, "rmse_0.05": 0.010576089844107628, "rmse_1": 0.031619541347026825, "rmse_2": 0.04040520638227463, "rmse_3": 0.044779885560274124, "rmse_4": 0.04585513100028038, "rmse_5": 0.04724947735667229, "rmse_6": 0.048988815397024155, "rmse_7": 0.05357711389660835, "rmse_8": 0.05582546070218086, "rmse_9": 0.05644536390900612, "rmse_10": 0.05834714323282242}