{"vy": 0.3814159035682678, "dpsidt": 0.11258820444345474, "rmse": 0.24700205028057098}