{"vy": 0.4102462828159332, "dpsidt": 0.10489626228809357, "rmse": 0.257571280002594}