{"vy": 0.3792678117752075, "dpsidt": 0.07722447067499161, "rmse": 0.22824613749980927}