{"vy": 0.3637365400791168, "dpsidt": 0.09369884431362152, "rmse": 0.22871768474578857, "vy_": 0.110126793384552, "dpsidt_": 0.007854134775698185, "rmse_": 0.058990463614463806}