{"vy": 0.35666871070861816, "dpsidt": 0.08638850599527359, "rmse": 0.22152860462665558}