{"vy": 0.382132351398468, "dpsidt": 0.11150124669075012, "rmse": 0.24681679904460907}