{"vy_time": [], "dpsidtrmse_time": [], "vy_0.05": 0.016728468239307404, "dpsidt_0.05": 0.0021762235555797815, "rmse_0.05": 0.00945234578102827, "vy_1": 0.05772150680422783, "dpsidt_1": 0.005402907729148865, "rmse_1": 0.031562209129333496, "vy_2": 0.07480111718177795, "dpsidt_2": 0.007249831221997738, "rmse_2": 0.04102547466754913, "vy_3": 0.08798941224813461, "dpsidt_3": 0.008039746433496475, "rmse_3": 0.04801458120346069, "vy_4": 0.09058443456888199, "dpsidt_4": 0.008456832729279995, "rmse_4": 0.04952063411474228, "vy_5": 0.09763940423727036, "dpsidt_5": 0.008461802266538143, "rmse_5": 0.053050603717565536, "vy_6": 0.10274535417556763, "dpsidt_6": 0.009007004089653492, "rmse_6": 0.05587618052959442, "vy_7": 0.11254103481769562, "dpsidt_7": 0.00906796008348465, "rmse_7": 0.060804497450590134, "vy_8": 0.11875872313976288, "dpsidt_8": 0.009272591210901737, "rmse_8": 0.06401565670967102, "vy_9": 0.12085646390914917, "dpsidt_9": 0.009573967196047306, "rmse_9": 0.06521521508693695, "vy_10": 0.1262734830379486, "dpsidt_10": 0.009622414596378803, "rmse_10": 0.06794794648885727}