{"vy": 0.3635513484477997, "dpsidt": 0.0996508076786995, "rmse": 0.2316010743379593}