{"vy_time": [], "dpsidtrmse_time": [], "vy_0.05": 0.017916234210133553, "dpsidt_0.05": 0.0028601267840713263, "rmse_0.05": 0.010388180613517761, "vy_1": 0.05654965713620186, "dpsidt_1": 0.00667528435587883, "rmse_1": 0.031612470746040344, "vy_2": 0.07434336096048355, "dpsidt_2": 0.007110754027962685, "rmse_2": 0.04072705656290054, "vy_3": 0.08679205924272537, "dpsidt_3": 0.007864064536988735, "rmse_3": 0.04732806235551834, "vy_4": 0.0900934636592865, "dpsidt_4": 0.0078660286962986, "rmse_4": 0.0489797443151474, "vy_5": 0.09497901052236557, "dpsidt_5": 0.007912439294159412, "rmse_5": 0.05144572630524635, "vy_6": 0.09820287674665451, "dpsidt_6": 0.008207596838474274, "rmse_6": 0.05320523679256439, "vy_7": 0.10898373275995255, "dpsidt_7": 0.008118129335343838, "rmse_7": 0.05855093151330948, "vy_8": 0.1144208237528801, "dpsidt_8": 0.008222089149057865, "rmse_8": 0.061321455985307693, "vy_9": 0.11611074954271317, "dpsidt_9": 0.008380121551454067, "rmse_9": 0.062245436012744904, "vy_10": 0.12120618671178818, "dpsidt_10": 0.008431280963122845, "rmse_10": 0.06481873244047165}