{"vy_0.05": 0.016777461394667625, "vy_1": 0.05616116523742676, "vy_2": 0.07453736662864685, "vy_3": 0.0876493975520134, "vy_4": 0.08990941196680069, "vy_5": 0.09575052559375763, "vy_6": 0.10029786080121994, "vy_7": 0.11021582782268524, "vy_8": 0.11590898036956787, "vy_9": 0.11777229607105255, "vy_10": 0.12297183275222778, "dpsidt_0.05": 0.0022129493299871683, "dpsidt_1": 0.005243411287665367, "dpsidt_2": 0.0077827428467571735, "dpsidt_3": 0.008603313006460667, "dpsidt_4": 0.008985383436083794, "dpsidt_5": 0.009077963419258595, "dpsidt_6": 0.009612700901925564, "dpsidt_7": 0.009794598445296288, "dpsidt_8": 0.00994995329529047, "dpsidt_9": 0.010253976099193096, "dpsidt_10": 0.010267950594425201, "rmse_0.05": 0.009495205245912075, "rmse_1": 0.030702289193868637, "rmse_2": 0.04116005450487137, "rmse_3": 0.048126354813575745, "rmse_4": 0.049447398632764816, "rmse_5": 0.052414245903491974, "rmse_6": 0.05495528131723404, "rmse_7": 0.06000521406531334, "rmse_8": 0.06292946636676788, "rmse_9": 0.06401313841342926, "rmse_10": 0.0666198879480362}