{"vy_time": [], "dpsidtrmse_time": [], "vy_0.05": 0.018624408170580864, "dpsidt_0.05": 0.0027014350052922964, "rmse_0.05": 0.010662921704351902, "vy_1": 0.05954837054014206, "dpsidt_1": 0.005708230193704367, "rmse_1": 0.03262830153107643, "vy_2": 0.07542535662651062, "dpsidt_2": 0.00644263532012701, "rmse_2": 0.0409339964389801, "vy_3": 0.0833590179681778, "dpsidt_3": 0.007119490299373865, "rmse_3": 0.04523925483226776, "vy_4": 0.08524423092603683, "dpsidt_4": 0.007217905484139919, "rmse_4": 0.046231068670749664, "vy_5": 0.08965583890676498, "dpsidt_5": 0.007231361698359251, "rmse_5": 0.04844360053539276, "vy_6": 0.09268347173929214, "dpsidt_6": 0.007436626125127077, "rmse_6": 0.05006004869937897, "vy_7": 0.10194886475801468, "dpsidt_7": 0.007368483580648899, "rmse_7": 0.0546586737036705, "vy_8": 0.1068420261144638, "dpsidt_8": 0.007442957255989313, "rmse_8": 0.05714249238371849, "vy_9": 0.10809357464313507, "dpsidt_9": 0.007565926760435104, "rmse_9": 0.05782975256443024, "vy_10": 0.11223994940519333, "dpsidt_10": 0.007553158327937126, "rmse_10": 0.0598965547978878}