{"vy_time": [], "dpsidtrmse_time": [], "vy_0.05": 0.01679188199341297, "dpsidt_0.05": 0.002558473963290453, "rmse_0.05": 0.009675177745521069, "vy_1": 0.05462736263871193, "dpsidt_1": 0.005856298375874758, "rmse_1": 0.0302418302744627, "vy_2": 0.07560111582279205, "dpsidt_2": 0.0066878218203783035, "rmse_2": 0.041144467890262604, "vy_3": 0.0901392251253128, "dpsidt_3": 0.007516160141676664, "rmse_3": 0.04882769286632538, "vy_4": 0.09530393034219742, "dpsidt_4": 0.007656502537429333, "rmse_4": 0.051480215042829514, "vy_5": 0.0988030657172203, "dpsidt_5": 0.007656999863684177, "rmse_5": 0.053230032324790955, "vy_6": 0.10274629294872284, "dpsidt_6": 0.007992520928382874, "rmse_6": 0.055369406938552856, "vy_7": 0.11363831907510757, "dpsidt_7": 0.007904237136244774, "rmse_7": 0.06077127903699875, "vy_8": 0.11899818480014801, "dpsidt_8": 0.007997418753802776, "rmse_8": 0.06349780410528183, "vy_9": 0.12066496163606644, "dpsidt_9": 0.00817674957215786, "rmse_9": 0.06442085653543472, "vy_10": 0.12545356154441833, "dpsidt_10": 0.008189843036234379, "rmse_10": 0.06682170182466507}