{"vy": 0.379717081785202, "dpsidt": 0.08217160403728485, "rmse": 0.23094433546066284, "vy_": 0.11496517062187195, "dpsidt_": 0.006887885741889477, "rmse_": 0.06092652678489685}