{"vy": 0.39017346501350403, "dpsidt": 0.07797285169363022, "rmse": 0.23407316207885742, "vy_": 0.11813098192214966, "dpsidt_": 0.006535931956022978, "rmse_": 0.06233345717191696}