{"vy": 0.3826788365840912, "dpsidt": 0.11624497175216675, "rmse": 0.24946190416812897}