{"vy_time": [], "dpsidtrmse_time": [], "vy_0.05": 0.01729472540318966, "dpsidt_0.05": 0.0024467967450618744, "rmse_0.05": 0.009870761074125767, "vy_1": 0.057185154408216476, "dpsidt_1": 0.00637586647644639, "rmse_1": 0.031780511140823364, "vy_2": 0.07547710835933685, "dpsidt_2": 0.007490416057407856, "rmse_2": 0.041483763605356216, "vy_3": 0.0887763574719429, "dpsidt_3": 0.008286642841994762, "rmse_3": 0.04853149875998497, "vy_4": 0.09141665697097778, "dpsidt_4": 0.008563639596104622, "rmse_4": 0.04999014735221863, "vy_5": 0.09696058928966522, "dpsidt_5": 0.00854322500526905, "rmse_5": 0.05275190621614456, "vy_6": 0.10139980167150497, "dpsidt_6": 0.009060477837920189, "rmse_6": 0.055230140686035156, "vy_7": 0.11171980947256088, "dpsidt_7": 0.009054925292730331, "rmse_7": 0.06038736552000046, "vy_8": 0.11758338660001755, "dpsidt_8": 0.009259317070245743, "rmse_8": 0.0634213536977768, "vy_9": 0.11951092630624771, "dpsidt_9": 0.00951634906232357, "rmse_9": 0.06451363861560822, "vy_10": 0.1250268816947937, "dpsidt_10": 0.00958672072738409, "rmse_10": 0.06730680167675018}