{"vy_time": [], "dpsidtrmse_time": [], "vy_0.05": 0.016545547172427177, "dpsidt_0.05": 0.002156064845621586, "rmse_0.05": 0.009350806474685669, "vy_1": 0.05630788952112198, "dpsidt_1": 0.005345635581761599, "rmse_1": 0.030826762318611145, "vy_2": 0.074474036693573, "dpsidt_2": 0.007269844878464937, "rmse_2": 0.040871940553188324, "vy_3": 0.08839967101812363, "dpsidt_3": 0.008103851228952408, "rmse_3": 0.048251762986183167, "vy_4": 0.09086956083774567, "dpsidt_4": 0.008554741740226746, "rmse_4": 0.049712151288986206, "vy_5": 0.09725863486528397, "dpsidt_5": 0.008565650321543217, "rmse_5": 0.052912142127752304, "vy_6": 0.10213800519704819, "dpsidt_6": 0.009116467088460922, "rmse_6": 0.055627234280109406, "vy_7": 0.11215981096029282, "dpsidt_7": 0.009178725071251392, "rmse_7": 0.060669269412755966, "vy_8": 0.11824049055576324, "dpsidt_8": 0.009368429891765118, "rmse_8": 0.06380446255207062, "vy_9": 0.12032030522823334, "dpsidt_9": 0.009669345803558826, "rmse_9": 0.06499482691287994, "vy_10": 0.12585429847240448, "dpsidt_10": 0.009713474661111832, "rmse_10": 0.067783884704113}