{"vy": 0.38572174310684204, "dpsidt": 0.08107204735279083, "rmse": 0.23339688777923584}