{"vy_time": [], "dpsidtrmse_time": [], "vy_0.05": 0.015648121014237404, "dpsidt_0.05": 0.0022131786681711674, "rmse_0.05": 0.008930649608373642, "vy_1": 0.053191594779491425, "dpsidt_1": 0.005623467266559601, "rmse_1": 0.029407531023025513, "vy_2": 0.07707098871469498, "dpsidt_2": 0.00834431778639555, "rmse_2": 0.0427076518535614, "vy_3": 0.09236432611942291, "dpsidt_3": 0.009298518300056458, "rmse_3": 0.050831422209739685, "vy_4": 0.09840133786201477, "dpsidt_4": 0.009772729128599167, "rmse_4": 0.05408703535795212, "vy_5": 0.10098401457071304, "dpsidt_5": 0.009845875203609467, "rmse_5": 0.055414944887161255, "vy_6": 0.10612044483423233, "dpsidt_6": 0.010404185391962528, "rmse_6": 0.05826231464743614, "vy_7": 0.11672664433717728, "dpsidt_7": 0.010603569447994232, "rmse_7": 0.06366510689258575, "vy_8": 0.12191889435052872, "dpsidt_8": 0.01076990831643343, "rmse_8": 0.06634440273046494, "vy_9": 0.12357278913259506, "dpsidt_9": 0.01107753161340952, "rmse_9": 0.067325159907341, "vy_10": 0.12839345633983612, "dpsidt_10": 0.011091754771769047, "rmse_10": 0.0697426050901413}