{"vy": 0.36023274064064026, "dpsidt": 0.07928887009620667, "rmse": 0.21976080536842346}