{"vy": 0.37891703844070435, "dpsidt": 0.10078302025794983, "rmse": 0.2398500293493271, "vy_": 0.11472290754318237, "dpsidt_": 0.008447953499853611, "rmse_": 0.061585430055856705}