{"vy": 0.43273407220840454, "dpsidt": 0.11256051808595657, "rmse": 0.27264729142189026, "vy_": 0.13101685047149658, "dpsidt_": 0.009435180574655533, "rmse_": 0.07022601366043091}