{"vy_time": [], "dpsidtrmse_time": [], "vy_0.05": 0.016870321705937386, "dpsidt_0.05": 0.0022205463610589504, "rmse_0.05": 0.009545434266328812, "vy_1": 0.05484869331121445, "dpsidt_1": 0.005984675604850054, "rmse_1": 0.030416684225201607, "vy_2": 0.07583009451627731, "dpsidt_2": 0.009246176108717918, "rmse_2": 0.04253813624382019, "vy_3": 0.08844555169343948, "dpsidt_3": 0.010296406224370003, "rmse_3": 0.04937097802758217, "vy_4": 0.09160661697387695, "dpsidt_4": 0.010619884356856346, "rmse_4": 0.051113251596689224, "vy_5": 0.0968073159456253, "dpsidt_5": 0.010685275308787823, "rmse_5": 0.0537462942302227, "vy_6": 0.10167518258094788, "dpsidt_6": 0.011251742951571941, "rmse_6": 0.05646346136927605, "vy_7": 0.11170850694179535, "dpsidt_7": 0.011642346158623695, "rmse_7": 0.06167542561888695, "vy_8": 0.11776184290647507, "dpsidt_8": 0.011890970170497894, "rmse_8": 0.06482640653848648, "vy_9": 0.11968956142663956, "dpsidt_9": 0.012201939709484577, "rmse_9": 0.06594575196504593, "vy_10": 0.12512695789337158, "dpsidt_10": 0.01217809971421957, "rmse_10": 0.06865252554416656}