{"vy": 0.41827335953712463, "dpsidt": 0.08576902747154236, "rmse": 0.2520211935043335}