{"vy": 0.35741010308265686, "dpsidt": 0.08998779952526093, "rmse": 0.2236989438533783}