{"vy": 0.4722541868686676, "dpsidt": 0.09933354705572128, "rmse": 0.28579387068748474}