{"vy": 0.42582741379737854, "dpsidt": 0.14964744448661804, "rmse": 0.2877374291419983}