{"vy": 0.3757806122303009, "dpsidt": 0.10175604373216629, "rmse": 0.2387683242559433}