{"vy": 0.41305142641067505, "dpsidt": 0.08938183635473251, "rmse": 0.2512166202068329}