{"vy": 0.4082196354866028, "dpsidt": 0.09458757191896439, "rmse": 0.2514035999774933, "vy_": 0.1235947236418724, "dpsidt_": 0.007928632199764252, "rmse_": 0.06576167792081833}