{"vy": 0.34961917996406555, "dpsidt": 0.10477404296398163, "rmse": 0.227196604013443}