{"vy": 0.36657607555389404, "dpsidt": 0.08187297731637955, "rmse": 0.2242245227098465, "vy_": 0.11098651587963104, "dpsidt_": 0.006862852722406387, "rmse_": 0.058924682438373566}