{"vy": 0.35885199904441833, "dpsidt": 0.07855959981679916, "rmse": 0.21870580315589905}