{"vy_time": [], "dpsidtrmse_time": [], "vy_0.05": 0.015938391909003258, "dpsidt_0.05": 0.002245858311653137, "rmse_0.05": 0.009092125110328197, "vy_1": 0.05444265156984329, "dpsidt_1": 0.005976045969873667, "rmse_1": 0.03020934946835041, "vy_2": 0.07544730603694916, "dpsidt_2": 0.009291454218327999, "rmse_2": 0.042369380593299866, "vy_3": 0.09118751436471939, "dpsidt_3": 0.010275873355567455, "rmse_3": 0.05073169246315956, "vy_4": 0.0940462276339531, "dpsidt_4": 0.010834693908691406, "rmse_4": 0.05244046077132225, "vy_5": 0.09842930734157562, "dpsidt_5": 0.011086137033998966, "rmse_5": 0.05475772172212601, "vy_6": 0.10375289618968964, "dpsidt_6": 0.011762259528040886, "rmse_6": 0.057757578790187836, "vy_7": 0.11374125629663467, "dpsidt_7": 0.012131010182201862, "rmse_7": 0.06293613463640213, "vy_8": 0.11928798258304596, "dpsidt_8": 0.01232349406927824, "rmse_8": 0.06580574065446854, "vy_9": 0.12123708426952362, "dpsidt_9": 0.012712429277598858, "rmse_9": 0.06697475910186768, "vy_10": 0.12662748992443085, "dpsidt_10": 0.012768407352268696, "rmse_10": 0.06969794631004333}