{"vy": 0.35980015993118286, "dpsidt": 0.08609547466039658, "rmse": 0.22294782102108002}