{"vy": 0.38437509536743164, "dpsidt": 0.08280067145824432, "rmse": 0.23358789086341858}