{"vy_time": [], "dpsidtrmse_time": [], "vy_0.05": 0.017422553151845932, "dpsidt_0.05": 0.002367460634559393, "rmse_0.05": 0.009895007126033306, "vy_1": 0.056853052228689194, "dpsidt_1": 0.00551809836179018, "rmse_1": 0.0311855748295784, "vy_2": 0.07519359886646271, "dpsidt_2": 0.006605001166462898, "rmse_2": 0.04089929908514023, "vy_3": 0.08815855532884598, "dpsidt_3": 0.007356850430369377, "rmse_3": 0.04775770381093025, "vy_4": 0.09100215137004852, "dpsidt_4": 0.007556213065981865, "rmse_4": 0.04927918314933777, "vy_5": 0.09630075097084045, "dpsidt_5": 0.007575321011245251, "rmse_5": 0.05193803459405899, "vy_6": 0.09949813038110733, "dpsidt_6": 0.00797490868717432, "rmse_6": 0.05373651906847954, "vy_7": 0.11022555083036423, "dpsidt_7": 0.007947998121380806, "rmse_7": 0.05908677354454994, "vy_8": 0.1157054603099823, "dpsidt_8": 0.008078035898506641, "rmse_8": 0.06189174950122833, "vy_9": 0.11744632571935654, "dpsidt_9": 0.008280202746391296, "rmse_9": 0.06286326050758362, "vy_10": 0.12260638922452927, "dpsidt_10": 0.00830571074038744, "rmse_10": 0.06545604765415192}