{"vy": 0.3860567510128021, "dpsidt": 0.11081263422966003, "rmse": 0.24843469262123108, "vy_": 0.11688457429409027, "dpsidt_": 0.009288666769862175, "rmse_": 0.0630866214632988}