{"vy": 0.3883465826511383, "dpsidt": 0.09278877824544907, "rmse": 0.24056768417358398, "vy_": 0.11757786571979523, "dpsidt_": 0.007777851074934006, "rmse_": 0.06267786026000977}