{"vy": 0.36647114157676697, "dpsidt": 0.08792933076620102, "rmse": 0.2272002398967743}