{"vy": 0.4131862223148346, "dpsidt": 0.12124467641115189, "rmse": 0.26721546053886414}