{"vy": 0.4349074065685272, "dpsidt": 0.09454682469367981, "rmse": 0.2647271156311035, "vy_": 0.1316748559474945, "dpsidt_": 0.007925216108560562, "rmse_": 0.06980003416538239}