{"vy": 0.3734757900238037, "dpsidt": 0.09344407171010971, "rmse": 0.233459934592247}