{"vy": 0.3946765661239624, "dpsidt": 0.13020865619182587, "rmse": 0.26244261860847473}