{"vy": 0.363448828458786, "dpsidt": 0.09600497782230377, "rmse": 0.2297269105911255}