{"vy_time": [], "dpsidtrmse_time": [], "vy_0.05": 0.01783992536365986, "dpsidt_0.05": 0.00246068206615746, "rmse_0.05": 0.010150304064154625, "vy_1": 0.05711127445101738, "dpsidt_1": 0.005338434595614672, "rmse_1": 0.031224854290485382, "vy_2": 0.07467851042747498, "dpsidt_2": 0.0062933750450611115, "rmse_2": 0.040485940873622894, "vy_3": 0.0867973119020462, "dpsidt_3": 0.006870028097182512, "rmse_3": 0.046833671629428864, "vy_4": 0.09027598053216934, "dpsidt_4": 0.007011003326624632, "rmse_4": 0.04864349216222763, "vy_5": 0.09394729882478714, "dpsidt_5": 0.006989847868680954, "rmse_5": 0.0504685714840889, "vy_6": 0.09669549018144608, "dpsidt_6": 0.007249927613884211, "rmse_6": 0.051972709596157074, "vy_7": 0.10740332305431366, "dpsidt_7": 0.007191136945039034, "rmse_7": 0.0572972297668457, "vy_8": 0.11257856339216232, "dpsidt_8": 0.007260214537382126, "rmse_8": 0.059919387102127075, "vy_9": 0.11402203142642975, "dpsidt_9": 0.007435987703502178, "rmse_9": 0.0607290081679821, "vy_10": 0.11852695047855377, "dpsidt_10": 0.0074158115312457085, "rmse_10": 0.06297138333320618}