{"vy": 0.3689151704311371, "dpsidt": 0.10329099744558334, "rmse": 0.2361030876636505, "vy_": 0.11169471591711044, "dpsidt_": 0.008658179081976414, "rmse_": 0.06017644703388214}