{"vy": 0.4140213131904602, "dpsidt": 0.08221899718046188, "rmse": 0.24812015891075134, "vy_": 0.12535126507282257, "dpsidt_": 0.006891857832670212, "rmse_": 0.06612156331539154}