{"vy": 0.3976886570453644, "dpsidt": 0.0880388617515564, "rmse": 0.2428637593984604, "vy_": 0.12040632963180542, "dpsidt_": 0.007379697170108557, "rmse_": 0.06389301270246506}