{"vy_time": [], "dpsidtrmse_time": [], "vy_0.05": 0.018098345026373863, "dpsidt_0.05": 0.0022056149318814278, "rmse_0.05": 0.010151980444788933, "vy_1": 0.06006747856736183, "dpsidt_1": 0.004947143606841564, "rmse_1": 0.032507311552762985, "vy_2": 0.07600858062505722, "dpsidt_2": 0.0064755892381072044, "rmse_2": 0.0412420853972435, "vy_3": 0.08515486866235733, "dpsidt_3": 0.0071499766781926155, "rmse_3": 0.046152424067258835, "vy_4": 0.0868813544511795, "dpsidt_4": 0.007357476279139519, "rmse_4": 0.047119416296482086, "vy_5": 0.09217871725559235, "dpsidt_5": 0.007380141410976648, "rmse_5": 0.04977943003177643, "vy_6": 0.09553958475589752, "dpsidt_6": 0.007720969617366791, "rmse_6": 0.051630277186632156, "vy_7": 0.10509263724088669, "dpsidt_7": 0.007740141823887825, "rmse_7": 0.05641638860106468, "vy_8": 0.11009299755096436, "dpsidt_8": 0.007826512679457664, "rmse_8": 0.058959756046533585, "vy_9": 0.1114787682890892, "dpsidt_9": 0.008048584684729576, "rmse_9": 0.059763677418231964, "vy_10": 0.11595038324594498, "dpsidt_10": 0.008036837913095951, "rmse_10": 0.06199361011385918}