{"vy": 0.41985899209976196, "dpsidt": 0.09151643514633179, "rmse": 0.2556877136230469}