{"vy_time": [], "dpsidtrmse_time": [], "vy_0.05": 0.017908630892634392, "dpsidt_0.05": 0.0023586193565279245, "rmse_0.05": 0.010133625008165836, "vy_1": 0.05991460382938385, "dpsidt_1": 0.004959560465067625, "rmse_1": 0.03243708238005638, "vy_2": 0.07674384117126465, "dpsidt_2": 0.006021498702466488, "rmse_2": 0.041382670402526855, "vy_3": 0.08772866427898407, "dpsidt_3": 0.006868729833513498, "rmse_3": 0.047298695892095566, "vy_4": 0.09125085175037384, "dpsidt_4": 0.006974369753152132, "rmse_4": 0.04911261051893234, "vy_5": 0.09478235989809036, "dpsidt_5": 0.006915850564837456, "rmse_5": 0.050849106162786484, "vy_6": 0.09757235646247864, "dpsidt_6": 0.00709679676219821, "rmse_6": 0.05233457684516907, "vy_7": 0.10815835744142532, "dpsidt_7": 0.007026538718491793, "rmse_7": 0.057592447847127914, "vy_8": 0.11320466548204422, "dpsidt_8": 0.007065417245030403, "rmse_8": 0.06013504043221474, "vy_9": 0.1146187111735344, "dpsidt_9": 0.007176416460424662, "rmse_9": 0.06089756265282631, "vy_10": 0.1189035177230835, "dpsidt_10": 0.007108411751687527, "rmse_10": 0.0630059614777565}