{"vy": 0.38682103157043457, "dpsidt": 0.11465858668088913, "rmse": 0.25073981285095215}