{"vy": 0.3944777846336365, "dpsidt": 0.11152993142604828, "rmse": 0.253003865480423}