{"vy": 0.3719639480113983, "dpsidt": 0.09763500839471817, "rmse": 0.23479947447776794}