{"vy": 0.38938218355178833, "dpsidt": 0.09328573942184448, "rmse": 0.2413339614868164}