{"vy": 0.4486364722251892, "dpsidt": 0.09783012419939041, "rmse": 0.2732332944869995}