{"vy": 0.4498770236968994, "dpsidt": 0.10079307854175568, "rmse": 0.27533504366874695}