{"vy": 0.34232598543167114, "dpsidt": 0.10336284339427948, "rmse": 0.2228444218635559}