{"vy": 0.38755232095718384, "dpsidt": 0.09726352989673615, "rmse": 0.2424079179763794}