{"vy_time": [], "dpsidtrmse_time": [], "vy_0.05": 0.017081979662179947, "dpsidt_0.05": 0.0027341570239514112, "rmse_0.05": 0.009908067993819714, "vy_1": 0.0563916452229023, "dpsidt_1": 0.005062672309577465, "rmse_1": 0.03072715923190117, "vy_2": 0.0761328861117363, "dpsidt_2": 0.006154175847768784, "rmse_2": 0.04114352911710739, "vy_3": 0.08934255689382553, "dpsidt_3": 0.007207861170172691, "rmse_3": 0.048275209963321686, "vy_4": 0.09398123621940613, "dpsidt_4": 0.007183744106441736, "rmse_4": 0.05058249086141586, "vy_5": 0.09739798307418823, "dpsidt_5": 0.007120532914996147, "rmse_5": 0.052259258925914764, "vy_6": 0.10042887181043625, "dpsidt_6": 0.007185708731412888, "rmse_6": 0.05380728840827942, "vy_7": 0.11151864379644394, "dpsidt_7": 0.007053155452013016, "rmse_7": 0.05928590148687363, "vy_8": 0.11674867570400238, "dpsidt_8": 0.007043085061013699, "rmse_8": 0.06189588084816933, "vy_9": 0.1182575523853302, "dpsidt_9": 0.007105294149369001, "rmse_9": 0.0626814216375351, "vy_10": 0.12257908284664154, "dpsidt_10": 0.007041626144200563, "rmse_10": 0.0648103579878807}