{"vy": 0.3819316327571869, "dpsidt": 0.10451957583427429, "rmse": 0.2432256042957306}