{"vy": 0.37111300230026245, "dpsidt": 0.0882795974612236, "rmse": 0.22969630360603333}