{"vy": 0.36383056640625, "dpsidt": 0.08024844527244568, "rmse": 0.22203950583934784}