{"vy": 0.3471626341342926, "dpsidt": 0.0792311504483223, "rmse": 0.21319688856601715}