{"vy": 0.4432770907878876, "dpsidt": 0.08684248477220535, "rmse": 0.26505979895591736}