{"vy_time": [], "dpsidtrmse_time": [], "vy_0.05": 0.017920220270752907, "dpsidt_0.05": 0.0024078041315078735, "rmse_0.05": 0.01016401220113039, "vy_1": 0.05905584618449211, "dpsidt_1": 0.0054235914722085, "rmse_1": 0.03223972022533417, "vy_2": 0.07470335066318512, "dpsidt_2": 0.0066359075717628, "rmse_2": 0.040669627487659454, "vy_3": 0.08418656885623932, "dpsidt_3": 0.007582487538456917, "rmse_3": 0.04588452726602554, "vy_4": 0.08697503060102463, "dpsidt_4": 0.007652842905372381, "rmse_4": 0.047313936054706573, "vy_5": 0.09190823137760162, "dpsidt_5": 0.007518036291003227, "rmse_5": 0.049713134765625, "vy_6": 0.0944981798529625, "dpsidt_6": 0.007662313524633646, "rmse_6": 0.05108024552464485, "vy_7": 0.10442107915878296, "dpsidt_7": 0.007620010990649462, "rmse_7": 0.056020546704530716, "vy_8": 0.10947751998901367, "dpsidt_8": 0.007653671316802502, "rmse_8": 0.058565594255924225, "vy_9": 0.11089202016592026, "dpsidt_9": 0.007722164038568735, "rmse_9": 0.05930709093809128, "vy_10": 0.11521080881357193, "dpsidt_10": 0.00760612403973937, "rmse_10": 0.06140846759080887}