{"vy": 0.3623700737953186, "dpsidt": 0.08485422283411026, "rmse": 0.22361214458942413}