{"vy": 0.36548495292663574, "dpsidt": 0.09984417259693146, "rmse": 0.232664555311203}