{"vy": 0.3649422228336334, "dpsidt": 0.08913326263427734, "rmse": 0.22703774273395538, "vy_": 0.11049183458089828, "dpsidt_": 0.007471433840692043, "rmse_": 0.05898163467645645}