{"vy": 0.46386653184890747, "dpsidt": 0.10738646984100342, "rmse": 0.28562650084495544}