{"vy": 0.3473436236381531, "dpsidt": 0.1100199818611145, "rmse": 0.2286818027496338}