{"vy_time": [], "dpsidtrmse_time": [], "vy_0.05": 0.019057203084230423, "dpsidt_0.05": 0.0029914998449385166, "rmse_0.05": 0.011024351231753826, "vy_1": 0.059510812163352966, "dpsidt_1": 0.005497545935213566, "rmse_1": 0.03250417858362198, "vy_2": 0.07456430047750473, "dpsidt_2": 0.005948874168097973, "rmse_2": 0.04025658592581749, "vy_3": 0.08236891031265259, "dpsidt_3": 0.006784175988286734, "rmse_3": 0.04457654431462288, "vy_4": 0.08480154722929001, "dpsidt_4": 0.006777117028832436, "rmse_4": 0.04578933119773865, "vy_5": 0.08807551860809326, "dpsidt_5": 0.0067830695770680904, "rmse_5": 0.047429293394088745, "vy_6": 0.09087534248828888, "dpsidt_6": 0.006836010608822107, "rmse_6": 0.048855677247047424, "vy_7": 0.10015882551670074, "dpsidt_7": 0.0067430478520691395, "rmse_7": 0.05345093831419945, "vy_8": 0.10482347011566162, "dpsidt_8": 0.006727815605700016, "rmse_8": 0.05577564239501953, "vy_9": 0.10592542588710785, "dpsidt_9": 0.0067795924842357635, "rmse_9": 0.056352511048316956, "vy_10": 0.10967697203159332, "dpsidt_10": 0.00675399461761117, "rmse_10": 0.05821548402309418}