{"vy": 0.4274612367153168, "dpsidt": 0.11922375857830048, "rmse": 0.273342490196228}