{"vy": 0.37419256567955017, "dpsidt": 0.10630719363689423, "rmse": 0.2402498722076416}