{"vy_0.05": 0.017720526084303856, "vy_1": 0.05682697892189026, "vy_2": 0.07367628067731857, "vy_3": 0.083966925740242, "vy_4": 0.08650513738393784, "vy_5": 0.09033699333667755, "vy_6": 0.09348727762699127, "vy_7": 0.10348189622163773, "vy_8": 0.10844632983207703, "vy_9": 0.10983697324991226, "vy_10": 0.11419123411178589, "dpsidt_0.05": 0.002704265061765909, "dpsidt_1": 0.0059696887619793415, "dpsidt_2": 0.0065184286795556545, "dpsidt_3": 0.007132144179195166, "dpsidt_4": 0.007225887384265661, "dpsidt_5": 0.007272340822964907, "dpsidt_6": 0.00754525326192379, "dpsidt_7": 0.007457157596945763, "dpsidt_8": 0.007532445248216391, "dpsidt_9": 0.007698002737015486, "dpsidt_10": 0.007706935983151197, "rmse_0.05": 0.010212395340204239, "rmse_1": 0.031398333609104156, "rmse_2": 0.04009735584259033, "rmse_3": 0.045549534261226654, "rmse_4": 0.04686551168560982, "rmse_5": 0.048804666846990585, "rmse_6": 0.050516266375780106, "rmse_7": 0.05546952784061432, "rmse_8": 0.05798938870429993, "rmse_9": 0.05876748636364937, "rmse_10": 0.06094908341765404}