{"vy": 0.4077928960323334, "dpsidt": 0.14042216539382935, "rmse": 0.27410751581192017}