{"vy": 0.37899768352508545, "dpsidt": 0.08772362023591995, "rmse": 0.2333606481552124}