{"vy": 0.39095476269721985, "dpsidt": 0.08962371945381165, "rmse": 0.24028924107551575}