{"vy": 0.39991503953933716, "dpsidt": 0.09456297010183334, "rmse": 0.24723900854587555}