{"vy": 0.3653619587421417, "dpsidt": 0.07949235290288925, "rmse": 0.2224271595478058}