{"vy": 0.4240950047969818, "dpsidt": 0.09892559796571732, "rmse": 0.26151031255722046}