{"vy": 0.3829989731311798, "dpsidt": 0.09536052495241165, "rmse": 0.23917974531650543}