{"vy": 0.36325058341026306, "dpsidt": 0.09687132388353348, "rmse": 0.23006094992160797}