{"vy": 0.3545619249343872, "dpsidt": 0.08525028079748154, "rmse": 0.21990610659122467}