{"vy": 0.35831061005592346, "dpsidt": 0.08311454951763153, "rmse": 0.2207125723361969}