{"vy": 0.37976983189582825, "dpsidt": 0.09918677806854248, "rmse": 0.23947830498218536, "vy_": 0.11498112231492996, "dpsidt_": 0.00831415131688118, "rmse_": 0.06164763867855072}