{"vy_time": [], "dpsidtrmse_time": [], "vy_0.05": 0.018026981502771378, "dpsidt_0.05": 0.0028479478787630796, "rmse_0.05": 0.010437464341521263, "vy_1": 0.05704600736498833, "dpsidt_1": 0.00587041350081563, "rmse_1": 0.031458210200071335, "vy_2": 0.07386786490678787, "dpsidt_2": 0.006345262285321951, "rmse_2": 0.04010656476020813, "vy_3": 0.08539342880249023, "dpsidt_3": 0.007180807646363974, "rmse_3": 0.04628711938858032, "vy_4": 0.08878974616527557, "dpsidt_4": 0.0071810451336205006, "rmse_4": 0.04798539727926254, "vy_5": 0.09398854523897171, "dpsidt_5": 0.007233001757413149, "rmse_5": 0.050610773265361786, "vy_6": 0.09652706235647202, "dpsidt_6": 0.007418009452521801, "rmse_6": 0.051972534507513046, "vy_7": 0.10724151879549026, "dpsidt_7": 0.007312085013836622, "rmse_7": 0.05727680027484894, "vy_8": 0.11267504096031189, "dpsidt_8": 0.007348521146923304, "rmse_8": 0.06001178175210953, "vy_9": 0.11429809778928757, "dpsidt_9": 0.00746618676930666, "rmse_9": 0.060882143676280975, "vy_10": 0.11905813217163086, "dpsidt_10": 0.0074789440259337425, "rmse_10": 0.06326853483915329}