{"vy": 0.40481501817703247, "dpsidt": 0.09272956103086472, "rmse": 0.2487722933292389}