{"vy": 0.3616633415222168, "dpsidt": 0.102369025349617, "rmse": 0.2320161759853363}