{"vy": 0.38816460967063904, "dpsidt": 0.0943794697523117, "rmse": 0.24127203226089478}