{"vy": 0.35808542370796204, "dpsidt": 0.08454613387584686, "rmse": 0.22131577134132385, "vy_": 0.10841581970453262, "dpsidt_": 0.00708692567422986, "rmse_": 0.0577513724565506}