{"vy": 0.36690691113471985, "dpsidt": 0.0952104851603508, "rmse": 0.23105870187282562}