{"vy": 0.4116443693637848, "dpsidt": 0.11495710164308548, "rmse": 0.26330074667930603}