{"vy": 0.38615548610687256, "dpsidt": 0.09765800833702087, "rmse": 0.24190674722194672}