{"vy_time": [], "dpsidtrmse_time": [], "vy_0.05": 0.01645653322339058, "dpsidt_0.05": 0.002331068739295006, "rmse_0.05": 0.009393800981342793, "vy_1": 0.05417408049106598, "dpsidt_1": 0.005951068364083767, "rmse_1": 0.03006257489323616, "vy_2": 0.0762423723936081, "dpsidt_2": 0.007706705015152693, "rmse_2": 0.04197453707456589, "vy_3": 0.09480097889900208, "dpsidt_3": 0.008594810962677002, "rmse_3": 0.05169789493083954, "vy_4": 0.09965400397777557, "dpsidt_4": 0.009071084670722485, "rmse_4": 0.05436254292726517, "vy_5": 0.10472118109464645, "dpsidt_5": 0.009058534167706966, "rmse_5": 0.056889858096838, "vy_6": 0.10886787623167038, "dpsidt_6": 0.009637645445764065, "rmse_6": 0.05925276130437851, "vy_7": 0.1198454424738884, "dpsidt_7": 0.009714597836136818, "rmse_7": 0.06478001922369003, "vy_8": 0.12616659700870514, "dpsidt_8": 0.009924621321260929, "rmse_8": 0.06804560869932175, "vy_9": 0.12826642394065857, "dpsidt_9": 0.010220903903245926, "rmse_9": 0.0692436620593071, "vy_10": 0.1341092735528946, "dpsidt_10": 0.010264442302286625, "rmse_10": 0.07218685746192932}