{"vy": 0.362669438123703, "dpsidt": 0.08948839455842972, "rmse": 0.22607891261577606, "vy_": 0.10980372130870819, "dpsidt_": 0.0075012012384831905, "rmse_": 0.05865246057510376}