{"vy_time": [], "dpsidtrmse_time": [], "vy_0.05": 0.016706960275769234, "dpsidt_0.05": 0.002449424471706152, "rmse_0.05": 0.009578192606568336, "vy_1": 0.053886424750089645, "dpsidt_1": 0.006804448552429676, "rmse_1": 0.030345436185598373, "vy_2": 0.0742267370223999, "dpsidt_2": 0.008468471467494965, "rmse_2": 0.041347604244947433, "vy_3": 0.08951415866613388, "dpsidt_3": 0.008905848488211632, "rmse_3": 0.04921000450849533, "vy_4": 0.09334271401166916, "dpsidt_4": 0.009277415461838245, "rmse_4": 0.051310066133737564, "vy_5": 0.09723291546106339, "dpsidt_5": 0.009317171759903431, "rmse_5": 0.05327504500746727, "vy_6": 0.10136860609054565, "dpsidt_6": 0.009952493943274021, "rmse_6": 0.05566054955124855, "vy_7": 0.11203712224960327, "dpsidt_7": 0.01008471567183733, "rmse_7": 0.06106092035770416, "vy_8": 0.11751838773488998, "dpsidt_8": 0.010327314026653767, "rmse_8": 0.06392285227775574, "vy_9": 0.11920731514692307, "dpsidt_9": 0.010693286545574665, "rmse_9": 0.06495030224323273, "vy_10": 0.1245824545621872, "dpsidt_10": 0.010741799138486385, "rmse_10": 0.06766212731599808}