{"vy": 0.3822152614593506, "dpsidt": 0.10841093212366104, "rmse": 0.24531309306621552}