{"vy": 0.40637463331222534, "dpsidt": 0.09964428097009659, "rmse": 0.25300946831703186}