{"vy": 0.4466245472431183, "dpsidt": 0.1397605985403061, "rmse": 0.2931925654411316}