{"vy": 0.3857833445072174, "dpsidt": 0.0873493179678917, "rmse": 0.23656633496284485, "vy_": 0.11680179089307785, "dpsidt_": 0.007321897428482771, "rmse_": 0.062061842530965805}