{"vy": 0.3874886929988861, "dpsidt": 0.10073743760585785, "rmse": 0.24411305785179138}