{"vy": 0.37506866455078125, "dpsidt": 0.09604422003030777, "rmse": 0.2355564385652542}