{"vy": 0.3521933853626251, "dpsidt": 0.07816924154758453, "rmse": 0.21518132090568542, "vy_": 0.10663191974163055, "dpsidt_": 0.006552394479513168, "rmse_": 0.05659215897321701}