{"vy": 0.36185383796691895, "dpsidt": 0.07974041998386383, "rmse": 0.2207971215248108}