{"vy": 0.3922887146472931, "dpsidt": 0.08310672640800476, "rmse": 0.23769772052764893}