{"vy": 0.42951858043670654, "dpsidt": 0.09868431836366653, "rmse": 0.26410144567489624}