{"vy": 0.38692960143089294, "dpsidt": 0.08101718872785568, "rmse": 0.2339733988046646}