{"vy": 0.43408381938934326, "dpsidt": 0.1254359483718872, "rmse": 0.27975988388061523}