{"vy_time": [], "dpsidtrmse_time": [], "vy_0.05": 0.01854904741048813, "dpsidt_0.05": 0.0024183890782296658, "rmse_0.05": 0.01048371847718954, "vy_1": 0.06031101942062378, "dpsidt_1": 0.0052176183089613914, "rmse_1": 0.03276431933045387, "vy_2": 0.07632750272750854, "dpsidt_2": 0.006109179928898811, "rmse_2": 0.041218340396881104, "vy_3": 0.08376377820968628, "dpsidt_3": 0.006721062585711479, "rmse_3": 0.045242421329021454, "vy_4": 0.08533629029989243, "dpsidt_4": 0.0068776533007621765, "rmse_4": 0.0461069718003273, "vy_5": 0.08942463248968124, "dpsidt_5": 0.006903963163495064, "rmse_5": 0.04816429689526558, "vy_6": 0.09267692267894745, "dpsidt_6": 0.007168604526668787, "rmse_6": 0.04992276430130005, "vy_7": 0.10187484323978424, "dpsidt_7": 0.007125916425138712, "rmse_7": 0.05450037866830826, "vy_8": 0.10652226209640503, "dpsidt_8": 0.00720165204256773, "rmse_8": 0.05686195567250252, "vy_9": 0.10778491944074631, "dpsidt_9": 0.007379383780062199, "rmse_9": 0.057582151144742966, "vy_10": 0.11186821013689041, "dpsidt_10": 0.007366460748016834, "rmse_10": 0.059617336839437485}