{"vy": 0.3547997772693634, "dpsidt": 0.09019704908132553, "rmse": 0.22249841690063477}