{"vy": 0.3976250886917114, "dpsidt": 0.10787621885538101, "rmse": 0.2527506649494171}