{"vy": 0.381883829832077, "dpsidt": 0.08015046268701553, "rmse": 0.23101714253425598}