{"vy_time": [], "dpsidtrmse_time": [], "vy_0.05": 0.017252840101718903, "dpsidt_0.05": 0.002266926923766732, "rmse_0.05": 0.009759883396327496, "vy_1": 0.057304687798023224, "dpsidt_1": 0.005402231123298407, "rmse_1": 0.031353458762168884, "vy_2": 0.07594013214111328, "dpsidt_2": 0.006613490171730518, "rmse_2": 0.04127681255340576, "vy_3": 0.08879855275154114, "dpsidt_3": 0.007390638813376427, "rmse_3": 0.04809459671378136, "vy_4": 0.091158427298069, "dpsidt_4": 0.007691013161092997, "rmse_4": 0.04942471906542778, "vy_5": 0.09661862254142761, "dpsidt_5": 0.007758194115012884, "rmse_5": 0.05218840762972832, "vy_6": 0.10030066967010498, "dpsidt_6": 0.008226496167480946, "rmse_6": 0.054263584315776825, "vy_7": 0.11087030172348022, "dpsidt_7": 0.008224702440202236, "rmse_7": 0.05954750254750252, "vy_8": 0.11628221720457077, "dpsidt_8": 0.008360899984836578, "rmse_8": 0.062321558594703674, "vy_9": 0.11804917454719543, "dpsidt_9": 0.008605707436800003, "rmse_9": 0.06332743912935257, "vy_10": 0.12330415099859238, "dpsidt_10": 0.008639191277325153, "rmse_10": 0.06597167253494263}