{"vy": 0.34845903515815735, "dpsidt": 0.08159473538398743, "rmse": 0.2150268852710724}