{"vy": 0.36981862783432007, "dpsidt": 0.08866387605667114, "rmse": 0.2292412519454956}