{"vy": 0.3941083550453186, "dpsidt": 0.12633979320526123, "rmse": 0.2602240741252899}