{"vy_time": [], "dpsidtrmse_time": [], "vy_0.05": 0.01752585917711258, "dpsidt_0.05": 0.002241239883005619, "rmse_0.05": 0.009883549064397812, "vy_1": 0.059015996754169464, "dpsidt_1": 0.004950433969497681, "rmse_1": 0.03198321536183357, "vy_2": 0.07503559440374374, "dpsidt_2": 0.006425049621611834, "rmse_2": 0.040730323642492294, "vy_3": 0.08572255074977875, "dpsidt_3": 0.007172564044594765, "rmse_3": 0.04644755646586418, "vy_4": 0.08842328190803528, "dpsidt_4": 0.007313891779631376, "rmse_4": 0.04786858707666397, "vy_5": 0.0912611111998558, "dpsidt_5": 0.007286388427019119, "rmse_5": 0.04927375167608261, "vy_6": 0.0942729115486145, "dpsidt_6": 0.00754520995542407, "rmse_6": 0.05090906098484993, "vy_7": 0.10440076142549515, "dpsidt_7": 0.007543411571532488, "rmse_7": 0.05597208812832832, "vy_8": 0.10924676805734634, "dpsidt_8": 0.007593135349452496, "rmse_8": 0.05841995030641556, "vy_9": 0.1104680672287941, "dpsidt_9": 0.007762268651276827, "rmse_9": 0.05911516770720482, "vy_10": 0.11458481103181839, "dpsidt_10": 0.007717674132436514, "rmse_10": 0.06115124374628067}