{"vy": 0.3794958293437958, "dpsidt": 0.10412220656871796, "rmse": 0.24180901050567627}