{"vy": 0.38957899808883667, "dpsidt": 0.09849813580513, "rmse": 0.24403856694698334, "vy_": 0.11795098334550858, "dpsidt_": 0.008256427012383938, "rmse_": 0.06310370564460754}