{"vy_time": [], "dpsidtrmse_time": [], "vy_0.05": 0.017260875552892685, "dpsidt_0.05": 0.002391190268099308, "rmse_0.05": 0.00982603244483471, "vy_1": 0.056756600737571716, "dpsidt_1": 0.005662192590534687, "rmse_1": 0.031209396198391914, "vy_2": 0.07591462880373001, "dpsidt_2": 0.006932246033102274, "rmse_2": 0.041423436254262924, "vy_3": 0.08927649259567261, "dpsidt_3": 0.007450378965586424, "rmse_3": 0.04836343601346016, "vy_4": 0.09308899939060211, "dpsidt_4": 0.0076957037672400475, "rmse_4": 0.05039235204458237, "vy_5": 0.09631069749593735, "dpsidt_5": 0.007722708862274885, "rmse_5": 0.05201670154929161, "vy_6": 0.09980489313602448, "dpsidt_6": 0.00814665388315916, "rmse_6": 0.053975772112607956, "vy_7": 0.11049339920282364, "dpsidt_7": 0.008176445960998535, "rmse_7": 0.05933492258191109, "vy_8": 0.11557631939649582, "dpsidt_8": 0.008306793868541718, "rmse_8": 0.06194155663251877, "vy_9": 0.11706074327230453, "dpsidt_9": 0.008561654016375542, "rmse_9": 0.06281119585037231, "vy_10": 0.12172400951385498, "dpsidt_10": 0.008575191721320152, "rmse_10": 0.06514959782361984}