{"vy": 0.37726545333862305, "dpsidt": 0.10795297473669052, "rmse": 0.24260921776294708}