{"vy": 0.410147100687027, "dpsidt": 0.1067301407456398, "rmse": 0.2584386169910431}