{"vy_time": [], "dpsidtrmse_time": [], "vy_0.05": 0.01772783137857914, "dpsidt_0.05": 0.0022627608850598335, "rmse_0.05": 0.009995296597480774, "vy_1": 0.05798972025513649, "dpsidt_1": 0.004823546856641769, "rmse_1": 0.03140663355588913, "vy_2": 0.0749148577451706, "dpsidt_2": 0.0060759601183235645, "rmse_2": 0.040495410561561584, "vy_3": 0.0859387144446373, "dpsidt_3": 0.006938495673239231, "rmse_3": 0.04643860459327698, "vy_4": 0.08872225880622864, "dpsidt_4": 0.0070729185827076435, "rmse_4": 0.0478975884616375, "vy_5": 0.09483448415994644, "dpsidt_5": 0.007031588815152645, "rmse_5": 0.05093303695321083, "vy_6": 0.09761279076337814, "dpsidt_6": 0.007255373056977987, "rmse_6": 0.052434083074331284, "vy_7": 0.10801640152931213, "dpsidt_7": 0.007187975570559502, "rmse_7": 0.05760218948125839, "vy_8": 0.11344350874423981, "dpsidt_8": 0.007234695367515087, "rmse_8": 0.060339100658893585, "vy_9": 0.11511218547821045, "dpsidt_9": 0.007366727106273174, "rmse_9": 0.06123945489525795, "vy_10": 0.11997655034065247, "dpsidt_10": 0.007311313413083553, "rmse_10": 0.0636439323425293}