{"vy": 0.3700420558452606, "dpsidt": 0.09711837768554688, "rmse": 0.23358021676540375}