{"vy": 0.4173010587692261, "dpsidt": 0.08424952626228333, "rmse": 0.2507752776145935}