{"vy_0.05": 0.016590487211942673, "vy_1": 0.053393494337797165, "vy_2": 0.07424061000347137, "vy_3": 0.0893322303891182, "vy_4": 0.09367263317108154, "vy_5": 0.09793657809495926, "vy_6": 0.10226874053478241, "vy_7": 0.11298096925020218, "vy_8": 0.11870706081390381, "vy_9": 0.12052211910486221, "vy_10": 0.1259782314300537, "dpsidt_0.05": 0.002423850353807211, "dpsidt_1": 0.006169455591589212, "dpsidt_2": 0.007633307948708534, "dpsidt_3": 0.008358007296919823, "dpsidt_4": 0.008669756352901459, "dpsidt_5": 0.008598021231591702, "dpsidt_6": 0.009082568809390068, "dpsidt_7": 0.009101894684135914, "dpsidt_8": 0.009278912097215652, "dpsidt_9": 0.009535254910588264, "dpsidt_10": 0.009560647420585155, "rmse_0.05": 0.009507169015705585, "rmse_1": 0.02978147566318512, "rmse_2": 0.04093695804476738, "rmse_3": 0.04884511977434158, "rmse_4": 0.0511711947619915, "rmse_5": 0.05326730012893677, "rmse_6": 0.055675655603408813, "rmse_7": 0.06104143336415291, "rmse_8": 0.06399298459291458, "rmse_9": 0.06502868980169296, "rmse_10": 0.06776943802833557}