{"vy_time": [], "dpsidtrmse_time": [], "vy_0.05": 0.01803848147392273, "dpsidt_0.05": 0.0023161335848271847, "rmse_0.05": 0.0101773077622056, "vy_1": 0.058444567024707794, "dpsidt_1": 0.00532348221167922, "rmse_1": 0.031884025782346725, "vy_2": 0.07445499300956726, "dpsidt_2": 0.00713256374001503, "rmse_2": 0.040793776512145996, "vy_3": 0.08565786480903625, "dpsidt_3": 0.007924622856080532, "rmse_3": 0.04679124429821968, "vy_4": 0.08804765343666077, "dpsidt_4": 0.00810227356851101, "rmse_4": 0.04807496443390846, "vy_5": 0.09425182640552521, "dpsidt_5": 0.008108675479888916, "rmse_5": 0.05118025094270706, "vy_6": 0.09741014242172241, "dpsidt_6": 0.008437803946435452, "rmse_6": 0.05292397364974022, "vy_7": 0.10742928087711334, "dpsidt_7": 0.008519506081938744, "rmse_7": 0.05797439441084862, "vy_8": 0.11291077733039856, "dpsidt_8": 0.008600451052188873, "rmse_8": 0.060755614191293716, "vy_9": 0.11452345550060272, "dpsidt_9": 0.00879341084510088, "rmse_9": 0.06165843456983566, "vy_10": 0.11943333595991135, "dpsidt_10": 0.008743497543036938, "rmse_10": 0.06408841907978058}