{"vy": 0.41432109475135803, "dpsidt": 0.09117841720581055, "rmse": 0.2527497410774231, "vy_": 0.1254420429468155, "dpsidt_": 0.007642865180969238, "rmse_": 0.06654245406389236}