{"vy": 0.3660401403903961, "dpsidt": 0.10390832275152206, "rmse": 0.2349742352962494}