{"vy": 0.34020963311195374, "dpsidt": 0.12265647202730179, "rmse": 0.23143304884433746}