{"vy": 0.4154643416404724, "dpsidt": 0.08610966801643372, "rmse": 0.25078701972961426}