{"vy_time": [], "dpsidtrmse_time": [], "vy_0.05": 0.016099777072668076, "dpsidt_0.05": 0.002199489390477538, "rmse_0.05": 0.009149633347988129, "vy_1": 0.05408813804388046, "dpsidt_1": 0.005553008057177067, "rmse_1": 0.029820572584867477, "vy_2": 0.07527005672454834, "dpsidt_2": 0.008640307933092117, "rmse_2": 0.04195518046617508, "vy_3": 0.09275001287460327, "dpsidt_3": 0.009531687013804913, "rmse_3": 0.05114084854722023, "vy_4": 0.09582783281803131, "dpsidt_4": 0.010089550167322159, "rmse_4": 0.052958689630031586, "vy_5": 0.10028927773237228, "dpsidt_5": 0.01025400497019291, "rmse_5": 0.05527164041996002, "vy_6": 0.10510687530040741, "dpsidt_6": 0.010901276022195816, "rmse_6": 0.058004073798656464, "vy_7": 0.11529546231031418, "dpsidt_7": 0.01119244284927845, "rmse_7": 0.06324395537376404, "vy_8": 0.12116024643182755, "dpsidt_8": 0.011401643045246601, "rmse_8": 0.06628094613552094, "vy_9": 0.12303046882152557, "dpsidt_9": 0.011780072003602982, "rmse_9": 0.06740526854991913, "vy_10": 0.12851467728614807, "dpsidt_10": 0.011825029738247395, "rmse_10": 0.0701698511838913}