{"vy": 0.41047781705856323, "dpsidt": 0.09633897989988327, "rmse": 0.25340840220451355}