{"vy_time": [], "dpsidtrmse_time": [], "vy_0.05": 0.017536545172333717, "dpsidt_0.05": 0.0029554367065429688, "rmse_0.05": 0.010245990939438343, "vy_1": 0.05631289258599281, "dpsidt_1": 0.006482067983597517, "rmse_1": 0.03139748051762581, "vy_2": 0.07574442774057388, "dpsidt_2": 0.006723035126924515, "rmse_2": 0.04123373329639435, "vy_3": 0.08711787313222885, "dpsidt_3": 0.007295659743249416, "rmse_3": 0.04720676690340042, "vy_4": 0.09071643650531769, "dpsidt_4": 0.007270502392202616, "rmse_4": 0.048993468284606934, "vy_5": 0.09299004077911377, "dpsidt_5": 0.007303180173039436, "rmse_5": 0.05014660954475403, "vy_6": 0.09716877341270447, "dpsidt_6": 0.007522710133343935, "rmse_6": 0.05234574154019356, "vy_7": 0.10721833258867264, "dpsidt_7": 0.007407255005091429, "rmse_7": 0.05731279402971268, "vy_8": 0.11183585971593857, "dpsidt_8": 0.007456391118466854, "rmse_8": 0.059646125882864, "vy_9": 0.11296248435974121, "dpsidt_9": 0.0075931241735816, "rmse_9": 0.06027780473232269, "vy_10": 0.11703474819660187, "dpsidt_10": 0.007602335885167122, "rmse_10": 0.06231854110956192}