{"vy_0.05": 0.017701182514429092, "vy_1": 0.05894071236252785, "vy_2": 0.07463245838880539, "vy_3": 0.08421691507101059, "vy_4": 0.08664198964834213, "vy_5": 0.08951833844184875, "vy_6": 0.09256584197282791, "vy_7": 0.10232596099376678, "vy_8": 0.10710039734840393, "vy_9": 0.10827622562646866, "vy_10": 0.11226131021976471, "dpsidt_0.05": 0.0023110623005777597, "dpsidt_1": 0.005144456401467323, "dpsidt_2": 0.0065466915257275105, "dpsidt_3": 0.007416649255901575, "dpsidt_4": 0.007517712656408548, "dpsidt_5": 0.007444783579558134, "dpsidt_6": 0.007643379736691713, "dpsidt_7": 0.0076384032145142555, "dpsidt_8": 0.007677225396037102, "dpsidt_9": 0.007793436758220196, "dpsidt_10": 0.00770696671679616, "rmse_0.05": 0.010006122291088104, "rmse_1": 0.03204258531332016, "rmse_2": 0.040589574724435806, "rmse_3": 0.04581678286194801, "rmse_4": 0.04707984998822212, "rmse_5": 0.04848156124353409, "rmse_6": 0.05010461062192917, "rmse_7": 0.05498218163847923, "rmse_8": 0.05738881230354309, "rmse_9": 0.058034829795360565, "rmse_10": 0.05998414009809494}