{"vy_0.05": 0.016753436997532845, "vy_1": 0.05307861790060997, "vy_2": 0.07374513149261475, "vy_3": 0.08970432728528976, "vy_4": 0.09467563778162003, "vy_5": 0.09898902475833893, "vy_6": 0.10259823501110077, "vy_7": 0.11364439874887466, "vy_8": 0.11952806264162064, "vy_9": 0.12135419994592667, "vy_10": 0.1267031580209732, "dpsidt_0.05": 0.0025510629639029503, "dpsidt_1": 0.006215272005647421, "dpsidt_2": 0.007321417331695557, "dpsidt_3": 0.008033880963921547, "dpsidt_4": 0.008209029212594032, "dpsidt_5": 0.008104930631816387, "dpsidt_6": 0.008490593172609806, "dpsidt_7": 0.008432864211499691, "dpsidt_8": 0.008574535138905048, "dpsidt_9": 0.008767765946686268, "dpsidt_10": 0.008783706463873386, "rmse_0.05": 0.00965224951505661, "rmse_1": 0.029646944254636765, "rmse_2": 0.04053327441215515, "rmse_3": 0.04886910319328308, "rmse_4": 0.051442332565784454, "rmse_5": 0.053546976298093796, "rmse_6": 0.055544413626194, "rmse_7": 0.061038631945848465, "rmse_8": 0.0640513002872467, "rmse_9": 0.06506098061800003, "rmse_10": 0.06774343550205231}