{"vy": 0.3657933473587036, "dpsidt": 0.10638675838708878, "rmse": 0.2360900491476059}