{"vy": 0.35774242877960205, "dpsidt": 0.08620679378509521, "rmse": 0.22197461128234863}