{"vy": 0.3889525234699249, "dpsidt": 0.11695600301027298, "rmse": 0.25295427441596985, "vy_": 0.11776131391525269, "dpsidt_": 0.009803625755012035, "rmse_": 0.0637824684381485}