{"vy": 0.379639208316803, "dpsidt": 0.08154269307851791, "rmse": 0.23059095442295074, "vy_": 0.1149415671825409, "dpsidt_": 0.006835168693214655, "rmse_": 0.060888368636369705}