{"vy": 0.4014556109905243, "dpsidt": 0.10047066956758499, "rmse": 0.25096315145492554}