{"vy": 0.3431997001171112, "dpsidt": 0.11352676898241043, "rmse": 0.22836323082447052}