{"vy_time": [], "dpsidtrmse_time": [], "vy_0.05": 0.017246367409825325, "dpsidt_0.05": 0.002598765306174755, "rmse_0.05": 0.009922565892338753, "vy_1": 0.055299919098615646, "dpsidt_1": 0.006889676675200462, "rmse_1": 0.03109479695558548, "vy_2": 0.0754014179110527, "dpsidt_2": 0.007842588238418102, "rmse_2": 0.04162200167775154, "vy_3": 0.08996488153934479, "dpsidt_3": 0.008163291960954666, "rmse_3": 0.04906408488750458, "vy_4": 0.09396521747112274, "dpsidt_4": 0.008456544019281864, "rmse_4": 0.051210880279541016, "vy_5": 0.09787473827600479, "dpsidt_5": 0.008501596748828888, "rmse_5": 0.05318816751241684, "vy_6": 0.10161756724119186, "dpsidt_6": 0.00905254390090704, "rmse_6": 0.05533505603671074, "vy_7": 0.11249101907014847, "dpsidt_7": 0.00908630806952715, "rmse_7": 0.06078866496682167, "vy_8": 0.1178152933716774, "dpsidt_8": 0.009288022294640541, "rmse_8": 0.0635516569018364, "vy_9": 0.11948415637016296, "dpsidt_9": 0.009591889567673206, "rmse_9": 0.06453802436590195, "vy_10": 0.12461479753255844, "dpsidt_10": 0.009639149531722069, "rmse_10": 0.06712697446346283}