{"vy": 0.36487045884132385, "dpsidt": 0.10719472914934158, "rmse": 0.23603259027004242}