{"vy": 0.35243645310401917, "dpsidt": 0.09742669761180878, "rmse": 0.22493156790733337}