{"vy": 0.38304561376571655, "dpsidt": 0.10339327156543732, "rmse": 0.24321943521499634}