{"vy": 0.3753216862678528, "dpsidt": 0.10340065509080887, "rmse": 0.23936116695404053}