{"vy_time": [], "dpsidtrmse_time": [], "vy_0.05": 0.01792454719543457, "dpsidt_0.05": 0.0026672768872231245, "rmse_0.05": 0.010295911692082882, "vy_1": 0.057151712477207184, "dpsidt_1": 0.006215942092239857, "rmse_1": 0.03168382868170738, "vy_2": 0.07481075823307037, "dpsidt_2": 0.006729528773576021, "rmse_2": 0.040770143270492554, "vy_3": 0.08480533957481384, "dpsidt_3": 0.007191732060164213, "rmse_3": 0.04599853605031967, "vy_4": 0.08740847557783127, "dpsidt_4": 0.007305943872779608, "rmse_4": 0.04735720902681351, "vy_5": 0.09053982049226761, "dpsidt_5": 0.007369484286755323, "rmse_5": 0.04895465075969696, "vy_6": 0.09411275386810303, "dpsidt_6": 0.0076970593072474, "rmse_6": 0.050904907286167145, "vy_7": 0.10416107624769211, "dpsidt_7": 0.007635619957000017, "rmse_7": 0.05589834973216057, "vy_8": 0.10885053128004074, "dpsidt_8": 0.007736417464911938, "rmse_8": 0.05829347297549248, "vy_9": 0.11018231511116028, "dpsidt_9": 0.007925599813461304, "rmse_9": 0.05905395746231079, "vy_10": 0.11449789255857468, "dpsidt_10": 0.007946154102683067, "rmse_10": 0.06122202426195145}