{"vy": 0.43641746044158936, "dpsidt": 0.1109529510140419, "rmse": 0.2736852169036865}