{"vy": 0.36766529083251953, "dpsidt": 0.11139193922281265, "rmse": 0.2395286113023758}