{"vy_time": [], "dpsidtrmse_time": [], "vy_0.05": 0.018264135345816612, "dpsidt_0.05": 0.002839750610291958, "rmse_0.05": 0.010551942512392998, "vy_1": 0.05923696979880333, "dpsidt_1": 0.006710825487971306, "rmse_1": 0.03297389671206474, "vy_2": 0.07602193206548691, "dpsidt_2": 0.007147878408432007, "rmse_2": 0.04158490523695946, "vy_3": 0.0836692526936531, "dpsidt_3": 0.00761839933693409, "rmse_3": 0.045643825083971024, "vy_4": 0.08521942794322968, "dpsidt_4": 0.00779314897954464, "rmse_4": 0.04650628939270973, "vy_5": 0.08853268623352051, "dpsidt_5": 0.007875969633460045, "rmse_5": 0.04820432886481285, "vy_6": 0.09192868322134018, "dpsidt_6": 0.008200351148843765, "rmse_6": 0.05006451904773712, "vy_7": 0.10100723057985306, "dpsidt_7": 0.008145895786583424, "rmse_7": 0.0545765645802021, "vy_8": 0.1055418848991394, "dpsidt_8": 0.008245522156357765, "rmse_8": 0.05689370259642601, "vy_9": 0.1067788302898407, "dpsidt_9": 0.008428703993558884, "rmse_9": 0.05760376900434494, "vy_10": 0.1107151210308075, "dpsidt_10": 0.008437737822532654, "rmse_10": 0.059576429426670074}