{"vy_0.05": 0.016143525019288063, "vy_1": 0.05272967740893364, "vy_2": 0.07322896271944046, "vy_3": 0.08834189176559448, "vy_4": 0.09209240227937698, "vy_5": 0.09581483155488968, "vy_6": 0.09958359599113464, "vy_7": 0.11028773337602615, "vy_8": 0.11567508429288864, "vy_9": 0.11724909394979477, "vy_10": 0.12231425940990448, "dpsidt_0.05": 0.0022157130297273397, "dpsidt_1": 0.005124785006046295, "dpsidt_2": 0.007016655057668686, "dpsidt_3": 0.007818715646862984, "dpsidt_4": 0.008116397075355053, "dpsidt_5": 0.008070734329521656, "dpsidt_6": 0.008469467982649803, "dpsidt_7": 0.008474626578390598, "dpsidt_8": 0.00858427956700325, "dpsidt_9": 0.00880237016826868, "dpsidt_10": 0.008794591762125492, "rmse_0.05": 0.009179619140923023, "rmse_1": 0.028927231207489967, "rmse_2": 0.040122807025909424, "rmse_3": 0.04808030277490616, "rmse_4": 0.050104398280382156, "rmse_5": 0.05194278433918953, "rmse_6": 0.0540265329182148, "rmse_7": 0.05938117951154709, "rmse_8": 0.062129683792591095, "rmse_9": 0.06302573531866074, "rmse_10": 0.0655544251203537}