{"vy_time": [], "dpsidtrmse_time": [], "vy_0.05": 0.01845833659172058, "dpsidt_0.05": 0.00259726052172482, "rmse_0.05": 0.010527798905968666, "vy_1": 0.05878842994570732, "dpsidt_1": 0.006065982393920422, "rmse_1": 0.03242720663547516, "vy_2": 0.07490196824073792, "dpsidt_2": 0.00683912867680192, "rmse_2": 0.0408705472946167, "vy_3": 0.08395666629076004, "dpsidt_3": 0.007302246987819672, "rmse_3": 0.045629456639289856, "vy_4": 0.08626589179039001, "dpsidt_4": 0.007474703714251518, "rmse_4": 0.04687029868364334, "vy_5": 0.09020058810710907, "dpsidt_5": 0.007510616909712553, "rmse_5": 0.048855602741241455, "vy_6": 0.0932651162147522, "dpsidt_6": 0.00783854816108942, "rmse_6": 0.05055183172225952, "vy_7": 0.10296086221933365, "dpsidt_7": 0.007810923270881176, "rmse_7": 0.05538589134812355, "vy_8": 0.10787419229745865, "dpsidt_8": 0.00792707595974207, "rmse_8": 0.05790063366293907, "vy_9": 0.10922347009181976, "dpsidt_9": 0.008116747252643108, "rmse_9": 0.058670107275247574, "vy_10": 0.11350838840007782, "dpsidt_10": 0.00811728835105896, "rmse_10": 0.06081283837556839}