{"vy": 0.35152435302734375, "dpsidt": 0.10967971384525299, "rmse": 0.23060202598571777}