{"vy": 0.3701139986515045, "dpsidt": 0.08524719625711441, "rmse": 0.22768059372901917}