{"vy": 0.42539870738983154, "dpsidt": 0.14086252450942993, "rmse": 0.28313061594963074, "vy_": 0.12879596650600433, "dpsidt_": 0.011807544156908989, "rmse_": 0.07030175626277924}