{"vy": 0.39915263652801514, "dpsidt": 0.10920453816652298, "rmse": 0.25417858362197876}