{"vy": 0.43650612235069275, "dpsidt": 0.09789999574422836, "rmse": 0.26720306277275085}