{"vy": 0.40846022963523865, "dpsidt": 0.09855020046234131, "rmse": 0.25350522994995117}