{"vy": 0.3664802312850952, "dpsidt": 0.08659934252500534, "rmse": 0.22653979063034058}