{"vy": 0.36050158739089966, "dpsidt": 0.11508627235889435, "rmse": 0.2377939224243164}