{"vy_time": [], "dpsidtrmse_time": [], "vy_0.05": 0.017310813069343567, "dpsidt_0.05": 0.0023058392107486725, "rmse_0.05": 0.00980832614004612, "vy_1": 0.05892917141318321, "dpsidt_1": 0.005454112775623798, "rmse_1": 0.03219164162874222, "vy_2": 0.07533322274684906, "dpsidt_2": 0.007160800043493509, "rmse_2": 0.041247010231018066, "vy_3": 0.08543706685304642, "dpsidt_3": 0.008100152015686035, "rmse_3": 0.046768609434366226, "vy_4": 0.08785788714885712, "dpsidt_4": 0.008245306089520454, "rmse_4": 0.04805159568786621, "vy_5": 0.09086646884679794, "dpsidt_5": 0.00822623074054718, "rmse_5": 0.04954634979367256, "vy_6": 0.09421754628419876, "dpsidt_6": 0.008521737530827522, "rmse_6": 0.05136964097619057, "vy_7": 0.10416528582572937, "dpsidt_7": 0.008585376664996147, "rmse_7": 0.05637533217668533, "vy_8": 0.10886649787425995, "dpsidt_8": 0.00864719320088625, "rmse_8": 0.05875684693455696, "vy_9": 0.1101522296667099, "dpsidt_9": 0.00879271887242794, "rmse_9": 0.059472475200891495, "vy_10": 0.11436697840690613, "dpsidt_10": 0.008721700869500637, "rmse_10": 0.06154434010386467}