{"vy": 0.41632968187332153, "dpsidt": 0.09499432891607285, "rmse": 0.2556619942188263}