{"vy_time": [], "dpsidtrmse_time": [], "vy_0.05": 0.017520980909466743, "dpsidt_0.05": 0.0026897669304162264, "rmse_0.05": 0.01010537426918745, "vy_1": 0.05609917268157005, "dpsidt_1": 0.006509138271212578, "rmse_1": 0.03130415454506874, "vy_2": 0.0738425999879837, "dpsidt_2": 0.007351642940193415, "rmse_2": 0.04059712216258049, "vy_3": 0.08594956248998642, "dpsidt_3": 0.007774748373776674, "rmse_3": 0.0468621551990509, "vy_4": 0.08908212929964066, "dpsidt_4": 0.007971735671162605, "rmse_4": 0.048526931554079056, "vy_5": 0.0915418490767479, "dpsidt_5": 0.00796740222722292, "rmse_5": 0.04975462704896927, "vy_6": 0.09494096785783768, "dpsidt_6": 0.008339197374880314, "rmse_6": 0.05164008215069771, "vy_7": 0.10523653030395508, "dpsidt_7": 0.008309190161526203, "rmse_7": 0.0567728616297245, "vy_8": 0.1101713627576828, "dpsidt_8": 0.008437436074018478, "rmse_8": 0.05930440127849579, "vy_9": 0.1113671287894249, "dpsidt_9": 0.008645999245345592, "rmse_9": 0.06000656262040138, "vy_10": 0.11564645916223526, "dpsidt_10": 0.008639506064355373, "rmse_10": 0.062142983078956604}