{"vy": 0.36022618412971497, "dpsidt": 0.08032386004924774, "rmse": 0.22027501463890076}