{"vy": 0.3757159411907196, "dpsidt": 0.08114524930715561, "rmse": 0.2284305989742279, "vy_": 0.11375373601913452, "dpsidt_": 0.006801852956414223, "rmse_": 0.0602777935564518}