{"vy": 0.39965155720710754, "dpsidt": 0.09491654485464096, "rmse": 0.24728405475616455}