{"vy_0.05": 0.016879696398973465, "vy_1": 0.053867407143116, "vy_2": 0.07243455946445465, "vy_3": 0.08694401383399963, "vy_4": 0.09015852957963943, "vy_5": 0.09541986137628555, "vy_6": 0.09838303923606873, "vy_7": 0.10894572734832764, "vy_8": 0.11488693952560425, "vy_9": 0.11659605801105499, "vy_10": 0.12186995893716812, "dpsidt_0.05": 0.002159892348572612, "dpsidt_1": 0.005048349965363741, "dpsidt_2": 0.00739704305306077, "dpsidt_3": 0.008294756524264812, "dpsidt_4": 0.008457831107079983, "dpsidt_5": 0.008354838006198406, "dpsidt_6": 0.008667653426527977, "dpsidt_7": 0.008748224936425686, "dpsidt_8": 0.008856267668306828, "dpsidt_9": 0.009007220156490803, "dpsidt_10": 0.00893294345587492, "rmse_0.05": 0.009519794024527073, "rmse_1": 0.029457878321409225, "rmse_2": 0.03991580009460449, "rmse_3": 0.04761938378214836, "rmse_4": 0.049308180809020996, "rmse_5": 0.05188734829425812, "rmse_6": 0.053525347262620926, "rmse_7": 0.05884697660803795, "rmse_8": 0.06187160313129425, "rmse_9": 0.06280163675546646, "rmse_10": 0.06540144979953766}