{"vy_time": [], "dpsidtrmse_time": [], "vy_0.05": 0.01865755394101143, "dpsidt_0.05": 0.003039849689230323, "rmse_0.05": 0.010848701931536198, "vy_1": 0.058650705963373184, "dpsidt_1": 0.006765308789908886, "rmse_1": 0.03270800784230232, "vy_2": 0.07430877536535263, "dpsidt_2": 0.007056574337184429, "rmse_2": 0.04068267345428467, "vy_3": 0.08320482820272446, "dpsidt_3": 0.0076030101627111435, "rmse_3": 0.045403920114040375, "vy_4": 0.08567860722541809, "dpsidt_4": 0.007676430977880955, "rmse_4": 0.046677518635988235, "vy_5": 0.08941639214754105, "dpsidt_5": 0.007772727403789759, "rmse_5": 0.04859456047415733, "vy_6": 0.09232214838266373, "dpsidt_6": 0.008006582967936993, "rmse_6": 0.0501643642783165, "vy_7": 0.10198888927698135, "dpsidt_7": 0.007944135926663876, "rmse_7": 0.0549665130674839, "vy_8": 0.1068868637084961, "dpsidt_8": 0.008015386760234833, "rmse_8": 0.05745112523436546, "vy_9": 0.10817639529705048, "dpsidt_9": 0.00814750324934721, "rmse_9": 0.05816194787621498, "vy_10": 0.11232275515794754, "dpsidt_10": 0.008166380226612091, "rmse_10": 0.060244567692279816}