{"vy": 0.4298945367336273, "dpsidt": 0.09435750544071198, "rmse": 0.26212602853775024}