{"vy": 0.35016459226608276, "dpsidt": 0.11356649547815323, "rmse": 0.2318655401468277}