{"vy": 0.4118441045284271, "dpsidt": 0.11706870049238205, "rmse": 0.2644563913345337, "vy_": 0.12469208985567093, "dpsidt_": 0.009813071228563786, "rmse_": 0.06725258380174637}