{"vy": 0.3590785562992096, "dpsidt": 0.07841262966394424, "rmse": 0.21874558925628662}