{"vy": 0.36718282103538513, "dpsidt": 0.08984393626451492, "rmse": 0.22851337492465973, "vy_": 0.111170195043087, "dpsidt_": 0.0075310044921934605, "rmse_": 0.059350598603487015}