{"vy": 0.36071673035621643, "dpsidt": 0.09119666367769241, "rmse": 0.22595669329166412}