{"vy_0.05": 0.018395399674773216, "vy_1": 0.05832434445619583, "vy_2": 0.07418201118707657, "vy_3": 0.08345747739076614, "vy_4": 0.08617549389600754, "vy_5": 0.08878985792398453, "vy_6": 0.09181425720453262, "vy_7": 0.10145287215709686, "vy_8": 0.10619466751813889, "vy_9": 0.10724008828401566, "vy_10": 0.11100630462169647, "dpsidt_0.05": 0.002686130115762353, "dpsidt_1": 0.00503219710662961, "dpsidt_2": 0.005710793659090996, "dpsidt_3": 0.006597045809030533, "dpsidt_4": 0.006617574021220207, "dpsidt_5": 0.0065360283479094505, "dpsidt_6": 0.006588614545762539, "dpsidt_7": 0.0064749326556921005, "dpsidt_8": 0.006472728215157986, "dpsidt_9": 0.006533831357955933, "dpsidt_10": 0.006465448532253504, "rmse_0.05": 0.010540764778852463, "rmse_1": 0.03167827054858208, "rmse_2": 0.03994640335440636, "rmse_3": 0.04502726346254349, "rmse_4": 0.04639653488993645, "rmse_5": 0.047662943601608276, "rmse_6": 0.04920143634080887, "rmse_7": 0.053963903337717056, "rmse_8": 0.05633369833230972, "rmse_9": 0.056886959820985794, "rmse_10": 0.05873587727546692}