{"vy": 0.42935624718666077, "dpsidt": 0.09771633893251419, "rmse": 0.2635363042354584}