{"vy": 0.4205003082752228, "dpsidt": 0.10479017347097397, "rmse": 0.26264524459838867}