{"vy": 0.4197640120983124, "dpsidt": 0.10464714467525482, "rmse": 0.262205570936203}