{"vy": 0.42421668767929077, "dpsidt": 0.11872375756502151, "rmse": 0.27147021889686584, "vy_": 0.1284380853176117, "dpsidt_": 0.009951802901923656, "rmse_": 0.06919494271278381}