{"vy": 0.4413498640060425, "dpsidt": 0.09529491513967514, "rmse": 0.2683223783969879}