{"vy": 0.38478633761405945, "dpsidt": 0.0811261385679245, "rmse": 0.23295623064041138, "vy_": 0.11649994552135468, "dpsidt_": 0.006800251547247171, "rmse_": 0.061650097370147705}