{"vy_time": [], "dpsidtrmse_time": [], "vy_0.05": 0.017345471307635307, "dpsidt_0.05": 0.0025652216281741858, "rmse_0.05": 0.009955346584320068, "vy_1": 0.05561031773686409, "dpsidt_1": 0.00675073079764843, "rmse_1": 0.031180523335933685, "vy_2": 0.07507062703371048, "dpsidt_2": 0.007682156749069691, "rmse_2": 0.04137639328837395, "vy_3": 0.08904989063739777, "dpsidt_3": 0.008479854092001915, "rmse_3": 0.048764873296022415, "vy_4": 0.09288051724433899, "dpsidt_4": 0.008671129122376442, "rmse_4": 0.05077582225203514, "vy_5": 0.09776677936315536, "dpsidt_5": 0.008603468537330627, "rmse_5": 0.053185123950242996, "vy_6": 0.10212651640176773, "dpsidt_6": 0.009057881310582161, "rmse_6": 0.05559219792485237, "vy_7": 0.11279118806123734, "dpsidt_7": 0.009003225713968277, "rmse_7": 0.060897208750247955, "vy_8": 0.11858242750167847, "dpsidt_8": 0.009178525768220425, "rmse_8": 0.06388047337532043, "vy_9": 0.12049714475870132, "dpsidt_9": 0.009405921213328838, "rmse_9": 0.06495153158903122, "vy_10": 0.1260763257741928, "dpsidt_10": 0.009472520090639591, "rmse_10": 0.06777442246675491}