{"vy": 0.4013723134994507, "dpsidt": 0.07873889058828354, "rmse": 0.2400556057691574}