{"vy": 0.3935161530971527, "dpsidt": 0.09789229184389114, "rmse": 0.24570421874523163}