{"vy_time": [], "dpsidtrmse_time": [], "vy_0.05": 0.018948404118418694, "dpsidt_0.05": 0.0025697783567011356, "rmse_0.05": 0.010759091004729271, "vy_1": 0.05910748243331909, "dpsidt_1": 0.00490613142028451, "rmse_1": 0.03200680762529373, "vy_2": 0.07386969029903412, "dpsidt_2": 0.005640972871333361, "rmse_2": 0.039755333214998245, "vy_3": 0.08275799453258514, "dpsidt_3": 0.006527211982756853, "rmse_3": 0.044642604887485504, "vy_4": 0.08559875190258026, "dpsidt_4": 0.0065509481355547905, "rmse_4": 0.046074848622083664, "vy_5": 0.09028018265962601, "dpsidt_5": 0.006466287188231945, "rmse_5": 0.048373233526945114, "vy_6": 0.09268681704998016, "dpsidt_6": 0.006511185318231583, "rmse_6": 0.049598999321460724, "vy_7": 0.10229102522134781, "dpsidt_7": 0.006400783080607653, "rmse_7": 0.054345905780792236, "vy_8": 0.10731004923582077, "dpsidt_8": 0.006394402123987675, "rmse_8": 0.056852225214242935, "vy_9": 0.10859525203704834, "dpsidt_9": 0.006453007459640503, "rmse_9": 0.05752412974834442, "vy_10": 0.11269285529851913, "dpsidt_10": 0.0063888318836688995, "rmse_10": 0.059540845453739166}