{"vy": 0.406248539686203, "dpsidt": 0.12756125628948212, "rmse": 0.26690489053726196}