{"vy": 0.3967222273349762, "dpsidt": 0.08304307609796524, "rmse": 0.23988264799118042, "vy_": 0.12011371552944183, "dpsidt_": 0.006960935425013304, "rmse_": 0.06353732198476791}