{"vy": 0.4371549189090729, "dpsidt": 0.08851226419210434, "rmse": 0.2628335952758789}