{"vy": 0.36485549807548523, "dpsidt": 0.08914781361818314, "rmse": 0.22700165212154388}