{"vy": 0.38115811347961426, "dpsidt": 0.08236279338598251, "rmse": 0.23176045715808868}