{"vy": 0.4253878593444824, "dpsidt": 0.09294085204601288, "rmse": 0.25916436314582825}