{"vy": 0.39199888706207275, "dpsidt": 0.09890282899141312, "rmse": 0.24545085430145264, "vy_": 0.11868365108966827, "dpsidt_": 0.008290350437164307, "rmse_": 0.06348700076341629}