{"vy_time": [], "dpsidtrmse_time": [], "vy_0.05": 0.01708182319998741, "dpsidt_0.05": 0.0026572898495942354, "rmse_0.05": 0.009869556874036789, "vy_1": 0.05414016917347908, "dpsidt_1": 0.006010310724377632, "rmse_1": 0.03007524088025093, "vy_2": 0.07561543583869934, "dpsidt_2": 0.00688082305714488, "rmse_2": 0.041248127818107605, "vy_3": 0.0925503596663475, "dpsidt_3": 0.007918333634734154, "rmse_3": 0.0502343475818634, "vy_4": 0.09778700768947601, "dpsidt_4": 0.00799222756177187, "rmse_4": 0.0528896190226078, "vy_5": 0.1031898483633995, "dpsidt_5": 0.007956827990710735, "rmse_5": 0.05557333678007126, "vy_6": 0.10634731501340866, "dpsidt_6": 0.008244398050010204, "rmse_6": 0.05729585513472557, "vy_7": 0.11793853342533112, "dpsidt_7": 0.008115965873003006, "rmse_7": 0.06302724778652191, "vy_8": 0.12419628351926804, "dpsidt_8": 0.008222155272960663, "rmse_8": 0.06620921939611435, "vy_9": 0.12631115317344666, "dpsidt_9": 0.008390044793486595, "rmse_9": 0.0673505961894989, "vy_10": 0.1318744421005249, "dpsidt_10": 0.00843469612300396, "rmse_10": 0.070154570043087}