{"vy": 0.40363362431526184, "dpsidt": 0.08662749081850052, "rmse": 0.24513055384159088}