{"vy": 0.34843748807907104, "dpsidt": 0.11327704787254333, "rmse": 0.2308572679758072}