{"vy_0.05": 0.016765384003520012, "vy_1": 0.05346303805708885, "vy_2": 0.07315617054700851, "vy_3": 0.08787692338228226, "vy_4": 0.09149991720914841, "vy_5": 0.09646925330162048, "vy_6": 0.1005297526717186, "vy_7": 0.1110348030924797, "vy_8": 0.11709126085042953, "vy_9": 0.11892140656709671, "vy_10": 0.12452656775712967, "dpsidt_0.05": 0.002402849728241563, "dpsidt_1": 0.0060991523787379265, "dpsidt_2": 0.007929346524178982, "dpsidt_3": 0.008736791089177132, "dpsidt_4": 0.008969694375991821, "dpsidt_5": 0.00885101966559887, "dpsidt_6": 0.009298449382185936, "dpsidt_7": 0.009366941638290882, "dpsidt_8": 0.009562925435602665, "dpsidt_9": 0.009772291406989098, "dpsidt_10": 0.009773214347660542, "rmse_0.05": 0.009584116749465466, "rmse_1": 0.029781095683574677, "rmse_2": 0.040542759001255035, "rmse_3": 0.04830685630440712, "rmse_4": 0.050234805792570114, "rmse_5": 0.05266013741493225, "rmse_6": 0.05491410195827484, "rmse_7": 0.060200873762369156, "rmse_8": 0.06332709640264511, "rmse_9": 0.06434684991836548, "rmse_10": 0.06714989244937897}