{"vy_time": [], "dpsidtrmse_time": [], "vy_0.05": 0.017764512449502945, "dpsidt_0.05": 0.0026693621184676886, "rmse_0.05": 0.010216937400400639, "vy_1": 0.05750361084938049, "dpsidt_1": 0.005491112824529409, "rmse_1": 0.03149736300110817, "vy_2": 0.07432985305786133, "dpsidt_2": 0.006125003099441528, "rmse_2": 0.04022742807865143, "vy_3": 0.08585158735513687, "dpsidt_3": 0.007004362065345049, "rmse_3": 0.046427976340055466, "vy_4": 0.08901341259479523, "dpsidt_4": 0.007021238096058369, "rmse_4": 0.04801732674241066, "vy_5": 0.09476824104785919, "dpsidt_5": 0.007078204303979874, "rmse_5": 0.050923220813274384, "vy_6": 0.09738365560770035, "dpsidt_6": 0.007284171413630247, "rmse_6": 0.05233391374349594, "vy_7": 0.10801731050014496, "dpsidt_7": 0.007174768019467592, "rmse_7": 0.05759603902697563, "vy_8": 0.11349219083786011, "dpsidt_8": 0.007218533661216497, "rmse_8": 0.06035536155104637, "vy_9": 0.11513984203338623, "dpsidt_9": 0.007350414991378784, "rmse_9": 0.06124512851238251, "vy_10": 0.11998298019170761, "dpsidt_10": 0.00736459344625473, "rmse_10": 0.06367378681898117}