{"vy": 0.36526376008987427, "dpsidt": 0.0814657062292099, "rmse": 0.22336474061012268}