{"vy": 0.3550577461719513, "dpsidt": 0.10700976848602295, "rmse": 0.23103375732898712}