{"vy": 0.3655524253845215, "dpsidt": 0.08738943189382553, "rmse": 0.2264709323644638, "vy_": 0.1106765866279602, "dpsidt_": 0.007325259502977133, "rmse_": 0.05900092422962189}