{"vy": 0.40017786622047424, "dpsidt": 0.09316304326057434, "rmse": 0.2466704547405243}