{"vy": 0.3822888135910034, "dpsidt": 0.08141959458589554, "rmse": 0.23185420036315918}