{"vy": 0.39249131083488464, "dpsidt": 0.08430071175098419, "rmse": 0.23839601874351501}