{"vy": 0.40535715222358704, "dpsidt": 0.10535197705030441, "rmse": 0.25535455346107483}