{"vy_time": [], "dpsidtrmse_time": [], "vy_0.05": 0.016539713367819786, "dpsidt_0.05": 0.0024204037617892027, "rmse_0.05": 0.009480058215558529, "vy_1": 0.05387609452009201, "dpsidt_1": 0.006317841820418835, "rmse_1": 0.03009696863591671, "vy_2": 0.07554702460765839, "dpsidt_2": 0.008015303872525692, "rmse_2": 0.041781164705753326, "vy_3": 0.09013085812330246, "dpsidt_3": 0.008635874837636948, "rmse_3": 0.049383364617824554, "vy_4": 0.09471502155065536, "dpsidt_4": 0.008927160874009132, "rmse_4": 0.051821090281009674, "vy_5": 0.09786614030599594, "dpsidt_5": 0.00890440959483385, "rmse_5": 0.05338527634739876, "vy_6": 0.10214056074619293, "dpsidt_6": 0.009430505335330963, "rmse_6": 0.05578553304076195, "vy_7": 0.11276949197053909, "dpsidt_7": 0.009538049809634686, "rmse_7": 0.06115376949310303, "vy_8": 0.11812685430049896, "dpsidt_8": 0.009730125777423382, "rmse_8": 0.06392849236726761, "vy_9": 0.11971781402826309, "dpsidt_9": 0.010013540275394917, "rmse_9": 0.06486567854881287, "vy_10": 0.12474419921636581, "dpsidt_10": 0.010033323429524899, "rmse_10": 0.06738875806331635}