{"vy": 0.3555372655391693, "dpsidt": 0.0781770870089531, "rmse": 0.2168571799993515}