{"vy": 0.363111674785614, "dpsidt": 0.09781631827354431, "rmse": 0.23046399652957916}