{"vy": 0.40951621532440186, "dpsidt": 0.09231042861938477, "rmse": 0.2509133219718933}