{"vy_time": [], "dpsidtrmse_time": [], "vy_0.05": 0.018372343853116035, "dpsidt_0.05": 0.002339898142963648, "rmse_0.05": 0.010356120765209198, "vy_1": 0.06005401536822319, "dpsidt_1": 0.005255289375782013, "rmse_1": 0.03265465050935745, "vy_2": 0.07623859494924545, "dpsidt_2": 0.006277449894696474, "rmse_2": 0.04125802218914032, "vy_3": 0.0838342234492302, "dpsidt_3": 0.00683827418833971, "rmse_3": 0.045336250215768814, "vy_4": 0.08539737015962601, "dpsidt_4": 0.007021983619779348, "rmse_4": 0.046209678053855896, "vy_5": 0.0888557881116867, "dpsidt_5": 0.007061987649649382, "rmse_5": 0.04795888811349869, "vy_6": 0.0921936109662056, "dpsidt_6": 0.0073714181780815125, "rmse_6": 0.049782514572143555, "vy_7": 0.10138770937919617, "dpsidt_7": 0.007358934264630079, "rmse_7": 0.05437332019209862, "vy_8": 0.10592039674520493, "dpsidt_8": 0.007447209674865007, "rmse_8": 0.05668380483984947, "vy_9": 0.10717792809009552, "dpsidt_9": 0.007652827072888613, "rmse_9": 0.05741537734866142, "vy_10": 0.11116256564855576, "dpsidt_10": 0.007650004234164953, "rmse_10": 0.05940628424286842}