{"vy": 0.37517663836479187, "dpsidt": 0.10397583246231079, "rmse": 0.23957623541355133}