{"vy": 0.40936192870140076, "dpsidt": 0.09633463621139526, "rmse": 0.2528482675552368, "vy_": 0.12394056469202042, "dpsidt_": 0.008075075224041939, "rmse_": 0.0660078227519989}