{"vy": 0.4153446853160858, "dpsidt": 0.09386629611253738, "rmse": 0.2546055018901825}