{"vy_time": [], "dpsidtrmse_time": [], "vy_0.05": 0.019815415143966675, "dpsidt_0.05": 0.0035198242403566837, "rmse_0.05": 0.011667619459331036, "vy_1": 0.057902269065380096, "dpsidt_1": 0.006091856863349676, "rmse_1": 0.031997062265872955, "vy_2": 0.07346007972955704, "dpsidt_2": 0.006665884517133236, "rmse_2": 0.040062982589006424, "vy_3": 0.08185598254203796, "dpsidt_3": 0.007632932625710964, "rmse_3": 0.04474445804953575, "vy_4": 0.08479800820350647, "dpsidt_4": 0.007582141552120447, "rmse_4": 0.04619007557630539, "vy_5": 0.08768535405397415, "dpsidt_5": 0.007531378883868456, "rmse_5": 0.04760836809873581, "vy_6": 0.09074806421995163, "dpsidt_6": 0.007515374105423689, "rmse_6": 0.049131717532873154, "vy_7": 0.10018934309482574, "dpsidt_7": 0.007485438138246536, "rmse_7": 0.05383738875389099, "vy_8": 0.10478604584932327, "dpsidt_8": 0.0074386135675013065, "rmse_8": 0.05611233040690422, "vy_9": 0.10588128119707108, "dpsidt_9": 0.007469006814062595, "rmse_9": 0.05667514353990555, "vy_10": 0.10954302549362183, "dpsidt_10": 0.007434261962771416, "rmse_10": 0.058488644659519196}