{"vy": 0.4190889596939087, "dpsidt": 0.0958193838596344, "rmse": 0.25745415687561035}