{"vy": 0.4465855360031128, "dpsidt": 0.11612926423549652, "rmse": 0.28135740756988525}