{"vy": 0.40932682156562805, "dpsidt": 0.1184389516711235, "rmse": 0.2638828754425049}