{"vy": 0.38479718565940857, "dpsidt": 0.09768196940422058, "rmse": 0.24123957753181458}