{"vy": 0.38747164607048035, "dpsidt": 0.10121707618236542, "rmse": 0.24434435367584229}