{"vy": 0.41695713996887207, "dpsidt": 0.0841984897851944, "rmse": 0.25057780742645264}