{"vy_time": [], "dpsidtrmse_time": [], "vy_0.05": 0.016493817791342735, "dpsidt_0.05": 0.00230014999397099, "rmse_0.05": 0.009396984241902828, "vy_1": 0.053843554109334946, "dpsidt_1": 0.005973313469439745, "rmse_1": 0.0299084335565567, "vy_2": 0.07484354078769684, "dpsidt_2": 0.008728530257940292, "rmse_2": 0.041786037385463715, "vy_3": 0.08852282911539078, "dpsidt_3": 0.009429152123630047, "rmse_3": 0.04897598922252655, "vy_4": 0.09207279235124588, "dpsidt_4": 0.00973580777645111, "rmse_4": 0.050904300063848495, "vy_5": 0.09534984081983566, "dpsidt_5": 0.009826717898249626, "rmse_5": 0.05258828029036522, "vy_6": 0.09968933463096619, "dpsidt_6": 0.010388722643256187, "rmse_6": 0.05503902956843376, "vy_7": 0.11007096618413925, "dpsidt_7": 0.010661261156201363, "rmse_7": 0.06036611273884773, "vy_8": 0.11535187065601349, "dpsidt_8": 0.01087385043501854, "rmse_8": 0.06311286240816116, "vy_9": 0.11690138280391693, "dpsidt_9": 0.011224978603422642, "rmse_9": 0.0640631839632988, "vy_10": 0.12197305262088776, "dpsidt_10": 0.011241894215345383, "rmse_10": 0.06660747528076172}