{"vy": 0.3942359983921051, "dpsidt": 0.11069223284721375, "rmse": 0.2524641156196594}