{"vy_0.05": 0.017547419294714928, "vy_1": 0.05658707022666931, "vy_2": 0.07380235940217972, "vy_3": 0.08415409177541733, "vy_4": 0.08657548576593399, "vy_5": 0.09094507247209549, "vy_6": 0.09435433149337769, "vy_7": 0.10429958254098892, "vy_8": 0.10936654359102249, "vy_9": 0.11085333675146103, "vy_10": 0.11543497443199158, "dpsidt_0.05": 0.0024387177545577288, "dpsidt_1": 0.005528395064175129, "dpsidt_2": 0.006478684488683939, "dpsidt_3": 0.00709345331415534, "dpsidt_4": 0.007268393877893686, "dpsidt_5": 0.0072783054783940315, "dpsidt_6": 0.007616129238158464, "dpsidt_7": 0.007564823143184185, "dpsidt_8": 0.00766677176579833, "dpsidt_9": 0.007868653163313866, "dpsidt_10": 0.007874546572566032, "rmse_0.05": 0.009993068873882294, "rmse_1": 0.031057732179760933, "rmse_2": 0.04014052078127861, "rmse_3": 0.0456237718462944, "rmse_4": 0.04692193865776062, "rmse_5": 0.04911169037222862, "rmse_6": 0.05098523199558258, "rmse_7": 0.05593220144510269, "rmse_8": 0.05851665884256363, "rmse_9": 0.05936099588871002, "rmse_10": 0.06165476143360138}