{"vy": 0.37528374791145325, "dpsidt": 0.11305698752403259, "rmse": 0.24417036771774292}