{"vy": 0.4056585729122162, "dpsidt": 0.08449151366949081, "rmse": 0.2450750470161438}