{"vy": 0.45236265659332275, "dpsidt": 0.10554077476263046, "rmse": 0.2789517045021057}