{"vy": 0.37467098236083984, "dpsidt": 0.10188369452953339, "rmse": 0.2382773458957672}