{"vy": 0.39203694462776184, "dpsidt": 0.09437104314565659, "rmse": 0.2432039976119995}