{"vy": 0.39109131693840027, "dpsidt": 0.09367422014474869, "rmse": 0.24238276481628418}