{"vy": 0.3592461049556732, "dpsidt": 0.08632645010948181, "rmse": 0.22278627753257751}