{"vy": 0.42047980427742004, "dpsidt": 0.09732098132371902, "rmse": 0.25890040397644043}