{"vy_0.05": 0.016863632947206497, "vy_1": 0.0536823496222496, "vy_2": 0.0753260925412178, "vy_3": 0.0867326483130455, "vy_4": 0.09001866728067398, "vy_5": 0.09234689921140671, "vy_6": 0.09674355387687683, "vy_7": 0.10675928741693497, "vy_8": 0.11131355166435242, "vy_9": 0.11257590353488922, "vy_10": 0.11685751378536224, "dpsidt_0.05": 0.0027055481914430857, "dpsidt_1": 0.00665166974067688, "dpsidt_2": 0.00749006774276495, "dpsidt_3": 0.0080162538215518, "dpsidt_4": 0.008097648620605469, "dpsidt_5": 0.007994657382369041, "dpsidt_6": 0.00832266453653574, "dpsidt_7": 0.008237210102379322, "dpsidt_8": 0.008343094028532505, "dpsidt_9": 0.00852371845394373, "dpsidt_10": 0.008518391288816929, "rmse_0.05": 0.00978459045290947, "rmse_1": 0.03016700968146324, "rmse_2": 0.041408080607652664, "rmse_3": 0.04737444967031479, "rmse_4": 0.049058157950639725, "rmse_5": 0.05017077922821045, "rmse_6": 0.052533108741045, "rmse_7": 0.057498250156641006, "rmse_8": 0.059828322380781174, "rmse_9": 0.06054981052875519, "rmse_10": 0.0626879557967186}