{"vy_time": [], "dpsidtrmse_time": [], "vy_0.05": 0.01781858131289482, "dpsidt_0.05": 0.003040160983800888, "rmse_0.05": 0.010429371148347855, "vy_1": 0.05540439859032631, "dpsidt_1": 0.0060261269100010395, "rmse_1": 0.03071526251733303, "vy_2": 0.07403858006000519, "dpsidt_2": 0.006659301929175854, "rmse_2": 0.04034893959760666, "vy_3": 0.0869060829281807, "dpsidt_3": 0.007718684151768684, "rmse_3": 0.047312382608652115, "vy_4": 0.09135980904102325, "dpsidt_4": 0.0075991470366716385, "rmse_4": 0.04947947710752487, "vy_5": 0.09600818902254105, "dpsidt_5": 0.0076197064481675625, "rmse_5": 0.05181394889950752, "vy_6": 0.09910417348146439, "dpsidt_6": 0.0077126603573560715, "rmse_6": 0.0534084178507328, "vy_7": 0.11014673113822937, "dpsidt_7": 0.007589750457555056, "rmse_7": 0.05886824056506157, "vy_8": 0.11562388390302658, "dpsidt_8": 0.007599871605634689, "rmse_8": 0.061611875891685486, "vy_9": 0.1173977479338646, "dpsidt_9": 0.007705357391387224, "rmse_9": 0.06255155056715012, "vy_10": 0.12228340655565262, "dpsidt_10": 0.007707045879215002, "rmse_10": 0.06499522924423218}