{"vy": 0.35408860445022583, "dpsidt": 0.09140223264694214, "rmse": 0.22274541854858398, "vy_": 0.10720573365688324, "dpsidt_": 0.00766162620857358, "rmse_": 0.057433679699897766}