{"vy_time": [], "dpsidtrmse_time": [], "vy_0.05": 0.017513960599899292, "dpsidt_0.05": 0.002928783418610692, "rmse_0.05": 0.010221372358500957, "vy_1": 0.05613875389099121, "dpsidt_1": 0.006179171148687601, "rmse_1": 0.031158963218331337, "vy_2": 0.07553566247224808, "dpsidt_2": 0.006546651478856802, "rmse_2": 0.04104115813970566, "vy_3": 0.0877004861831665, "dpsidt_3": 0.007313602138310671, "rmse_3": 0.047507043927907944, "vy_4": 0.09196047484874725, "dpsidt_4": 0.007276012096554041, "rmse_4": 0.04961824417114258, "vy_5": 0.09491652250289917, "dpsidt_5": 0.007314914371818304, "rmse_5": 0.051115717738866806, "vy_6": 0.09874904900789261, "dpsidt_6": 0.007506751921027899, "rmse_6": 0.05312789976596832, "vy_7": 0.10920973122119904, "dpsidt_7": 0.007390241138637066, "rmse_7": 0.05829998478293419, "vy_8": 0.11416267603635788, "dpsidt_8": 0.007436713203787804, "rmse_8": 0.060799695551395416, "vy_9": 0.11554481089115143, "dpsidt_9": 0.0075597637332975864, "rmse_9": 0.06155228614807129, "vy_10": 0.11982983350753784, "dpsidt_10": 0.0075661055743694305, "rmse_10": 0.06369797140359879}