{"vy": 0.36665013432502747, "dpsidt": 0.08499164134263992, "rmse": 0.2258208841085434}