{"vy": 0.37914711236953735, "dpsidt": 0.10490015894174576, "rmse": 0.24202363193035126}