{"vy": 0.4350740313529968, "dpsidt": 0.09115174412727356, "rmse": 0.2631129026412964}