{"vy": 0.3817436099052429, "dpsidt": 0.08810091018676758, "rmse": 0.23492226004600525}