{"vy_0.05": 0.017966559156775475, "vy_1": 0.058887965977191925, "vy_2": 0.07488461583852768, "vy_3": 0.08308982104063034, "vy_4": 0.08516816794872284, "vy_5": 0.08842496573925018, "vy_6": 0.09157797694206238, "vy_7": 0.10097245872020721, "vy_8": 0.10561494529247284, "vy_9": 0.10683093965053558, "vy_10": 0.11078036576509476, "dpsidt_0.05": 0.0023349353577941656, "dpsidt_1": 0.005198527593165636, "dpsidt_2": 0.006479059346020222, "dpsidt_3": 0.007400317583233118, "dpsidt_4": 0.007506812456995249, "dpsidt_5": 0.007438902277499437, "dpsidt_6": 0.007632459979504347, "dpsidt_7": 0.007621870841830969, "dpsidt_8": 0.007666122168302536, "dpsidt_9": 0.007771302945911884, "dpsidt_10": 0.007676600478589535, "rmse_0.05": 0.010150747373700142, "rmse_1": 0.032043248414993286, "rmse_2": 0.04068183898925781, "rmse_3": 0.04524507001042366, "rmse_4": 0.046337489038705826, "rmse_5": 0.047931935638189316, "rmse_6": 0.04960521683096886, "rmse_7": 0.05429716408252716, "rmse_8": 0.05664053559303284, "rmse_9": 0.057301122695207596, "rmse_10": 0.05922848358750343}