{"vy_time": [], "dpsidtrmse_time": [], "vy_0.05": 0.016530746594071388, "dpsidt_0.05": 0.0022671613842248917, "rmse_0.05": 0.00939895398914814, "vy_1": 0.056024305522441864, "dpsidt_1": 0.0053708902560174465, "rmse_1": 0.030697597190737724, "vy_2": 0.0742301344871521, "dpsidt_2": 0.007352697663009167, "rmse_2": 0.04079141467809677, "vy_3": 0.08888344466686249, "dpsidt_3": 0.00820027943700552, "rmse_3": 0.04854186251759529, "vy_4": 0.0910588875412941, "dpsidt_4": 0.00848445575684309, "rmse_4": 0.04977167025208473, "vy_5": 0.09825146943330765, "dpsidt_5": 0.008435405790805817, "rmse_5": 0.05334343761205673, "vy_6": 0.1021033301949501, "dpsidt_6": 0.008798406459391117, "rmse_6": 0.05545086786150932, "vy_7": 0.11236818879842758, "dpsidt_7": 0.00883982703089714, "rmse_7": 0.06060400605201721, "vy_8": 0.118495874106884, "dpsidt_8": 0.008928143419325352, "rmse_8": 0.06371200829744339, "vy_9": 0.12038291245698929, "dpsidt_9": 0.009121716022491455, "rmse_9": 0.06475231051445007, "vy_10": 0.12576688826084137, "dpsidt_10": 0.009076223708689213, "rmse_10": 0.067421555519104}