{"vy_time": [], "dpsidtrmse_time": [], "vy_0.05": 0.017178768292069435, "dpsidt_0.05": 0.0025256441440433264, "rmse_0.05": 0.009852206334471703, "vy_1": 0.05733129754662514, "dpsidt_1": 0.004970442969352007, "rmse_1": 0.03115087002515793, "vy_2": 0.07581979036331177, "dpsidt_2": 0.006077407393604517, "rmse_2": 0.04094859957695007, "vy_3": 0.08827096223831177, "dpsidt_3": 0.0070002637803554535, "rmse_3": 0.04763561487197876, "vy_4": 0.09244561195373535, "dpsidt_4": 0.007069357205182314, "rmse_4": 0.04975748434662819, "vy_5": 0.09500746428966522, "dpsidt_5": 0.006990102585405111, "rmse_5": 0.050998784601688385, "vy_6": 0.09862814843654633, "dpsidt_6": 0.007140513975173235, "rmse_6": 0.052884332835674286, "vy_7": 0.10904560983181, "dpsidt_7": 0.007039869204163551, "rmse_7": 0.0580427385866642, "vy_8": 0.11405395716428757, "dpsidt_8": 0.007075066212564707, "rmse_8": 0.06056451052427292, "vy_9": 0.115329809486866, "dpsidt_9": 0.007165234535932541, "rmse_9": 0.06124752014875412, "vy_10": 0.11945528537034988, "dpsidt_10": 0.007100135553628206, "rmse_10": 0.0632777139544487}