{"vy": 0.3488250970840454, "dpsidt": 0.07987524569034576, "rmse": 0.214350163936615}