{"vy_time": [], "dpsidtrmse_time": [], "vy_0.05": 0.019027987495064735, "dpsidt_0.05": 0.00238720141351223, "rmse_0.05": 0.010707594454288483, "vy_1": 0.060712460428476334, "dpsidt_1": 0.005085676908493042, "rmse_1": 0.03289906680583954, "vy_2": 0.07632608711719513, "dpsidt_2": 0.006051153410226107, "rmse_2": 0.041188620030879974, "vy_3": 0.08328724652528763, "dpsidt_3": 0.006820145528763533, "rmse_3": 0.045053694397211075, "vy_4": 0.08491898328065872, "dpsidt_4": 0.00692544924095273, "rmse_4": 0.04592221602797508, "vy_5": 0.08876175433397293, "dpsidt_5": 0.006878608372062445, "rmse_5": 0.04782018065452576, "vy_6": 0.09171188622713089, "dpsidt_6": 0.0070426370948553085, "rmse_6": 0.049377262592315674, "vy_7": 0.10076947510242462, "dpsidt_7": 0.007002820260822773, "rmse_7": 0.05388614907860756, "vy_8": 0.10538607090711594, "dpsidt_8": 0.00704999128356576, "rmse_8": 0.05621803179383278, "vy_9": 0.10655197501182556, "dpsidt_9": 0.007165809161961079, "rmse_9": 0.05685889348387718, "vy_10": 0.11046215146780014, "dpsidt_10": 0.007103437092155218, "rmse_10": 0.05878279358148575}