{"vy_time": [], "dpsidtrmse_time": [], "vy_0.05": 0.01618029922246933, "dpsidt_0.05": 0.0023177352268248796, "rmse_0.05": 0.00924901757389307, "vy_1": 0.05298556759953499, "dpsidt_1": 0.005511285271495581, "rmse_1": 0.029248425737023354, "vy_2": 0.07627697288990021, "dpsidt_2": 0.007244838867336512, "rmse_2": 0.04176090657711029, "vy_3": 0.09546869993209839, "dpsidt_3": 0.008176440373063087, "rmse_3": 0.05182256922125816, "vy_4": 0.10112342983484268, "dpsidt_4": 0.008589604869484901, "rmse_4": 0.05485651642084122, "vy_5": 0.10611729323863983, "dpsidt_5": 0.008541355840861797, "rmse_5": 0.05732932314276695, "vy_6": 0.1096917986869812, "dpsidt_6": 0.009014949202537537, "rmse_6": 0.05935337394475937, "vy_7": 0.12109440565109253, "dpsidt_7": 0.009007340297102928, "rmse_7": 0.06505087018013, "vy_8": 0.12748990952968597, "dpsidt_8": 0.009166490286588669, "rmse_8": 0.06832820177078247, "vy_9": 0.12961889803409576, "dpsidt_9": 0.009411347098648548, "rmse_9": 0.06951512396335602, "vy_10": 0.13536325097084045, "dpsidt_10": 0.009435332380235195, "rmse_10": 0.07239928841590881}