{"vy_time": [], "dpsidtrmse_time": [], "vy_0.05": 0.01731492578983307, "dpsidt_0.05": 0.002601421205326915, "rmse_0.05": 0.009958173148334026, "vy_1": 0.05584307760000229, "dpsidt_1": 0.006338281556963921, "rmse_1": 0.03109068050980568, "vy_2": 0.0746198371052742, "dpsidt_2": 0.00710308225825429, "rmse_2": 0.04086146131157875, "vy_3": 0.0886211022734642, "dpsidt_3": 0.007859819568693638, "rmse_3": 0.04824046045541763, "vy_4": 0.09177534282207489, "dpsidt_4": 0.007979639805853367, "rmse_4": 0.04987749084830284, "vy_5": 0.09669771045446396, "dpsidt_5": 0.007973945699632168, "rmse_5": 0.05233582854270935, "vy_6": 0.10024962574243546, "dpsidt_6": 0.00835519190877676, "rmse_6": 0.054302409291267395, "vy_7": 0.11104203760623932, "dpsidt_7": 0.008279534988105297, "rmse_7": 0.059660784900188446, "vy_8": 0.11665500700473785, "dpsidt_8": 0.008418834768235683, "rmse_8": 0.06253691762685776, "vy_9": 0.11835446953773499, "dpsidt_9": 0.008613204583525658, "rmse_9": 0.0634838342666626, "vy_10": 0.12363714724779129, "dpsidt_10": 0.008662627078592777, "rmse_10": 0.06614989042282104}