{"vy_time": [], "dpsidtrmse_time": [], "vy_0.05": 0.017423594370484352, "dpsidt_0.05": 0.002270577009767294, "rmse_0.05": 0.009847085922956467, "vy_1": 0.058409929275512695, "dpsidt_1": 0.0052297175861895084, "rmse_1": 0.03181982412934303, "vy_2": 0.07562926411628723, "dpsidt_2": 0.0070057520642876625, "rmse_2": 0.04131750762462616, "vy_3": 0.08506093919277191, "dpsidt_3": 0.007660136092454195, "rmse_3": 0.04636053740978241, "vy_4": 0.08692207932472229, "dpsidt_4": 0.007916483096778393, "rmse_4": 0.04741927981376648, "vy_5": 0.08978800475597382, "dpsidt_5": 0.007997591979801655, "rmse_5": 0.0488927997648716, "vy_6": 0.09348054975271225, "dpsidt_6": 0.00842201616615057, "rmse_6": 0.0509512834250927, "vy_7": 0.10312362015247345, "dpsidt_7": 0.008510167710483074, "rmse_7": 0.0558168925344944, "vy_8": 0.10768507421016693, "dpsidt_8": 0.008621451444923878, "rmse_8": 0.058153264224529266, "vy_9": 0.10901758074760437, "dpsidt_9": 0.008893493562936783, "rmse_9": 0.05895553529262543, "vy_10": 0.11316858232021332, "dpsidt_10": 0.008904089219868183, "rmse_10": 0.06103633716702461}