{"vy": 0.3882777690887451, "dpsidt": 0.08499778062105179, "rmse": 0.23663777112960815}