{"vy_time": [], "dpsidtrmse_time": [], "vy_0.05": 0.01710583083331585, "dpsidt_0.05": 0.002458932576701045, "rmse_0.05": 0.009782381355762482, "vy_1": 0.05524792522192001, "dpsidt_1": 0.006273373495787382, "rmse_1": 0.03076064959168434, "vy_2": 0.07464881241321564, "dpsidt_2": 0.007468797732144594, "rmse_2": 0.04105880483984947, "vy_3": 0.08961118012666702, "dpsidt_3": 0.008318265900015831, "rmse_3": 0.048964723944664, "vy_4": 0.09325576573610306, "dpsidt_4": 0.00857851468026638, "rmse_4": 0.050917141139507294, "vy_5": 0.09863297641277313, "dpsidt_5": 0.008507855236530304, "rmse_5": 0.05357041582465172, "vy_6": 0.10274484008550644, "dpsidt_6": 0.00897960364818573, "rmse_6": 0.055862221866846085, "vy_7": 0.11347249150276184, "dpsidt_7": 0.00895622931420803, "rmse_7": 0.06121436133980751, "vy_8": 0.11948724836111069, "dpsidt_8": 0.009142989292740822, "rmse_8": 0.06431511789560318, "vy_9": 0.12145029008388519, "dpsidt_9": 0.009373060427606106, "rmse_9": 0.06541167199611664, "vy_10": 0.1271824836730957, "dpsidt_10": 0.009426327422261238, "rmse_10": 0.0683044046163559}