{"vy": 0.3804270029067993, "dpsidt": 0.08924226462841034, "rmse": 0.23483464121818542}