{"vy": 0.3633013367652893, "dpsidt": 0.08959734439849854, "rmse": 0.22644934058189392}