{"vy": 0.3855293393135071, "dpsidt": 0.08764000982046127, "rmse": 0.23658467829227448, "vy_": 0.1167249009013176, "dpsidt_": 0.007346264086663723, "rmse_": 0.06203558295965195}