{"vy": 0.3654964566230774, "dpsidt": 0.09863891452550888, "rmse": 0.23206768929958344}