{"vy": 0.3851422071456909, "dpsidt": 0.09871076792478561, "rmse": 0.24192649126052856, "vy_": 0.11660769581794739, "dpsidt_": 0.008274250663816929, "rmse_": 0.06244097277522087}