{"vy_0.05": 0.017111649736762047, "vy_1": 0.05619754642248154, "vy_2": 0.0744905173778534, "vy_3": 0.08604779839515686, "vy_4": 0.08836600929498672, "vy_5": 0.09251436591148376, "vy_6": 0.09643768519163132, "vy_7": 0.10658186674118042, "vy_8": 0.11159297823905945, "vy_9": 0.11319492757320404, "vy_10": 0.11803373694419861, "dpsidt_0.05": 0.002279252978041768, "dpsidt_1": 0.005522184539586306, "dpsidt_2": 0.006991567090153694, "dpsidt_3": 0.007585919927805662, "dpsidt_4": 0.007890363223850727, "dpsidt_5": 0.007951699197292328, "dpsidt_6": 0.008446617983281612, "dpsidt_7": 0.00850547943264246, "dpsidt_8": 0.008658603765070438, "dpsidt_9": 0.008948796428740025, "dpsidt_10": 0.008985825814306736, "rmse_0.05": 0.009695451706647873, "rmse_1": 0.030859865248203278, "rmse_2": 0.04074104130268097, "rmse_3": 0.046816859394311905, "rmse_4": 0.04812818765640259, "rmse_5": 0.050233032554388046, "rmse_6": 0.05244215205311775, "rmse_7": 0.05754367262125015, "rmse_8": 0.060125790536403656, "rmse_9": 0.061071861535310745, "rmse_10": 0.06350978463888168}