{"vy": 0.37667733430862427, "dpsidt": 0.10231553763151169, "rmse": 0.23949643969535828}