{"vy": 0.3667007088661194, "dpsidt": 0.08676464855670929, "rmse": 0.22673267126083374}