{"vy": 0.3933301270008087, "dpsidt": 0.10982219129800797, "rmse": 0.25157615542411804}