{"vy_time": [], "dpsidtrmse_time": [], "vy_0.05": 0.017438586801290512, "dpsidt_0.05": 0.002477561356499791, "rmse_0.05": 0.009958074428141117, "vy_1": 0.0567743219435215, "dpsidt_1": 0.006297774147242308, "rmse_1": 0.0315360464155674, "vy_2": 0.07588744163513184, "dpsidt_2": 0.007342089898884296, "rmse_2": 0.04161476716399193, "vy_3": 0.09020628035068512, "dpsidt_3": 0.007815394550561905, "rmse_3": 0.04901083558797836, "vy_4": 0.09306862205266953, "dpsidt_4": 0.008111687377095222, "rmse_4": 0.0505901537835598, "vy_5": 0.09815222024917603, "dpsidt_5": 0.00816226564347744, "rmse_5": 0.05315724387764931, "vy_6": 0.10170047730207443, "dpsidt_6": 0.008691016584634781, "rmse_6": 0.055195748805999756, "vy_7": 0.11251290142536163, "dpsidt_7": 0.008721884340047836, "rmse_7": 0.060617394745349884, "vy_8": 0.11805593222379684, "dpsidt_8": 0.008913191966712475, "rmse_8": 0.0634845644235611, "vy_9": 0.11978848278522491, "dpsidt_9": 0.009200545027852058, "rmse_9": 0.06449451297521591, "vy_10": 0.12513959407806396, "dpsidt_10": 0.009252662770450115, "rmse_10": 0.06719613075256348}