{"vy": 0.3610665798187256, "dpsidt": 0.0881015956401825, "rmse": 0.22458408772945404}