{"vy": 0.4117315113544464, "dpsidt": 0.08560318499803543, "rmse": 0.24866734445095062}