{"vy_time": [], "dpsidtrmse_time": [], "vy_0.05": 0.016971424221992493, "dpsidt_0.05": 0.0022988682612776756, "rmse_0.05": 0.009635146707296371, "vy_1": 0.05671714246273041, "dpsidt_1": 0.006027182098478079, "rmse_1": 0.03137216344475746, "vy_2": 0.07477471977472305, "dpsidt_2": 0.007969374768435955, "rmse_2": 0.04137204587459564, "vy_3": 0.08756563067436218, "dpsidt_3": 0.008761445060372353, "rmse_3": 0.04816353693604469, "vy_4": 0.09040138125419617, "dpsidt_4": 0.009148920886218548, "rmse_4": 0.049775149673223495, "vy_5": 0.09662047028541565, "dpsidt_5": 0.009111590683460236, "rmse_5": 0.05286603048443794, "vy_6": 0.10171526670455933, "dpsidt_6": 0.009679601527750492, "rmse_6": 0.05569743365049362, "vy_7": 0.11152850836515427, "dpsidt_7": 0.009796700440347195, "rmse_7": 0.06066260486841202, "vy_8": 0.11771032214164734, "dpsidt_8": 0.01004120334982872, "rmse_8": 0.06387576460838318, "vy_9": 0.11980954557657242, "dpsidt_9": 0.010339489206671715, "rmse_9": 0.06507451832294464, "vy_10": 0.12527887523174286, "dpsidt_10": 0.010377909988164902, "rmse_10": 0.06782839447259903}