{"vy": 0.37345945835113525, "dpsidt": 0.10624584555625916, "rmse": 0.2398526519536972}