{"vy": 0.4129008650779724, "dpsidt": 0.0981457307934761, "rmse": 0.25552329421043396}