{"vy": 0.3733919858932495, "dpsidt": 0.10729110985994339, "rmse": 0.24034154415130615, "vy_": 0.11305012553930283, "dpsidt_": 0.00899348221719265, "rmse_": 0.06102180480957031}