{"vy": 0.41471078991889954, "dpsidt": 0.09471797943115234, "rmse": 0.25471436977386475, "vy_": 0.12556001543998718, "dpsidt_": 0.007939563132822514, "rmse_": 0.06674978882074356}