{"vy": 0.38353419303894043, "dpsidt": 0.11201504617929459, "rmse": 0.2477746158838272}