{"vy": 0.4249773919582367, "dpsidt": 0.10029296576976776, "rmse": 0.26263517141342163}