{"vy": 0.42177003622055054, "dpsidt": 0.08948184549808502, "rmse": 0.2556259334087372, "vy_": 0.12769731879234314, "dpsidt_": 0.007500652689486742, "rmse_": 0.06759898364543915}