{"vy": 0.3576591908931732, "dpsidt": 0.10038889944553375, "rmse": 0.22902405261993408}