{"vy": 0.3950750529766083, "dpsidt": 0.08374430984258652, "rmse": 0.2394096851348877}