{"vy": 0.4443952739238739, "dpsidt": 0.09865089505910873, "rmse": 0.2715230882167816, "vy_": 0.13454745709896088, "dpsidt_": 0.008269231766462326, "rmse_": 0.07140834629535675}