{"vy": 0.377661794424057, "dpsidt": 0.08605309575796127, "rmse": 0.23185744881629944}