{"vy": 0.38642317056655884, "dpsidt": 0.10077236592769623, "rmse": 0.24359777569770813}