{"vy": 0.3892365097999573, "dpsidt": 0.08013161271810532, "rmse": 0.2346840649843216}