{"vy": 0.375338077545166, "dpsidt": 0.08408628404140472, "rmse": 0.22971218824386597}