{"vy_0.05": 0.017599673941731453, "vy_1": 0.05800629407167435, "vy_2": 0.07446219772100449, "vy_3": 0.08472844958305359, "vy_4": 0.08674697577953339, "vy_5": 0.09205750375986099, "vy_6": 0.09564907103776932, "vy_7": 0.10527941584587097, "vy_8": 0.11043593287467957, "vy_9": 0.11190277338027954, "vy_10": 0.11650971323251724, "dpsidt_0.05": 0.0022096720058470964, "dpsidt_1": 0.004960266873240471, "dpsidt_2": 0.006805931683629751, "dpsidt_3": 0.007491943892091513, "dpsidt_4": 0.0077028898522257805, "dpsidt_5": 0.00772675359621644, "dpsidt_6": 0.008091764524579048, "dpsidt_7": 0.00814364105463028, "dpsidt_8": 0.008235307410359383, "dpsidt_9": 0.008473883382976055, "dpsidt_10": 0.008466280065476894, "rmse_0.05": 0.00990467332303524, "rmse_1": 0.031483281403779984, "rmse_2": 0.04063406586647034, "rmse_3": 0.04611019790172577, "rmse_4": 0.04722493141889572, "rmse_5": 0.0498921275138855, "rmse_6": 0.05187041684985161, "rmse_7": 0.056711528450250626, "rmse_8": 0.0593356192111969, "rmse_9": 0.060188326984643936, "rmse_10": 0.062487997114658356}