{"vy": 0.39693447947502136, "dpsidt": 0.11021195352077484, "rmse": 0.2535732090473175}