{"vy_time": [], "dpsidtrmse_time": [], "vy_0.05": 0.016424210742115974, "dpsidt_0.05": 0.0023163428995758295, "rmse_0.05": 0.00937027670443058, "vy_1": 0.05473748967051506, "dpsidt_1": 0.005720732733607292, "rmse_1": 0.0302291102707386, "vy_2": 0.07611215859651566, "dpsidt_2": 0.007170100696384907, "rmse_2": 0.04164113104343414, "vy_3": 0.09343931078910828, "dpsidt_3": 0.008086957037448883, "rmse_3": 0.05076313391327858, "vy_4": 0.09760136157274246, "dpsidt_4": 0.008495872840285301, "rmse_4": 0.053048618137836456, "vy_5": 0.10294552892446518, "dpsidt_5": 0.008503655903041363, "rmse_5": 0.05572459101676941, "vy_6": 0.1070096418261528, "dpsidt_6": 0.00904050376266241, "rmse_6": 0.05802507326006889, "vy_7": 0.1180165559053421, "dpsidt_7": 0.009041758254170418, "rmse_7": 0.06352915614843369, "vy_8": 0.12408797442913055, "dpsidt_8": 0.009217950515449047, "rmse_8": 0.06665296107530594, "vy_9": 0.12617851793766022, "dpsidt_9": 0.009488367475569248, "rmse_9": 0.06783344596624374, "vy_10": 0.1319887638092041, "dpsidt_10": 0.009549375623464584, "rmse_10": 0.07076907157897949}