{"vy_time": [], "dpsidtrmse_time": [], "vy_0.05": 0.01894686557352543, "dpsidt_0.05": 0.003055587410926819, "rmse_0.05": 0.011001226492226124, "vy_1": 0.05938512831926346, "dpsidt_1": 0.005699675064533949, "rmse_1": 0.0325424000620842, "vy_2": 0.07497234642505646, "dpsidt_2": 0.006092109251767397, "rmse_2": 0.040532227605581284, "vy_3": 0.0839369148015976, "dpsidt_3": 0.006972637493163347, "rmse_3": 0.04545477777719498, "vy_4": 0.08706065267324448, "dpsidt_4": 0.006948042195290327, "rmse_4": 0.047004345804452896, "vy_5": 0.09008167684078217, "dpsidt_5": 0.006959393620491028, "rmse_5": 0.0485205352306366, "vy_6": 0.0930652916431427, "dpsidt_6": 0.00700696837157011, "rmse_6": 0.05003612861037254, "vy_7": 0.10283404588699341, "dpsidt_7": 0.006912838667631149, "rmse_7": 0.05487344413995743, "vy_8": 0.10763069242238998, "dpsidt_8": 0.00690331868827343, "rmse_8": 0.05726700648665428, "vy_9": 0.10880500823259354, "dpsidt_9": 0.006962456740438938, "rmse_9": 0.05788373202085495, "vy_10": 0.11263479292392731, "dpsidt_10": 0.006939519662410021, "rmse_10": 0.05978715792298317}