{"vy": 0.3678452968597412, "dpsidt": 0.11599720269441605, "rmse": 0.24192124605178833}