{"vy_time": [], "dpsidtrmse_time": [], "vy_0.05": 0.018707331269979477, "dpsidt_0.05": 0.0023903190158307552, "rmse_0.05": 0.01054882537573576, "vy_1": 0.06032703444361687, "dpsidt_1": 0.005006901919841766, "rmse_1": 0.03266696631908417, "vy_2": 0.07547801733016968, "dpsidt_2": 0.005892273969948292, "rmse_2": 0.04068514704704285, "vy_3": 0.08368594944477081, "dpsidt_3": 0.006736066658049822, "rmse_3": 0.04521100968122482, "vy_4": 0.08610771596431732, "dpsidt_4": 0.0068407682701945305, "rmse_4": 0.046474240720272064, "vy_5": 0.09063957631587982, "dpsidt_5": 0.006798607762902975, "rmse_5": 0.04871909320354462, "vy_6": 0.09335542470216751, "dpsidt_6": 0.006960554048418999, "rmse_6": 0.05015799030661583, "vy_7": 0.1029701679944992, "dpsidt_7": 0.006900004576891661, "rmse_7": 0.05493508651852608, "vy_8": 0.10779400169849396, "dpsidt_8": 0.006934773176908493, "rmse_8": 0.057364389300346375, "vy_9": 0.10910915583372116, "dpsidt_9": 0.00704409321770072, "rmse_9": 0.05807662382721901, "vy_10": 0.11326225101947784, "dpsidt_10": 0.006971993017941713, "rmse_10": 0.060117121785879135}