{"vy": 0.36169031262397766, "dpsidt": 0.10104603320360184, "rmse": 0.23136816918849945}