{"vy": 0.41070646047592163, "dpsidt": 0.08786320686340332, "rmse": 0.24928483366966248}