{"vy": 0.34310010075569153, "dpsidt": 0.0801907405257225, "rmse": 0.21164542436599731}