{"vy": 0.3724540174007416, "dpsidt": 0.09638353437185287, "rmse": 0.23441877961158752}