{"vy": 0.41922226548194885, "dpsidt": 0.08964908868074417, "rmse": 0.2544356882572174}