{"vy": 0.39465948939323425, "dpsidt": 0.1245398223400116, "rmse": 0.2595996558666229}