{"vy": 0.3628711700439453, "dpsidt": 0.10466016083955765, "rmse": 0.23376566171646118}