{"vy": 0.418525755405426, "dpsidt": 0.09261861443519592, "rmse": 0.25557219982147217, "vy_": 0.1267150640487671, "dpsidt_": 0.007763586938381195, "rmse_": 0.06723932921886444}