{"vy": 0.38499152660369873, "dpsidt": 0.10747819393873215, "rmse": 0.24623486399650574}