{"vy": 0.4010745584964752, "dpsidt": 0.10225283354520798, "rmse": 0.2516636848449707}