{"vy": 0.4393537938594818, "dpsidt": 0.10645060986280441, "rmse": 0.2729021906852722}