{"vy": 0.4271183907985687, "dpsidt": 0.10283641517162323, "rmse": 0.2649773955345154}