{"vy": 0.3782051205635071, "dpsidt": 0.10798192769289017, "rmse": 0.24309352040290833}