{"vy": 0.3682999908924103, "dpsidt": 0.08775007724761963, "rmse": 0.22802503407001495}