{"vy": 0.41279879212379456, "dpsidt": 0.1118212416768074, "rmse": 0.2623100280761719}