{"vy": 0.38489189743995667, "dpsidt": 0.0841388925909996, "rmse": 0.23451539874076843}