{"vy_time": [], "dpsidtrmse_time": [], "vy_0.05": 0.018731141462922096, "dpsidt_0.05": 0.0023511687759310007, "rmse_0.05": 0.010541155003011227, "vy_1": 0.06068916991353035, "dpsidt_1": 0.0052469209767878056, "rmse_1": 0.03296804428100586, "vy_2": 0.07485493272542953, "dpsidt_2": 0.006535431370139122, "rmse_2": 0.0406951829791069, "vy_3": 0.08349305391311646, "dpsidt_3": 0.007402430288493633, "rmse_3": 0.04544774070382118, "vy_4": 0.0860116183757782, "dpsidt_4": 0.007423577830195427, "rmse_4": 0.04671759903430939, "vy_5": 0.08857742697000504, "dpsidt_5": 0.0072637889534235, "rmse_5": 0.04792060703039169, "vy_6": 0.09118660539388657, "dpsidt_6": 0.0073362309485673904, "rmse_6": 0.049261417239904404, "vy_7": 0.1004810482263565, "dpsidt_7": 0.007312140427529812, "rmse_7": 0.053896594792604446, "vy_8": 0.10534335672855377, "dpsidt_8": 0.007334826048463583, "rmse_8": 0.056339092552661896, "vy_9": 0.1063128262758255, "dpsidt_9": 0.007387370802462101, "rmse_9": 0.05685009807348251, "vy_10": 0.10997221618890762, "dpsidt_10": 0.007266153581440449, "rmse_10": 0.0586191862821579}