{"vy": 0.4013434648513794, "dpsidt": 0.10759057849645615, "rmse": 0.2544670104980469}