{"vy": 0.40059515833854675, "dpsidt": 0.10791753232479095, "rmse": 0.25425633788108826}