{"vy": 0.400336891412735, "dpsidt": 0.12057740241289139, "rmse": 0.2604571580886841}