{"vy_time": [], "dpsidtrmse_time": [], "vy_0.05": 0.01916559785604477, "dpsidt_0.05": 0.0025829728692770004, "rmse_0.05": 0.010874285362660885, "vy_1": 0.06133211776614189, "dpsidt_1": 0.00506764417514205, "rmse_1": 0.03319988027215004, "vy_2": 0.0759454220533371, "dpsidt_2": 0.00567182432860136, "rmse_2": 0.04080862179398537, "vy_3": 0.08258616924285889, "dpsidt_3": 0.0065769930370152, "rmse_3": 0.0445815809071064, "vy_4": 0.08425775170326233, "dpsidt_4": 0.006628870964050293, "rmse_4": 0.04544331133365631, "vy_5": 0.08721862733364105, "dpsidt_5": 0.006533498410135508, "rmse_5": 0.04687606170773506, "vy_6": 0.08992739021778107, "dpsidt_6": 0.006568217650055885, "rmse_6": 0.0482478030025959, "vy_7": 0.09870181977748871, "dpsidt_7": 0.006477073300629854, "rmse_7": 0.05258944630622864, "vy_8": 0.103112131357193, "dpsidt_8": 0.006473584566265345, "rmse_8": 0.0547928586602211, "vy_9": 0.10405575484037399, "dpsidt_9": 0.006515357177704573, "rmse_9": 0.05528555437922478, "vy_10": 0.10759040713310242, "dpsidt_10": 0.0064351982437074184, "rmse_10": 0.057012803852558136}