{"vy": 0.39153966307640076, "dpsidt": 0.09403949975967407, "rmse": 0.24278958141803741}