{"vy": 0.4317805767059326, "dpsidt": 0.09345010668039322, "rmse": 0.2626153528690338}