{"vy": 0.3857729732990265, "dpsidt": 0.1037781611084938, "rmse": 0.24477556347846985}