{"vy_time": [], "dpsidtrmse_time": [], "vy_0.05": 0.016718732193112373, "dpsidt_0.05": 0.002196884946897626, "rmse_0.05": 0.009457808919250965, "vy_1": 0.05696449428796768, "dpsidt_1": 0.005055088549852371, "rmse_1": 0.031009791418910027, "vy_2": 0.07550446689128876, "dpsidt_2": 0.006920637562870979, "rmse_2": 0.041212551295757294, "vy_3": 0.08854493498802185, "dpsidt_3": 0.007854433730244637, "rmse_3": 0.04819968342781067, "vy_4": 0.09221712499856949, "dpsidt_4": 0.008030986413359642, "rmse_4": 0.05012405663728714, "vy_5": 0.09617190062999725, "dpsidt_5": 0.007948332466185093, "rmse_5": 0.052060116082429886, "vy_6": 0.09921759366989136, "dpsidt_6": 0.008220292627811432, "rmse_6": 0.053718943148851395, "vy_7": 0.10996446013450623, "dpsidt_7": 0.008233394473791122, "rmse_7": 0.05909892916679382, "vy_8": 0.11523398011922836, "dpsidt_8": 0.008292961865663528, "rmse_8": 0.061763472855091095, "vy_9": 0.11683715134859085, "dpsidt_9": 0.008423707447946072, "rmse_9": 0.06263042986392975, "vy_10": 0.12161820381879807, "dpsidt_10": 0.008350277319550514, "rmse_10": 0.06498423963785172}