{"vy": 0.3696621358394623, "dpsidt": 0.09370101988315582, "rmse": 0.23168158531188965}