{"vy": 0.4372887909412384, "dpsidt": 0.09576205909252167, "rmse": 0.26652541756629944, "vy_": 0.13239586353302002, "dpsidt_": 0.008027080446481705, "rmse_": 0.07021147012710571}