{"vy": 0.3643835186958313, "dpsidt": 0.09118310362100601, "rmse": 0.22778330743312836}