{"vy": 0.38318148255348206, "dpsidt": 0.089161217212677, "rmse": 0.23617134988307953}