{"vy": 0.39813533425331116, "dpsidt": 0.08480821549892426, "rmse": 0.2414717674255371}