{"vy": 0.38296377658843994, "dpsidt": 0.08354279398918152, "rmse": 0.23325328528881073, "vy_": 0.1159481331706047, "dpsidt_": 0.007002823520451784, "rmse_": 0.0614754781126976}