{"vy": 0.35201790928840637, "dpsidt": 0.09774844348430634, "rmse": 0.22488316893577576}