{"vy": 0.3526335060596466, "dpsidt": 0.12885057926177979, "rmse": 0.2407420426607132}