{"vy": 0.3536989092826843, "dpsidt": 0.09680834412574768, "rmse": 0.225253626704216}