{"vy": 0.4768507778644562, "dpsidt": 0.10875953733921051, "rmse": 0.29280516505241394}