{"vy": 0.3740178942680359, "dpsidt": 0.10036621987819672, "rmse": 0.2371920645236969}