{"vy": 0.41381436586380005, "dpsidt": 0.07802640646696091, "rmse": 0.24592038989067078}