{"vy": 0.40370261669158936, "dpsidt": 0.08528462797403336, "rmse": 0.24449361860752106}