{"vy": 0.35248664021492004, "dpsidt": 0.08609108626842499, "rmse": 0.21928885579109192}