{"vy": 0.3961460590362549, "dpsidt": 0.11239531636238098, "rmse": 0.25427067279815674}