{"vy": 0.3590051829814911, "dpsidt": 0.08868648111820221, "rmse": 0.22384583950042725}