{"vy_time": [], "dpsidtrmse_time": [], "vy_0.05": 0.01682901196181774, "dpsidt_0.05": 0.002240528352558613, "rmse_0.05": 0.009534770622849464, "vy_1": 0.055979594588279724, "dpsidt_1": 0.00484301894903183, "rmse_1": 0.030411306768655777, "vy_2": 0.07438794523477554, "dpsidt_2": 0.006318417377769947, "rmse_2": 0.04035318270325661, "vy_3": 0.08866745978593826, "dpsidt_3": 0.007266751490533352, "rmse_3": 0.047967106103897095, "vy_4": 0.09111468493938446, "dpsidt_4": 0.007488876581192017, "rmse_4": 0.04930178076028824, "vy_5": 0.09786145389080048, "dpsidt_5": 0.0074600339867174625, "rmse_5": 0.0526607446372509, "vy_6": 0.1012255996465683, "dpsidt_6": 0.007773869205266237, "rmse_6": 0.054499734193086624, "vy_7": 0.1119275912642479, "dpsidt_7": 0.007684965617954731, "rmse_7": 0.059806279838085175, "vy_8": 0.11799921095371246, "dpsidt_8": 0.00776916416361928, "rmse_8": 0.06288418918848038, "vy_9": 0.11994097381830215, "dpsidt_9": 0.00794909056276083, "rmse_9": 0.06394503265619278, "vy_10": 0.12551182508468628, "dpsidt_10": 0.007946387864649296, "rmse_10": 0.0667291060090065}