{"vy": 0.3881496489048004, "dpsidt": 0.10026463121175766, "rmse": 0.24420714378356934, "vy_": 0.11751823127269745, "dpsidt_": 0.008404500782489777, "rmse_": 0.06296136975288391}