{"vy": 0.40803974866867065, "dpsidt": 0.09632352739572525, "rmse": 0.25218164920806885}