{"vy_time": [], "dpsidtrmse_time": [], "vy_0.05": 0.01944906637072563, "dpsidt_0.05": 0.003433107864111662, "rmse_0.05": 0.01144108735024929, "vy_1": 0.06067037582397461, "dpsidt_1": 0.005818081554025412, "rmse_1": 0.03324422985315323, "vy_2": 0.07596054673194885, "dpsidt_2": 0.006319752894341946, "rmse_2": 0.041140150278806686, "vy_3": 0.08226791024208069, "dpsidt_3": 0.007169774733483791, "rmse_3": 0.04471884295344353, "vy_4": 0.08367391675710678, "dpsidt_4": 0.007167480885982513, "rmse_4": 0.04542069882154465, "vy_5": 0.08616720139980316, "dpsidt_5": 0.0071308789774775505, "rmse_5": 0.046649038791656494, "vy_6": 0.08899349719285965, "dpsidt_6": 0.007137143053114414, "rmse_6": 0.048065319657325745, "vy_7": 0.09734231233596802, "dpsidt_7": 0.007093481719493866, "rmse_7": 0.05221789702773094, "vy_8": 0.10147304832935333, "dpsidt_8": 0.007044503465294838, "rmse_8": 0.05425877496600151, "vy_9": 0.10234510153532028, "dpsidt_9": 0.007062118500471115, "rmse_9": 0.05470360815525055, "vy_10": 0.10573023557662964, "dpsidt_10": 0.007041222415864468, "rmse_10": 0.05638572946190834}