{"vy": 0.41045334935188293, "dpsidt": 0.10003410279750824, "rmse": 0.255243718624115}