{"vy": 0.39940980076789856, "dpsidt": 0.08377381414175034, "rmse": 0.24159181118011475}