{"vy_time": [], "dpsidtrmse_time": [], "vy_0.05": 0.017985591664910316, "dpsidt_0.05": 0.002563830930739641, "rmse_0.05": 0.010274711064994335, "vy_1": 0.058034248650074005, "dpsidt_1": 0.004854281432926655, "rmse_1": 0.03144426643848419, "vy_2": 0.0749516636133194, "dpsidt_2": 0.005670336540788412, "rmse_2": 0.04031100124120712, "vy_3": 0.0853707566857338, "dpsidt_3": 0.006577447056770325, "rmse_3": 0.04597410187125206, "vy_4": 0.0886397659778595, "dpsidt_4": 0.006589983589947224, "rmse_4": 0.04761487618088722, "vy_5": 0.09301590174436569, "dpsidt_5": 0.006557074375450611, "rmse_5": 0.049786489456892014, "vy_6": 0.09555111080408096, "dpsidt_6": 0.006656418554484844, "rmse_6": 0.05110376328229904, "vy_7": 0.10598184168338776, "dpsidt_7": 0.0065371692180633545, "rmse_7": 0.056259505450725555, "vy_8": 0.1110675036907196, "dpsidt_8": 0.006534935906529427, "rmse_8": 0.05880121886730194, "vy_9": 0.11251650005578995, "dpsidt_9": 0.006613824050873518, "rmse_9": 0.05956516042351723, "vy_10": 0.11681751906871796, "dpsidt_10": 0.00655980221927166, "rmse_10": 0.06168866157531738}