{"vy": 0.371960312128067, "dpsidt": 0.10689681023359299, "rmse": 0.2394285649061203}