{"vy": 0.35647785663604736, "dpsidt": 0.08601834625005722, "rmse": 0.2212481051683426}