{"vy": 0.3937815725803375, "dpsidt": 0.091462641954422, "rmse": 0.24262210726737976}