{"vy_time": [], "dpsidtrmse_time": [], "vy_0.05": 0.017756884917616844, "dpsidt_0.05": 0.0024612112902104855, "rmse_0.05": 0.010109048336744308, "vy_1": 0.05906045809388161, "dpsidt_1": 0.0049575986340641975, "rmse_1": 0.032009027898311615, "vy_2": 0.0744536742568016, "dpsidt_2": 0.005899105686694384, "rmse_2": 0.0401763916015625, "vy_3": 0.0845029279589653, "dpsidt_3": 0.0067882901057600975, "rmse_3": 0.04564560949802399, "vy_4": 0.08678511530160904, "dpsidt_4": 0.006847636308521032, "rmse_4": 0.046816375106573105, "vy_5": 0.09357598423957825, "dpsidt_5": 0.006882489658892155, "rmse_5": 0.050229236483573914, "vy_6": 0.09700406342744827, "dpsidt_6": 0.007086403667926788, "rmse_6": 0.05204523354768753, "vy_7": 0.10686055570840836, "dpsidt_7": 0.0069826263934373856, "rmse_7": 0.056921590119600296, "vy_8": 0.11233438551425934, "dpsidt_8": 0.0070343934930861, "rmse_8": 0.0596843883395195, "vy_9": 0.11394304782152176, "dpsidt_9": 0.0071720583364367485, "rmse_9": 0.06055755168199539, "vy_10": 0.11878611892461777, "dpsidt_10": 0.007171276491135359, "rmse_10": 0.06297869980335236}