{"vy_0.05": 0.017771532759070396, "vy_1": 0.056942686438560486, "vy_2": 0.07384280115365982, "vy_3": 0.08452868461608887, "vy_4": 0.08759628236293793, "vy_5": 0.09172029793262482, "vy_6": 0.09450177103281021, "vy_7": 0.10481609404087067, "vy_8": 0.10989336669445038, "vy_9": 0.11133035272359848, "vy_10": 0.11570817232131958, "dpsidt_0.05": 0.002519220346584916, "dpsidt_1": 0.0049438183195889, "dpsidt_2": 0.005765326786786318, "dpsidt_3": 0.006580173037946224, "dpsidt_4": 0.006635189056396484, "dpsidt_5": 0.006622584071010351, "dpsidt_6": 0.0067902375012636185, "dpsidt_7": 0.006677559576928616, "dpsidt_8": 0.006704500410705805, "dpsidt_9": 0.0068262186832726, "dpsidt_10": 0.006796821486204863, "rmse_0.05": 0.010145376436412334, "rmse_1": 0.03094325214624405, "rmse_2": 0.039804063737392426, "rmse_3": 0.04555442929267883, "rmse_4": 0.047115735709667206, "rmse_5": 0.04917144030332565, "rmse_6": 0.05064600333571434, "rmse_7": 0.05574682727456093, "rmse_8": 0.05829893425107002, "rmse_9": 0.059078287333250046, "rmse_10": 0.061252497136592865}