{"vy": 0.44538819789886475, "dpsidt": 0.09446544200181961, "rmse": 0.2699268162250519, "vy_": 0.13484807312488556, "dpsidt_": 0.00791839323937893, "rmse_": 0.07138323038816452}