{"vy": 0.3681032955646515, "dpsidt": 0.10237154364585876, "rmse": 0.23523741960525513}