{"vy": 0.40305617451667786, "dpsidt": 0.08625292032957077, "rmse": 0.2446545511484146, "vy_": 0.12203142046928406, "dpsidt_": 0.007229994051158428, "rmse_": 0.06463070958852768}