{"vy": 0.45705723762512207, "dpsidt": 0.11089720577001572, "rmse": 0.283977210521698}