{"vy": 0.4169846475124359, "dpsidt": 0.13128671050071716, "rmse": 0.27413567900657654, "vy_": 0.12624846398830414, "dpsidt_": 0.01100486982613802, "rmse_": 0.06862666457891464}