{"vy_time": [], "dpsidtrmse_time": [], "vy_0.05": 0.01748250424861908, "dpsidt_0.05": 0.0027260486967861652, "rmse_0.05": 0.010104276239871979, "vy_1": 0.055966172367334366, "dpsidt_1": 0.007901200093328953, "rmse_1": 0.03193368762731552, "vy_2": 0.07576312124729156, "dpsidt_2": 0.008817027322947979, "rmse_2": 0.04229007288813591, "vy_3": 0.08820415288209915, "dpsidt_3": 0.009293372742831707, "rmse_3": 0.04874876141548157, "vy_4": 0.09145884215831757, "dpsidt_4": 0.009554065763950348, "rmse_4": 0.05050645396113396, "vy_5": 0.09530449658632278, "dpsidt_5": 0.00951520074158907, "rmse_5": 0.05240985006093979, "vy_6": 0.10000646859407425, "dpsidt_6": 0.010100082494318485, "rmse_6": 0.05505327507853508, "vy_7": 0.11030068248510361, "dpsidt_7": 0.010113002732396126, "rmse_7": 0.06020684167742729, "vy_8": 0.11561653017997742, "dpsidt_8": 0.010360796004533768, "rmse_8": 0.06298866122961044, "vy_9": 0.11732213199138641, "dpsidt_9": 0.010643751360476017, "rmse_9": 0.06398294121026993, "vy_10": 0.12247101962566376, "dpsidt_10": 0.010704807005822659, "rmse_10": 0.0665879100561142}