{"vy_time": [], "dpsidtrmse_time": [], "vy_0.05": 0.017437545582652092, "dpsidt_0.05": 0.0024897491093724966, "rmse_0.05": 0.009963647462427616, "vy_1": 0.05792209133505821, "dpsidt_1": 0.005941260140389204, "rmse_1": 0.03193167597055435, "vy_2": 0.07732495665550232, "dpsidt_2": 0.0070125446654856205, "rmse_2": 0.0421687513589859, "vy_3": 0.08628624677658081, "dpsidt_3": 0.0074718245305120945, "rmse_3": 0.046879034489393234, "vy_4": 0.08812578022480011, "dpsidt_4": 0.0076673864386975765, "rmse_4": 0.04789658263325691, "vy_5": 0.09025704860687256, "dpsidt_5": 0.007691826205700636, "rmse_5": 0.04897443577647209, "vy_6": 0.09436376392841339, "dpsidt_6": 0.008081647567451, "rmse_6": 0.051222704350948334, "vy_7": 0.10378508269786835, "dpsidt_7": 0.008098478429019451, "rmse_7": 0.05594177916646004, "vy_8": 0.10791128873825073, "dpsidt_8": 0.008228136226534843, "rmse_8": 0.05806971341371536, "vy_9": 0.10911624878644943, "dpsidt_9": 0.008463146165013313, "rmse_9": 0.0587896965444088, "vy_10": 0.11306247860193253, "dpsidt_10": 0.008467869833111763, "rmse_10": 0.06076517328619957}