{"vy": 0.4136960208415985, "dpsidt": 0.11644169688224792, "rmse": 0.2650688588619232}