{"vy": 0.39473477005958557, "dpsidt": 0.1252591907978058, "rmse": 0.2599969804286957}