{"vy": 0.3591030240058899, "dpsidt": 0.08804282546043396, "rmse": 0.22357292473316193, "vy_": 0.10872392356395721, "dpsidt_": 0.007380029186606407, "rmse_": 0.058051977306604385}