{"vy": 0.36425724625587463, "dpsidt": 0.08033446967601776, "rmse": 0.2222958505153656, "vy_": 0.11028445512056351, "dpsidt_": 0.00673389108851552, "rmse_": 0.05850917473435402}