{"vy_time": [], "dpsidtrmse_time": [], "vy_0.05": 0.017359256744384766, "dpsidt_0.05": 0.0024821804836392403, "rmse_0.05": 0.009920718148350716, "vy_1": 0.05753825604915619, "dpsidt_1": 0.006368700880557299, "rmse_1": 0.03195348009467125, "vy_2": 0.07760565727949142, "dpsidt_2": 0.007528235204517841, "rmse_2": 0.042566947638988495, "vy_3": 0.08719920367002487, "dpsidt_3": 0.008034543134272099, "rmse_3": 0.0476168729364872, "vy_4": 0.08940822631120682, "dpsidt_4": 0.008272274397313595, "rmse_4": 0.048840250819921494, "vy_5": 0.09238644689321518, "dpsidt_5": 0.008314257487654686, "rmse_5": 0.05035035312175751, "vy_6": 0.09669080376625061, "dpsidt_6": 0.008812453597784042, "rmse_6": 0.052751630544662476, "vy_7": 0.10662869364023209, "dpsidt_7": 0.008881725370883942, "rmse_7": 0.057755209505558014, "vy_8": 0.1111382320523262, "dpsidt_8": 0.009068479761481285, "rmse_8": 0.06010335683822632, "vy_9": 0.11255740374326706, "dpsidt_9": 0.009326260536909103, "rmse_9": 0.06094183027744293, "vy_10": 0.11698469519615173, "dpsidt_10": 0.009356633760035038, "rmse_10": 0.0631706640124321}