{"vy": 0.3807891011238098, "dpsidt": 0.08818193525075912, "rmse": 0.23448552191257477}