{"vy": 0.42407721281051636, "dpsidt": 0.09932387620210648, "rmse": 0.2617005407810211}