{"vy_0.05": 0.01765059307217598, "vy_1": 0.05602866783738136, "vy_2": 0.07394134998321533, "vy_3": 0.08515121042728424, "vy_4": 0.08862021565437317, "vy_5": 0.09208858758211136, "vy_6": 0.0953172966837883, "vy_7": 0.10578198730945587, "vy_8": 0.11072418093681335, "vy_9": 0.11212077736854553, "vy_10": 0.11648107320070267, "dpsidt_0.05": 0.0028664669953286648, "dpsidt_1": 0.005701082292944193, "dpsidt_2": 0.006172664929181337, "dpsidt_3": 0.007017204537987709, "dpsidt_4": 0.0069753555580973625, "dpsidt_5": 0.007005373015999794, "dpsidt_6": 0.007149938028305769, "dpsidt_7": 0.00702551519498229, "dpsidt_8": 0.007044568192213774, "dpsidt_9": 0.007152435835450888, "dpsidt_10": 0.007145638111978769, "rmse_0.05": 0.010258530266582966, "rmse_1": 0.03086487576365471, "rmse_2": 0.04005700722336769, "rmse_3": 0.0460842065513134, "rmse_4": 0.047797784209251404, "rmse_5": 0.049546979367733, "rmse_6": 0.05123361572623253, "rmse_7": 0.0564037524163723, "rmse_8": 0.05888437479734421, "rmse_9": 0.05963660776615143, "rmse_10": 0.0618133544921875}