{"vy": 0.4803331792354584, "dpsidt": 0.11304716765880585, "rmse": 0.2966901659965515}