{"vy_time": [], "dpsidtrmse_time": [], "vy_0.05": 0.018211187794804573, "dpsidt_0.05": 0.002577366540208459, "rmse_0.05": 0.010394277051091194, "vy_1": 0.058375973254442215, "dpsidt_1": 0.005965176038444042, "rmse_1": 0.032170575112104416, "vy_2": 0.07480848580598831, "dpsidt_2": 0.006784272380173206, "rmse_2": 0.04079638049006462, "vy_3": 0.08428114652633667, "dpsidt_3": 0.007249794900417328, "rmse_3": 0.045765470713377, "vy_4": 0.08659807592630386, "dpsidt_4": 0.007427609991282225, "rmse_4": 0.04701284319162369, "vy_5": 0.09004288911819458, "dpsidt_5": 0.007456094026565552, "rmse_5": 0.048749491572380066, "vy_6": 0.09312451630830765, "dpsidt_6": 0.007785268593579531, "rmse_6": 0.050454892218112946, "vy_7": 0.10289227217435837, "dpsidt_7": 0.007754198275506496, "rmse_7": 0.05532323569059372, "vy_8": 0.10774945467710495, "dpsidt_8": 0.007865049876272678, "rmse_8": 0.05780725181102753, "vy_9": 0.10904093086719513, "dpsidt_9": 0.008063452318310738, "rmse_9": 0.05855219066143036, "vy_10": 0.11321796476840973, "dpsidt_10": 0.008060526102781296, "rmse_10": 0.06063924729824066}