{"vy": 0.39646410942077637, "dpsidt": 0.08659201860427856, "rmse": 0.24152806401252747}