{"vy": 0.3871579170227051, "dpsidt": 0.08190931379795074, "rmse": 0.23453360795974731}