{"vy": 0.3953973352909088, "dpsidt": 0.09982519596815109, "rmse": 0.24761126935482025}