{"vy": 0.35255417227745056, "dpsidt": 0.07745780050754547, "rmse": 0.2150059938430786, "vy_": 0.10674114525318146, "dpsidt_": 0.006492759566754103, "rmse_": 0.056616950780153275}