{"vy_0.05": 0.01668255403637886, "vy_1": 0.05526221916079521, "vy_2": 0.07668772339820862, "vy_3": 0.09023945778608322, "vy_4": 0.09452832490205765, "vy_5": 0.09832453727722168, "vy_6": 0.10280433297157288, "vy_7": 0.11344176530838013, "vy_8": 0.11869534105062485, "vy_9": 0.12040375173091888, "vy_10": 0.12553343176841736, "dpsidt_0.05": 0.0023596661631017923, "dpsidt_1": 0.005892427172511816, "dpsidt_2": 0.007326726336032152, "dpsidt_3": 0.008216887712478638, "dpsidt_4": 0.008557519875466824, "dpsidt_5": 0.008569206111133099, "dpsidt_6": 0.009070871397852898, "dpsidt_7": 0.009107742458581924, "dpsidt_8": 0.009266819804906845, "dpsidt_9": 0.0095136146992445, "dpsidt_10": 0.009533600881695747, "rmse_0.05": 0.009521109983325005, "rmse_1": 0.030577322468161583, "rmse_2": 0.04200722649693489, "rmse_3": 0.04922817274928093, "rmse_4": 0.05154292285442352, "rmse_5": 0.05344687029719353, "rmse_6": 0.05593760311603546, "rmse_7": 0.061274752020835876, "rmse_8": 0.0639810785651207, "rmse_9": 0.06495868414640427, "rmse_10": 0.06753351539373398}