{"vy_time": [], "dpsidtrmse_time": [], "vy_0.05": 0.016898175701498985, "dpsidt_0.05": 0.002357589080929756, "rmse_0.05": 0.00962788239121437, "vy_1": 0.05593102425336838, "dpsidt_1": 0.0058816601522266865, "rmse_1": 0.03090634196996689, "vy_2": 0.07536043226718903, "dpsidt_2": 0.007340446580201387, "rmse_2": 0.04135043919086456, "vy_3": 0.09094659239053726, "dpsidt_3": 0.008284032344818115, "rmse_3": 0.04961531236767769, "vy_4": 0.09417402744293213, "dpsidt_4": 0.008611348457634449, "rmse_4": 0.05139268934726715, "vy_5": 0.09992873668670654, "dpsidt_5": 0.008565127849578857, "rmse_5": 0.0542469322681427, "vy_6": 0.10401183366775513, "dpsidt_6": 0.00906291976571083, "rmse_6": 0.05653737485408783, "vy_7": 0.11467022448778152, "dpsidt_7": 0.009075378999114037, "rmse_7": 0.061872802674770355, "vy_8": 0.12084364145994186, "dpsidt_8": 0.0092703178524971, "rmse_8": 0.06505697965621948, "vy_9": 0.12284921854734421, "dpsidt_9": 0.009508858434855938, "rmse_9": 0.06617903709411621, "vy_10": 0.1286352127790451, "dpsidt_10": 0.009554366581141949, "rmse_10": 0.06909479200839996}