{"vy": 0.4177989363670349, "dpsidt": 0.08632687479257584, "rmse": 0.25206291675567627}