{"vy": 0.4104306399822235, "dpsidt": 0.10947885364294052, "rmse": 0.2599547505378723}