{"vy_time": [], "dpsidtrmse_time": [], "vy_0.05": 0.017248382791876793, "dpsidt_0.05": 0.0022415455896407366, "rmse_0.05": 0.00974496454000473, "vy_1": 0.0590088851749897, "dpsidt_1": 0.005216466728597879, "rmse_1": 0.03211267665028572, "vy_2": 0.07799497246742249, "dpsidt_2": 0.007144122384488583, "rmse_2": 0.04256954789161682, "vy_3": 0.08520624786615372, "dpsidt_3": 0.007983868941664696, "rmse_3": 0.04659505933523178, "vy_4": 0.08647377789020538, "dpsidt_4": 0.008213960565626621, "rmse_4": 0.047343868762254715, "vy_5": 0.08967886120080948, "dpsidt_5": 0.00830075703561306, "rmse_5": 0.048989810049533844, "vy_6": 0.09400324523448944, "dpsidt_6": 0.008701787330210209, "rmse_6": 0.05135251581668854, "vy_7": 0.10296425968408585, "dpsidt_7": 0.008812435902655125, "rmse_7": 0.0558883473277092, "vy_8": 0.10715622454881668, "dpsidt_8": 0.008903617970645428, "rmse_8": 0.05802991986274719, "vy_9": 0.10868928581476212, "dpsidt_9": 0.009133094921708107, "rmse_9": 0.05891118943691254, "vy_10": 0.11261557042598724, "dpsidt_10": 0.009117476642131805, "rmse_10": 0.060866523534059525}