{"vy": 0.361450731754303, "dpsidt": 0.11089112609624863, "rmse": 0.2361709326505661}