{"vy": 0.3666064739227295, "dpsidt": 0.0869193747639656, "rmse": 0.22676292061805725, "vy_": 0.11099570244550705, "dpsidt_": 0.007285858038812876, "rmse_": 0.059140779078006744}