{"vy_time": [], "dpsidtrmse_time": [], "vy_0.05": 0.018327824771404266, "dpsidt_0.05": 0.0022963571827858686, "rmse_0.05": 0.010312090627849102, "vy_1": 0.05767492577433586, "dpsidt_1": 0.005257735960185528, "rmse_1": 0.03146633133292198, "vy_2": 0.07324451208114624, "dpsidt_2": 0.007267185021191835, "rmse_2": 0.040255848318338394, "vy_3": 0.08348947018384933, "dpsidt_3": 0.007960598915815353, "rmse_3": 0.045725032687187195, "vy_4": 0.0860380306839943, "dpsidt_4": 0.008045870810747147, "rmse_4": 0.04704195261001587, "vy_5": 0.09093551337718964, "dpsidt_5": 0.008010881952941418, "rmse_5": 0.049473196268081665, "vy_6": 0.09372350573539734, "dpsidt_6": 0.008273485116660595, "rmse_6": 0.050998494029045105, "vy_7": 0.1032959371805191, "dpsidt_7": 0.00836100522428751, "rmse_7": 0.05582847073674202, "vy_8": 0.10866391658782959, "dpsidt_8": 0.008451594971120358, "rmse_8": 0.05855775624513626, "vy_9": 0.11000853776931763, "dpsidt_9": 0.008626616559922695, "rmse_9": 0.05931757763028145, "vy_10": 0.1144825667142868, "dpsidt_10": 0.008564870804548264, "rmse_10": 0.06152372062206268}