{"vy_time": [], "dpsidtrmse_time": [], "vy_0.05": 0.018689671531319618, "dpsidt_0.05": 0.0024401347618550062, "rmse_0.05": 0.010564902797341347, "vy_1": 0.059903763234615326, "dpsidt_1": 0.004983902908861637, "rmse_1": 0.032443832606077194, "vy_2": 0.07524453848600388, "dpsidt_2": 0.005774423014372587, "rmse_2": 0.040509480983018875, "vy_3": 0.08438191562891006, "dpsidt_3": 0.006595356855541468, "rmse_3": 0.0454886369407177, "vy_4": 0.08728918433189392, "dpsidt_4": 0.006672491319477558, "rmse_4": 0.0469808392226696, "vy_5": 0.09154394268989563, "dpsidt_5": 0.006626731250435114, "rmse_5": 0.0490853376686573, "vy_6": 0.09407395124435425, "dpsidt_6": 0.006752900313585997, "rmse_6": 0.050413426011800766, "vy_7": 0.10396082699298859, "dpsidt_7": 0.006666806060820818, "rmse_7": 0.05531381815671921, "vy_8": 0.10892858356237411, "dpsidt_8": 0.006691817194223404, "rmse_8": 0.05781020224094391, "vy_9": 0.11025642603635788, "dpsidt_9": 0.006789835169911385, "rmse_9": 0.05852312967181206, "vy_10": 0.11436951905488968, "dpsidt_10": 0.006728019565343857, "rmse_10": 0.06054876744747162}