{"vy": 0.36440277099609375, "dpsidt": 0.1098296120762825, "rmse": 0.23711618781089783, "vy_": 0.11032851785421371, "dpsidt_": 0.009206267073750496, "rmse_": 0.05976739153265953}