{"vy_time": [], "dpsidtrmse_time": [], "vy_0.05": 0.019071510061621666, "dpsidt_0.05": 0.0028163203969597816, "rmse_0.05": 0.010943915694952011, "vy_1": 0.05949898436665535, "dpsidt_1": 0.005249933805316687, "rmse_1": 0.032374460250139236, "vy_2": 0.07424478232860565, "dpsidt_2": 0.005863371770828962, "rmse_2": 0.0400540754199028, "vy_3": 0.08410434424877167, "dpsidt_3": 0.006655171513557434, "rmse_3": 0.04537975788116455, "vy_4": 0.08750332146883011, "dpsidt_4": 0.006669137626886368, "rmse_4": 0.04708623141050339, "vy_5": 0.09059455245733261, "dpsidt_5": 0.006602020934224129, "rmse_5": 0.048598285764455795, "vy_6": 0.09311316162347794, "dpsidt_6": 0.006643701810389757, "rmse_6": 0.04987843334674835, "vy_7": 0.10306376218795776, "dpsidt_7": 0.006534655578434467, "rmse_7": 0.05479921028017998, "vy_8": 0.10812021791934967, "dpsidt_8": 0.006531076971441507, "rmse_8": 0.05732564628124237, "vy_9": 0.10929500311613083, "dpsidt_9": 0.006592572201043367, "rmse_9": 0.057943787425756454, "vy_10": 0.11314845830202103, "dpsidt_10": 0.0065465765073895454, "rmse_10": 0.05984751880168915}