{"vy_time": [], "dpsidtrmse_time": [], "vy_0.05": 0.016852283850312233, "dpsidt_0.05": 0.002490418264642358, "rmse_0.05": 0.009671350941061974, "vy_1": 0.05571050941944122, "dpsidt_1": 0.006147149484604597, "rmse_1": 0.030928829684853554, "vy_2": 0.07749460637569427, "dpsidt_2": 0.007157254032790661, "rmse_2": 0.042325928807258606, "vy_3": 0.08878990262746811, "dpsidt_3": 0.007786177098751068, "rmse_3": 0.04828803986310959, "vy_4": 0.09227583557367325, "dpsidt_4": 0.007986212149262428, "rmse_4": 0.050131022930145264, "vy_5": 0.094573974609375, "dpsidt_5": 0.007988311350345612, "rmse_5": 0.051281142979860306, "vy_6": 0.09924673289060593, "dpsidt_6": 0.008418257348239422, "rmse_6": 0.05383249372243881, "vy_7": 0.10923083871603012, "dpsidt_7": 0.008419177494943142, "rmse_7": 0.05882500857114792, "vy_8": 0.11366487294435501, "dpsidt_8": 0.008549279533326626, "rmse_8": 0.061107076704502106, "vy_9": 0.11494170874357224, "dpsidt_9": 0.008773884736001492, "rmse_9": 0.06185779720544815, "vy_10": 0.1192227378487587, "dpsidt_10": 0.008787321858108044, "rmse_10": 0.06400503218173981}