{"vy": 0.3935839533805847, "dpsidt": 0.09394408762454987, "rmse": 0.2437640130519867}