{"vy": 0.35784390568733215, "dpsidt": 0.08951128274202347, "rmse": 0.2236775904893875}