{"vy": 0.3812715709209442, "dpsidt": 0.08073586970567703, "rmse": 0.23100371658802032}