{"vy": 0.399282306432724, "dpsidt": 0.08497815579175949, "rmse": 0.24213023483753204}