{"vy": 0.37276095151901245, "dpsidt": 0.08262860029935837, "rmse": 0.2276947796344757}