{"vy": 0.39647597074508667, "dpsidt": 0.0928487628698349, "rmse": 0.24466237425804138}