{"vy": 0.3626120090484619, "dpsidt": 0.08798369765281677, "rmse": 0.22529785335063934}