{"vy_0.05": 0.01735559292137623, "vy_1": 0.0552966333925724, "vy_2": 0.07375135272741318, "vy_3": 0.0859813317656517, "vy_4": 0.08939725160598755, "vy_5": 0.09203258156776428, "vy_6": 0.09560958296060562, "vy_7": 0.10605444014072418, "vy_8": 0.11092390865087509, "vy_9": 0.11217156052589417, "vy_10": 0.1164483055472374, "dpsidt_0.05": 0.0028344360180199146, "dpsidt_1": 0.006382577586919069, "dpsidt_2": 0.006731921341270208, "dpsidt_3": 0.007332325913012028, "dpsidt_4": 0.007368301507085562, "dpsidt_5": 0.007388873025774956, "dpsidt_6": 0.0076521821320056915, "dpsidt_7": 0.007541760336607695, "dpsidt_8": 0.0075981635600328445, "dpsidt_9": 0.007751754485070705, "dpsidt_10": 0.007761377841234207, "rmse_0.05": 0.010095014236867428, "rmse_1": 0.030839605256915092, "rmse_2": 0.04024163633584976, "rmse_3": 0.04665682837367058, "rmse_4": 0.048382777720689774, "rmse_5": 0.049710728228092194, "rmse_6": 0.051630884408950806, "rmse_7": 0.05679810047149658, "rmse_8": 0.05926103517413139, "rmse_9": 0.05996165797114372, "rmse_10": 0.06210484355688095}