{"vy": 0.35002148151397705, "dpsidt": 0.11961144208908081, "rmse": 0.23481646180152893}