{"vy": 0.43454280495643616, "dpsidt": 0.10012924671173096, "rmse": 0.26733601093292236}