{"vy": 0.37190189957618713, "dpsidt": 0.08765452355146408, "rmse": 0.2297782152891159}