{"vy": 0.36632823944091797, "dpsidt": 0.08339832723140717, "rmse": 0.22486329078674316}