{"vy": 0.3989119529724121, "dpsidt": 0.09510932862758636, "rmse": 0.24701064825057983, "vy_": 0.12077668309211731, "dpsidt_": 0.007972365245223045, "rmse_": 0.06437452137470245}