{"vy_time": [], "dpsidtrmse_time": [], "vy_0.05": 0.01662490703165531, "dpsidt_0.05": 0.002361099701374769, "rmse_0.05": 0.009493003599345684, "vy_1": 0.054174505174160004, "dpsidt_1": 0.0063510797917842865, "rmse_1": 0.030262792482972145, "vy_2": 0.0752168521285057, "dpsidt_2": 0.008179944939911366, "rmse_2": 0.0416983999311924, "vy_3": 0.0934845432639122, "dpsidt_3": 0.00889047235250473, "rmse_3": 0.051187507808208466, "vy_4": 0.09786055237054825, "dpsidt_4": 0.009329722262918949, "rmse_4": 0.05359513685107231, "vy_5": 0.10307711362838745, "dpsidt_5": 0.00932066049426794, "rmse_5": 0.05619888752698898, "vy_6": 0.10742195695638657, "dpsidt_6": 0.00993163138628006, "rmse_6": 0.05867679417133331, "vy_7": 0.11815416067838669, "dpsidt_7": 0.010070683434605598, "rmse_7": 0.06411242485046387, "vy_8": 0.12457407265901566, "dpsidt_8": 0.01031353510916233, "rmse_8": 0.06744380295276642, "vy_9": 0.12669812142848969, "dpsidt_9": 0.010643702931702137, "rmse_9": 0.06867091357707977, "vy_10": 0.13266293704509735, "dpsidt_10": 0.010692358948290348, "rmse_10": 0.07167764753103256}