{"vy": 0.34995967149734497, "dpsidt": 0.09807708114385605, "rmse": 0.2240183800458908, "vy_": 0.10595564544200897, "dpsidt_": 0.00822113361209631, "rmse_": 0.05708838999271393}