{"vy_time": [], "dpsidtrmse_time": [], "vy_0.05": 0.01834499090909958, "dpsidt_0.05": 0.0030122739262878895, "rmse_0.05": 0.01067863218486309, "vy_1": 0.058339349925518036, "dpsidt_1": 0.005710085853934288, "rmse_1": 0.03202471882104874, "vy_2": 0.07497017830610275, "dpsidt_2": 0.006077254191040993, "rmse_2": 0.0405237153172493, "vy_3": 0.08492006361484528, "dpsidt_3": 0.0068469177931547165, "rmse_3": 0.04588349163532257, "vy_4": 0.0879344791173935, "dpsidt_4": 0.006816735491156578, "rmse_4": 0.04737560823559761, "vy_5": 0.09037696570158005, "dpsidt_5": 0.006831220351159573, "rmse_5": 0.0486040934920311, "vy_6": 0.09371417760848999, "dpsidt_6": 0.006920885294675827, "rmse_6": 0.05031753331422806, "vy_7": 0.10363021492958069, "dpsidt_7": 0.006809098646044731, "rmse_7": 0.055219657719135284, "vy_8": 0.10827985405921936, "dpsidt_8": 0.006805999204516411, "rmse_8": 0.05754292756319046, "vy_9": 0.10933040082454681, "dpsidt_9": 0.006879650987684727, "rmse_9": 0.05810502544045448, "vy_10": 0.11315535008907318, "dpsidt_10": 0.006860549096018076, "rmse_10": 0.06000794842839241}