{"vy": 0.3771154284477234, "dpsidt": 0.11517557501792908, "rmse": 0.24614550173282623}