{"vy": 0.44075292348861694, "dpsidt": 0.11543900519609451, "rmse": 0.27809596061706543, "vy_": 0.133444681763649, "dpsidt_": 0.009676464833319187, "rmse_": 0.0715605765581131}