{"vy": 0.3969404101371765, "dpsidt": 0.0835074782371521, "rmse": 0.2402239441871643}