{"vy": 0.34501221776008606, "dpsidt": 0.0810663104057312, "rmse": 0.21303926408290863}