{"vy": 0.517361044883728, "dpsidt": 0.1374610960483551, "rmse": 0.32741105556488037}