{"vy": 0.36105015873908997, "dpsidt": 0.09947722405195236, "rmse": 0.23026369512081146}