{"vy": 0.3982515037059784, "dpsidt": 0.10248658061027527, "rmse": 0.25036904215812683}