{"vy": 0.3746680021286011, "dpsidt": 0.07964984327554703, "rmse": 0.22715891897678375}