{"vy": 0.3817087709903717, "dpsidt": 0.08845415711402893, "rmse": 0.23508146405220032, "vy_": 0.11556816101074219, "dpsidt_": 0.007414509542286396, "rmse_": 0.061491336673498154}