{"vy": 0.41502782702445984, "dpsidt": 0.12458741664886475, "rmse": 0.2698076367378235}