{"vy_time": [], "dpsidtrmse_time": [], "vy_0.05": 0.018546294420957565, "dpsidt_0.05": 0.002490931423380971, "rmse_0.05": 0.010518613271415234, "vy_1": 0.05891698971390724, "dpsidt_1": 0.005535850301384926, "rmse_1": 0.03222642093896866, "vy_2": 0.0746639221906662, "dpsidt_2": 0.006477603688836098, "rmse_2": 0.040570762008428574, "vy_3": 0.08370856940746307, "dpsidt_3": 0.0069905961863696575, "rmse_3": 0.04534958302974701, "vy_4": 0.08605419099330902, "dpsidt_4": 0.007144642062485218, "rmse_4": 0.04659941792488098, "vy_5": 0.08929577469825745, "dpsidt_5": 0.0071491277776658535, "rmse_5": 0.04822245240211487, "vy_6": 0.09228137880563736, "dpsidt_6": 0.00741307670250535, "rmse_6": 0.04984722658991814, "vy_7": 0.10193710029125214, "dpsidt_7": 0.007390090264379978, "rmse_7": 0.05466359481215477, "vy_8": 0.10674501955509186, "dpsidt_8": 0.007476183585822582, "rmse_8": 0.05711060017347336, "vy_9": 0.10797594487667084, "dpsidt_9": 0.0076530082151293755, "rmse_9": 0.057814475148916245, "vy_10": 0.1120322197675705, "dpsidt_10": 0.007631853688508272, "rmse_10": 0.05983203649520874}