{"vy": 0.36599811911582947, "dpsidt": 0.08416498452425003, "rmse": 0.22508154809474945}