{"vy": 0.3649062216281891, "dpsidt": 0.08692877739667892, "rmse": 0.2259175032377243}