{"vy": 0.442734032869339, "dpsidt": 0.10438402742147446, "rmse": 0.273559033870697}