{"vy": 0.41268283128738403, "dpsidt": 0.1096118837594986, "rmse": 0.2611473500728607}