{"vy_time": [], "dpsidtrmse_time": [], "vy_0.05": 0.017262373119592667, "dpsidt_0.05": 0.0025149162393063307, "rmse_0.05": 0.009888644330203533, "vy_1": 0.0576852448284626, "dpsidt_1": 0.005090413615107536, "rmse_1": 0.031387828290462494, "vy_2": 0.07626613229513168, "dpsidt_2": 0.006066380068659782, "rmse_2": 0.04116625711321831, "vy_3": 0.087001271545887, "dpsidt_3": 0.006961412262171507, "rmse_3": 0.046981342136859894, "vy_4": 0.09014751017093658, "dpsidt_4": 0.007052301894873381, "rmse_4": 0.048599906265735626, "vy_5": 0.09226258099079132, "dpsidt_5": 0.007016714196652174, "rmse_5": 0.04963964596390724, "vy_6": 0.09628003090620041, "dpsidt_6": 0.007201272062957287, "rmse_6": 0.051740650087594986, "vy_7": 0.106119304895401, "dpsidt_7": 0.00711815245449543, "rmse_7": 0.05661872774362564, "vy_8": 0.11060737818479538, "dpsidt_8": 0.007157197222113609, "rmse_8": 0.05888228863477707, "vy_9": 0.11164002120494843, "dpsidt_9": 0.007265204098075628, "rmse_9": 0.059452611953020096, "vy_10": 0.11556605994701385, "dpsidt_10": 0.007199755869805813, "rmse_10": 0.06138290837407112}