{"vy_time": [], "dpsidtrmse_time": [], "vy_0.05": 0.01878543570637703, "dpsidt_0.05": 0.0029088198207318783, "rmse_0.05": 0.010847127996385098, "vy_1": 0.057700131088495255, "dpsidt_1": 0.005564879160374403, "rmse_1": 0.03163250535726547, "vy_2": 0.07265350222587585, "dpsidt_2": 0.0064111133106052876, "rmse_2": 0.03953230753540993, "vy_3": 0.08361507952213287, "dpsidt_3": 0.007454960606992245, "rmse_3": 0.045535020530223846, "vy_4": 0.08694345504045486, "dpsidt_4": 0.007353317923843861, "rmse_4": 0.047148387879133224, "vy_5": 0.09329113364219666, "dpsidt_5": 0.0073560322634875774, "rmse_5": 0.05032358318567276, "vy_6": 0.09578828513622284, "dpsidt_6": 0.007392812520265579, "rmse_6": 0.05159054696559906, "vy_7": 0.10606066882610321, "dpsidt_7": 0.007284246385097504, "rmse_7": 0.05667245760560036, "vy_8": 0.1118379756808281, "dpsidt_8": 0.007309250999242067, "rmse_8": 0.05957361310720444, "vy_9": 0.11354021728038788, "dpsidt_9": 0.00738924415782094, "rmse_9": 0.060464732348918915, "vy_10": 0.11838679760694504, "dpsidt_10": 0.0073922788724303246, "rmse_10": 0.06288953870534897}