{"vy": 0.371664434671402, "dpsidt": 0.08680983632802963, "rmse": 0.2292371392250061}