{"vy": 0.3789687752723694, "dpsidt": 0.12270961701869965, "rmse": 0.2508392035961151}