{"vy": 0.4246804416179657, "dpsidt": 0.11424695700407028, "rmse": 0.2694636881351471}