{"vy_time": [], "dpsidtrmse_time": [], "vy_0.05": 0.017482472583651543, "dpsidt_0.05": 0.002346382010728121, "rmse_0.05": 0.009914427064359188, "vy_1": 0.059754833579063416, "dpsidt_1": 0.004971986636519432, "rmse_1": 0.032363411039114, "vy_2": 0.07726697623729706, "dpsidt_2": 0.006147823762148619, "rmse_2": 0.04170740023255348, "vy_3": 0.0895489826798439, "dpsidt_3": 0.00702707190066576, "rmse_3": 0.04828802868723869, "vy_4": 0.09361622482538223, "dpsidt_4": 0.007133962586522102, "rmse_4": 0.05037509277462959, "vy_5": 0.09662090241909027, "dpsidt_5": 0.007049009669572115, "rmse_5": 0.05183495581150055, "vy_6": 0.09970176219940186, "dpsidt_6": 0.007212890777736902, "rmse_6": 0.05345732718706131, "vy_7": 0.11037767678499222, "dpsidt_7": 0.007154678460210562, "rmse_7": 0.05876617878675461, "vy_8": 0.11546417325735092, "dpsidt_8": 0.007187637500464916, "rmse_8": 0.06132590398192406, "vy_9": 0.11685878038406372, "dpsidt_9": 0.007286775857210159, "rmse_9": 0.06207277625799179, "vy_10": 0.12108249962329865, "dpsidt_10": 0.0072038788348436356, "rmse_10": 0.06414318829774857}