{"vy": 0.41565170884132385, "dpsidt": 0.10979242622852325, "rmse": 0.26272207498550415}