{"vy_time": [], "dpsidtrmse_time": [], "vy_0.05": 0.016822362318634987, "dpsidt_0.05": 0.002276320243254304, "rmse_0.05": 0.009549341164529324, "vy_1": 0.056118473410606384, "dpsidt_1": 0.005547272972762585, "rmse_1": 0.030832873657345772, "vy_2": 0.07513033598661423, "dpsidt_2": 0.008235431276261806, "rmse_2": 0.041682884097099304, "vy_3": 0.08770465850830078, "dpsidt_3": 0.009007658809423447, "rmse_3": 0.04835616052150726, "vy_4": 0.08989381045103073, "dpsidt_4": 0.009384763427078724, "rmse_4": 0.04963928833603859, "vy_5": 0.09417321532964706, "dpsidt_5": 0.009548384696245193, "rmse_5": 0.05186080187559128, "vy_6": 0.09846406430006027, "dpsidt_6": 0.01012854278087616, "rmse_6": 0.054296303540468216, "vy_7": 0.1085098385810852, "dpsidt_7": 0.010378592647612095, "rmse_7": 0.05944421514868736, "vy_8": 0.11369338631629944, "dpsidt_8": 0.0105521185323596, "rmse_8": 0.06212275102734566, "vy_9": 0.11535479873418808, "dpsidt_9": 0.010903573594987392, "rmse_9": 0.06312918663024902, "vy_10": 0.12031599879264832, "dpsidt_10": 0.0109409773722291, "rmse_10": 0.06562849134206772}