{"vy_0.05": 0.01752481982111931, "vy_1": 0.055535897612571716, "vy_2": 0.07398951798677444, "vy_3": 0.08605562150478363, "vy_4": 0.08962862193584442, "vy_5": 0.09241082519292831, "vy_6": 0.09590209275484085, "vy_7": 0.10636825859546661, "vy_8": 0.11128029227256775, "vy_9": 0.11255127936601639, "vy_10": 0.11682014167308807, "dpsidt_0.05": 0.002837177598848939, "dpsidt_1": 0.006128899287432432, "dpsidt_2": 0.006499819457530975, "dpsidt_3": 0.007135212421417236, "dpsidt_4": 0.007148643955588341, "dpsidt_5": 0.007162477355450392, "dpsidt_6": 0.007380502764135599, "dpsidt_7": 0.007260456215590239, "dpsidt_8": 0.007304004393517971, "dpsidt_9": 0.007442885544151068, "dpsidt_10": 0.007445093709975481, "rmse_0.05": 0.010180998593568802, "rmse_1": 0.030832398682832718, "rmse_2": 0.04024466872215271, "rmse_3": 0.04659541696310043, "rmse_4": 0.048388633877038956, "rmse_5": 0.04978664964437485, "rmse_6": 0.05164129659533501, "rmse_7": 0.05681435763835907, "rmse_8": 0.05929214879870415, "rmse_9": 0.0599970817565918, "rmse_10": 0.06213261932134628}