{"vy": 0.3897603750228882, "dpsidt": 0.10768792778253555, "rmse": 0.24872414767742157}