{"vy": 0.36956194043159485, "dpsidt": 0.0976298376917839, "rmse": 0.23359589278697968}