{"vy_time": [], "dpsidtrmse_time": [], "vy_0.05": 0.01785295084118843, "dpsidt_0.05": 0.0025846525095403194, "rmse_0.05": 0.010218801908195019, "vy_1": 0.05912677198648453, "dpsidt_1": 0.00661054439842701, "rmse_1": 0.032868657261133194, "vy_2": 0.0756344422698021, "dpsidt_2": 0.007352996617555618, "rmse_2": 0.041493721306324005, "vy_3": 0.08504658937454224, "dpsidt_3": 0.007854062132537365, "rmse_3": 0.04645032435655594, "vy_4": 0.08708946406841278, "dpsidt_4": 0.008106540888547897, "rmse_4": 0.04759800434112549, "vy_5": 0.09234188497066498, "dpsidt_5": 0.008198528550565243, "rmse_5": 0.0502702072262764, "vy_6": 0.09627745300531387, "dpsidt_6": 0.00867426861077547, "rmse_6": 0.052475862205028534, "vy_7": 0.10588989406824112, "dpsidt_7": 0.008661267347633839, "rmse_7": 0.05727558210492134, "vy_8": 0.11104457825422287, "dpsidt_8": 0.008834530599415302, "rmse_8": 0.05993955582380295, "vy_9": 0.11263245344161987, "dpsidt_9": 0.009080636315047741, "rmse_9": 0.060856543481349945, "vy_10": 0.11735572665929794, "dpsidt_10": 0.009123393334448338, "rmse_10": 0.06323955953121185}