{"vy": 0.3704701364040375, "dpsidt": 0.09828784316778183, "rmse": 0.23437899351119995}