{"vy": 0.40837088227272034, "dpsidt": 0.09690054506063461, "rmse": 0.2526357173919678}