{"vy": 0.3734811246395111, "dpsidt": 0.11152996122837067, "rmse": 0.24250555038452148}