{"vy": 0.3822239339351654, "dpsidt": 0.08213283866643906, "rmse": 0.23217839002609253}