{"vy": 0.3598470687866211, "dpsidt": 0.08520243316888809, "rmse": 0.2225247472524643}