{"vy": 0.38230612874031067, "dpsidt": 0.10368125885725021, "rmse": 0.24299369752407074}