{"vy": 0.41267040371894836, "dpsidt": 0.11536482721567154, "rmse": 0.26401761174201965}