{"vy": 0.35173124074935913, "dpsidt": 0.10704014450311661, "rmse": 0.22938568890094757}