{"vy": 0.4207562506198883, "dpsidt": 0.09062214940786362, "rmse": 0.25568920373916626}