{"vy_time": [], "dpsidtrmse_time": [], "vy_0.05": 0.017861099913716316, "dpsidt_0.05": 0.0022738934494554996, "rmse_0.05": 0.010067496448755264, "vy_1": 0.05802377313375473, "dpsidt_1": 0.005140554625540972, "rmse_1": 0.03158216550946236, "vy_2": 0.07425911724567413, "dpsidt_2": 0.0067564197815954685, "rmse_2": 0.04050776734948158, "vy_3": 0.08587924391031265, "dpsidt_3": 0.0075471289455890656, "rmse_3": 0.04671318829059601, "vy_4": 0.08904700726270676, "dpsidt_4": 0.007652780041098595, "rmse_4": 0.04834989458322525, "vy_5": 0.09299540519714355, "dpsidt_5": 0.007581936661154032, "rmse_5": 0.050288669764995575, "vy_6": 0.09553639590740204, "dpsidt_6": 0.007799255196005106, "rmse_6": 0.051667824387550354, "vy_7": 0.10591080039739609, "dpsidt_7": 0.007821590639650822, "rmse_7": 0.05686619505286217, "vy_8": 0.11119356006383896, "dpsidt_8": 0.007873267866671085, "rmse_8": 0.059533413499593735, "vy_9": 0.11261850595474243, "dpsidt_9": 0.008009383454918861, "rmse_9": 0.06031394377350807, "vy_10": 0.11708460003137589, "dpsidt_10": 0.007927767001092434, "rmse_10": 0.06250618398189545}