{"vy": 0.4114152789115906, "dpsidt": 0.10569696128368378, "rmse": 0.2585561275482178}