{"vy_0.05": 0.017390480265021324, "vy_1": 0.05555266514420509, "vy_2": 0.07465707510709763, "vy_3": 0.08635792136192322, "vy_4": 0.09007496386766434, "vy_5": 0.09197677671909332, "vy_6": 0.09611742943525314, "vy_7": 0.10597589612007141, "vy_8": 0.11052513122558594, "vy_9": 0.11142677068710327, "vy_10": 0.11520469188690186, "dpsidt_0.05": 0.003190843155607581, "dpsidt_1": 0.0055969106033444405, "dpsidt_2": 0.006181785836815834, "dpsidt_3": 0.007107856217771769, "dpsidt_4": 0.007032053079456091, "dpsidt_5": 0.006941651459783316, "dpsidt_6": 0.0069532012566924095, "dpsidt_7": 0.006819436326622963, "dpsidt_8": 0.006781843025237322, "dpsidt_9": 0.006822824478149414, "dpsidt_10": 0.0067580025643110275, "rmse_0.05": 0.010290661826729774, "rmse_1": 0.03057478740811348, "rmse_2": 0.040419429540634155, "rmse_3": 0.046732887625694275, "rmse_4": 0.04855350777506828, "rmse_5": 0.04945921525359154, "rmse_6": 0.051535315811634064, "rmse_7": 0.05639766529202461, "rmse_8": 0.058653488755226135, "rmse_9": 0.05912479758262634, "rmse_10": 0.060981348156929016}