{"vy": 0.3930529057979584, "dpsidt": 0.11500599980354309, "rmse": 0.25402945280075073}