{"vy": 0.3571453094482422, "dpsidt": 0.1127222329378128, "rmse": 0.2349337637424469, "vy_": 0.10813120752573013, "dpsidt_": 0.009448735974729061, "rmse_": 0.058789972215890884}