{"vy": 0.3769371509552002, "dpsidt": 0.10794945061206818, "rmse": 0.2424432933330536}