{"vy": 0.39943596720695496, "dpsidt": 0.08592413365840912, "rmse": 0.24268004298210144, "vy_": 0.12093532830476761, "dpsidt_": 0.007202434353530407, "rmse_": 0.06406888365745544}