{"vy": 0.3980165719985962, "dpsidt": 0.08523571491241455, "rmse": 0.24162614345550537, "vy_": 0.12050559371709824, "dpsidt_": 0.007144728675484657, "rmse_": 0.06382516026496887}