{"vy": 0.3798483610153198, "dpsidt": 0.09035045653581619, "rmse": 0.2350994050502777}