{"vy_time": [], "dpsidtrmse_time": [], "vy_0.05": 0.01731082797050476, "dpsidt_0.05": 0.0029403329826891422, "rmse_0.05": 0.010125580243766308, "vy_1": 0.054976001381874084, "dpsidt_1": 0.005777287296950817, "rmse_1": 0.030376644805073738, "vy_2": 0.0745275691151619, "dpsidt_2": 0.006606277544051409, "rmse_2": 0.04056692495942116, "vy_3": 0.08748861402273178, "dpsidt_3": 0.007721638772636652, "rmse_3": 0.04760512709617615, "vy_4": 0.09281732141971588, "dpsidt_4": 0.007677617948502302, "rmse_4": 0.050247468054294586, "vy_5": 0.09668704867362976, "dpsidt_5": 0.007695754989981651, "rmse_5": 0.05219140276312828, "vy_6": 0.10039418935775757, "dpsidt_6": 0.0078001986257731915, "rmse_6": 0.054097194224596024, "vy_7": 0.11124785244464874, "dpsidt_7": 0.007672457955777645, "rmse_7": 0.05946015566587448, "vy_8": 0.11659173667430878, "dpsidt_8": 0.007693241350352764, "rmse_8": 0.06214248761534691, "vy_9": 0.11830803751945496, "dpsidt_9": 0.00779485609382391, "rmse_9": 0.06305144727230072, "vy_10": 0.12290641665458679, "dpsidt_10": 0.007766205817461014, "rmse_10": 0.06533630937337875}