{"vy_time": [], "dpsidtrmse_time": [], "vy_0.05": 0.016464432701468468, "dpsidt_0.05": 0.002309508388862014, "rmse_0.05": 0.009386970661580563, "vy_1": 0.05569968372583389, "dpsidt_1": 0.005092045292258263, "rmse_1": 0.030395865440368652, "vy_2": 0.07684783637523651, "dpsidt_2": 0.006704927422106266, "rmse_2": 0.0417763814330101, "vy_3": 0.09209605306386948, "dpsidt_3": 0.007683552335947752, "rmse_3": 0.04988980293273926, "vy_4": 0.09803033620119095, "dpsidt_4": 0.007929190061986446, "rmse_4": 0.052979763597249985, "vy_5": 0.10134335607290268, "dpsidt_5": 0.007887935265898705, "rmse_5": 0.05461564660072327, "vy_6": 0.10528969019651413, "dpsidt_6": 0.008213561959564686, "rmse_6": 0.05675162747502327, "vy_7": 0.11628039181232452, "dpsidt_7": 0.00818020198494196, "rmse_7": 0.062230296432971954, "vy_8": 0.12181255966424942, "dpsidt_8": 0.008267340250313282, "rmse_8": 0.06503994762897491, "vy_9": 0.12355475127696991, "dpsidt_9": 0.008432256989181042, "rmse_9": 0.06599350273609161, "vy_10": 0.12828977406024933, "dpsidt_10": 0.008401991799473763, "rmse_10": 0.06834588199853897}