{"vy_time": [], "dpsidtrmse_time": [], "vy_0.05": 0.016035983338952065, "dpsidt_0.05": 0.002167140832170844, "rmse_0.05": 0.009101562201976776, "vy_1": 0.0541144497692585, "dpsidt_1": 0.00567294517531991, "rmse_1": 0.029893698170781136, "vy_2": 0.07693219184875488, "dpsidt_2": 0.008323954418301582, "rmse_2": 0.04262807220220566, "vy_3": 0.09732777625322342, "dpsidt_3": 0.009436560794711113, "rmse_3": 0.05338216945528984, "vy_4": 0.10326819121837616, "dpsidt_4": 0.010147709399461746, "rmse_4": 0.056707948446273804, "vy_5": 0.1079050749540329, "dpsidt_5": 0.010213036090135574, "rmse_5": 0.05905905365943909, "vy_6": 0.11274612694978714, "dpsidt_6": 0.010845491662621498, "rmse_6": 0.061795808374881744, "vy_7": 0.12328179180622101, "dpsidt_7": 0.011038094758987427, "rmse_7": 0.06715994328260422, "vy_8": 0.12987102568149567, "dpsidt_8": 0.0112648606300354, "rmse_8": 0.07056794315576553, "vy_9": 0.132250115275383, "dpsidt_9": 0.011611642315983772, "rmse_9": 0.07193087786436081, "vy_10": 0.13820002973079681, "dpsidt_10": 0.011650914326310158, "rmse_10": 0.07492547482252121}