{"vy": 0.3814225494861603, "dpsidt": 0.0803600624203682, "rmse": 0.23089130222797394}