{"vy": 0.36158832907676697, "dpsidt": 0.08684934675693512, "rmse": 0.22421884536743164}