{"vy_0.05": 0.016513416543602943, "vy_1": 0.05377336964011192, "vy_2": 0.07404578477144241, "vy_3": 0.08904183655977249, "vy_4": 0.09310411661863327, "vy_5": 0.09764806181192398, "vy_6": 0.10064610093832016, "vy_7": 0.11179240047931671, "vy_8": 0.11741646379232407, "vy_9": 0.11911648511886597, "vy_10": 0.1241605207324028, "dpsidt_0.05": 0.0024414448998868465, "dpsidt_1": 0.0050348020158708096, "dpsidt_2": 0.006312331184744835, "dpsidt_3": 0.007297751028090715, "dpsidt_4": 0.0074032810516655445, "dpsidt_5": 0.007345892954617739, "dpsidt_6": 0.007551671005785465, "dpsidt_7": 0.007420910522341728, "dpsidt_8": 0.007478218525648117, "dpsidt_9": 0.0076107000932097435, "dpsidt_10": 0.007589065935462713, "rmse_0.05": 0.009477430954575539, "rmse_1": 0.029404085129499435, "rmse_2": 0.0401790589094162, "rmse_3": 0.04816979542374611, "rmse_4": 0.05025370046496391, "rmse_5": 0.052496977150440216, "rmse_6": 0.054098885506391525, "rmse_7": 0.059606656432151794, "rmse_8": 0.06244733929634094, "rmse_9": 0.06336358934640884, "rmse_10": 0.06587479263544083}