{"vy_time": [], "dpsidtrmse_time": [], "vy_0.05": 0.0164940282702446, "dpsidt_0.05": 0.0023372916039079428, "rmse_0.05": 0.009415660053491592, "vy_1": 0.05477416515350342, "dpsidt_1": 0.006325647234916687, "rmse_1": 0.030549906194210052, "vy_2": 0.07609955221414566, "dpsidt_2": 0.008324519731104374, "rmse_2": 0.04221203550696373, "vy_3": 0.0915633887052536, "dpsidt_3": 0.008921647444367409, "rmse_3": 0.05024251714348793, "vy_4": 0.09492969512939453, "dpsidt_4": 0.009387352503836155, "rmse_4": 0.052158523350954056, "vy_5": 0.09871722757816315, "dpsidt_5": 0.009461464360356331, "rmse_5": 0.054089345037937164, "vy_6": 0.1034550815820694, "dpsidt_6": 0.010114331729710102, "rmse_6": 0.05678470805287361, "vy_7": 0.11385264992713928, "dpsidt_7": 0.010294630192220211, "rmse_7": 0.062073640525341034, "vy_8": 0.11934078484773636, "dpsidt_8": 0.010545819066464901, "rmse_8": 0.06494329869747162, "vy_9": 0.12103065848350525, "dpsidt_9": 0.010933930985629559, "rmse_9": 0.06598229706287384, "vy_10": 0.12627500295639038, "dpsidt_10": 0.010996421799063683, "rmse_10": 0.06863570958375931}