{"vy": 0.3711971640586853, "dpsidt": 0.11710979044437408, "rmse": 0.2441534698009491}