{"vy": 0.4070158302783966, "dpsidt": 0.09297823905944824, "rmse": 0.24999703466892242}