{"vy": 0.36242181062698364, "dpsidt": 0.0885709598660469, "rmse": 0.22549638152122498}