{"vy_time": [], "dpsidtrmse_time": [], "vy_0.05": 0.016556192189455032, "dpsidt_0.05": 0.00221525551751256, "rmse_0.05": 0.009385723620653152, "vy_1": 0.054858945310115814, "dpsidt_1": 0.005373548716306686, "rmse_1": 0.03011624701321125, "vy_2": 0.07386704534292221, "dpsidt_2": 0.00793249998241663, "rmse_2": 0.04089977219700813, "vy_3": 0.08885753154754639, "dpsidt_3": 0.008783414028584957, "rmse_3": 0.04882047325372696, "vy_4": 0.09128797054290771, "dpsidt_4": 0.009093867614865303, "rmse_4": 0.050190918147563934, "vy_5": 0.09686850756406784, "dpsidt_5": 0.009142262861132622, "rmse_5": 0.053005386143922806, "vy_6": 0.10043645650148392, "dpsidt_6": 0.009608723223209381, "rmse_6": 0.05502258986234665, "vy_7": 0.11088122427463531, "dpsidt_7": 0.009772011078894138, "rmse_7": 0.06032661721110344, "vy_8": 0.1166544258594513, "dpsidt_8": 0.009888118132948875, "rmse_8": 0.06327126920223236, "vy_9": 0.1184234619140625, "dpsidt_9": 0.010145137086510658, "rmse_9": 0.0642843022942543, "vy_10": 0.12378673255443573, "dpsidt_10": 0.010129934176802635, "rmse_10": 0.06695833057165146}