{"vy": 0.41136735677719116, "dpsidt": 0.11410743743181229, "rmse": 0.2627373933792114}