{"vy_time": [], "dpsidtrmse_time": [], "vy_0.05": 0.01716839335858822, "dpsidt_0.05": 0.0023449549917131662, "rmse_0.05": 0.00975667405873537, "vy_1": 0.05638571083545685, "dpsidt_1": 0.005741077475249767, "rmse_1": 0.031063394621014595, "vy_2": 0.07602611929178238, "dpsidt_2": 0.0070620374754071236, "rmse_2": 0.04154407978057861, "vy_3": 0.08872592449188232, "dpsidt_3": 0.007644852623343468, "rmse_3": 0.04818538948893547, "vy_4": 0.09239805489778519, "dpsidt_4": 0.007930918596684933, "rmse_4": 0.05016448721289635, "vy_5": 0.09554092586040497, "dpsidt_5": 0.007985551841557026, "rmse_5": 0.05176324024796486, "vy_6": 0.09952221810817719, "dpsidt_6": 0.008460359647870064, "rmse_6": 0.05399128794670105, "vy_7": 0.10999016463756561, "dpsidt_7": 0.008518798276782036, "rmse_7": 0.0592544823884964, "vy_8": 0.11490387469530106, "dpsidt_8": 0.008663736283779144, "rmse_8": 0.0617838054895401, "vy_9": 0.11639589816331863, "dpsidt_9": 0.008929863572120667, "rmse_9": 0.06266288459300995, "vy_10": 0.12109781056642532, "dpsidt_10": 0.00895196758210659, "rmse_10": 0.06502489000558853}