{"vy": 0.3656897246837616, "dpsidt": 0.09956816583871841, "rmse": 0.2326289415359497, "vy_": 0.11071813851594925, "dpsidt_": 0.00834611989557743, "rmse_": 0.059532128274440765}