{"vy_time": [], "dpsidtrmse_time": [], "vy_0.05": 0.017321456223726273, "dpsidt_0.05": 0.0025966849643737078, "rmse_0.05": 0.009959070943295956, "vy_1": 0.0558953583240509, "dpsidt_1": 0.004948736168444157, "rmse_1": 0.030422046780586243, "vy_2": 0.0743120089173317, "dpsidt_2": 0.005898660514503717, "rmse_2": 0.04010533541440964, "vy_3": 0.08679784089326859, "dpsidt_3": 0.006874537095427513, "rmse_3": 0.046836189925670624, "vy_4": 0.09022411704063416, "dpsidt_4": 0.006861456204205751, "rmse_4": 0.04854278638958931, "vy_5": 0.0948757454752922, "dpsidt_5": 0.006844456307590008, "rmse_5": 0.050860099494457245, "vy_6": 0.0974864587187767, "dpsidt_6": 0.006964998319745064, "rmse_6": 0.05222572758793831, "vy_7": 0.10838007181882858, "dpsidt_7": 0.0068306210450828075, "rmse_7": 0.05760534480214119, "vy_8": 0.11371397972106934, "dpsidt_8": 0.006839914713054895, "rmse_8": 0.06027694791555405, "vy_9": 0.1152883842587471, "dpsidt_9": 0.006938350386917591, "rmse_9": 0.06111336871981621, "vy_10": 0.1199650764465332, "dpsidt_10": 0.0069049871526658535, "rmse_10": 0.06343503296375275}