{"vy": 0.38964608311653137, "dpsidt": 0.0889093354344368, "rmse": 0.2392777055501938}