{"vy": 0.4216352701187134, "dpsidt": 0.11579333990812302, "rmse": 0.2687143087387085}