{"vy": 0.4466858208179474, "dpsidt": 0.08803118020296097, "rmse": 0.2673585116863251}