{"vy": 0.3727360665798187, "dpsidt": 0.10561057925224304, "rmse": 0.23917332291603088}