{"vy": 0.44425028562545776, "dpsidt": 0.0879378467798233, "rmse": 0.26609405875205994}