{"vy_0.05": 0.017408493906259537, "vy_1": 0.0578044131398201, "vy_2": 0.07437533885240555, "vy_3": 0.0847327932715416, "vy_4": 0.08696652203798294, "vy_5": 0.09315896779298782, "vy_6": 0.09711375832557678, "vy_7": 0.10706156492233276, "vy_8": 0.11256767064332962, "vy_9": 0.1143348291516304, "vy_10": 0.1193954199552536, "dpsidt_0.05": 0.002379798796027899, "dpsidt_1": 0.005260827019810677, "dpsidt_2": 0.006370290648192167, "dpsidt_3": 0.00723665114492178, "dpsidt_4": 0.007395490538328886, "dpsidt_5": 0.007414692547172308, "dpsidt_6": 0.007748131174594164, "dpsidt_7": 0.007690511643886566, "dpsidt_8": 0.007796911057084799, "dpsidt_9": 0.007976377382874489, "dpsidt_10": 0.007990701124072075, "rmse_0.05": 0.009894146583974361, "rmse_1": 0.03153261914849281, "rmse_2": 0.0403728149831295, "rmse_3": 0.045984722673892975, "rmse_4": 0.04718100652098656, "rmse_5": 0.050286829471588135, "rmse_6": 0.05243094637989998, "rmse_7": 0.057376038283109665, "rmse_8": 0.06018229201436043, "rmse_9": 0.06115560233592987, "rmse_10": 0.06369306147098541}