{"vy": 0.3636832535266876, "dpsidt": 0.08587444573640823, "rmse": 0.22477884590625763}