{"vy_0.05": 0.015954110771417618, "vy_1": 0.05398685485124588, "vy_2": 0.0745370015501976, "vy_3": 0.09134491533041, "vy_4": 0.09425147622823715, "vy_5": 0.09938769042491913, "vy_6": 0.10384070873260498, "vy_7": 0.11420712620019913, "vy_8": 0.12017744779586792, "vy_9": 0.12210281938314438, "vy_10": 0.12770484387874603, "dpsidt_0.05": 0.0021066726185381413, "dpsidt_1": 0.005295304115861654, "dpsidt_2": 0.007703188341110945, "dpsidt_3": 0.00866813026368618, "dpsidt_4": 0.00918075442314148, "dpsidt_5": 0.009184580296278, "dpsidt_6": 0.00968091282993555, "dpsidt_7": 0.00976926926523447, "dpsidt_8": 0.009914214722812176, "dpsidt_9": 0.010184627957642078, "dpsidt_10": 0.01018813531845808, "rmse_0.05": 0.009030391462147236, "rmse_1": 0.029641078785061836, "rmse_2": 0.04112009331583977, "rmse_3": 0.050006523728370667, "rmse_4": 0.051716115325689316, "rmse_5": 0.05428613722324371, "rmse_6": 0.05676081031560898, "rmse_7": 0.06198819726705551, "rmse_8": 0.06504583358764648, "rmse_9": 0.06614372134208679, "rmse_10": 0.0689464882016182}