{"vy": 0.35941746830940247, "dpsidt": 0.0832800567150116, "rmse": 0.22134876251220703}