{"vy": 0.3812084197998047, "dpsidt": 0.09402981400489807, "rmse": 0.23761911690235138}