{"vy_time": [], "dpsidtrmse_time": [], "vy_0.05": 0.017617149278521538, "dpsidt_0.05": 0.0023314363788813353, "rmse_0.05": 0.009974292479455471, "vy_1": 0.05956417694687843, "dpsidt_1": 0.005710471421480179, "rmse_1": 0.032637324184179306, "vy_2": 0.07457037270069122, "dpsidt_2": 0.007380129769444466, "rmse_2": 0.04097525030374527, "vy_3": 0.08504540473222733, "dpsidt_3": 0.008269554004073143, "rmse_3": 0.04665748029947281, "vy_4": 0.08779674023389816, "dpsidt_4": 0.008322740904986858, "rmse_4": 0.04805973917245865, "vy_5": 0.09079071134328842, "dpsidt_5": 0.008232420310378075, "rmse_5": 0.04951156675815582, "vy_6": 0.09346464276313782, "dpsidt_6": 0.008434495888650417, "rmse_6": 0.050949569791555405, "vy_7": 0.10343127697706223, "dpsidt_7": 0.008489334024488926, "rmse_7": 0.05596030503511429, "vy_8": 0.10845672339200974, "dpsidt_8": 0.008533118292689323, "rmse_8": 0.058494921773672104, "vy_9": 0.1096520945429802, "dpsidt_9": 0.008647249080240726, "rmse_9": 0.05914967134594917, "vy_10": 0.11372172832489014, "dpsidt_10": 0.008548754267394543, "rmse_10": 0.06113523989915848}