{"vy_time": [], "dpsidtrmse_time": [], "vy_0.05": 0.016582639887928963, "dpsidt_0.05": 0.002518413122743368, "rmse_0.05": 0.009550526738166809, "vy_1": 0.054013874381780624, "dpsidt_1": 0.007056617643684149, "rmse_1": 0.030535245314240456, "vy_2": 0.07628567516803741, "dpsidt_2": 0.008460454642772675, "rmse_2": 0.042373064905405045, "vy_3": 0.09250223636627197, "dpsidt_3": 0.008983070962131023, "rmse_3": 0.050742652267217636, "vy_4": 0.09810007363557816, "dpsidt_4": 0.009343884885311127, "rmse_4": 0.05372197926044464, "vy_5": 0.10196226835250854, "dpsidt_5": 0.009314266964793205, "rmse_5": 0.05563826858997345, "vy_6": 0.10668645799160004, "dpsidt_6": 0.009916300885379314, "rmse_6": 0.058301378041505814, "vy_7": 0.11750282347202301, "dpsidt_7": 0.010013255290687084, "rmse_7": 0.06375803798437119, "vy_8": 0.1233026534318924, "dpsidt_8": 0.010249843820929527, "rmse_8": 0.06677624583244324, "vy_9": 0.12521038949489594, "dpsidt_9": 0.010575561784207821, "rmse_9": 0.06789297610521317, "vy_10": 0.13066226243972778, "dpsidt_10": 0.010628018528223038, "rmse_10": 0.07064513862133026}