{"vy": 0.40696877241134644, "dpsidt": 0.10201119631528854, "rmse": 0.2544899880886078}