{"vy": 0.4208473265171051, "dpsidt": 0.09644453227519989, "rmse": 0.2586459219455719}