{"vy": 0.4210960268974304, "dpsidt": 0.08823580294847488, "rmse": 0.25466591119766235}