{"vy": 0.36158421635627747, "dpsidt": 0.09353512525558472, "rmse": 0.2275596708059311}