{"vy_time": [], "dpsidtrmse_time": [], "vy_0.05": 0.018553944304585457, "dpsidt_0.05": 0.0027641854248940945, "rmse_0.05": 0.01065906509757042, "vy_1": 0.058857835829257965, "dpsidt_1": 0.005507990252226591, "rmse_1": 0.03218291327357292, "vy_2": 0.0745384469628334, "dpsidt_2": 0.005985472816973925, "rmse_2": 0.04026196151971817, "vy_3": 0.08345898985862732, "dpsidt_3": 0.0067207845859229565, "rmse_3": 0.04508988559246063, "vy_4": 0.08622540533542633, "dpsidt_4": 0.006744012702256441, "rmse_4": 0.04648470878601074, "vy_5": 0.09034252911806107, "dpsidt_5": 0.006805748213082552, "rmse_5": 0.048574138432741165, "vy_6": 0.09316803514957428, "dpsidt_6": 0.006964698433876038, "rmse_6": 0.05006636679172516, "vy_7": 0.1030244305729866, "dpsidt_7": 0.006865289527922869, "rmse_7": 0.05494486168026924, "vy_8": 0.10791371017694473, "dpsidt_8": 0.006894221529364586, "rmse_8": 0.057403966784477234, "vy_9": 0.1092771664261818, "dpsidt_9": 0.007004386745393276, "rmse_9": 0.05814077705144882, "vy_10": 0.11346052587032318, "dpsidt_10": 0.007000126410275698, "rmse_10": 0.060230325907468796}