{"vy": 0.4094087481498718, "dpsidt": 0.10606697201728821, "rmse": 0.2577378749847412}