{"vy": 0.38035649061203003, "dpsidt": 0.08172607421875, "rmse": 0.23104128241539001}