{"vy": 0.3751971125602722, "dpsidt": 0.0916828066110611, "rmse": 0.23343995213508606, "vy_": 0.11359664797782898, "dpsidt_": 0.0076851435005664825, "rmse_": 0.06064089387655258}