{"vy_0.05": 0.01695389673113823, "vy_1": 0.05592086538672447, "vy_2": 0.07589082419872284, "vy_3": 0.08674322068691254, "vy_4": 0.08921770751476288, "vy_5": 0.09246822446584702, "vy_6": 0.09702731668949127, "vy_7": 0.10700620710849762, "vy_8": 0.11178554594516754, "vy_9": 0.11336538195610046, "vy_10": 0.1180390790104866, "dpsidt_0.05": 0.0024951237719506025, "dpsidt_1": 0.006703393999487162, "dpsidt_2": 0.008015469647943974, "dpsidt_3": 0.008436603471636772, "dpsidt_4": 0.008747534826397896, "dpsidt_5": 0.008788958191871643, "dpsidt_6": 0.009361209347844124, "dpsidt_7": 0.009443920105695724, "dpsidt_8": 0.009661128744482994, "dpsidt_9": 0.00998454075306654, "dpsidt_10": 0.010027321986854076, "rmse_0.05": 0.00972450990229845, "rmse_1": 0.03131213039159775, "rmse_2": 0.04195314645767212, "rmse_3": 0.04758991301059723, "rmse_4": 0.04898262023925781, "rmse_5": 0.05062859132885933, "rmse_6": 0.05319426208734512, "rmse_7": 0.05822506546974182, "rmse_8": 0.06072333827614784, "rmse_9": 0.06167495995759964, "rmse_10": 0.06403320282697678}