{"vy": 0.38791710138320923, "dpsidt": 0.09664201736450195, "rmse": 0.2422795593738556}