{"vy": 0.37059810757637024, "dpsidt": 0.0986061543226242, "rmse": 0.23460212349891663}