{"vy": 0.40650689601898193, "dpsidt": 0.11778106540441513, "rmse": 0.26214396953582764}