{"vy": 0.38526707887649536, "dpsidt": 0.08129578828811646, "rmse": 0.2332814335823059}