{"vy": 0.400978147983551, "dpsidt": 0.08874420076608658, "rmse": 0.2448611706495285}