{"vy": 0.36602556705474854, "dpsidt": 0.10223618894815445, "rmse": 0.2341308742761612, "vy_": 0.11081983149051666, "dpsidt_": 0.008569762110710144, "rmse_": 0.0596947968006134}