{"vy": 0.40372326970100403, "dpsidt": 0.10854606330394745, "rmse": 0.25613465905189514, "vy_": 0.12223337590694427, "dpsidt_": 0.009098676033318043, "rmse_": 0.06566602736711502}