{"vy": 0.4165703356266022, "dpsidt": 0.07815373688936234, "rmse": 0.24736203253269196}