{"vy": 0.39167314767837524, "dpsidt": 0.09319508820772171, "rmse": 0.24243411421775818}