{"vy_time": [], "dpsidtrmse_time": [], "vy_0.05": 0.01699267141520977, "dpsidt_0.05": 0.0022194755729287863, "rmse_0.05": 0.0096060736104846, "vy_1": 0.05662289261817932, "dpsidt_1": 0.005380276124924421, "rmse_1": 0.031001584604382515, "vy_2": 0.07712844759225845, "dpsidt_2": 0.0070181554183363914, "rmse_2": 0.04207330197095871, "vy_3": 0.09218160063028336, "dpsidt_3": 0.007820392958819866, "rmse_3": 0.05000099539756775, "vy_4": 0.09517620503902435, "dpsidt_4": 0.008186934515833855, "rmse_4": 0.05168157070875168, "vy_5": 0.10000002384185791, "dpsidt_5": 0.008245413191616535, "rmse_5": 0.054122719913721085, "vy_6": 0.10356099158525467, "dpsidt_6": 0.008747104555368423, "rmse_6": 0.056154049932956696, "vy_7": 0.11442636698484421, "dpsidt_7": 0.008804391138255596, "rmse_7": 0.06161537766456604, "vy_8": 0.11990033835172653, "dpsidt_8": 0.00894519779831171, "rmse_8": 0.06442277133464813, "vy_9": 0.1216154396533966, "dpsidt_9": 0.00920593086630106, "rmse_9": 0.06541068851947784, "vy_10": 0.12689100205898285, "dpsidt_10": 0.009222920052707195, "rmse_10": 0.06805696338415146}