{"vy": 0.389456570148468, "dpsidt": 0.11377573013305664, "rmse": 0.25161615014076233, "vy_": 0.11791393160820007, "dpsidt_": 0.0095370439812541, "rmse_": 0.06372548639774323}