{"vy": 0.40763169527053833, "dpsidt": 0.09422336518764496, "rmse": 0.25092753767967224}