{"vy": 0.39887532591819763, "dpsidt": 0.09032896906137466, "rmse": 0.24460214376449585}