{"vy": 0.3805004358291626, "dpsidt": 0.12010322511196136, "rmse": 0.2503018379211426, "vy_": 0.11520233005285263, "dpsidt_": 0.01006743498146534, "rmse_": 0.06263488531112671}