{"vy": 0.3699553906917572, "dpsidt": 0.08470816165208817, "rmse": 0.22733177244663239}