{"vy_time": [], "dpsidtrmse_time": [], "vy_0.05": 0.019006988033652306, "dpsidt_0.05": 0.0024248699191957712, "rmse_0.05": 0.010715928860008717, "vy_1": 0.060465164482593536, "dpsidt_1": 0.005169372074306011, "rmse_1": 0.03281726688146591, "vy_2": 0.07556414604187012, "dpsidt_2": 0.006046866998076439, "rmse_2": 0.04080550745129585, "vy_3": 0.0834975466132164, "dpsidt_3": 0.006857156753540039, "rmse_3": 0.04517735168337822, "vy_4": 0.08569037914276123, "dpsidt_4": 0.006942597683519125, "rmse_4": 0.046316489577293396, "vy_5": 0.09061913937330246, "dpsidt_5": 0.006910085212439299, "rmse_5": 0.04876461252570152, "vy_6": 0.09345584362745285, "dpsidt_6": 0.00707304198294878, "rmse_6": 0.05026444420218468, "vy_7": 0.10289359837770462, "dpsidt_7": 0.007017712574452162, "rmse_7": 0.054955653846263885, "vy_8": 0.10782682150602341, "dpsidt_8": 0.007070200517773628, "rmse_8": 0.05744851008057594, "vy_9": 0.10916739702224731, "dpsidt_9": 0.007171246223151684, "rmse_9": 0.05816932022571564, "vy_10": 0.11341898888349533, "dpsidt_10": 0.007118429522961378, "rmse_10": 0.06026870757341385}