{"vy": 0.40880221128463745, "dpsidt": 0.10696963965892792, "rmse": 0.2578859329223633, "vy_": 0.12377110868692398, "dpsidt_": 0.008966535329818726, "rmse_": 0.06636881828308105}