{"vy": 0.36059853434562683, "dpsidt": 0.09661106765270233, "rmse": 0.22860479354858398}