{"vy": 0.36951783299446106, "dpsidt": 0.09923990815877914, "rmse": 0.2343788743019104}