{"vy": 0.40494251251220703, "dpsidt": 0.11917790025472641, "rmse": 0.2620601952075958}