{"vy": 0.3907923996448517, "dpsidt": 0.09563986957073212, "rmse": 0.2432161271572113}