{"vy": 0.4486602246761322, "dpsidt": 0.0990162268280983, "rmse": 0.27383822202682495}