{"vy_time": [], "dpsidtrmse_time": [], "vy_0.05": 0.016531728208065033, "dpsidt_0.05": 0.002283961744979024, "rmse_0.05": 0.009407845325767994, "vy_1": 0.054441649466753006, "dpsidt_1": 0.006239509675651789, "rmse_1": 0.03034058026969433, "vy_2": 0.07466625422239304, "dpsidt_2": 0.008669454604387283, "rmse_2": 0.04166785627603531, "vy_3": 0.08963338285684586, "dpsidt_3": 0.009390400722622871, "rmse_3": 0.04951189085841179, "vy_4": 0.09305236488580704, "dpsidt_4": 0.009837162680923939, "rmse_4": 0.05144476518034935, "vy_5": 0.09788577258586884, "dpsidt_5": 0.009902816265821457, "rmse_5": 0.053894296288490295, "vy_6": 0.10296279191970825, "dpsidt_6": 0.010549959726631641, "rmse_6": 0.05675637722015381, "vy_7": 0.11306703090667725, "dpsidt_7": 0.01080013345927, "rmse_7": 0.06193358078598976, "vy_8": 0.11903057247400284, "dpsidt_8": 0.011063717305660248, "rmse_8": 0.06504714488983154, "vy_9": 0.12104663997888565, "dpsidt_9": 0.01144432183355093, "rmse_9": 0.06624548137187958, "vy_10": 0.12666824460029602, "dpsidt_10": 0.011492090299725533, "rmse_10": 0.0690801665186882}