{"vy_time": [], "dpsidtrmse_time": [], "vy_0.05": 0.017036091536283493, "dpsidt_0.05": 0.0024541313759982586, "rmse_0.05": 0.00974511168897152, "vy_1": 0.05709443986415863, "dpsidt_1": 0.007124738767743111, "rmse_1": 0.032109588384628296, "vy_2": 0.07692289352416992, "dpsidt_2": 0.008637032471597195, "rmse_2": 0.042779963463544846, "vy_3": 0.08729598671197891, "dpsidt_3": 0.009135301224887371, "rmse_3": 0.04821564257144928, "vy_4": 0.08979674428701401, "dpsidt_4": 0.009544585831463337, "rmse_4": 0.049670666456222534, "vy_5": 0.09409651160240173, "dpsidt_5": 0.009593561291694641, "rmse_5": 0.05184503644704819, "vy_6": 0.09953702986240387, "dpsidt_6": 0.010283642448484898, "rmse_6": 0.054910335689783096, "vy_7": 0.10914868116378784, "dpsidt_7": 0.010415811091661453, "rmse_7": 0.0597822442650795, "vy_8": 0.11428972333669662, "dpsidt_8": 0.010700882412493229, "rmse_8": 0.06249530240893364, "vy_9": 0.11627180874347687, "dpsidt_9": 0.011080027557909489, "rmse_9": 0.06367591768503189, "vy_10": 0.12114720791578293, "dpsidt_10": 0.01115039549767971, "rmse_10": 0.0661488026380539}