{"vy_time": [], "dpsidtrmse_time": [], "vy_0.05": 0.017459575086832047, "dpsidt_0.05": 0.002820980502292514, "rmse_0.05": 0.010140277445316315, "vy_1": 0.05719596892595291, "dpsidt_1": 0.005601291079074144, "rmse_1": 0.03139863163232803, "vy_2": 0.07604076713323593, "dpsidt_2": 0.0060705626383423805, "rmse_2": 0.04105566442012787, "vy_3": 0.08804462850093842, "dpsidt_3": 0.006834252271801233, "rmse_3": 0.047439441084861755, "vy_4": 0.09195683896541595, "dpsidt_4": 0.006825724616646767, "rmse_4": 0.049391280859708786, "vy_5": 0.09411115199327469, "dpsidt_5": 0.006818389520049095, "rmse_5": 0.05046477168798447, "vy_6": 0.09813258051872253, "dpsidt_6": 0.006967402994632721, "rmse_6": 0.05254999175667763, "vy_7": 0.1083110123872757, "dpsidt_7": 0.006840174552053213, "rmse_7": 0.05757559463381767, "vy_8": 0.1130521297454834, "dpsidt_8": 0.006859185639768839, "rmse_8": 0.0599556565284729, "vy_9": 0.11415348947048187, "dpsidt_9": 0.0069666896015405655, "rmse_9": 0.060560088604688644, "vy_10": 0.11811862885951996, "dpsidt_10": 0.006942844484001398, "rmse_10": 0.06253073364496231}