{"vy": 0.4186711013317108, "dpsidt": 0.10392532497644424, "rmse": 0.26129820942878723}