{"vy": 0.39256030321121216, "dpsidt": 0.09077562391757965, "rmse": 0.2416679561138153, "vy_": 0.1188536211848259, "dpsidt_": 0.007609101943671703, "rmse_": 0.06323136389255524}