{"vy": 0.3745828866958618, "dpsidt": 0.10589809715747833, "rmse": 0.24024048447608948}