{"vy": 0.3927311599254608, "dpsidt": 0.09975887089967728, "rmse": 0.24624501168727875}