{"vy": 0.41138917207717896, "dpsidt": 0.12246629595756531, "rmse": 0.26692771911621094}