{"vy_time": [], "dpsidtrmse_time": [], "vy_0.05": 0.017674775794148445, "dpsidt_0.05": 0.002652585506439209, "rmse_0.05": 0.010163680650293827, "vy_1": 0.05600077286362648, "dpsidt_1": 0.006305975839495659, "rmse_1": 0.031153373420238495, "vy_2": 0.07514718174934387, "dpsidt_2": 0.006903660483658314, "rmse_2": 0.041025422513484955, "vy_3": 0.0888155922293663, "dpsidt_3": 0.007462631911039352, "rmse_3": 0.04813911020755768, "vy_4": 0.09265340119600296, "dpsidt_4": 0.007591094356030226, "rmse_4": 0.05012224614620209, "vy_5": 0.0972704067826271, "dpsidt_5": 0.0076068383641541, "rmse_5": 0.05243862420320511, "vy_6": 0.10028255730867386, "dpsidt_6": 0.007960256189107895, "rmse_6": 0.05412140488624573, "vy_7": 0.11135689914226532, "dpsidt_7": 0.007890748791396618, "rmse_7": 0.05962382256984711, "vy_8": 0.11684504896402359, "dpsidt_8": 0.008007635362446308, "rmse_8": 0.06242634356021881, "vy_9": 0.11855797469615936, "dpsidt_9": 0.008198670111596584, "rmse_9": 0.06337831914424896, "vy_10": 0.12362394481897354, "dpsidt_10": 0.00822554249316454, "rmse_10": 0.0659247413277626}