{"vy_0.05": 0.016851477324962616, "vy_1": 0.054723840206861496, "vy_2": 0.075184166431427, "vy_3": 0.08772388845682144, "vy_4": 0.09105022996664047, "vy_5": 0.09412290155887604, "vy_6": 0.09839063882827759, "vy_7": 0.10877108573913574, "vy_8": 0.11371076852083206, "vy_9": 0.11518284678459167, "vy_10": 0.11999840289354324, "dpsidt_0.05": 0.0025586469564586878, "dpsidt_1": 0.006757862865924835, "dpsidt_2": 0.007830887101590633, "dpsidt_3": 0.008283230476081371, "dpsidt_4": 0.008541093207895756, "dpsidt_5": 0.008534705266356468, "dpsidt_6": 0.00905834510922432, "dpsidt_7": 0.009079622104763985, "dpsidt_8": 0.009267769753932953, "dpsidt_9": 0.009552369825541973, "dpsidt_10": 0.009590372443199158, "rmse_0.05": 0.00970506202429533, "rmse_1": 0.030740851536393166, "rmse_2": 0.041507527232170105, "rmse_3": 0.048003558069467545, "rmse_4": 0.04979566112160683, "rmse_5": 0.05132880434393883, "rmse_6": 0.053724490106105804, "rmse_7": 0.05892535299062729, "rmse_8": 0.06148926913738251, "rmse_9": 0.06236760690808296, "rmse_10": 0.0647943913936615}