{"vy_time": [], "dpsidtrmse_time": [], "vy_0.05": 0.018224531784653664, "dpsidt_0.05": 0.002535354346036911, "rmse_0.05": 0.010379943065345287, "vy_1": 0.059244707226753235, "dpsidt_1": 0.005553956609219313, "rmse_1": 0.03239933028817177, "vy_2": 0.0754648894071579, "dpsidt_2": 0.006370192859321833, "rmse_2": 0.040917541831731796, "vy_3": 0.08424632251262665, "dpsidt_3": 0.006907659582793713, "rmse_3": 0.04557698965072632, "vy_4": 0.0862169936299324, "dpsidt_4": 0.007062831893563271, "rmse_4": 0.04663991183042526, "vy_5": 0.08985833823680878, "dpsidt_5": 0.007094925735145807, "rmse_5": 0.04847663268446922, "vy_6": 0.0928766056895256, "dpsidt_6": 0.007366945035755634, "rmse_6": 0.05012177675962448, "vy_7": 0.10238011181354523, "dpsidt_7": 0.007316791918128729, "rmse_7": 0.05484845116734505, "vy_8": 0.10713759064674377, "dpsidt_8": 0.007400413975119591, "rmse_8": 0.05726900324225426, "vy_9": 0.10837464034557343, "dpsidt_9": 0.00758206145837903, "rmse_9": 0.057978350669145584, "vy_10": 0.11241679638624191, "dpsidt_10": 0.0075724320486187935, "rmse_10": 0.059994615614414215}