{"vy": 0.4011525809764862, "dpsidt": 0.11388661712408066, "rmse": 0.25751960277557373, "vy_": 0.12145507335662842, "dpsidt_": 0.009546337649226189, "rmse_": 0.06550070643424988}