{"vy": 0.4216722846031189, "dpsidt": 0.09830356389284134, "rmse": 0.2599879205226898}