{"vy": 0.40952059626579285, "dpsidt": 0.09303563833236694, "rmse": 0.2512781023979187}