{"vy": 0.3453787565231323, "dpsidt": 0.0797516331076622, "rmse": 0.21256519854068756}