{"vy_time": [], "dpsidtrmse_time": [], "vy_0.05": 0.019038867205381393, "dpsidt_0.05": 0.0026598747354000807, "rmse_0.05": 0.010849370621144772, "vy_1": 0.0611414909362793, "dpsidt_1": 0.005666340235620737, "rmse_1": 0.0334039144217968, "vy_2": 0.0755285695195198, "dpsidt_2": 0.0065646693110466, "rmse_2": 0.0410466194152832, "vy_3": 0.0821656882762909, "dpsidt_3": 0.007649379316717386, "rmse_3": 0.04490753263235092, "vy_4": 0.083945631980896, "dpsidt_4": 0.0077160997316241264, "rmse_4": 0.0458308644592762, "vy_5": 0.08667037636041641, "dpsidt_5": 0.0074807642959058285, "rmse_5": 0.04707556962966919, "vy_6": 0.08937851339578629, "dpsidt_6": 0.007478857878595591, "rmse_6": 0.04842868447303772, "vy_7": 0.09799783676862717, "dpsidt_7": 0.007413758430629969, "rmse_7": 0.0527057982981205, "vy_8": 0.10234290361404419, "dpsidt_8": 0.00742317084223032, "rmse_8": 0.05488303676247597, "vy_9": 0.10322608798742294, "dpsidt_9": 0.00740709388628602, "rmse_9": 0.05531658977270126, "vy_10": 0.10664022713899612, "dpsidt_10": 0.007278503850102425, "rmse_10": 0.0569593645632267}