{"vy": 0.38868415355682373, "dpsidt": 0.09117315709590912, "rmse": 0.23992866277694702, "vy_": 0.11768007278442383, "dpsidt_": 0.007642424199730158, "rmse_": 0.06266124546527863}