{"vy": 0.37638309597969055, "dpsidt": 0.0928443968296051, "rmse": 0.23461374640464783, "vy_": 0.11395572870969772, "dpsidt_": 0.0077825128100812435, "rmse_": 0.06086912006139755}