{"vy_time": [], "dpsidtrmse_time": [], "vy_0.05": 0.018376415595412254, "dpsidt_0.05": 0.0024676143657416105, "rmse_0.05": 0.010422014631330967, "vy_1": 0.05884686857461929, "dpsidt_1": 0.005890318192541599, "rmse_1": 0.03236859291791916, "vy_2": 0.07597607374191284, "dpsidt_2": 0.007336059585213661, "rmse_2": 0.04165606573224068, "vy_3": 0.0843491181731224, "dpsidt_3": 0.007920632138848305, "rmse_3": 0.04613487422466278, "vy_4": 0.08647402375936508, "dpsidt_4": 0.008078785613179207, "rmse_4": 0.04727640375494957, "vy_5": 0.09046141803264618, "dpsidt_5": 0.008060896769165993, "rmse_5": 0.04926115646958351, "vy_6": 0.09370701760053635, "dpsidt_6": 0.00841198954731226, "rmse_6": 0.051059503108263016, "vy_7": 0.1032232940196991, "dpsidt_7": 0.008493158966302872, "rmse_7": 0.055858224630355835, "vy_8": 0.1081945151090622, "dpsidt_8": 0.008645146153867245, "rmse_8": 0.05841983109712601, "vy_9": 0.1095462292432785, "dpsidt_9": 0.008830194361507893, "rmse_9": 0.05918821319937706, "vy_10": 0.11385449022054672, "dpsidt_10": 0.008800094947218895, "rmse_10": 0.06132729351520538}