{"vy": 0.34928882122039795, "dpsidt": 0.08298369497060776, "rmse": 0.21613626182079315, "vy_": 0.10575252771377563, "dpsidt_": 0.006955957505851984, "rmse_": 0.05635424330830574}