{"vy_time": [], "dpsidtrmse_time": [], "vy_0.05": 0.019810931757092476, "dpsidt_0.05": 0.0026535361539572477, "rmse_0.05": 0.011232233606278896, "vy_1": 0.060555845499038696, "dpsidt_1": 0.005112594459205866, "rmse_1": 0.03283422067761421, "vy_2": 0.07472286373376846, "dpsidt_2": 0.005980828311294317, "rmse_2": 0.04035184532403946, "vy_3": 0.08204936236143112, "dpsidt_3": 0.006947197485715151, "rmse_3": 0.04449827969074249, "vy_4": 0.08404363691806793, "dpsidt_4": 0.006950519047677517, "rmse_4": 0.04549707844853401, "vy_5": 0.0875246673822403, "dpsidt_5": 0.006759026553481817, "rmse_5": 0.047141846269369125, "vy_6": 0.08981162309646606, "dpsidt_6": 0.00673160282894969, "rmse_6": 0.04827161133289337, "vy_7": 0.09872163087129593, "dpsidt_7": 0.00664941081777215, "rmse_7": 0.05268552154302597, "vy_8": 0.10330715030431747, "dpsidt_8": 0.006606384180486202, "rmse_8": 0.054956767708063126, "vy_9": 0.10421639680862427, "dpsidt_9": 0.006606790702790022, "rmse_9": 0.05541159212589264, "vy_10": 0.10773608088493347, "dpsidt_10": 0.006515198852866888, "rmse_10": 0.05712563917040825}