{"vy": 0.36896172165870667, "dpsidt": 0.10175734758377075, "rmse": 0.2353595346212387}