{"vy": 0.4388737976551056, "dpsidt": 0.09348347038030624, "rmse": 0.2661786377429962}