{"vy": 0.3618714213371277, "dpsidt": 0.08330667018890381, "rmse": 0.22258904576301575}