{"vy": 0.39225563406944275, "dpsidt": 0.11048059165477753, "rmse": 0.25136810541152954}