{"vy_time": [], "dpsidtrmse_time": [], "vy_0.05": 0.01664484292268753, "dpsidt_0.05": 0.002605737652629614, "rmse_0.05": 0.009625290520489216, "vy_1": 0.0542263500392437, "dpsidt_1": 0.006910054478794336, "rmse_1": 0.030568202957510948, "vy_2": 0.07668793946504593, "dpsidt_2": 0.007929719984531403, "rmse_2": 0.042308829724788666, "vy_3": 0.09138177335262299, "dpsidt_3": 0.00853710900992155, "rmse_3": 0.049959439784288406, "vy_4": 0.09696298092603683, "dpsidt_4": 0.008763240650296211, "rmse_4": 0.05286310985684395, "vy_5": 0.10018511116504669, "dpsidt_5": 0.008703308179974556, "rmse_5": 0.05444420874118805, "vy_6": 0.10475988686084747, "dpsidt_6": 0.00919512938708067, "rmse_6": 0.05697750672698021, "vy_7": 0.11552419513463974, "dpsidt_7": 0.0091982651501894, "rmse_7": 0.062361229211091995, "vy_8": 0.1209617629647255, "dpsidt_8": 0.00937698595225811, "rmse_8": 0.06516937166452408, "vy_9": 0.12265148013830185, "dpsidt_9": 0.00962119922041893, "rmse_9": 0.06613633781671524, "vy_10": 0.12764206528663635, "dpsidt_10": 0.009660298936069012, "rmse_10": 0.06865118443965912}