{"vy": 0.36654993891716003, "dpsidt": 0.09474708884954453, "rmse": 0.23064851760864258}