{"vy_time": [], "dpsidtrmse_time": [], "vy_0.05": 0.018260201439261436, "dpsidt_0.05": 0.003141069319099188, "rmse_0.05": 0.010700635612010956, "vy_1": 0.058135222643613815, "dpsidt_1": 0.006685885135084391, "rmse_1": 0.032410554587841034, "vy_2": 0.07485133409500122, "dpsidt_2": 0.006876407656818628, "rmse_2": 0.040863871574401855, "vy_3": 0.08446715772151947, "dpsidt_3": 0.00741887791082263, "rmse_3": 0.045943018049001694, "vy_4": 0.08680110424757004, "dpsidt_4": 0.007454597856849432, "rmse_4": 0.047127850353717804, "vy_5": 0.08886228501796722, "dpsidt_5": 0.007519895676523447, "rmse_5": 0.04819108918309212, "vy_6": 0.09238875657320023, "dpsidt_6": 0.0077108945697546005, "rmse_6": 0.05004982650279999, "vy_7": 0.10202031582593918, "dpsidt_7": 0.007628173567354679, "rmse_7": 0.05482424423098564, "vy_8": 0.10646724700927734, "dpsidt_8": 0.00765959732234478, "rmse_8": 0.057063423097133636, "vy_9": 0.10740479081869125, "dpsidt_9": 0.007773056160658598, "rmse_9": 0.05758892372250557, "vy_10": 0.1111808642745018, "dpsidt_10": 0.007772304583340883, "rmse_10": 0.0594765841960907}