{"vy": 0.3725017309188843, "dpsidt": 0.09587781131267548, "rmse": 0.23418977856636047, "vy_": 0.11278059333562851, "dpsidt_": 0.008036783896386623, "rmse_": 0.060408689081668854}