{"vy_time": [], "dpsidtrmse_time": [], "vy_0.05": 0.018115732818841934, "dpsidt_0.05": 0.002870549913495779, "rmse_0.05": 0.0104931415989995, "vy_1": 0.058189161121845245, "dpsidt_1": 0.006649760063737631, "rmse_1": 0.032419461756944656, "vy_2": 0.07520276308059692, "dpsidt_2": 0.007013468537479639, "rmse_2": 0.04110811650753021, "vy_3": 0.08353528380393982, "dpsidt_3": 0.00747116282582283, "rmse_3": 0.045503221452236176, "vy_4": 0.08553310483694077, "dpsidt_4": 0.0075754644349217415, "rmse_4": 0.046554286032915115, "vy_5": 0.08878252655267715, "dpsidt_5": 0.007670226972550154, "rmse_5": 0.04822637513279915, "vy_6": 0.09223443269729614, "dpsidt_6": 0.007970557548105717, "rmse_6": 0.05010249465703964, "vy_7": 0.10170010477304459, "dpsidt_7": 0.00790475308895111, "rmse_7": 0.05480242893099785, "vy_8": 0.1063147708773613, "dpsidt_8": 0.007996702566742897, "rmse_8": 0.05715573579072952, "vy_9": 0.10762142390012741, "dpsidt_9": 0.008169444277882576, "rmse_9": 0.05789543315768242, "vy_10": 0.11170004308223724, "dpsidt_10": 0.008188385516405106, "rmse_10": 0.059944212436676025}