{"vy": 0.3932538628578186, "dpsidt": 0.0954156443476677, "rmse": 0.24433475732803345}