{"vy_time": [], "dpsidtrmse_time": [], "vy_0.05": 0.019090348854660988, "dpsidt_0.05": 0.0032498256769031286, "rmse_0.05": 0.01117008738219738, "vy_1": 0.05786269158124924, "dpsidt_1": 0.005898323841392994, "rmse_1": 0.03188050910830498, "vy_2": 0.07310983538627625, "dpsidt_2": 0.006393424700945616, "rmse_2": 0.039751630276441574, "vy_3": 0.08207312226295471, "dpsidt_3": 0.007334584835916758, "rmse_3": 0.044703852385282516, "vy_4": 0.08519677817821503, "dpsidt_4": 0.007261497899889946, "rmse_4": 0.04622913897037506, "vy_5": 0.08943244069814682, "dpsidt_5": 0.0072821956127882, "rmse_5": 0.048357319086790085, "vy_6": 0.09209121763706207, "dpsidt_6": 0.007302258629351854, "rmse_6": 0.04969673976302147, "vy_7": 0.10191583633422852, "dpsidt_7": 0.007227204740047455, "rmse_7": 0.054571520537137985, "vy_8": 0.1069018617272377, "dpsidt_8": 0.007193437777459621, "rmse_8": 0.05704765021800995, "vy_9": 0.10826648771762848, "dpsidt_9": 0.007245652377605438, "rmse_9": 0.05775607004761696, "vy_10": 0.11237865686416626, "dpsidt_10": 0.0072351424023509026, "rmse_10": 0.05980689823627472}