{"vy": 0.43077415227890015, "dpsidt": 0.09743642061948776, "rmse": 0.26410529017448425}