{"vy": 0.35325852036476135, "dpsidt": 0.10573087632656097, "rmse": 0.22949469089508057}