{"vy": 0.3794938325881958, "dpsidt": 0.0947764664888382, "rmse": 0.2371351420879364}