{"vy": 0.3733612596988678, "dpsidt": 0.09724738448858261, "rmse": 0.2353043258190155}