{"vy": 0.4192675054073334, "dpsidt": 0.1266961544752121, "rmse": 0.27298182249069214}