{"vy": 0.3775310218334198, "dpsidt": 0.11399035155773163, "rmse": 0.24576067924499512}