{"vy": 0.36607927083969116, "dpsidt": 0.09060532599687576, "rmse": 0.22834229469299316}