{"vy": 0.40173590183258057, "dpsidt": 0.10500749945640564, "rmse": 0.2533717155456543}