{"vy": 0.40787407755851746, "dpsidt": 0.08300958573818207, "rmse": 0.24544182419776917, "vy_": 0.1234901174902916, "dpsidt_": 0.006958127487450838, "rmse_": 0.06522412598133087}