{"vy_time": [], "dpsidtrmse_time": [], "vy_0.05": 0.016946520656347275, "dpsidt_0.05": 0.0022607077844440937, "rmse_0.05": 0.00960361398756504, "vy_1": 0.05811826139688492, "dpsidt_1": 0.005298139993101358, "rmse_1": 0.03170819953083992, "vy_2": 0.07549168914556503, "dpsidt_2": 0.007314176298677921, "rmse_2": 0.04140293225646019, "vy_3": 0.08651984483003616, "dpsidt_3": 0.008181840181350708, "rmse_3": 0.047350842505693436, "vy_4": 0.08909290283918381, "dpsidt_4": 0.008387100882828236, "rmse_4": 0.04874000325798988, "vy_5": 0.09185634553432465, "dpsidt_5": 0.00841322261840105, "rmse_5": 0.05013478547334671, "vy_6": 0.0954108014702797, "dpsidt_6": 0.008782063610851765, "rmse_6": 0.05209643393754959, "vy_7": 0.10550211369991302, "dpsidt_7": 0.008875947445631027, "rmse_7": 0.057189032435417175, "vy_8": 0.11020724475383759, "dpsidt_8": 0.008953140117228031, "rmse_8": 0.05958019196987152, "vy_9": 0.11148158460855484, "dpsidt_9": 0.009154563769698143, "rmse_9": 0.060318075120449066, "vy_10": 0.11580227315425873, "dpsidt_10": 0.009113271720707417, "rmse_10": 0.062457773834466934}