{"vy": 0.35664722323417664, "dpsidt": 0.08900389075279236, "rmse": 0.2228255569934845}