{"vy": 0.4141157269477844, "dpsidt": 0.1187775507569313, "rmse": 0.26644665002822876}