{"vy": 0.38254332542419434, "dpsidt": 0.11206138879060745, "rmse": 0.2473023533821106}