{"vy": 0.34450677037239075, "dpsidt": 0.08954919129610062, "rmse": 0.21702797710895538}