{"vy": 0.39739134907722473, "dpsidt": 0.11407840996980667, "rmse": 0.2557348906993866}