{"vy": 0.3751619756221771, "dpsidt": 0.09903796017169952, "rmse": 0.23709997534751892}