{"vy": 0.39620935916900635, "dpsidt": 0.08632367849349976, "rmse": 0.24126651883125305}