{"vy": 0.3760056793689728, "dpsidt": 0.07933435589075089, "rmse": 0.22767001390457153, "vy_": 0.1138414666056633, "dpsidt_": 0.006650058552622795, "rmse_": 0.06024576351046562}