{"vy_time": [], "dpsidtrmse_time": [], "vy_0.05": 0.0193389430642128, "dpsidt_0.05": 0.002522981958463788, "rmse_0.05": 0.010930962860584259, "vy_1": 0.06106812134385109, "dpsidt_1": 0.005530687980353832, "rmse_1": 0.03329940512776375, "vy_2": 0.07515288889408112, "dpsidt_2": 0.006481821183115244, "rmse_2": 0.04081735387444496, "vy_3": 0.08355451375246048, "dpsidt_3": 0.007434006314724684, "rmse_3": 0.045494258403778076, "vy_4": 0.08641251176595688, "dpsidt_4": 0.0074402401223778725, "rmse_4": 0.04692637547850609, "vy_5": 0.09064416587352753, "dpsidt_5": 0.007228524424135685, "rmse_5": 0.04893634468317032, "vy_6": 0.09283394366502762, "dpsidt_6": 0.007267917040735483, "rmse_6": 0.05005092918872833, "vy_7": 0.10233883559703827, "dpsidt_7": 0.007197475526481867, "rmse_7": 0.054768156260252, "vy_8": 0.10721610486507416, "dpsidt_8": 0.007196418941020966, "rmse_8": 0.05720626190304756, "vy_9": 0.10836931318044662, "dpsidt_9": 0.007214277051389217, "rmse_9": 0.05779179558157921, "vy_10": 0.11222060024738312, "dpsidt_10": 0.007090735249221325, "rmse_10": 0.05965566635131836}