{"vy_time": [], "dpsidtrmse_time": [], "vy_0.05": 0.01632300764322281, "dpsidt_0.05": 0.0024281174410134554, "rmse_0.05": 0.009375562891364098, "vy_1": 0.053387776017189026, "dpsidt_1": 0.007078422233462334, "rmse_1": 0.030233100056648254, "vy_2": 0.07604220509529114, "dpsidt_2": 0.009089858271181583, "rmse_2": 0.04256603121757507, "vy_3": 0.09138980507850647, "dpsidt_3": 0.009641071781516075, "rmse_3": 0.05051543936133385, "vy_4": 0.09626166522502899, "dpsidt_4": 0.01007729023694992, "rmse_4": 0.053169477730989456, "vy_5": 0.09966649860143661, "dpsidt_5": 0.01008230447769165, "rmse_5": 0.05487440153956413, "vy_6": 0.10485474020242691, "dpsidt_6": 0.01074659451842308, "rmse_6": 0.057800665497779846, "vy_7": 0.11534666270017624, "dpsidt_7": 0.010924969799816608, "rmse_7": 0.06313581764698029, "vy_8": 0.12085715681314468, "dpsidt_8": 0.011192825622856617, "rmse_8": 0.06602498888969421, "vy_9": 0.12268442660570145, "dpsidt_9": 0.011580520309507847, "rmse_9": 0.06713247299194336, "vy_10": 0.12799112498760223, "dpsidt_10": 0.01163602527230978, "rmse_10": 0.069813571870327}