{"vy": 0.38474565744400024, "dpsidt": 0.10046948492527008, "rmse": 0.24260756373405457, "vy_": 0.11648762971162796, "dpsidt_": 0.008421672508120537, "rmse_": 0.06245465204119682}