{"vy": 0.37435317039489746, "dpsidt": 0.10282213985919952, "rmse": 0.2385876476764679}