{"vy": 0.3880867063999176, "dpsidt": 0.10333586484193802, "rmse": 0.2457112818956375}