{"vy_time": [], "dpsidtrmse_time": [], "vy_0.05": 0.01678290404379368, "dpsidt_0.05": 0.0022355259861797094, "rmse_0.05": 0.009509215131402016, "vy_1": 0.05642785504460335, "dpsidt_1": 0.005521445535123348, "rmse_1": 0.030974650755524635, "vy_2": 0.07557142525911331, "dpsidt_2": 0.007930289022624493, "rmse_2": 0.04175085574388504, "vy_3": 0.08683028817176819, "dpsidt_3": 0.008666060864925385, "rmse_3": 0.047748174518346786, "vy_4": 0.0889517217874527, "dpsidt_4": 0.00908448826521635, "rmse_4": 0.04901810362935066, "vy_5": 0.0933385044336319, "dpsidt_5": 0.009247619658708572, "rmse_5": 0.051293060183525085, "vy_6": 0.09825912117958069, "dpsidt_6": 0.009858543053269386, "rmse_6": 0.05405883118510246, "vy_7": 0.10803074389696121, "dpsidt_7": 0.010083210654556751, "rmse_7": 0.059056978672742844, "vy_8": 0.11310573667287827, "dpsidt_8": 0.010276293382048607, "rmse_8": 0.06169101595878601, "vy_9": 0.11492107808589935, "dpsidt_9": 0.010644410736858845, "rmse_9": 0.06278274208307266, "vy_10": 0.11981222778558731, "dpsidt_10": 0.010700658895075321, "rmse_10": 0.06525644659996033}