{"vy_time": [], "dpsidtrmse_time": [], "vy_0.05": 0.018007032573223114, "dpsidt_0.05": 0.0031937523745000362, "rmse_0.05": 0.010600392706692219, "vy_1": 0.05592316761612892, "dpsidt_1": 0.006827117875218391, "rmse_1": 0.03137514367699623, "vy_2": 0.0747917965054512, "dpsidt_2": 0.006984095089137554, "rmse_2": 0.040887944400310516, "vy_3": 0.08680076152086258, "dpsidt_3": 0.007739547174423933, "rmse_3": 0.04727015271782875, "vy_4": 0.09112044423818588, "dpsidt_4": 0.007617375813424587, "rmse_4": 0.04936891049146652, "vy_5": 0.09451204538345337, "dpsidt_5": 0.007670968770980835, "rmse_5": 0.0510915070772171, "vy_6": 0.09813337028026581, "dpsidt_6": 0.007822883315384388, "rmse_6": 0.05297812819480896, "vy_7": 0.108756884932518, "dpsidt_7": 0.007709910161793232, "rmse_7": 0.05823339894413948, "vy_8": 0.11381864547729492, "dpsidt_8": 0.007737919222563505, "rmse_8": 0.06077828258275986, "vy_9": 0.11529894173145294, "dpsidt_9": 0.007852556183934212, "rmse_9": 0.061575748026371, "vy_10": 0.11973471194505692, "dpsidt_10": 0.007874262519180775, "rmse_10": 0.06380448490381241}