{"vy": 0.3750542104244232, "dpsidt": 0.08748810738325119, "rmse": 0.2312711626291275}