{"vy": 0.37138915061950684, "dpsidt": 0.0945853665471077, "rmse": 0.23298725485801697, "vy_": 0.11244373023509979, "dpsidt_": 0.007928445003926754, "rmse_": 0.06018608808517456}