{"vy": 0.39914146065711975, "dpsidt": 0.12561887502670288, "rmse": 0.2623801827430725}