{"vy": 0.36948835849761963, "dpsidt": 0.08562681823968887, "rmse": 0.22755758464336395}