{"vy": 0.36700400710105896, "dpsidt": 0.08896657079458237, "rmse": 0.22798529267311096}