{"vy": 0.39831963181495667, "dpsidt": 0.1247975081205368, "rmse": 0.26155856251716614}