{"vy": 0.37540435791015625, "dpsidt": 0.08914066106081009, "rmse": 0.23227250576019287}