{"vy": 0.3752778172492981, "dpsidt": 0.09500161558389664, "rmse": 0.23513971269130707}