{"vy": 0.4695016145706177, "dpsidt": 0.13492485880851746, "rmse": 0.30221325159072876}