{"vy": 0.38724398612976074, "dpsidt": 0.11522591859102249, "rmse": 0.2512349486351013}