{"vy_time": [], "dpsidtrmse_time": [], "vy_0.05": 0.01621979847550392, "dpsidt_0.05": 0.002183989156037569, "rmse_0.05": 0.009201893582940102, "vy_1": 0.05486172065138817, "dpsidt_1": 0.005115045700222254, "rmse_1": 0.029988383874297142, "vy_2": 0.07598119974136353, "dpsidt_2": 0.0075750574469566345, "rmse_2": 0.04177812859416008, "vy_3": 0.09259354323148727, "dpsidt_3": 0.008455358445644379, "rmse_3": 0.050524450838565826, "vy_4": 0.09637651592493057, "dpsidt_4": 0.008837046101689339, "rmse_4": 0.05260678008198738, "vy_5": 0.10066673904657364, "dpsidt_5": 0.00888089369982481, "rmse_5": 0.05477381497621536, "vy_6": 0.10427054017782211, "dpsidt_6": 0.009361853823065758, "rmse_6": 0.05681619793176651, "vy_7": 0.11516312509775162, "dpsidt_7": 0.009485360234975815, "rmse_7": 0.06232424080371857, "vy_8": 0.12077552080154419, "dpsidt_8": 0.009602503851056099, "rmse_8": 0.06518901139497757, "vy_9": 0.12251941114664078, "dpsidt_9": 0.009861103259027004, "rmse_9": 0.06619025766849518, "vy_10": 0.12784737348556519, "dpsidt_10": 0.0098568731918931, "rmse_10": 0.06885212659835815}