{"vy_time": [], "dpsidtrmse_time": [], "vy_0.05": 0.016304517164826393, "dpsidt_0.05": 0.002104966202750802, "rmse_0.05": 0.009204741567373276, "vy_1": 0.05435452237725258, "dpsidt_1": 0.004931062459945679, "rmse_1": 0.02964279241859913, "vy_2": 0.07470511645078659, "dpsidt_2": 0.006951567251235247, "rmse_2": 0.040828343480825424, "vy_3": 0.09106795489788055, "dpsidt_3": 0.007754105143249035, "rmse_3": 0.04941102862358093, "vy_4": 0.09370338171720505, "dpsidt_4": 0.008105683140456676, "rmse_4": 0.050904531031847, "vy_5": 0.1003650575876236, "dpsidt_5": 0.00807814672589302, "rmse_5": 0.05422160029411316, "vy_6": 0.10360173135995865, "dpsidt_6": 0.00849886890500784, "rmse_6": 0.05605030059814453, "vy_7": 0.11452862620353699, "dpsidt_7": 0.008519097231328487, "rmse_7": 0.061523862183094025, "vy_8": 0.12076977640390396, "dpsidt_8": 0.00862690806388855, "rmse_8": 0.06469833850860596, "vy_9": 0.12274462729692459, "dpsidt_9": 0.0088609978556633, "rmse_9": 0.06580281257629395, "vy_10": 0.12845966219902039, "dpsidt_10": 0.008859729394316673, "rmse_10": 0.0686596930027008}