{"vy_time": [], "dpsidtrmse_time": [], "vy_0.05": 0.01850443333387375, "dpsidt_0.05": 0.00257467501796782, "rmse_0.05": 0.010539554059505463, "vy_1": 0.05913342162966728, "dpsidt_1": 0.004957139026373625, "rmse_1": 0.03204527869820595, "vy_2": 0.07400964200496674, "dpsidt_2": 0.005808803252875805, "rmse_2": 0.03990922123193741, "vy_3": 0.08352459967136383, "dpsidt_3": 0.006696885917335749, "rmse_3": 0.04511074349284172, "vy_4": 0.08615610003471375, "dpsidt_4": 0.006712057162076235, "rmse_4": 0.046434078365564346, "vy_5": 0.0919615849852562, "dpsidt_5": 0.006692694034427404, "rmse_5": 0.04932713881134987, "vy_6": 0.09460409730672836, "dpsidt_6": 0.006790964864194393, "rmse_6": 0.050697531551122665, "vy_7": 0.10434791445732117, "dpsidt_7": 0.006681184750050306, "rmse_7": 0.05551454797387123, "vy_8": 0.10961344838142395, "dpsidt_8": 0.006704590283334255, "rmse_8": 0.05815901979804039, "vy_9": 0.11103803664445877, "dpsidt_9": 0.00678669149056077, "rmse_9": 0.05891236290335655, "vy_10": 0.11549392342567444, "dpsidt_10": 0.006761167198419571, "rmse_10": 0.061127543449401855}