{"vy": 0.3740512728691101, "dpsidt": 0.09297237545251846, "rmse": 0.233511820435524}