{"vy_time": [], "dpsidtrmse_time": [], "vy_0.05": 0.018294326961040497, "dpsidt_0.05": 0.0023113854695111513, "rmse_0.05": 0.01030285656452179, "vy_1": 0.060001835227012634, "dpsidt_1": 0.005049829836934805, "rmse_1": 0.03252583369612694, "vy_2": 0.0756717100739479, "dpsidt_2": 0.006180648226290941, "rmse_2": 0.04092618077993393, "vy_3": 0.084882952272892, "dpsidt_3": 0.006969287991523743, "rmse_3": 0.04592612013220787, "vy_4": 0.0869772806763649, "dpsidt_4": 0.0071404241025447845, "rmse_4": 0.04705885052680969, "vy_5": 0.09290535002946854, "dpsidt_5": 0.007146627642214298, "rmse_5": 0.05002598837018013, "vy_6": 0.09613673388957977, "dpsidt_6": 0.007421067915856838, "rmse_6": 0.05177890136837959, "vy_7": 0.10590895265340805, "dpsidt_7": 0.007398985791951418, "rmse_7": 0.05665396898984909, "vy_8": 0.11103646457195282, "dpsidt_8": 0.007467695511877537, "rmse_8": 0.05925207957625389, "vy_9": 0.11255685240030289, "dpsidt_9": 0.007629061583429575, "rmse_9": 0.06009295582771301, "vy_10": 0.11719764769077301, "dpsidt_10": 0.007589296903461218, "rmse_10": 0.06239347159862518}