{"vy": 0.4393477439880371, "dpsidt": 0.09457642585039139, "rmse": 0.26696208119392395}