{"vy": 0.42018452286720276, "dpsidt": 0.08543391525745392, "rmse": 0.25280922651290894, "vy_": 0.12721727788448334, "dpsidt_": 0.0071613420732319355, "rmse_": 0.06718931347131729}