{"vy": 0.35670772194862366, "dpsidt": 0.08258244395256042, "rmse": 0.21964508295059204, "vy_": 0.10799871385097504, "dpsidt_": 0.006922323256731033, "rmse_": 0.057460516691207886}