{"vy": 0.42491284012794495, "dpsidt": 0.10405895859003067, "rmse": 0.2644858956336975}