{"vy": 0.39378318190574646, "dpsidt": 0.09522677958011627, "rmse": 0.24450498819351196, "vy_": 0.11922387033700943, "dpsidt_": 0.00798221118748188, "rmse_": 0.06360304355621338}