{"vy": 0.42591673135757446, "dpsidt": 0.1337515115737915, "rmse": 0.279834121465683, "vy_": 0.1289527863264084, "dpsidt_": 0.011211478151381016, "rmse_": 0.07008213549852371}