{"vy": 0.4171289801597595, "dpsidt": 0.11876998841762543, "rmse": 0.26794949173927307, "vy_": 0.1262921690940857, "dpsidt_": 0.009955678135156631, "rmse_": 0.06812392175197601}