{"vy": 0.3859107494354248, "dpsidt": 0.07706887274980545, "rmse": 0.23148980736732483}