{"vy": 0.3709563910961151, "dpsidt": 0.10738252848386765, "rmse": 0.23916946351528168}