{"vy": 0.3841422498226166, "dpsidt": 0.104238361120224, "rmse": 0.2441903054714203}