{"vy_time": [], "dpsidtrmse_time": [], "vy_0.05": 0.018123216927051544, "dpsidt_0.05": 0.002947461325675249, "rmse_0.05": 0.010535338893532753, "vy_1": 0.05840332806110382, "dpsidt_1": 0.007389609236270189, "rmse_1": 0.03289647027850151, "vy_2": 0.07546605169773102, "dpsidt_2": 0.0077238865196704865, "rmse_2": 0.0415949672460556, "vy_3": 0.08386227488517761, "dpsidt_3": 0.008089513517916203, "rmse_3": 0.04597589373588562, "vy_4": 0.08584601432085037, "dpsidt_4": 0.008233238942921162, "rmse_4": 0.04703962802886963, "vy_5": 0.08927328884601593, "dpsidt_5": 0.008350981399416924, "rmse_5": 0.048812136054039, "vy_6": 0.09285878390073776, "dpsidt_6": 0.008726830594241619, "rmse_6": 0.05079280585050583, "vy_7": 0.10235803574323654, "dpsidt_7": 0.008691786788403988, "rmse_7": 0.05552491173148155, "vy_8": 0.1070176512002945, "dpsidt_8": 0.008825852535665035, "rmse_8": 0.05792175233364105, "vy_9": 0.1083940789103508, "dpsidt_9": 0.009019184857606888, "rmse_9": 0.05870663374662399, "vy_10": 0.11260029673576355, "dpsidt_10": 0.00905578676611185, "rmse_10": 0.06082804128527641}