{"vy_time": [], "dpsidtrmse_time": [], "vy_0.05": 0.01786772906780243, "dpsidt_0.05": 0.002297847531735897, "rmse_0.05": 0.01008278876543045, "vy_1": 0.058106496930122375, "dpsidt_1": 0.004954466596245766, "rmse_1": 0.031530480831861496, "vy_2": 0.07497196644544601, "dpsidt_2": 0.0060877068899571896, "rmse_2": 0.04052983596920967, "vy_3": 0.08536700904369354, "dpsidt_3": 0.0069072856567800045, "rmse_3": 0.04613714665174484, "vy_4": 0.08814561367034912, "dpsidt_4": 0.007057428825646639, "rmse_4": 0.047601521015167236, "vy_5": 0.09290363639593124, "dpsidt_5": 0.007041580509394407, "rmse_5": 0.04997260868549347, "vy_6": 0.09576687216758728, "dpsidt_6": 0.007286804262548685, "rmse_6": 0.051526837050914764, "vy_7": 0.10604415833950043, "dpsidt_7": 0.007240176200866699, "rmse_7": 0.05664216727018356, "vy_8": 0.1111365333199501, "dpsidt_8": 0.007293660193681717, "rmse_8": 0.05921509861946106, "vy_9": 0.11268097907304764, "dpsidt_9": 0.0074385241605341434, "rmse_9": 0.06005975231528282, "vy_10": 0.11724605411291122, "dpsidt_10": 0.00738990493118763, "rmse_10": 0.06231797859072685}