{"vy": 0.459829717874527, "dpsidt": 0.1037885993719101, "rmse": 0.28180915117263794}