{"vy": 0.3652767837047577, "dpsidt": 0.07714717090129852, "rmse": 0.2212119698524475}