{"vy": 0.3524380326271057, "dpsidt": 0.09810143709182739, "rmse": 0.22526973485946655}