{"vy": 0.39091742038726807, "dpsidt": 0.09573958814144135, "rmse": 0.2433285117149353}