{"vy": 0.3681693375110626, "dpsidt": 0.0840471163392067, "rmse": 0.22610822319984436, "vy_": 0.11146889626979828, "dpsidt_": 0.007045096252113581, "rmse_": 0.05925699695944786}