{"vy_0.05": 0.017118917778134346, "vy_1": 0.055263541638851166, "vy_2": 0.0745096281170845, "vy_3": 0.08653009682893753, "vy_4": 0.0898134633898735, "vy_5": 0.09173697233200073, "vy_6": 0.09564279019832611, "vy_7": 0.10572788119316101, "vy_8": 0.11039059609174728, "vy_9": 0.11138343811035156, "vy_10": 0.11535093933343887, "dpsidt_0.05": 0.002924489788711071, "dpsidt_1": 0.00602397695183754, "dpsidt_2": 0.006472449284046888, "dpsidt_3": 0.007133689243346453, "dpsidt_4": 0.007116607390344143, "dpsidt_5": 0.007071597967296839, "dpsidt_6": 0.007233761716634035, "dpsidt_7": 0.0070968857035040855, "dpsidt_8": 0.00712238997220993, "dpsidt_9": 0.007236281409859657, "dpsidt_10": 0.007215922232717276, "rmse_0.05": 0.010021703317761421, "rmse_1": 0.030643759295344353, "rmse_2": 0.04049103707075119, "rmse_3": 0.0468318946659565, "rmse_4": 0.04846503585577011, "rmse_5": 0.04940428584814072, "rmse_6": 0.05143827572464943, "rmse_7": 0.056412383913993835, "rmse_8": 0.05875649303197861, "rmse_9": 0.059309858828783035, "rmse_10": 0.06128343194723129}