{"vy": 0.3850334584712982, "dpsidt": 0.09585484117269516, "rmse": 0.240444153547287}