{"vy": 0.3635314702987671, "dpsidt": 0.08190000802278519, "rmse": 0.22271573543548584}