{"vy": 0.40838906168937683, "dpsidt": 0.08398258686065674, "rmse": 0.24618582427501678, "vy_": 0.12364604324102402, "dpsidt_": 0.007039687596261501, "rmse_": 0.06534286588430405}