{"vy": 0.3826080858707428, "dpsidt": 0.1005312129855156, "rmse": 0.2415696531534195}