{"vy": 0.3902553617954254, "dpsidt": 0.10300985723733902, "rmse": 0.24663260579109192}