{"vy": 0.417496919631958, "dpsidt": 0.12150940299034119, "rmse": 0.2695031762123108}