{"vy": 0.37646031379699707, "dpsidt": 0.09608888626098633, "rmse": 0.2362746000289917}