{"vy": 0.4230567514896393, "dpsidt": 0.08560282737016678, "rmse": 0.2543298006057739}