{"vy": 0.4279762804508209, "dpsidt": 0.09542366862297058, "rmse": 0.26169997453689575}