{"vy_time": [], "dpsidtrmse_time": [], "vy_0.05": 0.017417920753359795, "dpsidt_0.05": 0.002546555595472455, "rmse_0.05": 0.00998223852366209, "vy_1": 0.05683327093720436, "dpsidt_1": 0.0057266768999397755, "rmse_1": 0.031279973685741425, "vy_2": 0.07638434320688248, "dpsidt_2": 0.006985732354223728, "rmse_2": 0.041685037314891815, "vy_3": 0.08648597449064255, "dpsidt_3": 0.007641691714525223, "rmse_3": 0.047063834965229034, "vy_4": 0.0890391394495964, "dpsidt_4": 0.0077138543128967285, "rmse_4": 0.04837649688124657, "vy_5": 0.09109129011631012, "dpsidt_5": 0.007624723948538303, "rmse_5": 0.049358006566762924, "vy_6": 0.0948239266872406, "dpsidt_6": 0.007877199910581112, "rmse_6": 0.051350563764572144, "vy_7": 0.10457183420658112, "dpsidt_7": 0.007879026234149933, "rmse_7": 0.056225430220365524, "vy_8": 0.10907963663339615, "dpsidt_8": 0.007980731315910816, "rmse_8": 0.058530185371637344, "vy_9": 0.1100926548242569, "dpsidt_9": 0.008114117197692394, "rmse_9": 0.059103384613990784, "vy_10": 0.11405923217535019, "dpsidt_10": 0.008063548244535923, "rmse_10": 0.06106138974428177}