{"vy_time": [], "dpsidtrmse_time": [], "vy_0.05": 0.01661260798573494, "dpsidt_0.05": 0.0023617681581526995, "rmse_0.05": 0.009487188421189785, "vy_1": 0.05324472859501839, "dpsidt_1": 0.006821077782660723, "rmse_1": 0.03003290295600891, "vy_2": 0.07514776289463043, "dpsidt_2": 0.00952688604593277, "rmse_2": 0.0423373244702816, "vy_3": 0.09070497751235962, "dpsidt_3": 0.010270348750054836, "rmse_3": 0.050487663596868515, "vy_4": 0.09533951431512833, "dpsidt_4": 0.010580364614725113, "rmse_4": 0.05295994132757187, "vy_5": 0.0996178463101387, "dpsidt_5": 0.01062624529004097, "rmse_5": 0.055122047662734985, "vy_6": 0.1043916568160057, "dpsidt_6": 0.011232872493565083, "rmse_6": 0.05781226605176926, "vy_7": 0.11484440416097641, "dpsidt_7": 0.011571947485208511, "rmse_7": 0.06320817768573761, "vy_8": 0.12096405029296875, "dpsidt_8": 0.011839929968118668, "rmse_8": 0.06640198826789856, "vy_9": 0.12289752811193466, "dpsidt_9": 0.012196676805615425, "rmse_9": 0.06754710525274277, "vy_10": 0.12854762375354767, "dpsidt_10": 0.012201780453324318, "rmse_10": 0.07037470489740372}