{"vy": 0.3644416034221649, "dpsidt": 0.08914414793252945, "rmse": 0.22679287195205688}