{"vy": 0.3651007413864136, "dpsidt": 0.08516325056552887, "rmse": 0.22513198852539062}