{"vy_time": [], "dpsidtrmse_time": [], "vy_0.05": 0.017084438353776932, "dpsidt_0.05": 0.0023855790495872498, "rmse_0.05": 0.00973500870168209, "vy_1": 0.056308530271053314, "dpsidt_1": 0.005793328862637281, "rmse_1": 0.03105092979967594, "vy_2": 0.07526855170726776, "dpsidt_2": 0.007017896044999361, "rmse_2": 0.04114322364330292, "vy_3": 0.08982916176319122, "dpsidt_3": 0.007661796640604734, "rmse_3": 0.04874547943472862, "vy_4": 0.09239902347326279, "dpsidt_4": 0.007951756939291954, "rmse_4": 0.050175391137599945, "vy_5": 0.09744483232498169, "dpsidt_5": 0.007979407906532288, "rmse_5": 0.05271212011575699, "vy_6": 0.10098181664943695, "dpsidt_6": 0.008465377613902092, "rmse_6": 0.054723598062992096, "vy_7": 0.11165281385183334, "dpsidt_7": 0.008471599780023098, "rmse_7": 0.06006220728158951, "vy_8": 0.11723658442497253, "dpsidt_8": 0.00864099245518446, "rmse_8": 0.06293878704309464, "vy_9": 0.1188993975520134, "dpsidt_9": 0.00890591274946928, "rmse_9": 0.06390265375375748, "vy_10": 0.12409839779138565, "dpsidt_10": 0.008949348703026772, "rmse_10": 0.06652387231588364}