{"vy": 0.36306604743003845, "dpsidt": 0.09757071733474731, "rmse": 0.23031838238239288}