{"vy": 0.4043799936771393, "dpsidt": 0.08678288012742996, "rmse": 0.24558143317699432}