{"vy": 0.39500129222869873, "dpsidt": 0.11101147532463074, "rmse": 0.2530063986778259}