{"vy": 0.38442716002464294, "dpsidt": 0.08588985353708267, "rmse": 0.2351585030555725, "vy_": 0.11639118194580078, "dpsidt_": 0.0071995616890490055, "rmse_": 0.061795372515916824}