{"vy": 0.3881222605705261, "dpsidt": 0.09138743579387665, "rmse": 0.23975485563278198}