{"vy_time": [], "dpsidtrmse_time": [], "vy_0.05": 0.017936700955033302, "dpsidt_0.05": 0.002400624565780163, "rmse_0.05": 0.010168662294745445, "vy_1": 0.05892247334122658, "dpsidt_1": 0.0057631670497357845, "rmse_1": 0.0323428213596344, "vy_2": 0.07632680982351303, "dpsidt_2": 0.006810470949858427, "rmse_2": 0.04156864061951637, "vy_3": 0.08442456275224686, "dpsidt_3": 0.007291759829968214, "rmse_3": 0.04585815966129303, "vy_4": 0.08614849299192429, "dpsidt_4": 0.007519791834056377, "rmse_4": 0.04683414101600647, "vy_5": 0.08979515731334686, "dpsidt_5": 0.007579848635941744, "rmse_5": 0.04868750274181366, "vy_6": 0.09356021136045456, "dpsidt_6": 0.007995445281267166, "rmse_6": 0.05077783018350601, "vy_7": 0.10293479263782501, "dpsidt_7": 0.008012023754417896, "rmse_7": 0.055473409593105316, "vy_8": 0.10754737257957458, "dpsidt_8": 0.008149770088493824, "rmse_8": 0.057848572731018066, "vy_9": 0.10897033661603928, "dpsidt_9": 0.008396078832447529, "rmse_9": 0.058683209121227264, "vy_10": 0.11318285018205643, "dpsidt_10": 0.008415092714130878, "rmse_10": 0.060798972845077515}