{"vy": 0.36208420991897583, "dpsidt": 0.07873773574829102, "rmse": 0.22041097283363342}