{"vy": 0.3895067870616913, "dpsidt": 0.08333544433116913, "rmse": 0.2364211082458496}