{"vy": 0.36505234241485596, "dpsidt": 0.09575402736663818, "rmse": 0.23040318489074707}