{"vy": 0.36994093656539917, "dpsidt": 0.11253832280635834, "rmse": 0.24123963713645935}