{"vy": 0.37294310331344604, "dpsidt": 0.09217099100351334, "rmse": 0.2325570434331894}