{"vy": 0.39288896322250366, "dpsidt": 0.08333716541528702, "rmse": 0.23811306059360504}