{"vy": 0.3753484785556793, "dpsidt": 0.08103273808956146, "rmse": 0.2281906008720398, "vy_": 0.11364247649908066, "dpsidt_": 0.006792421918362379, "rmse_": 0.06021744757890701}