{"vy": 0.37923726439476013, "dpsidt": 0.08002608269453049, "rmse": 0.2296316772699356}