{"vy": 0.40908417105674744, "dpsidt": 0.1420738846063614, "rmse": 0.275579035282135}