{"vy": 0.38437461853027344, "dpsidt": 0.10236838459968567, "rmse": 0.24337150156497955}