{"vy": 0.4324283003807068, "dpsidt": 0.12714487314224243, "rmse": 0.2797865867614746, "vy_": 0.1309242993593216, "dpsidt_": 0.010657687671482563, "rmse_": 0.07079099118709564}