{"vy": 0.3571740388870239, "dpsidt": 0.09111513197422028, "rmse": 0.2241445779800415}