{"vy": 0.38427314162254333, "dpsidt": 0.09363607317209244, "rmse": 0.2389546036720276}