{"vy": 0.36895397305488586, "dpsidt": 0.0834549069404602, "rmse": 0.22620443999767303}