{"vy": 0.3690260350704193, "dpsidt": 0.10308779031038284, "rmse": 0.23605690896511078}