{"vy": 0.39758098125457764, "dpsidt": 0.09363113343715668, "rmse": 0.24560606479644775}