{"vy": 0.35283878445625305, "dpsidt": 0.08380628377199173, "rmse": 0.2183225303888321}