{"vy_time": [], "dpsidtrmse_time": [], "vy_0.05": 0.018206091597676277, "dpsidt_0.05": 0.0025430636014789343, "rmse_0.05": 0.010374577715992928, "vy_1": 0.0577194020152092, "dpsidt_1": 0.006201160605996847, "rmse_1": 0.03196028247475624, "vy_2": 0.07426497340202332, "dpsidt_2": 0.007418760098516941, "rmse_2": 0.04084186628460884, "vy_3": 0.0863257572054863, "dpsidt_3": 0.007967216894030571, "rmse_3": 0.04714648798108101, "vy_4": 0.08924601227045059, "dpsidt_4": 0.008149335160851479, "rmse_4": 0.04869767278432846, "vy_5": 0.09485866129398346, "dpsidt_5": 0.00813586451113224, "rmse_5": 0.051497261971235275, "vy_6": 0.09775561094284058, "dpsidt_6": 0.008533524349331856, "rmse_6": 0.05314456671476364, "vy_7": 0.10811616480350494, "dpsidt_7": 0.00858450960367918, "rmse_7": 0.0583503358066082, "vy_8": 0.11384020000696182, "dpsidt_8": 0.008750658482313156, "rmse_8": 0.06129542738199234, "vy_9": 0.11549533158540726, "dpsidt_9": 0.008946578949689865, "rmse_9": 0.06222095340490341, "vy_10": 0.12057054787874222, "dpsidt_10": 0.00894186645746231, "rmse_10": 0.06475620716810226}