{"vy": 0.38511350750923157, "dpsidt": 0.119886614382267, "rmse": 0.252500057220459}