{"vy": 0.43081551790237427, "dpsidt": 0.09184572100639343, "rmse": 0.26133060455322266, "vy_": 0.130435973405838, "dpsidt_": 0.007698799949139357, "rmse_": 0.06906738877296448}