{"vy": 0.391015887260437, "dpsidt": 0.11654537916183472, "rmse": 0.25378063321113586}