{"vy": 0.40032878518104553, "dpsidt": 0.09323373436927795, "rmse": 0.24678125977516174, "vy_": 0.1212056577205658, "dpsidt_": 0.007815147750079632, "rmse_": 0.06451040506362915}