{"vy": 0.4430032968521118, "dpsidt": 0.0955776795744896, "rmse": 0.2692904770374298}