{"vy": 0.3837331235408783, "dpsidt": 0.08223546296358109, "rmse": 0.2329842895269394}