{"vy": 0.4187186062335968, "dpsidt": 0.09202834963798523, "rmse": 0.255373477935791, "vy_": 0.12677344679832458, "dpsidt_": 0.007714109029620886, "rmse_": 0.0672437772154808}