{"vy": 0.4018222689628601, "dpsidt": 0.10006754100322723, "rmse": 0.25094491243362427}