{"vy_time": [], "dpsidtrmse_time": [], "vy_0.05": 0.0161704383790493, "dpsidt_0.05": 0.0021930818911641836, "rmse_0.05": 0.009181760251522064, "vy_1": 0.0561993345618248, "dpsidt_1": 0.005099012982100248, "rmse_1": 0.030649174004793167, "vy_2": 0.07666454464197159, "dpsidt_2": 0.007334007415920496, "rmse_2": 0.04199927672743797, "vy_3": 0.090785451233387, "dpsidt_3": 0.008140241727232933, "rmse_3": 0.04946284741163254, "vy_4": 0.09438449889421463, "dpsidt_4": 0.008470441214740276, "rmse_4": 0.05142746865749359, "vy_5": 0.09672418236732483, "dpsidt_5": 0.008526829071342945, "rmse_5": 0.05262550711631775, "vy_6": 0.10082685202360153, "dpsidt_6": 0.008985831402242184, "rmse_6": 0.054906342178583145, "vy_7": 0.11128491163253784, "dpsidt_7": 0.009080667980015278, "rmse_7": 0.06018279120326042, "vy_8": 0.11614761501550674, "dpsidt_8": 0.009182184934616089, "rmse_8": 0.06266489624977112, "vy_9": 0.11744018644094467, "dpsidt_9": 0.009439948946237564, "rmse_9": 0.06344006955623627, "vy_10": 0.12185974419116974, "dpsidt_10": 0.009438588283956051, "rmse_10": 0.06564916670322418}