{"vy": 0.3795982897281647, "dpsidt": 0.10646416991949081, "rmse": 0.24303123354911804, "vy_": 0.1149291843175888, "dpsidt_": 0.008924165740609169, "rmse_": 0.06192667409777641}