{"vy": 0.4081549644470215, "dpsidt": 0.08199606090784073, "rmse": 0.2450755089521408, "vy_": 0.12357514351606369, "dpsidt_": 0.00687316944822669, "rmse_": 0.06522415578365326}