{"vy": 0.36469870805740356, "dpsidt": 0.11878836899995804, "rmse": 0.2417435348033905}