{"vy": 0.35575810074806213, "dpsidt": 0.08200880140066147, "rmse": 0.2188834547996521}