{"vy_time": [], "dpsidtrmse_time": [], "vy_0.05": 0.01713491603732109, "dpsidt_0.05": 0.0023647858761250973, "rmse_0.05": 0.009749851189553738, "vy_1": 0.05635763332247734, "dpsidt_1": 0.006301176268607378, "rmse_1": 0.031329404562711716, "vy_2": 0.07687831670045853, "dpsidt_2": 0.008125802502036095, "rmse_2": 0.042502060532569885, "vy_3": 0.08779259026050568, "dpsidt_3": 0.008724587969481945, "rmse_3": 0.04825858771800995, "vy_4": 0.09041545540094376, "dpsidt_4": 0.00904705561697483, "rmse_4": 0.04973125457763672, "vy_5": 0.09380024671554565, "dpsidt_5": 0.009101240895688534, "rmse_5": 0.05145074427127838, "vy_6": 0.09828364849090576, "dpsidt_6": 0.009675106965005398, "rmse_6": 0.05397937819361687, "vy_7": 0.10844403505325317, "dpsidt_7": 0.009861001744866371, "rmse_7": 0.0591525174677372, "vy_8": 0.11330830305814743, "dpsidt_8": 0.010087127797305584, "rmse_8": 0.061697714030742645, "vy_9": 0.11484581977128983, "dpsidt_9": 0.010402492247521877, "rmse_9": 0.06262415647506714, "vy_10": 0.11966764181852341, "dpsidt_10": 0.010429960675537586, "rmse_10": 0.06504879891872406}