{"vy": 0.35949939489364624, "dpsidt": 0.08124362677335739, "rmse": 0.22037151455879211}