{"vy_0.05": 0.017561467364430428, "vy_1": 0.05678979307413101, "vy_2": 0.07450388371944427, "vy_3": 0.08575799316167831, "vy_4": 0.08901993185281754, "vy_5": 0.0927204117178917, "vy_6": 0.09571458399295807, "vy_7": 0.10620428621768951, "vy_8": 0.11120659857988358, "vy_9": 0.11264979094266891, "vy_10": 0.1170794665813446, "dpsidt_0.05": 0.0024196659214794636, "dpsidt_1": 0.004894288722425699, "dpsidt_2": 0.005866306368261576, "dpsidt_3": 0.006680385209619999, "dpsidt_4": 0.0067850020714104176, "dpsidt_5": 0.006761270575225353, "dpsidt_6": 0.006967923138290644, "dpsidt_7": 0.006876535713672638, "dpsidt_8": 0.0069155823439359665, "dpsidt_9": 0.007049101870507002, "dpsidt_10": 0.007011942099779844, "rmse_0.05": 0.009990566410124302, "rmse_1": 0.030842041596770287, "rmse_2": 0.04018509387969971, "rmse_3": 0.04621918871998787, "rmse_4": 0.04790246859192848, "rmse_5": 0.04974083974957466, "rmse_6": 0.05134125426411629, "rmse_7": 0.056540410965681076, "rmse_8": 0.059061091393232346, "rmse_9": 0.05984944477677345, "rmse_10": 0.06204570457339287}