{"vy_time": [], "dpsidtrmse_time": [], "vy_0.05": 0.01732226461172104, "dpsidt_0.05": 0.002255043713375926, "rmse_0.05": 0.009788653813302517, "vy_1": 0.057110514491796494, "dpsidt_1": 0.005578877404332161, "rmse_1": 0.0313446968793869, "vy_2": 0.07614392787218094, "dpsidt_2": 0.007172948215156794, "rmse_2": 0.0416584387421608, "vy_3": 0.08940926194190979, "dpsidt_3": 0.008115474134683609, "rmse_3": 0.04876236617565155, "vy_4": 0.09210941195487976, "dpsidt_4": 0.008381403982639313, "rmse_4": 0.05024540796875954, "vy_5": 0.09759767353534698, "dpsidt_5": 0.008384423330426216, "rmse_5": 0.052991047501564026, "vy_6": 0.10129966586828232, "dpsidt_6": 0.008846956305205822, "rmse_6": 0.05507330968976021, "vy_7": 0.11187255382537842, "dpsidt_7": 0.008907144889235497, "rmse_7": 0.06038985028862953, "vy_8": 0.11750313639640808, "dpsidt_8": 0.009067956358194351, "rmse_8": 0.06328554451465607, "vy_9": 0.11930526793003082, "dpsidt_9": 0.00927039235830307, "rmse_9": 0.06428782641887665, "vy_10": 0.12471038103103638, "dpsidt_10": 0.009272938594222069, "rmse_10": 0.0669916570186615}