{"vy": 0.40230703353881836, "dpsidt": 0.08362427353858948, "rmse": 0.24296565353870392}