{"vy": 0.37133342027664185, "dpsidt": 0.10822317004203796, "rmse": 0.2397782951593399}