{"vy": 0.37123507261276245, "dpsidt": 0.08846023678779602, "rmse": 0.22984765470027924}