{"vy_time": [], "dpsidtrmse_time": [], "vy_0.05": 0.017930859699845314, "dpsidt_0.05": 0.0029110650066286325, "rmse_0.05": 0.010420962236821651, "vy_1": 0.056299470365047455, "dpsidt_1": 0.007078886963427067, "rmse_1": 0.031689178198575974, "vy_2": 0.07456274330615997, "dpsidt_2": 0.007423594128340483, "rmse_2": 0.04099316895008087, "vy_3": 0.08789766579866409, "dpsidt_3": 0.008108263835310936, "rmse_3": 0.04800296574831009, "vy_4": 0.09140852838754654, "dpsidt_4": 0.008136522956192493, "rmse_4": 0.04977252706885338, "vy_5": 0.09610801935195923, "dpsidt_5": 0.00818756502121687, "rmse_5": 0.05214779078960419, "vy_6": 0.09928485751152039, "dpsidt_6": 0.008518194779753685, "rmse_6": 0.05390152707695961, "vy_7": 0.11024601012468338, "dpsidt_7": 0.008437416516244411, "rmse_7": 0.05934171378612518, "vy_8": 0.11572384089231491, "dpsidt_8": 0.008553305640816689, "rmse_8": 0.062138572335243225, "vy_9": 0.11738788336515427, "dpsidt_9": 0.008723137900233269, "rmse_9": 0.06305550783872604, "vy_10": 0.12248264253139496, "dpsidt_10": 0.008774825371801853, "rmse_10": 0.06562873721122742}