{"vy_0.05": 0.01747039332985878, "vy_1": 0.055718645453453064, "vy_2": 0.07388518005609512, "vy_3": 0.08548896759748459, "vy_4": 0.08818422257900238, "vy_5": 0.09182346612215042, "vy_6": 0.09536952525377274, "vy_7": 0.10553733259439468, "vy_8": 0.11067631840705872, "vy_9": 0.11213991045951843, "vy_10": 0.11685484647750854, "dpsidt_0.05": 0.0025230534374713898, "dpsidt_1": 0.00635984493419528, "dpsidt_2": 0.007730384357273579, "dpsidt_3": 0.008179862052202225, "dpsidt_4": 0.008420698344707489, "dpsidt_5": 0.008431321009993553, "dpsidt_6": 0.008890786208212376, "dpsidt_7": 0.008959876373410225, "dpsidt_8": 0.009137051180005074, "dpsidt_9": 0.00939544104039669, "dpsidt_10": 0.009397219866514206, "rmse_0.05": 0.009996723383665085, "rmse_1": 0.031039245426654816, "rmse_2": 0.04080778360366821, "rmse_3": 0.046834416687488556, "rmse_4": 0.048302460461854935, "rmse_5": 0.05012739449739456, "rmse_6": 0.05213015526533127, "rmse_7": 0.05724860355257988, "rmse_8": 0.05990668386220932, "rmse_9": 0.060767676681280136, "rmse_10": 0.06312603503465652}