{"vy": 0.4088149666786194, "dpsidt": 0.10473936796188354, "rmse": 0.25677716732025146}