{"vy": 0.37035855650901794, "dpsidt": 0.08588086813688278, "rmse": 0.22811971604824066, "vy_": 0.11213170737028122, "dpsidt_": 0.007198807317763567, "rmse_": 0.0596652589738369}