{"vy": 0.4145304560661316, "dpsidt": 0.1057288721203804, "rmse": 0.2601296603679657}