{"vy": 0.3564332127571106, "dpsidt": 0.09033270925283432, "rmse": 0.22338296473026276, "vy_": 0.10791561007499695, "dpsidt_": 0.007571974769234657, "rmse_": 0.05774379149079323}