{"vy": 0.3544102609157562, "dpsidt": 0.09559279680252075, "rmse": 0.2250015288591385, "vy_": 0.10730312764644623, "dpsidt_": 0.008012892678380013, "rmse_": 0.057658009231090546}