{"vy": 0.3965526819229126, "dpsidt": 0.13158145546913147, "rmse": 0.26406705379486084}