{"vy": 0.3802700936794281, "dpsidt": 0.09942368417978287, "rmse": 0.23984688520431519}