{"vy": 0.3872356116771698, "dpsidt": 0.11100560426712036, "rmse": 0.24912060797214508}