{"vy": 0.38179343938827515, "dpsidt": 0.10628800839185715, "rmse": 0.24404072761535645}