{"vy": 0.3942405581474304, "dpsidt": 0.1254243105649948, "rmse": 0.2598324418067932}