{"vy_0.05": 0.017785023897886276, "vy_1": 0.05914320424199104, "vy_2": 0.07665830850601196, "vy_3": 0.08403896540403366, "vy_4": 0.08556630462408066, "vy_5": 0.08985763043165207, "vy_6": 0.09384538233280182, "vy_7": 0.10289431363344193, "vy_8": 0.10753819346427917, "vy_9": 0.10898664593696594, "vy_10": 0.11313347518444061, "dpsidt_0.05": 0.002539630513638258, "dpsidt_1": 0.005704852752387524, "dpsidt_2": 0.00652135768905282, "dpsidt_3": 0.007122763432562351, "dpsidt_4": 0.007297207601368427, "dpsidt_5": 0.007345194462686777, "dpsidt_6": 0.007669129408895969, "dpsidt_7": 0.007615499664098024, "dpsidt_8": 0.0077161481603980064, "dpsidt_9": 0.007910837419331074, "dpsidt_10": 0.007917803712189198, "rmse_0.05": 0.01016232743859291, "rmse_1": 0.03242402896285057, "rmse_2": 0.04158983379602432, "rmse_3": 0.04558086395263672, "rmse_4": 0.046431757509708405, "rmse_5": 0.048601411283016205, "rmse_6": 0.05075725540518761, "rmse_7": 0.05525490641593933, "rmse_8": 0.05762717127799988, "rmse_9": 0.05844874307513237, "rmse_10": 0.06052564084529877}