{"vy": 0.3604571223258972, "dpsidt": 0.0809815526008606, "rmse": 0.2207193374633789}