{"vy": 0.4013288617134094, "dpsidt": 0.10472063720226288, "rmse": 0.25302475690841675, "vy_": 0.12150843441486359, "dpsidt_": 0.008778016082942486, "rmse_": 0.06514322757720947}