{"vy": 0.4551730155944824, "dpsidt": 0.11035320907831192, "rmse": 0.28276312351226807}