{"vy_time": [], "dpsidtrmse_time": [], "vy_0.05": 0.016879810020327568, "dpsidt_0.05": 0.002865272806957364, "rmse_0.05": 0.009872541762888432, "vy_1": 0.05517755448818207, "dpsidt_1": 0.006981064099818468, "rmse_1": 0.031079309061169624, "vy_2": 0.07661610841751099, "dpsidt_2": 0.007448453456163406, "rmse_2": 0.04203227907419205, "vy_3": 0.08970408141613007, "dpsidt_3": 0.007928847335278988, "rmse_3": 0.048816464841365814, "vy_4": 0.09405975043773651, "dpsidt_4": 0.00796208344399929, "rmse_4": 0.051010917872190475, "vy_5": 0.09603036195039749, "dpsidt_5": 0.00789023470133543, "rmse_5": 0.0519602969288826, "vy_6": 0.1005714014172554, "dpsidt_6": 0.008200046606361866, "rmse_6": 0.054385725408792496, "vy_7": 0.11077401041984558, "dpsidt_7": 0.008099679835140705, "rmse_7": 0.059436846524477005, "vy_8": 0.11557861417531967, "dpsidt_8": 0.008198973722755909, "rmse_8": 0.06188879534602165, "vy_9": 0.11671531945466995, "dpsidt_9": 0.008361713029444218, "rmse_9": 0.0625385195016861, "vy_10": 0.12089740484952927, "dpsidt_10": 0.008366856724023819, "rmse_10": 0.06463213264942169}