{"vy_0.05": 0.01818987913429737, "vy_1": 0.05832324177026749, "vy_2": 0.07417729496955872, "vy_3": 0.0828709602355957, "vy_4": 0.08512480556964874, "vy_5": 0.08949615806341171, "vy_6": 0.09251439571380615, "vy_7": 0.1020662859082222, "vy_8": 0.10696781426668167, "vy_9": 0.10829305648803711, "vy_10": 0.11252884566783905, "dpsidt_0.05": 0.0028231902979314327, "dpsidt_1": 0.005771275609731674, "dpsidt_2": 0.006262898910790682, "dpsidt_3": 0.0070023625157773495, "dpsidt_4": 0.007044221740216017, "dpsidt_5": 0.007110103499144316, "dpsidt_6": 0.007296137977391481, "dpsidt_7": 0.007200653199106455, "dpsidt_8": 0.007239991333335638, "dpsidt_9": 0.0073634046129882336, "dpsidt_10": 0.0073654004372656345, "rmse_0.05": 0.010506534948945045, "rmse_1": 0.03204725682735443, "rmse_2": 0.040220096707344055, "rmse_3": 0.044936660677194595, "rmse_4": 0.046084512025117874, "rmse_5": 0.04830313101410866, "rmse_6": 0.04990526661276817, "rmse_7": 0.05463346838951111, "rmse_8": 0.057103902101516724, "rmse_9": 0.057828228920698166, "rmse_10": 0.059947121888399124}