{"vy": 0.3740234673023224, "dpsidt": 0.0827789306640625, "rmse": 0.22840119898319244}