{"vy_0.05": 0.017364710569381714, "vy_1": 0.05460888892412186, "vy_2": 0.07334638386964798, "vy_3": 0.08641872555017471, "vy_4": 0.09007569402456284, "vy_5": 0.09392376989126205, "vy_6": 0.09738557785749435, "vy_7": 0.10808508843183517, "vy_8": 0.11338420957326889, "vy_9": 0.11494241654872894, "vy_10": 0.11986390501260757, "dpsidt_0.05": 0.002751657273620367, "dpsidt_1": 0.006711269728839397, "dpsidt_2": 0.007267799694091082, "dpsidt_3": 0.007888016290962696, "dpsidt_4": 0.00796232558786869, "dpsidt_5": 0.007940552197396755, "dpsidt_6": 0.008282782509922981, "dpsidt_7": 0.008191981352865696, "dpsidt_8": 0.008310352452099323, "dpsidt_9": 0.008483377285301685, "dpsidt_10": 0.00851457193493843, "rmse_0.05": 0.010058184154331684, "rmse_1": 0.030660079792141914, "rmse_2": 0.040307093411684036, "rmse_3": 0.047153372317552567, "rmse_4": 0.04901900887489319, "rmse_5": 0.05093216150999069, "rmse_6": 0.05283417925238609, "rmse_7": 0.05813853442668915, "rmse_8": 0.06084728240966797, "rmse_9": 0.061712898313999176, "rmse_10": 0.06418924033641815}