{"vy_time": [], "dpsidtrmse_time": [], "vy_0.05": 0.016776660457253456, "dpsidt_0.05": 0.002544360002502799, "rmse_0.05": 0.00966051034629345, "vy_1": 0.0548856183886528, "dpsidt_1": 0.005826437380164862, "rmse_1": 0.0303560271859169, "vy_2": 0.07659958302974701, "dpsidt_2": 0.00658551137894392, "rmse_2": 0.0415925458073616, "vy_3": 0.09181924909353256, "dpsidt_3": 0.00742522906512022, "rmse_3": 0.04962223768234253, "vy_4": 0.09722579270601273, "dpsidt_4": 0.0075505455024540424, "rmse_4": 0.05238816887140274, "vy_5": 0.10121827572584152, "dpsidt_5": 0.007561244536191225, "rmse_5": 0.05438975989818573, "vy_6": 0.10480403155088425, "dpsidt_6": 0.007901842705905437, "rmse_6": 0.05635293573141098, "vy_7": 0.1160854771733284, "dpsidt_7": 0.007796857971698046, "rmse_7": 0.06194116920232773, "vy_8": 0.12163490802049637, "dpsidt_8": 0.007886999286711216, "rmse_8": 0.0647609531879425, "vy_9": 0.12350337207317352, "dpsidt_9": 0.008070672862231731, "rmse_9": 0.06578702479600906, "vy_10": 0.1284748911857605, "dpsidt_10": 0.008100844919681549, "rmse_10": 0.06828786432743073}