{"vy": 0.40095388889312744, "dpsidt": 0.1006937026977539, "rmse": 0.2508237957954407}