{"vy": 0.36555320024490356, "dpsidt": 0.10465528815984726, "rmse": 0.2351042479276657, "vy_": 0.11067681014537811, "dpsidt_": 0.008772538043558598, "rmse_": 0.05972467362880707}