{"vy": 0.3914867341518402, "dpsidt": 0.11329620331525803, "rmse": 0.2523914575576782}