{"vy": 0.3708721101284027, "dpsidt": 0.11400923877954483, "rmse": 0.24244067072868347}