{"vy": 0.3992544412612915, "dpsidt": 0.09376019239425659, "rmse": 0.24650731682777405}