{"vy": 0.43388110399246216, "dpsidt": 0.11094553768634796, "rmse": 0.27241331338882446}