{"vy": 0.3777231276035309, "dpsidt": 0.1040225550532341, "rmse": 0.2408728450536728}