{"vy": 0.4282236099243164, "dpsidt": 0.1167530044913292, "rmse": 0.2724882960319519, "vy_": 0.1296512335538864, "dpsidt_": 0.009786608628928661, "rmse_": 0.06971891969442368}