{"vy_0.05": 0.01638185605406761, "vy_1": 0.0520540252327919, "vy_2": 0.07345470041036606, "vy_3": 0.09050670266151428, "vy_4": 0.09471572935581207, "vy_5": 0.09975374490022659, "vy_6": 0.10326331853866577, "vy_7": 0.11388570070266724, "vy_8": 0.12042177468538284, "vy_9": 0.12226106226444244, "vy_10": 0.12795113027095795, "dpsidt_0.05": 0.002181034302338958, "dpsidt_1": 0.005498919170349836, "dpsidt_2": 0.008625563234090805, "dpsidt_3": 0.009781179949641228, "dpsidt_4": 0.009989859536290169, "dpsidt_5": 0.009906376712024212, "dpsidt_6": 0.010286670178174973, "dpsidt_7": 0.010554925538599491, "dpsidt_8": 0.01071817148476839, "dpsidt_9": 0.010887857526540756, "dpsidt_10": 0.01079621072858572, "rmse_0.05": 0.009281445294618607, "rmse_1": 0.028776472434401512, "rmse_2": 0.04104012995958328, "rmse_3": 0.05014394223690033, "rmse_4": 0.052352793514728546, "rmse_5": 0.05483005940914154, "rmse_6": 0.05677499622106552, "rmse_7": 0.062220312654972076, "rmse_8": 0.06556997448205948, "rmse_9": 0.06657446175813675, "rmse_10": 0.06937366724014282}