{"vy": 0.3568533957004547, "dpsidt": 0.08630512654781342, "rmse": 0.22157925367355347, "vy_": 0.10804281383752823, "dpsidt_": 0.007234370801597834, "rmse_": 0.05763859301805496}