{"vy": 0.36808475852012634, "dpsidt": 0.09502633661031723, "rmse": 0.23155555129051208}