{"vy": 0.36337098479270935, "dpsidt": 0.07765889912843704, "rmse": 0.2205149382352829}