{"vy": 0.448487251996994, "dpsidt": 0.09429878741502762, "rmse": 0.2713930308818817}