{"vy": 0.40820401906967163, "dpsidt": 0.08598294854164124, "rmse": 0.24709348380565643}