{"vy_time": [], "dpsidtrmse_time": [], "vy_0.05": 0.018571311607956886, "dpsidt_0.05": 0.003038490656763315, "rmse_0.05": 0.010804900899529457, "vy_1": 0.059024907648563385, "dpsidt_1": 0.006826643366366625, "rmse_1": 0.03292577713727951, "vy_2": 0.07473915070295334, "dpsidt_2": 0.007153424900025129, "rmse_2": 0.04094628617167473, "vy_3": 0.08307404071092606, "dpsidt_3": 0.007816707715392113, "rmse_3": 0.04544537514448166, "vy_4": 0.08521538972854614, "dpsidt_4": 0.007857472635805607, "rmse_4": 0.04653643071651459, "vy_5": 0.09008999168872833, "dpsidt_5": 0.007984285242855549, "rmse_5": 0.0490371398627758, "vy_6": 0.09355643391609192, "dpsidt_6": 0.008247379213571548, "rmse_6": 0.050901904702186584, "vy_7": 0.10309839993715286, "dpsidt_7": 0.008189326152205467, "rmse_7": 0.05564386397600174, "vy_8": 0.10807821154594421, "dpsidt_8": 0.008266779594123363, "rmse_8": 0.05817249417304993, "vy_9": 0.10955216735601425, "dpsidt_9": 0.008410297334194183, "rmse_9": 0.05898123234510422, "vy_10": 0.114043690264225, "dpsidt_10": 0.008447861298918724, "rmse_10": 0.06124577671289444}