{"vy": 0.41080302000045776, "dpsidt": 0.09820935875177383, "rmse": 0.2545062005519867}