{"vy": 0.3573927879333496, "dpsidt": 0.08676918596029282, "rmse": 0.2220809906721115}