{"vy": 0.36314651370048523, "dpsidt": 0.10561603307723999, "rmse": 0.2343812733888626}