{"vy": 0.38369110226631165, "dpsidt": 0.09391909837722778, "rmse": 0.23880510032176971}