{"vy_time": [], "dpsidtrmse_time": [], "vy_0.05": 0.016530435532331467, "dpsidt_0.05": 0.0022087804973125458, "rmse_0.05": 0.009369608014822006, "vy_1": 0.057133130729198456, "dpsidt_1": 0.005144812632352114, "rmse_1": 0.03113897144794464, "vy_2": 0.07591180503368378, "dpsidt_2": 0.007422409951686859, "rmse_2": 0.04166710749268532, "vy_3": 0.08980707824230194, "dpsidt_3": 0.008253928273916245, "rmse_3": 0.04903050512075424, "vy_4": 0.09317485243082047, "dpsidt_4": 0.008510728366672993, "rmse_4": 0.05084279179573059, "vy_5": 0.0964098796248436, "dpsidt_5": 0.008524540811777115, "rmse_5": 0.052467212080955505, "vy_6": 0.09973949939012527, "dpsidt_6": 0.00892505794763565, "rmse_6": 0.05433227866888046, "vy_7": 0.11037187278270721, "dpsidt_7": 0.009020979516208172, "rmse_7": 0.05969642475247383, "vy_8": 0.11549453437328339, "dpsidt_8": 0.009108333848416805, "rmse_8": 0.06230143457651138, "vy_9": 0.11691450327634811, "dpsidt_9": 0.009327990934252739, "rmse_9": 0.0631212443113327, "vy_10": 0.1215897873044014, "dpsidt_10": 0.00929687824100256, "rmse_10": 0.06544332951307297}