{"vy": 0.37466543912887573, "dpsidt": 0.09943222999572754, "rmse": 0.23704883456230164, "vy_": 0.11343569308519363, "dpsidt_": 0.00833472516387701, "rmse_": 0.06088520959019661}