{"vy_time": [], "dpsidtrmse_time": [], "vy_0.05": 0.01677067205309868, "dpsidt_0.05": 0.002380114048719406, "rmse_0.05": 0.009575393050909042, "vy_1": 0.05608421936631203, "dpsidt_1": 0.005510274786502123, "rmse_1": 0.03079724684357643, "vy_2": 0.07451531291007996, "dpsidt_2": 0.0068023549392819405, "rmse_2": 0.04065883532166481, "vy_3": 0.08747190237045288, "dpsidt_3": 0.007691173814237118, "rmse_3": 0.04758153855800629, "vy_4": 0.09051590412855148, "dpsidt_4": 0.0077762180007994175, "rmse_4": 0.04914605990052223, "vy_5": 0.09602727741003036, "dpsidt_5": 0.007584973704069853, "rmse_5": 0.05180612578988075, "vy_6": 0.09836285561323166, "dpsidt_6": 0.007710678968578577, "rmse_6": 0.05303676798939705, "vy_7": 0.10915359854698181, "dpsidt_7": 0.007622879929840565, "rmse_7": 0.05838824063539505, "vy_8": 0.11477603763341904, "dpsidt_8": 0.007647959515452385, "rmse_8": 0.061211999505758286, "vy_9": 0.11641262471675873, "dpsidt_9": 0.007716577500104904, "rmse_9": 0.062064602971076965, "vy_10": 0.12124671787023544, "dpsidt_10": 0.007614977192133665, "rmse_10": 0.0644308477640152}