{"vy": 0.35311657190322876, "dpsidt": 0.08689749985933304, "rmse": 0.2200070321559906}