{"vy_0.05": 0.017515070736408234, "vy_1": 0.056468475610017776, "vy_2": 0.07357339560985565, "vy_3": 0.08354119956493378, "vy_4": 0.08605410903692245, "vy_5": 0.08974017202854156, "vy_6": 0.09295512735843658, "vy_7": 0.10287858545780182, "vy_8": 0.1077660322189331, "vy_9": 0.10914720594882965, "vy_10": 0.11345461010932922, "dpsidt_0.05": 0.0023219576105475426, "dpsidt_1": 0.004847083706408739, "dpsidt_2": 0.006028447765856981, "dpsidt_3": 0.0068239266984164715, "dpsidt_4": 0.00696002971380949, "dpsidt_5": 0.006929154973477125, "dpsidt_6": 0.007164935581386089, "dpsidt_7": 0.0071045272052288055, "dpsidt_8": 0.007153448183089495, "dpsidt_9": 0.0073006595484912395, "dpsidt_10": 0.007256565615534782, "rmse_0.05": 0.009918514639139175, "rmse_1": 0.030657779425382614, "rmse_2": 0.03980092331767082, "rmse_3": 0.04518256336450577, "rmse_4": 0.04650706797838211, "rmse_5": 0.04833466187119484, "rmse_6": 0.050060030072927475, "rmse_7": 0.05499155819416046, "rmse_8": 0.057459741830825806, "rmse_9": 0.05822393298149109, "rmse_10": 0.06035558879375458}