{"vy": 0.40390101075172424, "dpsidt": 0.08772274106740952, "rmse": 0.24581187963485718, "vy_": 0.12228719145059586, "dpsidt_": 0.00735319871455431, "rmse_": 0.06482019275426865}