{"vy_0.05": 0.016964510083198547, "vy_1": 0.05616948753595352, "vy_2": 0.07563513517379761, "vy_3": 0.08851958811283112, "vy_4": 0.0911456048488617, "vy_5": 0.09573902189731598, "vy_6": 0.09994524717330933, "vy_7": 0.11033856123685837, "vy_8": 0.11570180207490921, "vy_9": 0.11738551408052444, "vy_10": 0.12258575856685638, "dpsidt_0.05": 0.0023732848931103945, "dpsidt_1": 0.005939812399446964, "dpsidt_2": 0.007239957340061665, "dpsidt_3": 0.007973120547831059, "dpsidt_4": 0.008285998366773129, "dpsidt_5": 0.008303461596369743, "dpsidt_6": 0.008819607086479664, "dpsidt_7": 0.008852781727910042, "dpsidt_8": 0.00903522502630949, "dpsidt_9": 0.009300213307142258, "dpsidt_10": 0.009343674406409264, "rmse_0.05": 0.009668897837400436, "rmse_1": 0.031054649502038956, "rmse_2": 0.0414375476539135, "rmse_3": 0.0482463538646698, "rmse_4": 0.0497158020734787, "rmse_5": 0.052021242678165436, "rmse_6": 0.05438242852687836, "rmse_7": 0.05959567055106163, "rmse_8": 0.06236851215362549, "rmse_9": 0.0633428618311882, "rmse_10": 0.0659647136926651}