{"vy_time": [], "dpsidtrmse_time": [], "vy_0.05": 0.01772761158645153, "dpsidt_0.05": 0.0032807141542434692, "rmse_0.05": 0.0105041628703475, "vy_1": 0.055140022188425064, "dpsidt_1": 0.005970881786197424, "rmse_1": 0.030555451288819313, "vy_2": 0.07440578192472458, "dpsidt_2": 0.006754312198609114, "rmse_2": 0.04058004543185234, "vy_3": 0.08711906522512436, "dpsidt_3": 0.007825271226465702, "rmse_3": 0.04747216776013374, "vy_4": 0.09224271774291992, "dpsidt_4": 0.0077426740899682045, "rmse_4": 0.049992695450782776, "vy_5": 0.09523766487836838, "dpsidt_5": 0.007701672147959471, "rmse_5": 0.05146966874599457, "vy_6": 0.0990622490644455, "dpsidt_6": 0.007717577274888754, "rmse_6": 0.05338991433382034, "vy_7": 0.10970276594161987, "dpsidt_7": 0.007614382542669773, "rmse_7": 0.058658573776483536, "vy_8": 0.11477253586053848, "dpsidt_8": 0.00758771225810051, "rmse_8": 0.06118012219667435, "vy_9": 0.11618185043334961, "dpsidt_9": 0.007639493327587843, "rmse_9": 0.06191067025065422, "vy_10": 0.12028881907463074, "dpsidt_10": 0.007583042606711388, "rmse_10": 0.06393592804670334}