{"vy": 0.4339110851287842, "dpsidt": 0.11377869546413422, "rmse": 0.2738448977470398, "vy_": 0.13137321174144745, "dpsidt_": 0.009537292644381523, "rmse_": 0.07045525312423706}