{"vy": 0.3805966377258301, "dpsidt": 0.09216882288455963, "rmse": 0.23638272285461426}