{"vy": 0.3719748258590698, "dpsidt": 0.08519129455089569, "rmse": 0.22858306765556335}