{"vy": 0.40235623717308044, "dpsidt": 0.07876265794038773, "rmse": 0.2405594438314438}