{"vy_time": [], "dpsidtrmse_time": [], "vy_0.05": 0.019015014171600342, "dpsidt_0.05": 0.0030612677801400423, "rmse_0.05": 0.011038141325116158, "vy_1": 0.0590912327170372, "dpsidt_1": 0.0056514195166528225, "rmse_1": 0.03237132728099823, "vy_2": 0.07444464415311813, "dpsidt_2": 0.006069734692573547, "rmse_2": 0.04025718942284584, "vy_3": 0.08405767381191254, "dpsidt_3": 0.006900197826325893, "rmse_3": 0.0454789362847805, "vy_4": 0.08735711872577667, "dpsidt_4": 0.006879936903715134, "rmse_4": 0.04711852967739105, "vy_5": 0.09066217392683029, "dpsidt_5": 0.0068893153220415115, "rmse_5": 0.04877574369311333, "vy_6": 0.0932842269539833, "dpsidt_6": 0.006938472855836153, "rmse_6": 0.050111349672079086, "vy_7": 0.10326424986124039, "dpsidt_7": 0.0068376390263438225, "rmse_7": 0.05505094304680824, "vy_8": 0.10823312401771545, "dpsidt_8": 0.006823580712080002, "rmse_8": 0.05752835422754288, "vy_9": 0.10944623500108719, "dpsidt_9": 0.0068851495161652565, "rmse_9": 0.058165691792964935, "vy_10": 0.11333364993333817, "dpsidt_10": 0.006867257412523031, "rmse_10": 0.060100454837083817}