{"vy": 0.4714758098125458, "dpsidt": 0.09054744243621826, "rmse": 0.2810116410255432}