{"vy": 0.384069561958313, "dpsidt": 0.08200837671756744, "rmse": 0.23303896188735962}