{"vy": 0.37120991945266724, "dpsidt": 0.11505730450153351, "rmse": 0.24313360452651978}