{"vy_time": [], "dpsidtrmse_time": [], "vy_0.05": 0.016664206981658936, "dpsidt_0.05": 0.002237304812297225, "rmse_0.05": 0.009450756013393402, "vy_1": 0.05598197877407074, "dpsidt_1": 0.005712524987757206, "rmse_1": 0.030847251415252686, "vy_2": 0.07626862823963165, "dpsidt_2": 0.00830412283539772, "rmse_2": 0.04228637367486954, "vy_3": 0.08769311010837555, "dpsidt_3": 0.00901222787797451, "rmse_3": 0.048352669924497604, "vy_4": 0.09002424776554108, "dpsidt_4": 0.009435435757040977, "rmse_4": 0.0497298426926136, "vy_5": 0.09328307211399078, "dpsidt_5": 0.009611225686967373, "rmse_5": 0.051447149366140366, "vy_6": 0.09804974496364594, "dpsidt_6": 0.010245849378407001, "rmse_6": 0.05414779856801033, "vy_7": 0.10800671577453613, "dpsidt_7": 0.0105039207264781, "rmse_7": 0.059255316853523254, "vy_8": 0.11277417838573456, "dpsidt_8": 0.010714397765696049, "rmse_8": 0.061744287610054016, "vy_9": 0.11441031843423843, "dpsidt_9": 0.011108582839369774, "rmse_9": 0.06275945156812668, "vy_10": 0.1191537156701088, "dpsidt_10": 0.011168820783495903, "rmse_10": 0.06516126543283463}