{"vy": 0.41507604718208313, "dpsidt": 0.09382157027721405, "rmse": 0.254448801279068}