{"vy": 0.3805469274520874, "dpsidt": 0.0772281214594841, "rmse": 0.22888752818107605}