{"vy": 0.35430288314819336, "dpsidt": 0.11115823686122894, "rmse": 0.23273056745529175, "vy_": 0.10727060586214066, "dpsidt_": 0.009317637421190739, "rmse_": 0.05829412117600441}