{"vy_time": [], "dpsidtrmse_time": [], "vy_0.05": 0.018318934366106987, "dpsidt_0.05": 0.0027546349447220564, "rmse_0.05": 0.010536784306168556, "vy_1": 0.05832988768815994, "dpsidt_1": 0.005398283712565899, "rmse_1": 0.03186408430337906, "vy_2": 0.07499881833791733, "dpsidt_2": 0.005935630761086941, "rmse_2": 0.04046722501516342, "vy_3": 0.0837947204709053, "dpsidt_3": 0.006689481902867556, "rmse_3": 0.045242100954055786, "vy_4": 0.08620398491621017, "dpsidt_4": 0.006716789677739143, "rmse_4": 0.046460386365652084, "vy_5": 0.08870714902877808, "dpsidt_5": 0.006706369575113058, "rmse_5": 0.047706760466098785, "vy_6": 0.0920255035161972, "dpsidt_6": 0.0068285344168543816, "rmse_6": 0.04942701756954193, "vy_7": 0.1015462726354599, "dpsidt_7": 0.0067266374826431274, "rmse_7": 0.054136455059051514, "vy_8": 0.10611419379711151, "dpsidt_8": 0.006751498207449913, "rmse_8": 0.05643284693360329, "vy_9": 0.10716581344604492, "dpsidt_9": 0.006847689859569073, "rmse_9": 0.057006750255823135, "vy_10": 0.11097720265388489, "dpsidt_10": 0.006814808584749699, "rmse_10": 0.058896005153656006}