{"vy": 0.4195520281791687, "dpsidt": 0.11146599054336548, "rmse": 0.2655090093612671, "vy_": 0.1270257979631424, "dpsidt_": 0.009343433193862438, "rmse_": 0.06818461418151855}