{"vy": 0.3977538049221039, "dpsidt": 0.09429901093244553, "rmse": 0.246026411652565}