{"vy": 0.3848232328891754, "dpsidt": 0.07969453930854797, "rmse": 0.2322588860988617}