{"vy": 0.36708253622055054, "dpsidt": 0.0775875523686409, "rmse": 0.22233504056930542}