{"vy": 0.37188220024108887, "dpsidt": 0.09023430198431015, "rmse": 0.2310582548379898}