{"vy_time": [], "dpsidtrmse_time": [], "vy_0.05": 0.017853133380413055, "dpsidt_0.05": 0.0024951486848294735, "rmse_0.05": 0.010174141265451908, "vy_1": 0.05798865109682083, "dpsidt_1": 0.006109712645411491, "rmse_1": 0.032049182802438736, "vy_2": 0.07528699189424515, "dpsidt_2": 0.0071433596312999725, "rmse_2": 0.04121517390012741, "vy_3": 0.08683942258358002, "dpsidt_3": 0.007594902068376541, "rmse_3": 0.04721716046333313, "vy_4": 0.08920454978942871, "dpsidt_4": 0.007838119752705097, "rmse_4": 0.048521336168050766, "vy_5": 0.09406745433807373, "dpsidt_5": 0.007889535278081894, "rmse_5": 0.05097849667072296, "vy_6": 0.09744806587696075, "dpsidt_6": 0.00833842158317566, "rmse_6": 0.05289324373006821, "vy_7": 0.10769744217395782, "dpsidt_7": 0.008358349092304707, "rmse_7": 0.05802789703011513, "vy_8": 0.11295913904905319, "dpsidt_8": 0.008523460477590561, "rmse_8": 0.06074129790067673, "vy_9": 0.11452943086624146, "dpsidt_9": 0.00877433642745018, "rmse_9": 0.06165188550949097, "vy_10": 0.1193762943148613, "dpsidt_10": 0.008801399730145931, "rmse_10": 0.0640888437628746}