{"vy_time": [], "dpsidtrmse_time": [], "vy_0.05": 0.018088635057210922, "dpsidt_0.05": 0.0028378008864820004, "rmse_0.05": 0.010463218204677105, "vy_1": 0.05836501717567444, "dpsidt_1": 0.006041929591447115, "rmse_1": 0.03220347315073013, "vy_2": 0.07546087354421616, "dpsidt_2": 0.006407742854207754, "rmse_2": 0.04093430936336517, "vy_3": 0.08587177842855453, "dpsidt_3": 0.006951336283236742, "rmse_3": 0.046411558985710144, "vy_4": 0.08866681903600693, "dpsidt_4": 0.007007737178355455, "rmse_4": 0.0478372797369957, "vy_5": 0.0907440334558487, "dpsidt_5": 0.0070390827022492886, "rmse_5": 0.04889155924320221, "vy_6": 0.09433794021606445, "dpsidt_6": 0.007240762002766132, "rmse_6": 0.050789352506399155, "vy_7": 0.10423725843429565, "dpsidt_7": 0.007141723297536373, "rmse_7": 0.0556894913315773, "vy_8": 0.10879658907651901, "dpsidt_8": 0.0071844374760985374, "rmse_8": 0.05799051374197006, "vy_9": 0.10977011173963547, "dpsidt_9": 0.007320904638618231, "rmse_9": 0.05854550749063492, "vy_10": 0.11363759636878967, "dpsidt_10": 0.007312190718948841, "rmse_10": 0.06047489494085312}