{"vy": 0.37636080384254456, "dpsidt": 0.10815455764532089, "rmse": 0.24225768446922302}