{"vy_time": [], "dpsidtrmse_time": [], "vy_0.05": 0.016124309971928596, "dpsidt_0.05": 0.0023509059101343155, "rmse_0.05": 0.009237607941031456, "vy_1": 0.05545543134212494, "dpsidt_1": 0.0064943162724375725, "rmse_1": 0.030974874272942543, "vy_2": 0.07446438074111938, "dpsidt_2": 0.008947735652327538, "rmse_2": 0.041706059128046036, "vy_3": 0.0897764042019844, "dpsidt_3": 0.009855513460934162, "rmse_3": 0.049815960228443146, "vy_4": 0.09178903698921204, "dpsidt_4": 0.010186443105340004, "rmse_4": 0.050987739115953445, "vy_5": 0.09791738539934158, "dpsidt_5": 0.010312097147107124, "rmse_5": 0.05411474034190178, "vy_6": 0.1021224781870842, "dpsidt_6": 0.010836102068424225, "rmse_6": 0.05647929012775421, "vy_7": 0.11225338280200958, "dpsidt_7": 0.011089608073234558, "rmse_7": 0.06167149543762207, "vy_8": 0.11809949576854706, "dpsidt_8": 0.011207706294953823, "rmse_8": 0.06465359777212143, "vy_9": 0.11995092034339905, "dpsidt_9": 0.011487694457173347, "rmse_9": 0.06571930646896362, "vy_10": 0.1252746731042862, "dpsidt_10": 0.011496273800730705, "rmse_10": 0.06838547438383102}