{"vy_time": [], "dpsidtrmse_time": [], "vy_0.05": 0.01683693565428257, "dpsidt_0.05": 0.0022461116313934326, "rmse_0.05": 0.009541523642838001, "vy_1": 0.05509690195322037, "dpsidt_1": 0.0055438256822526455, "rmse_1": 0.030320363119244576, "vy_2": 0.07337956875562668, "dpsidt_2": 0.008646194823086262, "rmse_2": 0.04101288318634033, "vy_3": 0.08770006895065308, "dpsidt_3": 0.009536192752420902, "rmse_3": 0.0486181303858757, "vy_4": 0.09045339375734329, "dpsidt_4": 0.009848055429756641, "rmse_4": 0.05015072599053383, "vy_5": 0.09674810618162155, "dpsidt_5": 0.009963308461010456, "rmse_5": 0.053355708718299866, "vy_6": 0.10129275172948837, "dpsidt_6": 0.010501223616302013, "rmse_6": 0.05589698627591133, "vy_7": 0.11118714511394501, "dpsidt_7": 0.010802536271512508, "rmse_7": 0.060994841158390045, "vy_8": 0.11738269031047821, "dpsidt_8": 0.010982755571603775, "rmse_8": 0.06418272107839584, "vy_9": 0.11936283111572266, "dpsidt_9": 0.0112965889275074, "rmse_9": 0.06532970815896988, "vy_10": 0.12487190961837769, "dpsidt_10": 0.011298006400465965, "rmse_10": 0.0680849552154541}