{"vy_time": [], "dpsidtrmse_time": [], "vy_0.05": 0.01798194833099842, "dpsidt_0.05": 0.0022281876299530268, "rmse_0.05": 0.010105067864060402, "vy_1": 0.05837608128786087, "dpsidt_1": 0.005088964942842722, "rmse_1": 0.03173252195119858, "vy_2": 0.07392694056034088, "dpsidt_2": 0.006898748688399792, "rmse_2": 0.040412843227386475, "vy_3": 0.08474743366241455, "dpsidt_3": 0.007731503341346979, "rmse_3": 0.046239469200372696, "vy_4": 0.08797869086265564, "dpsidt_4": 0.007802295498549938, "rmse_4": 0.04789049178361893, "vy_5": 0.09166550636291504, "dpsidt_5": 0.007699260488152504, "rmse_5": 0.0496823824942112, "vy_6": 0.09416967630386353, "dpsidt_6": 0.007897094823420048, "rmse_6": 0.0510333850979805, "vy_7": 0.10428071767091751, "dpsidt_7": 0.007932624779641628, "rmse_7": 0.05610667169094086, "vy_8": 0.10960893332958221, "dpsidt_8": 0.007989850826561451, "rmse_8": 0.058799393475055695, "vy_9": 0.11096978932619095, "dpsidt_9": 0.008099344559013844, "rmse_9": 0.05953456833958626, "vy_10": 0.11528085917234421, "dpsidt_10": 0.007999980822205544, "rmse_10": 0.0616404190659523}