{"vy_0.05": 0.016412490978837013, "vy_1": 0.05283592641353607, "vy_2": 0.07357766479253769, "vy_3": 0.08808481693267822, "vy_4": 0.0919470489025116, "vy_5": 0.09567379951477051, "vy_6": 0.1001838892698288, "vy_7": 0.11072617769241333, "vy_8": 0.11612161993980408, "vy_9": 0.11780425906181335, "vy_10": 0.12303774803876877, "dpsidt_0.05": 0.00241863913834095, "dpsidt_1": 0.0062181176617741585, "dpsidt_2": 0.007681995630264282, "dpsidt_3": 0.008295632898807526, "dpsidt_4": 0.008607029914855957, "dpsidt_5": 0.00854790024459362, "dpsidt_6": 0.009042738005518913, "dpsidt_7": 0.009033015929162502, "dpsidt_8": 0.009197518229484558, "dpsidt_9": 0.009476514533162117, "dpsidt_10": 0.009512928314507008, "rmse_0.05": 0.009415565058588982, "rmse_1": 0.029527021571993828, "rmse_2": 0.040629830211400986, "rmse_3": 0.048190224915742874, "rmse_4": 0.05027703940868378, "rmse_5": 0.05211085081100464, "rmse_6": 0.05461331456899643, "rmse_7": 0.059879597276449203, "rmse_8": 0.06265956908464432, "rmse_9": 0.06364038586616516, "rmse_10": 0.06627533584833145}