{"vy": 0.4100661277770996, "dpsidt": 0.10064417123794556, "rmse": 0.2553551495075226}