{"vy": 0.4185410439968109, "dpsidt": 0.09391092509031296, "rmse": 0.25622597336769104, "vy_": 0.12671971321105957, "dpsidt_": 0.007871911861002445, "rmse_": 0.06729581207036972}