{"vy": 0.37406137585639954, "dpsidt": 0.09461577236652374, "rmse": 0.23433858156204224}