{"vy_time": [], "dpsidtrmse_time": [], "vy_0.05": 0.017192712053656578, "dpsidt_0.05": 0.0027655947487801313, "rmse_0.05": 0.00997915305197239, "vy_1": 0.05461931973695755, "dpsidt_1": 0.005917422939091921, "rmse_1": 0.030268371105194092, "vy_2": 0.07630011439323425, "dpsidt_2": 0.006804459262639284, "rmse_2": 0.041552286595106125, "vy_3": 0.09304443001747131, "dpsidt_3": 0.007839322090148926, "rmse_3": 0.05044187605381012, "vy_4": 0.09920565783977509, "dpsidt_4": 0.00785789079964161, "rmse_4": 0.05353177338838577, "vy_5": 0.10427701473236084, "dpsidt_5": 0.007802694104611874, "rmse_5": 0.056039854884147644, "vy_6": 0.10723148286342621, "dpsidt_6": 0.008020804263651371, "rmse_6": 0.0576261430978775, "vy_7": 0.11886760592460632, "dpsidt_7": 0.007896648719906807, "rmse_7": 0.06338212639093399, "vy_8": 0.1252603381872177, "dpsidt_8": 0.008001081645488739, "rmse_8": 0.06663070619106293, "vy_9": 0.12742893397808075, "dpsidt_9": 0.008129294030368328, "rmse_9": 0.06777911633253098, "vy_10": 0.13274890184402466, "dpsidt_10": 0.008152955211699009, "rmse_10": 0.07045093178749084}