{"vy_time": [], "dpsidtrmse_time": [], "vy_0.05": 0.017359700053930283, "dpsidt_0.05": 0.0025880797766149044, "rmse_0.05": 0.009973890148103237, "vy_1": 0.05446251481771469, "dpsidt_1": 0.006207251455634832, "rmse_1": 0.03033488243818283, "vy_2": 0.07466873526573181, "dpsidt_2": 0.007735580205917358, "rmse_2": 0.041202157735824585, "vy_3": 0.08902718126773834, "dpsidt_3": 0.008599565364420414, "rmse_3": 0.04881337285041809, "vy_4": 0.09360560029745102, "dpsidt_4": 0.008664391003549099, "rmse_4": 0.051134996116161346, "vy_5": 0.09776823967695236, "dpsidt_5": 0.00852223951369524, "rmse_5": 0.05314524099230766, "vy_6": 0.10087239742279053, "dpsidt_6": 0.008835021406412125, "rmse_6": 0.05485370755195618, "vy_7": 0.111644446849823, "dpsidt_7": 0.008922046981751919, "rmse_7": 0.060283247381448746, "vy_8": 0.11765559017658234, "dpsidt_8": 0.009079487062990665, "rmse_8": 0.06336753815412521, "vy_9": 0.1192968487739563, "dpsidt_9": 0.009198524989187717, "rmse_9": 0.06424769014120102, "vy_10": 0.12441687285900116, "dpsidt_10": 0.009148677811026573, "rmse_10": 0.06678277254104614}