{"vy": 0.4018639326095581, "dpsidt": 0.09539385139942169, "rmse": 0.2486288845539093}