{"vy_time": [], "dpsidtrmse_time": [], "vy_0.05": 0.017743946984410286, "dpsidt_0.05": 0.0031643507536500692, "rmse_0.05": 0.0104541489854455, "vy_1": 0.05487668886780739, "dpsidt_1": 0.0074040768668055534, "rmse_1": 0.031140383332967758, "vy_2": 0.07604655623435974, "dpsidt_2": 0.007540966849774122, "rmse_2": 0.041793759912252426, "vy_3": 0.08858614414930344, "dpsidt_3": 0.00818722415715456, "rmse_3": 0.04838668555021286, "vy_4": 0.09388893097639084, "dpsidt_4": 0.008062856271862984, "rmse_4": 0.05097589269280434, "vy_5": 0.0967533141374588, "dpsidt_5": 0.008049932308495045, "rmse_5": 0.052401624619960785, "vy_6": 0.10130927711725235, "dpsidt_6": 0.00826448854058981, "rmse_6": 0.05478688329458237, "vy_7": 0.11174025386571884, "dpsidt_7": 0.008128170855343342, "rmse_7": 0.059934213757514954, "vy_8": 0.11679065972566605, "dpsidt_8": 0.008182154037058353, "rmse_8": 0.06248640641570091, "vy_9": 0.1182515025138855, "dpsidt_9": 0.00832233764231205, "rmse_9": 0.0632869228720665, "vy_10": 0.12268325686454773, "dpsidt_10": 0.008347094058990479, "rmse_10": 0.0655151754617691}