{"vy": 0.3899727463722229, "dpsidt": 0.0998164564371109, "rmse": 0.2448945939540863, "vy_": 0.11807020753622055, "dpsidt_": 0.008366932161152363, "rmse_": 0.06321857124567032}