{"vy_time": [], "dpsidtrmse_time": [], "vy_0.05": 0.017096729949116707, "dpsidt_0.05": 0.00228457385674119, "rmse_0.05": 0.009690651670098305, "vy_1": 0.056700699031353, "dpsidt_1": 0.005833499599248171, "rmse_1": 0.03126709908246994, "vy_2": 0.0766165480017662, "dpsidt_2": 0.008254032582044601, "rmse_2": 0.042435288429260254, "vy_3": 0.08620200306177139, "dpsidt_3": 0.00892721489071846, "rmse_3": 0.047564610838890076, "vy_4": 0.088340625166893, "dpsidt_4": 0.009185299277305603, "rmse_4": 0.048762962222099304, "vy_5": 0.09180910885334015, "dpsidt_5": 0.00925647933036089, "rmse_5": 0.05053279548883438, "vy_6": 0.09610630571842194, "dpsidt_6": 0.00978071615099907, "rmse_6": 0.05294351279735565, "vy_7": 0.10577528178691864, "dpsidt_7": 0.010012738406658173, "rmse_7": 0.057894010096788406, "vy_8": 0.11062293499708176, "dpsidt_8": 0.010217218659818172, "rmse_8": 0.06042007729411125, "vy_9": 0.11219494789838791, "dpsidt_9": 0.010531342588365078, "rmse_9": 0.06136314570903778, "vy_10": 0.11665656417608261, "dpsidt_10": 0.01054004393517971, "rmse_10": 0.06359830498695374}