{"vy_time": [], "dpsidtrmse_time": [], "vy_0.05": 0.01734348013997078, "dpsidt_0.05": 0.002698213793337345, "rmse_0.05": 0.010020846500992775, "vy_1": 0.05454767495393753, "dpsidt_1": 0.0075210025534033775, "rmse_1": 0.03103433921933174, "vy_2": 0.07709412276744843, "dpsidt_2": 0.009176823310554028, "rmse_2": 0.043135471642017365, "vy_3": 0.08846765756607056, "dpsidt_3": 0.009946858510375023, "rmse_3": 0.049207258969545364, "vy_4": 0.09224987030029297, "dpsidt_4": 0.010026618838310242, "rmse_4": 0.051138244569301605, "vy_5": 0.09556034952402115, "dpsidt_5": 0.009845050983130932, "rmse_5": 0.05270269885659218, "vy_6": 0.10009820014238358, "dpsidt_6": 0.010268576443195343, "rmse_6": 0.05518338829278946, "vy_7": 0.11055433005094528, "dpsidt_7": 0.010426213964819908, "rmse_7": 0.06049027293920517, "vy_8": 0.11579253524541855, "dpsidt_8": 0.01066261064261198, "rmse_8": 0.0632275715470314, "vy_9": 0.11730635911226273, "dpsidt_9": 0.010826410725712776, "rmse_9": 0.06406638771295547, "vy_10": 0.12215204536914825, "dpsidt_10": 0.010793924331665039, "rmse_10": 0.06647298485040665}