{"vy": 0.41389983892440796, "dpsidt": 0.10515795648097992, "rmse": 0.25952890515327454, "vy_": 0.12531448900699615, "dpsidt_": 0.0088146748021245, "rmse_": 0.06706458330154419}