{"vy": 0.4454227387905121, "dpsidt": 0.10306395590305328, "rmse": 0.2742433547973633}