{"vy": 0.4381296634674072, "dpsidt": 0.0850582867860794, "rmse": 0.2615939676761627}