{"vy": 0.41887369751930237, "dpsidt": 0.10846246778964996, "rmse": 0.26366809010505676}