{"vy": 0.3778572678565979, "dpsidt": 0.09148458391427994, "rmse": 0.23467092216014862, "vy_": 0.11440206319093704, "dpsidt_": 0.00766852917149663, "rmse_": 0.06103529781103134}