{"vy": 0.39251959323883057, "dpsidt": 0.09475664794445038, "rmse": 0.24363812804222107, "vy_": 0.11884130537509918, "dpsidt_": 0.0079428032040596, "rmse_": 0.06339205801486969}