{"vy": 0.35379868745803833, "dpsidt": 0.08008638024330139, "rmse": 0.21694253385066986, "vy_": 0.10711795091629028, "dpsidt_": 0.0067130946554243565, "rmse_": 0.0569155216217041}