{"vy": 0.4027993381023407, "dpsidt": 0.09462849795818329, "rmse": 0.2487139105796814}