{"vy_time": [], "dpsidtrmse_time": [], "vy_0.05": 0.018241848796606064, "dpsidt_0.05": 0.002624734304845333, "rmse_0.05": 0.010433292016386986, "vy_1": 0.05863753706216812, "dpsidt_1": 0.00638281274586916, "rmse_1": 0.0325101763010025, "vy_2": 0.07497450709342957, "dpsidt_2": 0.007149789948016405, "rmse_2": 0.04106215015053749, "vy_3": 0.08503131568431854, "dpsidt_3": 0.00754078384488821, "rmse_3": 0.046286050230264664, "vy_4": 0.08738494664430618, "dpsidt_4": 0.007761895656585693, "rmse_4": 0.04757342115044594, "vy_5": 0.09181050956249237, "dpsidt_5": 0.007827972993254662, "rmse_5": 0.04981924220919609, "vy_6": 0.09497149288654327, "dpsidt_6": 0.00822608545422554, "rmse_6": 0.05159878730773926, "vy_7": 0.10490543395280838, "dpsidt_7": 0.008210933767259121, "rmse_7": 0.05655818432569504, "vy_8": 0.10993903875350952, "dpsidt_8": 0.008354329504072666, "rmse_8": 0.059146683663129807, "vy_9": 0.11139354854822159, "dpsidt_9": 0.008580094203352928, "rmse_9": 0.05998682230710983, "vy_10": 0.11591517925262451, "dpsidt_10": 0.008597406558692455, "rmse_10": 0.06225629150867462}