{"vy": 0.3820710778236389, "dpsidt": 0.08715181797742844, "rmse": 0.23461145162582397, "vy_": 0.1156778633594513, "dpsidt_": 0.0073053427040576935, "rmse_": 0.061491601169109344}