{"vy": 0.42651882767677307, "dpsidt": 0.08907836675643921, "rmse": 0.25779861211776733}