{"vy_time": [], "dpsidtrmse_time": [], "vy_0.05": 0.01920645497739315, "dpsidt_0.05": 0.0028298948891460896, "rmse_0.05": 0.011018174700438976, "vy_1": 0.06136908009648323, "dpsidt_1": 0.005122944712638855, "rmse_1": 0.033246010541915894, "vy_2": 0.07561939209699631, "dpsidt_2": 0.00567990867421031, "rmse_2": 0.0406496487557888, "vy_3": 0.0832771435379982, "dpsidt_3": 0.00653348071500659, "rmse_3": 0.04490531235933304, "vy_4": 0.08522790670394897, "dpsidt_4": 0.006553412415087223, "rmse_4": 0.04589065909385681, "vy_5": 0.08737069368362427, "dpsidt_5": 0.006459482479840517, "rmse_5": 0.04691508784890175, "vy_6": 0.09028735756874084, "dpsidt_6": 0.0064687347039580345, "rmse_6": 0.04837804660201073, "vy_7": 0.09913725405931473, "dpsidt_7": 0.006379726808518171, "rmse_7": 0.052758488804101944, "vy_8": 0.10348720848560333, "dpsidt_8": 0.006355814635753632, "rmse_8": 0.05492151156067848, "vy_9": 0.10427907109260559, "dpsidt_9": 0.006390005815774202, "rmse_9": 0.05533453822135925, "vy_10": 0.10769174993038177, "dpsidt_10": 0.006328148767352104, "rmse_10": 0.057009950280189514}