{"vy": 0.35658761858940125, "dpsidt": 0.1003108099102974, "rmse": 0.22844921052455902, "vy_": 0.10796234756708145, "dpsidt_": 0.008408372290432453, "rmse_": 0.058185361325740814}