{"vy": 0.36381590366363525, "dpsidt": 0.08594409376382828, "rmse": 0.22487999498844147}