{"vy": 0.3593786060810089, "dpsidt": 0.08192305266857147, "rmse": 0.2206508219242096}