{"vy": 0.38369718194007874, "dpsidt": 0.11020342260599136, "rmse": 0.24695029854774475, "vy_": 0.11617017537355423, "dpsidt_": 0.009237601421773434, "rmse_": 0.06270388513803482}