{"vy_time": [], "dpsidtrmse_time": [], "vy_0.05": 0.017263226211071014, "dpsidt_0.05": 0.0022573189344257116, "rmse_0.05": 0.009760272689163685, "vy_1": 0.056994978338479996, "dpsidt_1": 0.0051818168722093105, "rmse_1": 0.031088396906852722, "vy_2": 0.07502391189336777, "dpsidt_2": 0.007129127625375986, "rmse_2": 0.04107651859521866, "vy_3": 0.08765760064125061, "dpsidt_3": 0.007900992408394814, "rmse_3": 0.04777929559350014, "vy_4": 0.08991532772779465, "dpsidt_4": 0.008183857426047325, "rmse_4": 0.04904959350824356, "vy_5": 0.09502118080854416, "dpsidt_5": 0.00823253858834505, "rmse_5": 0.05162686109542847, "vy_6": 0.09837643802165985, "dpsidt_6": 0.008658355101943016, "rmse_6": 0.05351739749312401, "vy_7": 0.10873055458068848, "dpsidt_7": 0.008747721090912819, "rmse_7": 0.05873913690447807, "vy_8": 0.11405255645513535, "dpsidt_8": 0.00885252095758915, "rmse_8": 0.06145253777503967, "vy_9": 0.11567281931638718, "dpsidt_9": 0.009095612913370132, "rmse_9": 0.062384217977523804, "vy_10": 0.12063661217689514, "dpsidt_10": 0.009080950170755386, "rmse_10": 0.06485877931118011}