{"vy": 0.38988810777664185, "dpsidt": 0.10063692927360535, "rmse": 0.2452625185251236, "vy_": 0.11804458498954773, "dpsidt_": 0.008435707539319992, "rmse_": 0.06324014812707901}