{"vy": 0.37783971428871155, "dpsidt": 0.09303756803274155, "rmse": 0.23543864488601685}