{"vy": 0.3749806880950928, "dpsidt": 0.1083211749792099, "rmse": 0.24165093898773193, "vy_": 0.11353112757205963, "dpsidt_": 0.009079826064407825, "rmse_": 0.06130547821521759}