{"vy_time": [], "dpsidtrmse_time": [], "vy_0.05": 0.01776493899524212, "dpsidt_0.05": 0.0028063147328794003, "rmse_0.05": 0.010285627096891403, "vy_1": 0.05743112042546272, "dpsidt_1": 0.006168445572257042, "rmse_1": 0.03179978206753731, "vy_2": 0.07508113235235214, "dpsidt_2": 0.0065745022147893906, "rmse_2": 0.04082781821489334, "vy_3": 0.08667916804552078, "dpsidt_3": 0.00713949603959918, "rmse_3": 0.046909332275390625, "vy_4": 0.08970670402050018, "dpsidt_4": 0.007208068855106831, "rmse_4": 0.04845738783478737, "vy_5": 0.09240755438804626, "dpsidt_5": 0.007258635014295578, "rmse_5": 0.04983309656381607, "vy_6": 0.09561286866664886, "dpsidt_6": 0.007508129812777042, "rmse_6": 0.051560498774051666, "vy_7": 0.10601265728473663, "dpsidt_7": 0.00741440849378705, "rmse_7": 0.0567135326564312, "vy_8": 0.11082762479782104, "dpsidt_8": 0.0074773021042346954, "rmse_8": 0.05915246158838272, "vy_9": 0.11201444268226624, "dpsidt_9": 0.007637502625584602, "rmse_9": 0.059825971722602844, "vy_10": 0.11610328406095505, "dpsidt_10": 0.007639481220394373, "rmse_10": 0.06187138333916664}