{"vy": 0.4231489598751068, "dpsidt": 0.08901061117649078, "rmse": 0.2560797929763794}