{"vy": 0.3581182658672333, "dpsidt": 0.11069516092538834, "rmse": 0.2344067096710205}