{"vy_time": [], "dpsidtrmse_time": [], "vy_0.05": 0.017703291028738022, "dpsidt_0.05": 0.00228833663277328, "rmse_0.05": 0.009995813481509686, "vy_1": 0.05739914998412132, "dpsidt_1": 0.00533708743751049, "rmse_1": 0.03136811777949333, "vy_2": 0.07416031509637833, "dpsidt_2": 0.006904095411300659, "rmse_2": 0.04053220525383949, "vy_3": 0.08493341505527496, "dpsidt_3": 0.007476108614355326, "rmse_3": 0.046204760670661926, "vy_4": 0.08732448518276215, "dpsidt_4": 0.007703044451773167, "rmse_4": 0.04751376435160637, "vy_5": 0.09173770993947983, "dpsidt_5": 0.007729944307357073, "rmse_5": 0.049733828753232956, "vy_6": 0.09497205913066864, "dpsidt_6": 0.008125834167003632, "rmse_6": 0.051548946648836136, "vy_7": 0.10489734262228012, "dpsidt_7": 0.008174396120011806, "rmse_7": 0.05653586983680725, "vy_8": 0.1100059375166893, "dpsidt_8": 0.008298368193209171, "rmse_8": 0.05915215238928795, "vy_9": 0.11146959662437439, "dpsidt_9": 0.008549259044229984, "rmse_9": 0.0600094273686409, "vy_10": 0.11604183912277222, "dpsidt_10": 0.008550179190933704, "rmse_10": 0.06229601055383682}