{"vy": 0.40244969725608826, "dpsidt": 0.10893433541059494, "rmse": 0.2556920051574707}