{"vy": 0.3949005901813507, "dpsidt": 0.08272882550954819, "rmse": 0.23881471157073975}