{"vy_time": [], "dpsidtrmse_time": [], "vy_0.05": 0.017635395750403404, "dpsidt_0.05": 0.0025171407032757998, "rmse_0.05": 0.010076268576085567, "vy_1": 0.056501079350709915, "dpsidt_1": 0.006505126133561134, "rmse_1": 0.0315031036734581, "vy_2": 0.07490619271993637, "dpsidt_2": 0.007995019666850567, "rmse_2": 0.04145060479640961, "vy_3": 0.08600406348705292, "dpsidt_3": 0.008405494503676891, "rmse_3": 0.04720477759838104, "vy_4": 0.08867506682872772, "dpsidt_4": 0.008648661896586418, "rmse_4": 0.048661865293979645, "vy_5": 0.0919647067785263, "dpsidt_5": 0.008679795078933239, "rmse_5": 0.05032224953174591, "vy_6": 0.09556327760219574, "dpsidt_6": 0.009164324030280113, "rmse_6": 0.0523638017475605, "vy_7": 0.1057027205824852, "dpsidt_7": 0.009282123297452927, "rmse_7": 0.057492420077323914, "vy_8": 0.11070690304040909, "dpsidt_8": 0.009477014653384686, "rmse_8": 0.060091957449913025, "vy_9": 0.11211627721786499, "dpsidt_9": 0.009749106131494045, "rmse_9": 0.060932692140340805, "vy_10": 0.11675012111663818, "dpsidt_10": 0.009751923382282257, "rmse_10": 0.06325101852416992}