{"vy": 0.3630037307739258, "dpsidt": 0.09006252884864807, "rmse": 0.22653312981128693, "vy_": 0.1099049374461174, "dpsidt_": 0.007549327798187733, "rmse_": 0.05872713401913643}