{"vy_0.05": 0.0176096074283123, "vy_1": 0.05677754059433937, "vy_2": 0.07471472769975662, "vy_3": 0.08492106199264526, "vy_4": 0.08727356791496277, "vy_5": 0.09112860262393951, "vy_6": 0.09473828971385956, "vy_7": 0.10473152995109558, "vy_8": 0.10967943072319031, "vy_9": 0.11115805804729462, "vy_10": 0.11573776602745056, "dpsidt_0.05": 0.0023771028500050306, "dpsidt_1": 0.005615773145109415, "dpsidt_2": 0.006865732837468386, "dpsidt_3": 0.007473168894648552, "dpsidt_4": 0.007685226388275623, "dpsidt_5": 0.0076953512616455555, "dpsidt_6": 0.00808987207710743, "dpsidt_7": 0.008117444813251495, "dpsidt_8": 0.008250231854617596, "dpsidt_9": 0.00847149919718504, "dpsidt_10": 0.008473597466945648, "rmse_0.05": 0.0099933547899127, "rmse_1": 0.031196657568216324, "rmse_2": 0.04079023003578186, "rmse_3": 0.04619711637496948, "rmse_4": 0.04747939854860306, "rmse_5": 0.04941197857260704, "rmse_6": 0.05141407996416092, "rmse_7": 0.05642448738217354, "rmse_8": 0.05896482989192009, "rmse_9": 0.059814777225255966, "rmse_10": 0.062105681747198105}