{"vy": 0.3935956656932831, "dpsidt": 0.11024436354637146, "rmse": 0.25192001461982727}