{"vy": 0.3594155013561249, "dpsidt": 0.09363213926553726, "rmse": 0.22652381658554077, "vy_": 0.10881853103637695, "dpsidt_": 0.007848544046282768, "rmse_": 0.058333538472652435}