{"vy": 0.4279099702835083, "dpsidt": 0.09036271274089813, "rmse": 0.2591363489627838}