{"vy": 0.4144954979419708, "dpsidt": 0.11735649406909943, "rmse": 0.2659260034561157}