{"vy": 0.3698124289512634, "dpsidt": 0.07772264629602432, "rmse": 0.22376753389835358, "vy_": 0.11196636408567429, "dpsidt_": 0.006514959502965212, "rmse_": 0.059240661561489105}