{"vy": 0.4120457172393799, "dpsidt": 0.10423898696899414, "rmse": 0.258142352104187}