{"vy": 0.4048669636249542, "dpsidt": 0.08077828586101532, "rmse": 0.24282261729240417, "vy_": 0.1225796565413475, "dpsidt_": 0.006771092303097248, "rmse_": 0.06467537581920624}