{"vy": 0.3745371997356415, "dpsidt": 0.10040013492107391, "rmse": 0.2374686598777771}