{"vy": 0.37453770637512207, "dpsidt": 0.10529202967882156, "rmse": 0.23991486430168152}