{"vy": 0.3791450560092926, "dpsidt": 0.10218498855829239, "rmse": 0.2406650185585022}