{"vy_time": [], "dpsidtrmse_time": [], "vy_0.05": 0.018221108242869377, "dpsidt_0.05": 0.0030165144708007574, "rmse_0.05": 0.010618811473250389, "vy_1": 0.057460471987724304, "dpsidt_1": 0.005778379272669554, "rmse_1": 0.03161942586302757, "vy_2": 0.07465193420648575, "dpsidt_2": 0.006204208359122276, "rmse_2": 0.04042807221412659, "vy_3": 0.08581916987895966, "dpsidt_3": 0.0070434496738016605, "rmse_3": 0.04643131047487259, "vy_4": 0.08955960720777512, "dpsidt_4": 0.006994427181780338, "rmse_4": 0.04827701672911644, "vy_5": 0.09304163604974747, "dpsidt_5": 0.007011753506958485, "rmse_5": 0.05002669617533684, "vy_6": 0.09577466547489166, "dpsidt_6": 0.007108212448656559, "rmse_6": 0.051441438496112823, "vy_7": 0.10641264170408249, "dpsidt_7": 0.0069949692115187645, "rmse_7": 0.056703805923461914, "vy_8": 0.11149020493030548, "dpsidt_8": 0.006988528184592724, "rmse_8": 0.05923936516046524, "vy_9": 0.112861268222332, "dpsidt_9": 0.007064191624522209, "rmse_9": 0.05996273085474968, "vy_10": 0.11705975979566574, "dpsidt_10": 0.007053368724882603, "rmse_10": 0.062056563794612885}