{"vy_time": [], "dpsidtrmse_time": [], "vy_0.05": 0.01615031436085701, "dpsidt_0.05": 0.0022273005452007055, "rmse_0.05": 0.00918880756944418, "vy_1": 0.05480251833796501, "dpsidt_1": 0.005441971588879824, "rmse_1": 0.030122244730591774, "vy_2": 0.0764252096414566, "dpsidt_2": 0.008260185830295086, "rmse_2": 0.04234269633889198, "vy_3": 0.09358426183462143, "dpsidt_3": 0.00922082457691431, "rmse_3": 0.05140254274010658, "vy_4": 0.09718991816043854, "dpsidt_4": 0.009718142449855804, "rmse_4": 0.05345403030514717, "vy_5": 0.10153015702962875, "dpsidt_5": 0.009840056300163269, "rmse_5": 0.05568510666489601, "vy_6": 0.10583049058914185, "dpsidt_6": 0.010422318242490292, "rmse_6": 0.058126404881477356, "vy_7": 0.11644619703292847, "dpsidt_7": 0.010644580237567425, "rmse_7": 0.06354539096355438, "vy_8": 0.12208952009677887, "dpsidt_8": 0.010798731818795204, "rmse_8": 0.06644412875175476, "vy_9": 0.12390422821044922, "dpsidt_9": 0.011112561449408531, "rmse_9": 0.06750839203596115, "vy_10": 0.12939156591892242, "dpsidt_10": 0.011129934340715408, "rmse_10": 0.07026074826717377}