{"vy": 0.36380821466445923, "dpsidt": 0.07920476049184799, "rmse": 0.2215064913034439}