{"vy": 0.35942867398262024, "dpsidt": 0.08317249268293381, "rmse": 0.22130058705806732}