{"vy": 0.3535865247249603, "dpsidt": 0.08746013790369034, "rmse": 0.22052332758903503, "vy_": 0.1070537269115448, "dpsidt_": 0.007331186439841986, "rmse_": 0.05719245597720146}