{"vy_time": [], "dpsidtrmse_time": [], "vy_0.05": 0.018069656565785408, "dpsidt_0.05": 0.0032883821986615658, "rmse_0.05": 0.01067901961505413, "vy_1": 0.05637665465474129, "dpsidt_1": 0.006158559117466211, "rmse_1": 0.03126760572195053, "vy_2": 0.07426757365465164, "dpsidt_2": 0.006473603192716837, "rmse_2": 0.04037058725953102, "vy_3": 0.08360778540372849, "dpsidt_3": 0.007328768260776997, "rmse_3": 0.0454682782292366, "vy_4": 0.08659590035676956, "dpsidt_4": 0.007240119390189648, "rmse_4": 0.04691800847649574, "vy_5": 0.08914846926927567, "dpsidt_5": 0.00724985683336854, "rmse_5": 0.048199161887168884, "vy_6": 0.09293808043003082, "dpsidt_6": 0.007304511032998562, "rmse_6": 0.05012129619717598, "vy_7": 0.10261493176221848, "dpsidt_7": 0.007205261383205652, "rmse_7": 0.054910097271203995, "vy_8": 0.10703517496585846, "dpsidt_8": 0.0071856738068163395, "rmse_8": 0.05711042508482933, "vy_9": 0.10812745988368988, "dpsidt_9": 0.007239064201712608, "rmse_9": 0.05768326297402382, "vy_10": 0.1120254397392273, "dpsidt_10": 0.007210080977529287, "rmse_10": 0.05961776152253151}