{"vy_time": [], "dpsidtrmse_time": [], "vy_0.05": 0.019647182896733284, "dpsidt_0.05": 0.0038197424728423357, "rmse_0.05": 0.011733463034033775, "vy_1": 0.05700596421957016, "dpsidt_1": 0.008020599372684956, "rmse_1": 0.03251328319311142, "vy_2": 0.07315608859062195, "dpsidt_2": 0.008041737601161003, "rmse_2": 0.04059891402721405, "vy_3": 0.08140290528535843, "dpsidt_3": 0.008765020407736301, "rmse_3": 0.04508396238088608, "vy_4": 0.08373250812292099, "dpsidt_4": 0.008667746558785439, "rmse_4": 0.04620012640953064, "vy_5": 0.08725922554731369, "dpsidt_5": 0.008733919821679592, "rmse_5": 0.04799657315015793, "vy_6": 0.09058200567960739, "dpsidt_6": 0.008850561454892159, "rmse_6": 0.0497162826359272, "vy_7": 0.10005275160074234, "dpsidt_7": 0.008811432868242264, "rmse_7": 0.05443209409713745, "vy_8": 0.10484501719474792, "dpsidt_8": 0.008815327659249306, "rmse_8": 0.05683017149567604, "vy_9": 0.10616607964038849, "dpsidt_9": 0.008884118869900703, "rmse_9": 0.05752509832382202, "vy_10": 0.11028914898633957, "dpsidt_10": 0.008917580358684063, "rmse_10": 0.059603363275527954}