{"vy": 0.40566831827163696, "dpsidt": 0.08362717181444168, "rmse": 0.24464774131774902}