{"vy": 0.39887067675590515, "dpsidt": 0.11919299513101578, "rmse": 0.25903183221817017}