{"vy": 0.3588418662548065, "dpsidt": 0.08907593041658401, "rmse": 0.22395889461040497, "vy_": 0.10864486545324326, "dpsidt_": 0.00746662775054574, "rmse_": 0.05805574730038643}