{"vy": 0.3930627107620239, "dpsidt": 0.08194411545991898, "rmse": 0.23750340938568115}