{"vy": 0.3457934856414795, "dpsidt": 0.08641054481267929, "rmse": 0.2161020189523697}