{"vy_time": [], "dpsidtrmse_time": [], "vy_0.05": 0.017179304733872414, "dpsidt_0.05": 0.0023188528139144182, "rmse_0.05": 0.009749079123139381, "vy_1": 0.057463034987449646, "dpsidt_1": 0.006220816634595394, "rmse_1": 0.03184192627668381, "vy_2": 0.07735632359981537, "dpsidt_2": 0.00786061491817236, "rmse_2": 0.04260846972465515, "vy_3": 0.08818861842155457, "dpsidt_3": 0.008547673933207989, "rmse_3": 0.048368144780397415, "vy_4": 0.09049993753433228, "dpsidt_4": 0.008915052749216557, "rmse_4": 0.04970749467611313, "vy_5": 0.0947108268737793, "dpsidt_5": 0.008995925076305866, "rmse_5": 0.051853377372026443, "vy_6": 0.09949412196874619, "dpsidt_6": 0.009610210545361042, "rmse_6": 0.054552167654037476, "vy_7": 0.10958238691091537, "dpsidt_7": 0.009776458144187927, "rmse_7": 0.05967942252755165, "vy_8": 0.11462549865245819, "dpsidt_8": 0.010009163990616798, "rmse_8": 0.06231733039021492, "vy_9": 0.1163490042090416, "dpsidt_9": 0.010317550040781498, "rmse_9": 0.06333328038454056, "vy_10": 0.1214027926325798, "dpsidt_10": 0.010367166250944138, "rmse_10": 0.06588497757911682}