{"vy": 0.35571998357772827, "dpsidt": 0.09796489775180817, "rmse": 0.22684243321418762}