{"vy_time": [], "dpsidtrmse_time": [], "vy_0.05": 0.016438603401184082, "dpsidt_0.05": 0.0024475613608956337, "rmse_0.05": 0.00944308191537857, "vy_1": 0.05418819934129715, "dpsidt_1": 0.006146727129817009, "rmse_1": 0.030167464166879654, "vy_2": 0.07675237953662872, "dpsidt_2": 0.007484740111976862, "rmse_2": 0.042118560522794724, "vy_3": 0.09233532100915909, "dpsidt_3": 0.00847417302429676, "rmse_3": 0.05040474608540535, "vy_4": 0.09912175685167313, "dpsidt_4": 0.008796676993370056, "rmse_4": 0.05395921692252159, "vy_5": 0.10294631123542786, "dpsidt_5": 0.008772841654717922, "rmse_5": 0.05585957691073418, "vy_6": 0.10748923569917679, "dpsidt_6": 0.009239365346729755, "rmse_6": 0.058364301919937134, "vy_7": 0.11845085769891739, "dpsidt_7": 0.00923929177224636, "rmse_7": 0.06384507566690445, "vy_8": 0.1242063120007515, "dpsidt_8": 0.00939854048192501, "rmse_8": 0.06680242717266083, "vy_9": 0.1261700540781021, "dpsidt_9": 0.009627275168895721, "rmse_9": 0.06789866089820862, "vy_10": 0.13143321871757507, "dpsidt_10": 0.009654301218688488, "rmse_10": 0.07054375857114792}