{"vy": 0.4023817777633667, "dpsidt": 0.10543147474527359, "rmse": 0.25390663743019104}