{"vy": 0.40377360582351685, "dpsidt": 0.10911938548088074, "rmse": 0.2564464807510376}