{"vy": 0.3642447292804718, "dpsidt": 0.08170397579669952, "rmse": 0.22297435998916626}