{"vy_time": [], "dpsidtrmse_time": [], "vy_0.05": 0.017674380913376808, "dpsidt_0.05": 0.0031174831092357635, "rmse_0.05": 0.010395932011306286, "vy_1": 0.0550013892352581, "dpsidt_1": 0.006914819125086069, "rmse_1": 0.030958104878664017, "vy_2": 0.07449514418840408, "dpsidt_2": 0.007074568886309862, "rmse_2": 0.04078485816717148, "vy_3": 0.08701911568641663, "dpsidt_3": 0.007757588755339384, "rmse_3": 0.04738835245370865, "vy_4": 0.09137359261512756, "dpsidt_4": 0.007654905319213867, "rmse_4": 0.049514248967170715, "vy_5": 0.09442755579948425, "dpsidt_5": 0.007678392808884382, "rmse_5": 0.05105297267436981, "vy_6": 0.0983094573020935, "dpsidt_6": 0.00786988902837038, "rmse_6": 0.053089674562215805, "vy_7": 0.10889808088541031, "dpsidt_7": 0.007740707136690617, "rmse_7": 0.058319393545389175, "vy_8": 0.11392396688461304, "dpsidt_8": 0.007776226382702589, "rmse_8": 0.06085009500384331, "vy_9": 0.11534865200519562, "dpsidt_9": 0.007902143523097038, "rmse_9": 0.0616253986954689, "vy_10": 0.11977353692054749, "dpsidt_10": 0.007923983037471771, "rmse_10": 0.06384876370429993}