{"vy": 0.36075302958488464, "dpsidt": 0.08868563175201416, "rmse": 0.2247193306684494, "vy_": 0.10922349244356155, "dpsidt_": 0.00743391178548336, "rmse_": 0.05832870304584503}