{"vy_time": [], "dpsidtrmse_time": [], "vy_0.05": 0.018372010439634323, "dpsidt_0.05": 0.003214601892977953, "rmse_0.05": 0.010793305933475494, "vy_1": 0.05677059665322304, "dpsidt_1": 0.007595570757985115, "rmse_1": 0.03218308463692665, "vy_2": 0.07428721338510513, "dpsidt_2": 0.007733330596238375, "rmse_2": 0.04101027175784111, "vy_3": 0.08496773988008499, "dpsidt_3": 0.008259649388492107, "rmse_3": 0.04661369323730469, "vy_4": 0.08808548003435135, "dpsidt_4": 0.00824139267206192, "rmse_4": 0.048163436353206635, "vy_5": 0.09140019863843918, "dpsidt_5": 0.008320752531290054, "rmse_5": 0.049860477447509766, "vy_6": 0.09474922716617584, "dpsidt_6": 0.0085794348269701, "rmse_6": 0.0516643300652504, "vy_7": 0.10504642128944397, "dpsidt_7": 0.008514135144650936, "rmse_7": 0.05678027868270874, "vy_8": 0.11000994592905045, "dpsidt_8": 0.008606980554759502, "rmse_8": 0.05930846184492111, "vy_9": 0.11136529594659805, "dpsidt_9": 0.008740446530282497, "rmse_9": 0.06005287170410156, "vy_10": 0.11579222232103348, "dpsidt_10": 0.008782792836427689, "rmse_10": 0.06228750944137573}