{"vy_time": [], "dpsidtrmse_time": [], "vy_0.05": 0.01604720950126648, "dpsidt_0.05": 0.0022267992608249187, "rmse_0.05": 0.009137004613876343, "vy_1": 0.05369969457387924, "dpsidt_1": 0.005896852817386389, "rmse_1": 0.029798272997140884, "vy_2": 0.07474689185619354, "dpsidt_2": 0.009424990974366665, "rmse_2": 0.04208594188094139, "vy_3": 0.09144395589828491, "dpsidt_3": 0.010371590033173561, "rmse_3": 0.05090777203440666, "vy_4": 0.09487182646989822, "dpsidt_4": 0.010960523039102554, "rmse_4": 0.05291617661714554, "vy_5": 0.0996779277920723, "dpsidt_5": 0.01121250819414854, "rmse_5": 0.055445216596126556, "vy_6": 0.10523132234811783, "dpsidt_6": 0.011908399872481823, "rmse_6": 0.058569859713315964, "vy_7": 0.11507516354322433, "dpsidt_7": 0.012310786172747612, "rmse_7": 0.06369297206401825, "vy_8": 0.1211308091878891, "dpsidt_8": 0.012552695348858833, "rmse_8": 0.06684175133705139, "vy_9": 0.12328725308179855, "dpsidt_9": 0.012984915636479855, "rmse_9": 0.06813608109951019, "vy_10": 0.12887804210186005, "dpsidt_10": 0.013045660220086575, "rmse_10": 0.0709618479013443}