{"vy": 0.3825262486934662, "dpsidt": 0.08227323740720749, "rmse": 0.23239974677562714, "vy_": 0.115815669298172, "dpsidt_": 0.006896405015140772, "rmse_": 0.061356037855148315}