{"vy_time": [], "dpsidtrmse_time": [], "vy_0.05": 0.01797657087445259, "dpsidt_0.05": 0.0029748473316431046, "rmse_0.05": 0.010475709103047848, "vy_1": 0.05735102295875549, "dpsidt_1": 0.007486048620194197, "rmse_1": 0.03241853415966034, "vy_2": 0.07779804617166519, "dpsidt_2": 0.007843420840799809, "rmse_2": 0.04282073304057121, "vy_3": 0.08639951795339584, "dpsidt_3": 0.008307837881147861, "rmse_3": 0.047353677451610565, "vy_4": 0.08886659890413284, "dpsidt_4": 0.008267787285149097, "rmse_4": 0.04856719449162483, "vy_5": 0.09182330220937729, "dpsidt_5": 0.008279289118945599, "rmse_5": 0.05005129426717758, "vy_6": 0.0966276302933693, "dpsidt_6": 0.008601879701018333, "rmse_6": 0.05261475592851639, "vy_7": 0.10633369535207748, "dpsidt_7": 0.008522105403244495, "rmse_7": 0.05742790177464485, "vy_8": 0.11054253578186035, "dpsidt_8": 0.008628693409264088, "rmse_8": 0.05958561599254608, "vy_9": 0.11200244724750519, "dpsidt_9": 0.00880536250770092, "rmse_9": 0.06040390580892563, "vy_10": 0.11633548885583878, "dpsidt_10": 0.008843195624649525, "rmse_10": 0.06258933991193771}