{"vy_time": [], "dpsidtrmse_time": [], "vy_0.05": 0.017336422577500343, "dpsidt_0.05": 0.0025129474233835936, "rmse_0.05": 0.009924684651196003, "vy_1": 0.05502651631832123, "dpsidt_1": 0.005974897183477879, "rmse_1": 0.030500706285238266, "vy_2": 0.07458224892616272, "dpsidt_2": 0.007169746328145266, "rmse_2": 0.04087599739432335, "vy_3": 0.08921079337596893, "dpsidt_3": 0.007675589062273502, "rmse_3": 0.04844319075345993, "vy_4": 0.09363486617803574, "dpsidt_4": 0.007867341861128807, "rmse_4": 0.050751104950904846, "vy_5": 0.09756997227668762, "dpsidt_5": 0.00783210713416338, "rmse_5": 0.05270104110240936, "vy_6": 0.10062763839960098, "dpsidt_6": 0.008210843428969383, "rmse_6": 0.05441924184560776, "vy_7": 0.11164345592260361, "dpsidt_7": 0.00821436196565628, "rmse_7": 0.059928908944129944, "vy_8": 0.11724866181612015, "dpsidt_8": 0.00834168866276741, "rmse_8": 0.06279517710208893, "vy_9": 0.11892256140708923, "dpsidt_9": 0.008560550399124622, "rmse_9": 0.06374155730009079, "vy_10": 0.12393278628587723, "dpsidt_10": 0.00855183508247137, "rmse_10": 0.06624230742454529}