{"vy": 0.41144317388534546, "dpsidt": 0.14212074875831604, "rmse": 0.27678197622299194}