{"vy": 0.36632823944091797, "dpsidt": 0.09292715042829514, "rmse": 0.22962769865989685}