{"vy": 0.35743260383605957, "dpsidt": 0.10035929083824158, "rmse": 0.22889594733715057}