{"vy": 0.4060826599597931, "dpsidt": 0.10437370091676712, "rmse": 0.255228191614151}