{"vy": 0.42193228006362915, "dpsidt": 0.0954330712556839, "rmse": 0.2586826682090759}