{"vy": 0.43711814284324646, "dpsidt": 0.09512241929769516, "rmse": 0.2661202847957611}