{"vy": 0.3898047208786011, "dpsidt": 0.09247282892465591, "rmse": 0.2411387711763382}