{"vy": 0.3878474831581116, "dpsidt": 0.09605754166841507, "rmse": 0.24195250868797302}