{"vy": 0.3826594650745392, "dpsidt": 0.08860304951667786, "rmse": 0.23563125729560852}