{"vy": 0.3573969304561615, "dpsidt": 0.08699384331703186, "rmse": 0.22219538688659668}