{"vy_0.05": 0.017504198476672173, "vy_1": 0.05688914284110069, "vy_2": 0.07399266958236694, "vy_3": 0.08615622669458389, "vy_4": 0.08906934410333633, "vy_5": 0.09376047551631927, "vy_6": 0.09635727107524872, "vy_7": 0.10676227509975433, "vy_8": 0.11207626760005951, "vy_9": 0.11350791156291962, "vy_10": 0.11802566796541214, "dpsidt_0.05": 0.002333215204998851, "dpsidt_1": 0.0048632994294166565, "dpsidt_2": 0.006092693191021681, "dpsidt_3": 0.006806165911257267, "dpsidt_4": 0.0069408840499818325, "dpsidt_5": 0.006902734749019146, "dpsidt_6": 0.007139794062823057, "dpsidt_7": 0.007066843565553427, "dpsidt_8": 0.0071248640306293964, "dpsidt_9": 0.007286981213837862, "dpsidt_10": 0.007257101591676474, "rmse_0.05": 0.009918706491589546, "rmse_1": 0.030876221135258675, "rmse_2": 0.040042679756879807, "rmse_3": 0.04648119583725929, "rmse_4": 0.0480051152408123, "rmse_5": 0.05033160373568535, "rmse_6": 0.05174853280186653, "rmse_7": 0.0569145604968071, "rmse_8": 0.05960056558251381, "rmse_9": 0.060397446155548096, "rmse_10": 0.06264138221740723}