{"vy": 0.37841087579727173, "dpsidt": 0.10164926946163177, "rmse": 0.24003008008003235, "vy_": 0.11456966400146484, "dpsidt_": 0.008520565927028656, "rmse_": 0.06154511496424675}