{"vy": 0.433851420879364, "dpsidt": 0.09584908187389374, "rmse": 0.2648502588272095}