{"vy_time": [], "dpsidtrmse_time": [], "vy_0.05": 0.016763171181082726, "dpsidt_0.05": 0.0021792897023260593, "rmse_0.05": 0.009471230208873749, "vy_1": 0.05778665468096733, "dpsidt_1": 0.005229211412370205, "rmse_1": 0.031507931649684906, "vy_2": 0.07478689402341843, "dpsidt_2": 0.006823677569627762, "rmse_2": 0.04080528765916824, "vy_3": 0.0878831297159195, "dpsidt_3": 0.0077413092367351055, "rmse_3": 0.047812219709157944, "vy_4": 0.09012511372566223, "dpsidt_4": 0.00809360109269619, "rmse_4": 0.049109358340501785, "vy_5": 0.09713884443044662, "dpsidt_5": 0.00809484999626875, "rmse_5": 0.052616845816373825, "vy_6": 0.1018458753824234, "dpsidt_6": 0.008572874590754509, "rmse_6": 0.05520937591791153, "vy_7": 0.11189810931682587, "dpsidt_7": 0.00856820773333311, "rmse_7": 0.06023315712809563, "vy_8": 0.11804649978876114, "dpsidt_8": 0.008729946799576283, "rmse_8": 0.06338822096586227, "vy_9": 0.12015653401613235, "dpsidt_9": 0.008979437872767448, "rmse_9": 0.06456798315048218, "vy_10": 0.12572486698627472, "dpsidt_10": 0.009022967889904976, "rmse_10": 0.06737391650676727}