{"vy_0.05": 0.01766338013112545, "vy_1": 0.058317240327596664, "vy_2": 0.0755683109164238, "vy_3": 0.08404155820608139, "vy_4": 0.08596473187208176, "vy_5": 0.08985822647809982, "vy_6": 0.09348445385694504, "vy_7": 0.10308102518320084, "vy_8": 0.10774129629135132, "vy_9": 0.1091802790760994, "vy_10": 0.11347119510173798, "dpsidt_0.05": 0.00228300504386425, "dpsidt_1": 0.005270862020552158, "dpsidt_2": 0.006755318026989698, "dpsidt_3": 0.007641524076461792, "dpsidt_4": 0.007832933217287064, "dpsidt_5": 0.007847008295357227, "dpsidt_6": 0.008169624954462051, "dpsidt_7": 0.008211566135287285, "dpsidt_8": 0.008289223536849022, "dpsidt_9": 0.00845528393983841, "dpsidt_10": 0.008397418074309826, "rmse_0.05": 0.00997319258749485, "rmse_1": 0.03179405257105827, "rmse_2": 0.04116181284189224, "rmse_3": 0.04584154114127159, "rmse_4": 0.04689883440732956, "rmse_5": 0.04885261878371239, "rmse_6": 0.050827041268348694, "rmse_7": 0.055646296590566635, "rmse_8": 0.058015260845422745, "rmse_9": 0.0588177815079689, "rmse_10": 0.06093430519104004}