{"vy": 0.39452657103538513, "dpsidt": 0.08854735642671585, "rmse": 0.2415369600057602, "vy_": 0.1194489598274231, "dpsidt_": 0.007422321010380983, "rmse_": 0.0634356439113617}