{"vy": 0.36761924624443054, "dpsidt": 0.08802919089794159, "rmse": 0.22782421112060547}