{"vy": 0.461999773979187, "dpsidt": 0.14577500522136688, "rmse": 0.30388739705085754}