{"vy_time": [], "dpsidtrmse_time": [], "vy_0.05": 0.018585750833153725, "dpsidt_0.05": 0.0024359605740755796, "rmse_0.05": 0.010510855354368687, "vy_1": 0.05976328253746033, "dpsidt_1": 0.004908088129013777, "rmse_1": 0.032335683703422546, "vy_2": 0.07479145377874374, "dpsidt_2": 0.005794575437903404, "rmse_2": 0.04029301553964615, "vy_3": 0.08394835144281387, "dpsidt_3": 0.006522902753204107, "rmse_3": 0.04523562639951706, "vy_4": 0.08658944070339203, "dpsidt_4": 0.006605273578315973, "rmse_4": 0.04659735783934593, "vy_5": 0.09005549550056458, "dpsidt_5": 0.00655425013974309, "rmse_5": 0.04830487444996834, "vy_6": 0.09264913201332092, "dpsidt_6": 0.006692947819828987, "rmse_6": 0.04967103898525238, "vy_7": 0.10236255079507828, "dpsidt_7": 0.0066171553917229176, "rmse_7": 0.0544898547232151, "vy_8": 0.10722663253545761, "dpsidt_8": 0.006642022170126438, "rmse_8": 0.05693432688713074, "vy_9": 0.10839761793613434, "dpsidt_9": 0.006761228200048208, "rmse_9": 0.05757942423224449, "vy_10": 0.11231884360313416, "dpsidt_10": 0.006708960048854351, "rmse_10": 0.05951390042901039}