{"vy": 0.4429991543292999, "dpsidt": 0.1150965541601181, "rmse": 0.2790478467941284}