{"vy": 0.37134480476379395, "dpsidt": 0.07749095559120178, "rmse": 0.22441788017749786}