{"vy": 0.35361385345458984, "dpsidt": 0.08155371993780136, "rmse": 0.2175837904214859, "vy_": 0.10706199705600739, "dpsidt_": 0.006836092099547386, "rmse_": 0.05694904550909996}