{"vy_time": [], "dpsidtrmse_time": [], "vy_0.05": 0.01669198088347912, "dpsidt_0.05": 0.0022502620704472065, "rmse_0.05": 0.009471121244132519, "vy_1": 0.055324286222457886, "dpsidt_1": 0.005147782154381275, "rmse_1": 0.030236033722758293, "vy_2": 0.07469689846038818, "dpsidt_2": 0.006578860338777304, "rmse_2": 0.04063788056373596, "vy_3": 0.09039930999279022, "dpsidt_3": 0.007379605900496244, "rmse_3": 0.04888945817947388, "vy_4": 0.09296703338623047, "dpsidt_4": 0.007701572496443987, "rmse_4": 0.05033430457115173, "vy_5": 0.09890896826982498, "dpsidt_5": 0.007697179447859526, "rmse_5": 0.0533030740916729, "vy_6": 0.1024070754647255, "dpsidt_6": 0.008131582289934158, "rmse_6": 0.055269330739974976, "vy_7": 0.11320673674345016, "dpsidt_7": 0.00809071771800518, "rmse_7": 0.06064872816205025, "vy_8": 0.11916522681713104, "dpsidt_8": 0.008219774812459946, "rmse_8": 0.06369250267744064, "vy_9": 0.12100142240524292, "dpsidt_9": 0.008464480750262737, "rmse_9": 0.06473295390605927, "vy_10": 0.12651896476745605, "dpsidt_10": 0.008495558053255081, "rmse_10": 0.06750725954771042}