{"vy": 0.35395440459251404, "dpsidt": 0.0992051288485527, "rmse": 0.22657977044582367}