{"vy": 0.42397716641426086, "dpsidt": 0.10627808421850204, "rmse": 0.26512762904167175}