{"vy_time": [], "dpsidtrmse_time": [], "vy_0.05": 0.018825465813279152, "dpsidt_0.05": 0.0025389858055859804, "rmse_0.05": 0.010682226158678532, "vy_1": 0.05961364507675171, "dpsidt_1": 0.004797524306923151, "rmse_1": 0.03220558539032936, "vy_2": 0.07442906498908997, "dpsidt_2": 0.005566061940044165, "rmse_2": 0.039997562766075134, "vy_3": 0.08299903571605682, "dpsidt_3": 0.0064230370335280895, "rmse_3": 0.04471103474497795, "vy_4": 0.08547597378492355, "dpsidt_4": 0.006445375736802816, "rmse_4": 0.0459606759250164, "vy_5": 0.09010152518749237, "dpsidt_5": 0.0063714683055877686, "rmse_5": 0.04823649674654007, "vy_6": 0.09253496676683426, "dpsidt_6": 0.006428529974073172, "rmse_6": 0.049481749534606934, "vy_7": 0.10204757750034332, "dpsidt_7": 0.006317327730357647, "rmse_7": 0.05418245121836662, "vy_8": 0.10695129632949829, "dpsidt_8": 0.0063066002912819386, "rmse_8": 0.05662894994020462, "vy_9": 0.10815256834030151, "dpsidt_9": 0.006371056195348501, "rmse_9": 0.057261813431978226, "vy_10": 0.11219289153814316, "dpsidt_10": 0.006308929529041052, "rmse_10": 0.059250909835100174}