{"vy": 0.39304623007774353, "dpsidt": 0.10078293830156326, "rmse": 0.2469145804643631}