{"vy": 0.40217912197113037, "dpsidt": 0.09692565351724625, "rmse": 0.249552384018898}