{"vy": 0.4368169605731964, "dpsidt": 0.10158482193946838, "rmse": 0.2692008912563324}