{"vy": 0.4170907735824585, "dpsidt": 0.08873153477907181, "rmse": 0.25291115045547485}