{"vy_time": [], "dpsidtrmse_time": [], "vy_0.05": 0.01787739060819149, "dpsidt_0.05": 0.002642893698066473, "rmse_0.05": 0.010260142385959625, "vy_1": 0.05753094330430031, "dpsidt_1": 0.006702083628624678, "rmse_1": 0.03211651369929314, "vy_2": 0.07456892728805542, "dpsidt_2": 0.007493602577596903, "rmse_2": 0.04103126376867294, "vy_3": 0.0859900489449501, "dpsidt_3": 0.007964586839079857, "rmse_3": 0.046977318823337555, "vy_4": 0.08866339176893234, "dpsidt_4": 0.008171321824193, "rmse_4": 0.0484173558652401, "vy_5": 0.09362130612134933, "dpsidt_5": 0.0082118334248662, "rmse_5": 0.05091657117009163, "vy_6": 0.09690897166728973, "dpsidt_6": 0.008663405664265156, "rmse_6": 0.05278619006276131, "vy_7": 0.10722408443689346, "dpsidt_7": 0.00865988340228796, "rmse_7": 0.057941984385252, "vy_8": 0.11259424686431885, "dpsidt_8": 0.008836894296109676, "rmse_8": 0.06071557104587555, "vy_9": 0.11420968174934387, "dpsidt_9": 0.009060109965503216, "rmse_9": 0.06163489446043968, "vy_10": 0.11916152387857437, "dpsidt_10": 0.0090936915948987, "rmse_10": 0.0641276091337204}