{"vy_0.05": 0.01697101630270481, "vy_1": 0.053630176931619644, "vy_2": 0.07140152901411057, "vy_3": 0.08533137291669846, "vy_4": 0.08857755362987518, "vy_5": 0.09407225996255875, "vy_6": 0.0970291942358017, "vy_7": 0.1077815443277359, "vy_8": 0.11364220082759857, "vy_9": 0.11536221951246262, "vy_10": 0.1205965057015419, "dpsidt_0.05": 0.0025247347075492144, "dpsidt_1": 0.005327458493411541, "dpsidt_2": 0.0064707850106060505, "dpsidt_3": 0.00740742776542902, "dpsidt_4": 0.007441382855176926, "dpsidt_5": 0.007336047012358904, "dpsidt_6": 0.007500450126826763, "dpsidt_7": 0.0073525975458323956, "dpsidt_8": 0.007416659500449896, "dpsidt_9": 0.007531872950494289, "dpsidt_10": 0.00751208933070302, "rmse_0.05": 0.009747875854372978, "rmse_1": 0.02947881817817688, "rmse_2": 0.038936156779527664, "rmse_3": 0.04636939987540245, "rmse_4": 0.048009470105171204, "rmse_5": 0.05070415511727333, "rmse_6": 0.05226482078433037, "rmse_7": 0.05756707116961479, "rmse_8": 0.0605294294655323, "rmse_9": 0.06144704669713974, "rmse_10": 0.06405429542064667}