{"vy": 0.3997530937194824, "dpsidt": 0.09972783923149109, "rmse": 0.24974046647548676}