{"vy": 0.3652207553386688, "dpsidt": 0.09702269732952118, "rmse": 0.2311217188835144}