{"vy": 0.4442562162876129, "dpsidt": 0.134579598903656, "rmse": 0.28941792249679565}