{"vy_time": [], "dpsidtrmse_time": [], "vy_0.05": 0.016719557344913483, "dpsidt_0.05": 0.0022913068532943726, "rmse_0.05": 0.009505432099103928, "vy_1": 0.055416449904441833, "dpsidt_1": 0.0058500757440924644, "rmse_1": 0.030633263289928436, "vy_2": 0.07491498440504074, "dpsidt_2": 0.0077489642426371574, "rmse_2": 0.04133197292685509, "vy_3": 0.09168347716331482, "dpsidt_3": 0.008601848967373371, "rmse_3": 0.05014266446232796, "vy_4": 0.09476273506879807, "dpsidt_4": 0.009028679691255093, "rmse_4": 0.051895707845687866, "vy_5": 0.10086334496736526, "dpsidt_5": 0.008992189541459084, "rmse_5": 0.0549277663230896, "vy_6": 0.10506143420934677, "dpsidt_6": 0.009564604610204697, "rmse_6": 0.057313017547130585, "vy_7": 0.11559487879276276, "dpsidt_7": 0.009657030925154686, "rmse_7": 0.062625952064991, "vy_8": 0.12205452471971512, "dpsidt_8": 0.009887879714369774, "rmse_8": 0.06597120314836502, "vy_9": 0.12412519752979279, "dpsidt_9": 0.010177362710237503, "rmse_9": 0.06715127825737, "vy_10": 0.13001976907253265, "dpsidt_10": 0.01021949015557766, "rmse_10": 0.07011962682008743}