{"vy": 0.4079603850841522, "dpsidt": 0.0884399265050888, "rmse": 0.24820014834403992}