{"vy": 0.37937211990356445, "dpsidt": 0.08794493228197098, "rmse": 0.23365852236747742}