{"vy": 0.3708142340183258, "dpsidt": 0.10769706219434738, "rmse": 0.2392556518316269}