{"vy_time": [], "dpsidtrmse_time": [], "vy_0.05": 0.018417006358504295, "dpsidt_0.05": 0.0025204087141901255, "rmse_0.05": 0.010468707419931889, "vy_1": 0.059609562158584595, "dpsidt_1": 0.005060967523604631, "rmse_1": 0.03233526647090912, "vy_2": 0.07614154368638992, "dpsidt_2": 0.006033208221197128, "rmse_2": 0.041087374091148376, "vy_3": 0.08402925729751587, "dpsidt_3": 0.006856894586235285, "rmse_3": 0.04544307664036751, "vy_4": 0.08595374971628189, "dpsidt_4": 0.006910962983965874, "rmse_4": 0.04643235728144646, "vy_5": 0.08822514861822128, "dpsidt_5": 0.00681013660505414, "rmse_5": 0.04751764237880707, "vy_6": 0.09141719341278076, "dpsidt_6": 0.0069077834486961365, "rmse_6": 0.04916248843073845, "vy_7": 0.10047661513090134, "dpsidt_7": 0.006843621376901865, "rmse_7": 0.05366011708974838, "vy_8": 0.10488459467887878, "dpsidt_8": 0.006873568519949913, "rmse_8": 0.05587908253073692, "vy_9": 0.10584108531475067, "dpsidt_9": 0.006947950925678015, "rmse_9": 0.05639451742172241, "vy_10": 0.10947692394256592, "dpsidt_10": 0.006865960080176592, "rmse_10": 0.05817144364118576}