{"vy": 0.3700333833694458, "dpsidt": 0.09818550944328308, "rmse": 0.23410944640636444}