{"vy": 0.42119133472442627, "dpsidt": 0.1072850227355957, "rmse": 0.264238178730011}