{"vy_time": [], "dpsidtrmse_time": [], "vy_0.05": 0.016446253284811974, "dpsidt_0.05": 0.0025294304359704256, "rmse_0.05": 0.009487842209637165, "vy_1": 0.055398039519786835, "dpsidt_1": 0.006723274942487478, "rmse_1": 0.031060656532645226, "vy_2": 0.07801222801208496, "dpsidt_2": 0.007873880676925182, "rmse_2": 0.04294305294752121, "vy_3": 0.09415670484304428, "dpsidt_3": 0.008388654328882694, "rmse_3": 0.0512726791203022, "vy_4": 0.10105480253696442, "dpsidt_4": 0.008680339902639389, "rmse_4": 0.05486757308244705, "vy_5": 0.10374093055725098, "dpsidt_5": 0.00867881067097187, "rmse_5": 0.05620986968278885, "vy_6": 0.10858552157878876, "dpsidt_6": 0.009227536618709564, "rmse_6": 0.05890652909874916, "vy_7": 0.11939799785614014, "dpsidt_7": 0.009278139099478722, "rmse_7": 0.0643380656838417, "vy_8": 0.12484017759561539, "dpsidt_8": 0.009459082037210464, "rmse_8": 0.06714963167905807, "vy_9": 0.12653560936450958, "dpsidt_9": 0.009745972231030464, "rmse_9": 0.06814078986644745, "vy_10": 0.13132967054843903, "dpsidt_10": 0.009790883399546146, "rmse_10": 0.0705602765083313}