{"vy_0.05": 0.01609683223068714, "vy_1": 0.05391262471675873, "vy_2": 0.07794364541769028, "vy_3": 0.10220362991094589, "vy_4": 0.1133137047290802, "vy_5": 0.11802444607019424, "vy_6": 0.12364643812179565, "vy_7": 0.1342979371547699, "vy_8": 0.14179624617099762, "vy_9": 0.1450715959072113, "vy_10": 0.1516178995370865, "dpsidt_0.05": 0.0023432865273207426, "dpsidt_1": 0.006846120581030846, "dpsidt_2": 0.009123499505221844, "dpsidt_3": 0.010172569192945957, "dpsidt_4": 0.011087489314377308, "dpsidt_5": 0.011155867949128151, "dpsidt_6": 0.0119027653709054, "dpsidt_7": 0.012127876281738281, "dpsidt_8": 0.012465567328035831, "dpsidt_9": 0.012910437770187855, "dpsidt_10": 0.013022766448557377, "rmse_0.05": 0.009220059029757977, "rmse_1": 0.03037937358021736, "rmse_2": 0.0435335710644722, "rmse_3": 0.05618809908628464, "rmse_4": 0.062200598418712616, "rmse_5": 0.06459015607833862, "rmse_6": 0.06777460128068924, "rmse_7": 0.07321290671825409, "rmse_8": 0.07713090628385544, "rmse_9": 0.07899101823568344, "rmse_10": 0.08232033252716064}