{"vy": 0.48067909479141235, "dpsidt": 0.20424899458885193, "rmse": 0.34246402978897095}