{"vy": 0.3874686658382416, "dpsidt": 0.14585307240486145, "rmse": 0.2666608691215515}