{"vy_0.05": 0.015554104931652546, "vy_1": 0.05650068819522858, "vy_2": 0.08694057166576385, "vy_3": 0.11783540993928909, "vy_4": 0.1231272965669632, "vy_5": 0.12646593153476715, "vy_6": 0.12883758544921875, "vy_7": 0.14023560285568237, "vy_8": 0.14840993285179138, "vy_9": 0.15017734467983246, "vy_10": 0.15541453659534454, "dpsidt_0.05": 0.002134891925379634, "dpsidt_1": 0.005267616827040911, "dpsidt_2": 0.00785739440470934, "dpsidt_3": 0.00949945580214262, "dpsidt_4": 0.010231954045593739, "dpsidt_5": 0.010214055888354778, "dpsidt_6": 0.010657045058906078, "dpsidt_7": 0.010680885054171085, "dpsidt_8": 0.010905870236456394, "dpsidt_9": 0.011168203316628933, "dpsidt_10": 0.01114752795547247, "rmse_0.05": 0.008844498544931412, "rmse_1": 0.0308841522783041, "rmse_2": 0.04739898443222046, "rmse_3": 0.063667431473732, "rmse_4": 0.06667962670326233, "rmse_5": 0.0683399960398674, "rmse_6": 0.06974731385707855, "rmse_7": 0.07545824348926544, "rmse_8": 0.0796579048037529, "rmse_9": 0.08067277073860168, "rmse_10": 0.0832810327410698}