{"vy": 0.46032965183258057, "dpsidt": 0.15083076059818268, "rmse": 0.305580198764801}