{"vy": 0.48922479152679443, "dpsidt": 0.25626108050346375, "rmse": 0.3727429509162903}