{"vy_time": [], "dpsidtrmse_time": [], "vy_0.05": 0.016705086454749107, "dpsidt_0.05": 0.002559470012784004, "rmse_0.05": 0.009632278233766556, "vy_1": 0.0536143034696579, "dpsidt_1": 0.0060023837722837925, "rmse_1": 0.029808344319462776, "vy_2": 0.07442113012075424, "dpsidt_2": 0.006792347878217697, "rmse_2": 0.04060673713684082, "vy_3": 0.08995580673217773, "dpsidt_3": 0.00750866811722517, "rmse_3": 0.04873223602771759, "vy_4": 0.09475972503423691, "dpsidt_4": 0.007649851962924004, "rmse_4": 0.05120478942990303, "vy_5": 0.09879482537508011, "dpsidt_5": 0.007615319453179836, "rmse_5": 0.05320507287979126, "vy_6": 0.10236526280641556, "dpsidt_6": 0.007966320961713791, "rmse_6": 0.055165790021419525, "vy_7": 0.11351268738508224, "dpsidt_7": 0.007862146012485027, "rmse_7": 0.060687415301799774, "vy_8": 0.11908552795648575, "dpsidt_8": 0.007959311828017235, "rmse_8": 0.06352242082357407, "vy_9": 0.1208350881934166, "dpsidt_9": 0.008155685849487782, "rmse_9": 0.06449538469314575, "vy_10": 0.1259366273880005, "dpsidt_10": 0.008182723075151443, "rmse_10": 0.06705967336893082}