{"vy": 0.5150759816169739, "dpsidt": 0.0936802551150322, "rmse": 0.30437812209129333}