{"vy": 0.4544951915740967, "dpsidt": 0.09822888672351837, "rmse": 0.27636203169822693}