{"vy": 1.1473535299301147, "dpsidt": 0.34146401286125183, "rmse": 0.7444087862968445}