{"vy": 0.43510669469833374, "dpsidt": 0.09039762616157532, "rmse": 0.2627521753311157, "vy_": 0.1317352056503296, "dpsidt_": 0.007577416952699423, "rmse_": 0.06965631246566772, "vy_diff": 0.02206587605178356, "dpsidt_diff": 0.004814567044377327, "rmse_diff": 0.013440221548080444}