{"vy": 0.6356222033500671, "dpsidt": 0.35030174255371094, "rmse": 0.49296197295188904}