{"vy": 0.4112538695335388, "dpsidt": 0.11077180504798889, "rmse": 0.26101285219192505}