{"vy": 0.4009378254413605, "dpsidt": 0.08724095672369003, "rmse": 0.24408939480781555}