{"vy": 0.4467371702194214, "dpsidt": 0.1803460717201233, "rmse": 0.31354162096977234}