{"vy": 0.4987565875053406, "dpsidt": 0.2700726091861725, "rmse": 0.3844146132469177}