{"vy": 5.44508171081543, "dpsidt": 1.6329059600830078, "rmse": 3.5389938354492188}