{"vy": 0.433952271938324, "dpsidt": 0.1483282744884491, "rmse": 0.29114025831222534}