{"vy": 0.4284462034702301, "dpsidt": 0.08802931755781174, "rmse": 0.25823774933815}