{"vy": 0.439927339553833, "dpsidt": 0.1282888501882553, "rmse": 0.28410810232162476}