{"vy": 0.4411918818950653, "dpsidt": 0.10014284402132034, "rmse": 0.2706673741340637}