{"vy_0.05": 0.015559363178908825, "vy_1": 0.05174054205417633, "vy_2": 0.07573532313108444, "vy_3": 0.09749938547611237, "vy_4": 0.10527195781469345, "vy_5": 0.10909396409988403, "vy_6": 0.11368458718061447, "vy_7": 0.1247674971818924, "vy_8": 0.13123515248298645, "vy_9": 0.13334310054779053, "vy_10": 0.1389865130186081, "dpsidt_0.05": 0.0022971087601035833, "dpsidt_1": 0.005851224530488253, "dpsidt_2": 0.008209367282688618, "dpsidt_3": 0.009093031287193298, "dpsidt_4": 0.009701431728899479, "dpsidt_5": 0.009755690582096577, "dpsidt_6": 0.010355114936828613, "dpsidt_7": 0.010496274568140507, "dpsidt_8": 0.010700206272304058, "dpsidt_9": 0.011040030978620052, "dpsidt_10": 0.011082681827247143, "rmse_0.05": 0.008928235620260239, "rmse_1": 0.028795883059501648, "rmse_2": 0.04197234660387039, "rmse_3": 0.05329620838165283, "rmse_4": 0.05748669430613518, "rmse_5": 0.05942482873797417, "rmse_6": 0.06201985105872154, "rmse_7": 0.06763188540935516, "rmse_8": 0.07096768170595169, "rmse_9": 0.07219156622886658, "rmse_10": 0.07503459602594376}