{"vy": 0.44360771775245667, "dpsidt": 0.10161064565181732, "rmse": 0.2726091742515564}