{"vy": 0.41627436876296997, "dpsidt": 0.1140039935708046, "rmse": 0.2651391923427582, "vy_": 0.12603342533111572, "dpsidt_": 0.009556177072227001, "rmse_": 0.0677947998046875, "vy_diff": 0.02206587605178356, "dpsidt_diff": 0.004814567044377327, "rmse_diff": 0.013440221548080444}