{"vy": 0.4791106581687927, "dpsidt": 0.2208993136882782, "rmse": 0.35000497102737427}