{"vy": 0.47805318236351013, "dpsidt": 0.22573144733905792, "rmse": 0.3518923223018646}