{"vy": 0.49263954162597656, "dpsidt": 0.2108156979084015, "rmse": 0.35172760486602783}