{"vy": 0.40093666315078735, "dpsidt": 0.08697088807821274, "rmse": 0.24395377933979034}