{"vy_time": [], "dpsidtrmse_time": [], "vy_0.05": 0.01690036803483963, "dpsidt_0.05": 0.0023156574461609125, "rmse_0.05": 0.00960801262408495, "vy_1": 0.05737142637372017, "dpsidt_1": 0.006456822156906128, "rmse_1": 0.031914122402668, "vy_2": 0.07575998455286026, "dpsidt_2": 0.008267277851700783, "rmse_2": 0.04201363027095795, "vy_3": 0.09068970382213593, "dpsidt_3": 0.009196838364005089, "rmse_3": 0.04994327202439308, "vy_4": 0.09409503638744354, "dpsidt_4": 0.00974598340690136, "rmse_4": 0.051920510828495026, "vy_5": 0.09953951090574265, "dpsidt_5": 0.009659717790782452, "rmse_5": 0.054599612951278687, "vy_6": 0.105150006711483, "dpsidt_6": 0.01026627141982317, "rmse_6": 0.05770814046263695, "vy_7": 0.11506903916597366, "dpsidt_7": 0.010316086933016777, "rmse_7": 0.0626925602555275, "vy_8": 0.12142889946699142, "dpsidt_8": 0.010576617904007435, "rmse_8": 0.066002756357193, "vy_9": 0.1238267794251442, "dpsidt_9": 0.010912005789577961, "rmse_9": 0.06736939400434494, "vy_10": 0.12972739338874817, "dpsidt_10": 0.010996376164257526, "rmse_10": 0.07036188244819641}