{"vy": 0.5164085030555725, "dpsidt": 0.23334558308124542, "rmse": 0.37487703561782837}