{"vy": 0.5280430316925049, "dpsidt": 0.09305161237716675, "rmse": 0.3105473220348358}