{"vy": 0.4807009994983673, "dpsidt": 0.21562102437019348, "rmse": 0.3481610119342804}