{"vy": 0.5024283528327942, "dpsidt": 0.2488311231136322, "rmse": 0.375629723072052}