{"vy": 0.4478773772716522, "dpsidt": 0.19949740171432495, "rmse": 0.3236873745918274}