{"vy": 0.4793970286846161, "dpsidt": 0.09141412377357483, "rmse": 0.28540557622909546}