{"vy": 0.8550230860710144, "dpsidt": 0.4069327712059021, "rmse": 0.6309779286384583}