{"vy": 0.4142950475215912, "dpsidt": 0.1821376234292984, "rmse": 0.2982163429260254}