{"vy": 0.5993247032165527, "dpsidt": 0.20581407845020294, "rmse": 0.40256938338279724}