{"vy_time": [], "dpsidtrmse_time": [], "vy_0.05": 0.016716716811060905, "dpsidt_0.05": 0.0026808835100382566, "rmse_0.05": 0.009698799811303616, "vy_1": 0.05905836820602417, "dpsidt_1": 0.006178267765790224, "rmse_1": 0.03261831775307655, "vy_2": 0.081682488322258, "dpsidt_2": 0.006800059694796801, "rmse_2": 0.044241275638341904, "vy_3": 0.09868571162223816, "dpsidt_3": 0.007595065515488386, "rmse_3": 0.05314038693904877, "vy_4": 0.10728159546852112, "dpsidt_4": 0.00771806575357914, "rmse_4": 0.057499829679727554, "vy_5": 0.10960570722818375, "dpsidt_5": 0.0077164447866380215, "rmse_5": 0.0586610771715641, "vy_6": 0.11456262320280075, "dpsidt_6": 0.008040361106395721, "rmse_6": 0.061301492154598236, "vy_7": 0.12578250467777252, "dpsidt_7": 0.007949021644890308, "rmse_7": 0.06686576455831528, "vy_8": 0.13159509003162384, "dpsidt_8": 0.008038066327571869, "rmse_8": 0.06981657445430756, "vy_9": 0.13329057395458221, "dpsidt_9": 0.00820777378976345, "rmse_9": 0.07074917107820511, "vy_10": 0.13761360943317413, "dpsidt_10": 0.00821066927164793, "rmse_10": 0.07291214168071747}