{"vy": 0.46989840269088745, "dpsidt": 0.09952830523252487, "rmse": 0.28471335768699646, "vy_": 0.14226891100406647, "dpsidt_": 0.00834278017282486, "rmse_": 0.07530584931373596, "vy_diff": 0.02206587605178356, "dpsidt_diff": 0.004814567044377327, "rmse_diff": 0.013440221548080444}