{"vy": 0.4915180206298828, "dpsidt": 0.2025332897901535, "rmse": 0.34702566266059875}