{"vy": 0.4824947416782379, "dpsidt": 0.1060631051659584, "rmse": 0.29427891969680786}