{"vy": 0.38046419620513916, "dpsidt": 0.0903988778591156, "rmse": 0.23543153703212738}