{"vy": 0.4860250651836395, "dpsidt": 0.09555668383836746, "rmse": 0.2907908856868744}