{"vy": 0.4339047074317932, "dpsidt": 0.09315551072359085, "rmse": 0.26353010535240173}