{"vy_time": [], "dpsidtrmse_time": [], "vy_0.05": 0.016013897955417633, "dpsidt_0.05": 0.002309841336682439, "rmse_0.05": 0.009161869995296001, "vy_1": 0.0673903301358223, "dpsidt_1": 0.00635656900703907, "rmse_1": 0.03687344864010811, "vy_2": 0.09428627789020538, "dpsidt_2": 0.009704610332846642, "rmse_2": 0.05199544504284859, "vy_3": 0.12744854390621185, "dpsidt_3": 0.01179292518645525, "rmse_3": 0.06962073594331741, "vy_4": 0.13289886713027954, "dpsidt_4": 0.013602934777736664, "rmse_4": 0.0732509046792984, "vy_5": 0.13776105642318726, "dpsidt_5": 0.013514199294149876, "rmse_5": 0.07563763111829758, "vy_6": 0.1455966979265213, "dpsidt_6": 0.014047270640730858, "rmse_6": 0.07982198148965836, "vy_7": 0.15771113336086273, "dpsidt_7": 0.014263596385717392, "rmse_7": 0.08598736673593521, "vy_8": 0.16843505203723907, "dpsidt_8": 0.014774700626730919, "rmse_8": 0.09160487353801727, "vy_9": 0.17216183245182037, "dpsidt_9": 0.0152897322550416, "rmse_9": 0.09372578561306, "vy_10": 0.17945507168769836, "dpsidt_10": 0.015353159047663212, "rmse_10": 0.0974041149020195}