{"vy": 0.540259599685669, "dpsidt": 0.19875840842723846, "rmse": 0.3695090115070343}