{"vy": 0.4672049283981323, "dpsidt": 0.1008891686797142, "rmse": 0.28404703736305237}