{"vy": 0.5907425880432129, "dpsidt": 0.30531883239746094, "rmse": 0.4480307102203369}