{"vy": 1.284369707107544, "dpsidt": 0.4815598726272583, "rmse": 0.8829647898674011, "vy_": 0.3888625502586365, "dpsidt_": 0.040365878492593765, "rmse_": 0.21461421251296997, "vy_diff": 0.02206587605178356, "dpsidt_diff": 0.004814567044377327, "rmse_diff": 0.013440221548080444}