{"vy": 0.3719046115875244, "dpsidt": 0.08727720379829407, "rmse": 0.22959090769290924}