{"vy": 0.4617060124874115, "dpsidt": 0.20162443816661835, "rmse": 0.3316652178764343}