{"vy_time": [], "dpsidtrmse_time": [], "vy_0.05": 0.01729564741253853, "dpsidt_0.05": 0.0021153916604816914, "rmse_0.05": 0.009705519303679466, "vy_1": 0.06840380281209946, "dpsidt_1": 0.005796485114842653, "rmse_1": 0.03710014373064041, "vy_2": 0.08723171055316925, "dpsidt_2": 0.008576290681958199, "rmse_2": 0.04790399968624115, "vy_3": 0.10671520233154297, "dpsidt_3": 0.009735699743032455, "rmse_3": 0.05822545289993286, "vy_4": 0.11056394875049591, "dpsidt_4": 0.010449673049151897, "rmse_4": 0.06050680950284004, "vy_5": 0.1224583089351654, "dpsidt_5": 0.010559916496276855, "rmse_5": 0.06650911271572113, "vy_6": 0.13109223544597626, "dpsidt_6": 0.011387336067855358, "rmse_6": 0.07123978435993195, "vy_7": 0.1421307772397995, "dpsidt_7": 0.011748564429581165, "rmse_7": 0.0769396722316742, "vy_8": 0.15100912749767303, "dpsidt_8": 0.012190183624625206, "rmse_8": 0.0815996527671814, "vy_9": 0.1544395387172699, "dpsidt_9": 0.012602847069501877, "rmse_9": 0.08352119475603104, "vy_10": 0.16105392575263977, "dpsidt_10": 0.012689380906522274, "rmse_10": 0.08687165379524231}