{"vy": 0.45532140135765076, "dpsidt": 0.1899677813053131, "rmse": 0.32264459133148193, "vy_": 0.13785549998283386, "dpsidt_": 0.015923703089356422, "rmse_": 0.07688960433006287, "vy_diff": 0.02206587605178356, "dpsidt_diff": 0.004814567044377327, "rmse_diff": 0.013440221548080444}