{"vy": 2.850717544555664, "dpsidt": 0.8054030537605286, "rmse": 1.828060269355774}