{"vy": 0.48683691024780273, "dpsidt": 0.10523202270269394, "rmse": 0.29603445529937744}