{"vy_time": [], "dpsidtrmse_time": [], "vy_0.05": 0.01651090197265148, "dpsidt_0.05": 0.002293721307069063, "rmse_0.05": 0.009402311407029629, "vy_1": 0.05829620361328125, "dpsidt_1": 0.0074506537057459354, "rmse_1": 0.032873429358005524, "vy_2": 0.08168626576662064, "dpsidt_2": 0.010214977897703648, "rmse_2": 0.045950621366500854, "vy_3": 0.09213636815547943, "dpsidt_3": 0.010968789458274841, "rmse_3": 0.051552578806877136, "vy_4": 0.09577713161706924, "dpsidt_4": 0.011679246090352535, "rmse_4": 0.05372818931937218, "vy_5": 0.09934944659471512, "dpsidt_5": 0.011883217841386795, "rmse_5": 0.055616334080696106, "vy_6": 0.10667344927787781, "dpsidt_6": 0.01274097990244627, "rmse_6": 0.05970721319317818, "vy_7": 0.11598800867795944, "dpsidt_7": 0.013175630941987038, "rmse_7": 0.06458181887865067, "vy_8": 0.12098037451505661, "dpsidt_8": 0.013587451539933681, "rmse_8": 0.06728391349315643, "vy_9": 0.12363578379154205, "dpsidt_9": 0.014157665893435478, "rmse_9": 0.06889672577381134, "vy_10": 0.12833112478256226, "dpsidt_10": 0.014283951371908188, "rmse_10": 0.07130753993988037}