{"vy": 3.2465999126434326, "dpsidt": 0.9422629475593567, "rmse": 2.0944314002990723}