{"vy": 0.3887239396572113, "dpsidt": 0.1449860781431198, "rmse": 0.26685500144958496}