{"vy": 0.47818708419799805, "dpsidt": 0.17062394320964813, "rmse": 0.3244055211544037}