{"vy": 0.436047226190567, "dpsidt": 0.11447473615407944, "rmse": 0.2752609848976135}