{"vy": 0.5669391751289368, "dpsidt": 0.10734554380178452, "rmse": 0.33714234828948975}