{"vy": 0.618625819683075, "dpsidt": 0.13975387811660767, "rmse": 0.3791898488998413, "vy_": 0.18729838728904724, "dpsidt_": 0.011714614927768707, "rmse_": 0.09950649738311768, "vy_diff": 0.02206587605178356, "dpsidt_diff": 0.004814567044377327, "rmse_diff": 0.013440221548080444}