{"vy": 0.5539700984954834, "dpsidt": 0.18091660737991333, "rmse": 0.36744335293769836}