{"vy": 0.4254894554615021, "dpsidt": 0.10120203346014023, "rmse": 0.26334574818611145}