{"vy": 0.42321014404296875, "dpsidt": 0.11579607427120209, "rmse": 0.269503116607666}