{"vy": 0.4643598794937134, "dpsidt": 0.2179403007030487, "rmse": 0.34115010499954224}