{"vy": 0.5850969552993774, "dpsidt": 0.1481296271085739, "rmse": 0.3666132986545563, "vy_": 0.1771470457315445, "dpsidt_": 0.012416696175932884, "rmse_": 0.09478186815977097, "vy_diff": 0.02206587605178356, "dpsidt_diff": 0.004814567044377327, "rmse_diff": 0.013440221548080444}