{"vy": 3.5933711528778076, "dpsidt": 0.9963545799255371, "rmse": 2.294862747192383}