{"vy_time": [], "dpsidtrmse_time": [], "vy_0.05": 0.016247780993580818, "dpsidt_0.05": 0.0023625586181879044, "rmse_0.05": 0.009305169805884361, "vy_1": 0.05427754297852516, "dpsidt_1": 0.007199181709438562, "rmse_1": 0.030738363042473793, "vy_2": 0.07803144305944443, "dpsidt_2": 0.009640759788453579, "rmse_2": 0.04383610188961029, "vy_3": 0.09118068963289261, "dpsidt_3": 0.010323550552129745, "rmse_3": 0.05075211822986603, "vy_4": 0.09615598618984222, "dpsidt_4": 0.010868336074054241, "rmse_4": 0.05351215973496437, "vy_5": 0.09927476942539215, "dpsidt_5": 0.01088303979486227, "rmse_5": 0.0550789050757885, "vy_6": 0.10555200278759003, "dpsidt_6": 0.011555359698832035, "rmse_6": 0.058553680777549744, "vy_7": 0.11557777971029282, "dpsidt_7": 0.011774994432926178, "rmse_7": 0.0636763870716095, "vy_8": 0.12067534774541855, "dpsidt_8": 0.012059235945343971, "rmse_8": 0.06636729091405869, "vy_9": 0.12279078364372253, "dpsidt_9": 0.012478014454245567, "rmse_9": 0.06763439625501633, "vy_10": 0.12778282165527344, "dpsidt_10": 0.012545710429549217, "rmse_10": 0.0701642632484436}