{"vy": 0.44631242752075195, "dpsidt": 0.12827013432979584, "rmse": 0.2872912883758545}