{"vy": 0.45672836899757385, "dpsidt": 0.11975457519292831, "rmse": 0.2882414758205414}