{"vy": 0.42629387974739075, "dpsidt": 0.18104395270347595, "rmse": 0.30366891622543335}