{"vy": 0.45777109265327454, "dpsidt": 0.12315338850021362, "rmse": 0.2904622554779053}