{"vy": 0.4661423861980438, "dpsidt": 0.10475900769233704, "rmse": 0.28545069694519043}