{"vy": 0.49162930250167847, "dpsidt": 0.14214178919792175, "rmse": 0.3168855309486389, "vy_": 0.1488482803106308, "dpsidt_": 0.01191477570682764, "rmse_": 0.08038152754306793, "vy_diff": 0.02206587605178356, "dpsidt_diff": 0.004814567044377327, "rmse_diff": 0.013440221548080444}