{"vy": 4.740849018096924, "dpsidt": 1.3397101163864136, "rmse": 3.0402796268463135}