{"vy_time": [], "dpsidtrmse_time": [], "vy_0.05": 0.016152983531355858, "dpsidt_0.05": 0.002231692662462592, "rmse_0.05": 0.009192338213324547, "vy_1": 0.06657245755195618, "dpsidt_1": 0.007923812605440617, "rmse_1": 0.03724813461303711, "vy_2": 0.09685735404491425, "dpsidt_2": 0.012604134157299995, "rmse_2": 0.054730743169784546, "vy_3": 0.13868172466754913, "dpsidt_3": 0.015305089764297009, "rmse_3": 0.07699340581893921, "vy_4": 0.1621474325656891, "dpsidt_4": 0.018699757754802704, "rmse_4": 0.0904235988855362, "vy_5": 0.16138076782226562, "dpsidt_5": 0.01940975710749626, "rmse_5": 0.09039526432752609, "vy_6": 0.16383206844329834, "dpsidt_6": 0.019768530502915382, "rmse_6": 0.09180030226707458, "vy_7": 0.17256633937358856, "dpsidt_7": 0.020256301388144493, "rmse_7": 0.0964113175868988, "vy_8": 0.18483468890190125, "dpsidt_8": 0.021153142675757408, "rmse_8": 0.1029939129948616, "vy_9": 0.18857219815254211, "dpsidt_9": 0.02206873521208763, "rmse_9": 0.10532046854496002, "vy_10": 0.19311267137527466, "dpsidt_10": 0.022074449807405472, "rmse_10": 0.10759355872869492}