{"vy": 0.41560497879981995, "dpsidt": 0.14489209651947021, "rmse": 0.2802485227584839, "vy_": 0.1258307546377182, "dpsidt_": 0.01214531622827053, "rmse_": 0.06898803263902664, "vy_diff": 0.02206587605178356, "dpsidt_diff": 0.004814567044377327, "rmse_diff": 0.013440221548080444}