{"vy": 1.1000703573226929, "dpsidt": 0.3784758448600769, "rmse": 0.7392730712890625, "vy_": 0.33306315541267395, "dpsidt_": 0.03172505274415016, "rmse_": 0.1823941022157669, "vy_diff": 0.02206587605178356, "dpsidt_diff": 0.004814567044377327, "rmse_diff": 0.013440221548080444}