{"vy_time": [], "dpsidtrmse_time": [], "vy_0.05": 0.015717560425400734, "dpsidt_0.05": 0.002237473614513874, "rmse_0.05": 0.008977517485618591, "vy_1": 0.06347712129354477, "dpsidt_1": 0.005030274391174316, "rmse_1": 0.03425369784235954, "vy_2": 0.08750259131193161, "dpsidt_2": 0.007058901712298393, "rmse_2": 0.047280747443437576, "vy_3": 0.10700418800115585, "dpsidt_3": 0.00824801716953516, "rmse_3": 0.05762610211968422, "vy_4": 0.11829346418380737, "dpsidt_4": 0.008549967780709267, "rmse_4": 0.06342171877622604, "vy_5": 0.12010205537080765, "dpsidt_5": 0.008445664308965206, "rmse_5": 0.06427385658025742, "vy_6": 0.12552596628665924, "dpsidt_6": 0.008708227425813675, "rmse_6": 0.06711709499359131, "vy_7": 0.1375412940979004, "dpsidt_7": 0.00871239136904478, "rmse_7": 0.07312684506177902, "vy_8": 0.14411327242851257, "dpsidt_8": 0.008807887323200703, "rmse_8": 0.0764605775475502, "vy_9": 0.1459898203611374, "dpsidt_9": 0.008926846086978912, "rmse_9": 0.07745833694934845, "vy_10": 0.1503564417362213, "dpsidt_10": 0.008871928788721561, "rmse_10": 0.07961418479681015}