{"vy": 0.4833207428455353, "dpsidt": 0.1449873298406601, "rmse": 0.3141540288925171}