{"vy": 0.4423469305038452, "dpsidt": 0.17612555623054504, "rmse": 0.30923622846603394}