{"vy": 0.44663816690444946, "dpsidt": 0.18590094149112701, "rmse": 0.31626954674720764, "vy_": 0.1352265179157257, "dpsidt_": 0.015582810156047344, "rmse_": 0.07540466636419296, "vy_diff": 0.02206587605178356, "dpsidt_diff": 0.004814567044377327, "rmse_diff": 0.013440221548080444}