{"vy": 0.5606545805931091, "dpsidt": 0.16434408724308014, "rmse": 0.36249932646751404}