{"vy": 0.517602801322937, "dpsidt": 0.13845056295394897, "rmse": 0.328026682138443}