{"vy": 0.4229268729686737, "dpsidt": 0.107023224234581, "rmse": 0.26497504115104675}