{"vy": 1.9380780458450317, "dpsidt": 0.5509557723999023, "rmse": 1.2445168495178223}