{"vy": 0.4263301193714142, "dpsidt": 0.0950019434094429, "rmse": 0.26066604256629944}