{"vy": 0.44135406613349915, "dpsidt": 0.24839548766613007, "rmse": 0.344874769449234}