{"vy": 0.5322815179824829, "dpsidt": 0.1620303839445114, "rmse": 0.34715595841407776, "vy_": 0.16115635633468628, "dpsidt_": 0.013581900857388973, "rmse_": 0.08736912906169891, "vy_diff": 0.02206587605178356, "dpsidt_diff": 0.004814567044377327, "rmse_diff": 0.013440221548080444}