{"vy": 0.7114340662956238, "dpsidt": 0.20264047384262085, "rmse": 0.4570372700691223}