{"vy": 0.4054427146911621, "dpsidt": 0.11081646382808685, "rmse": 0.2581295967102051}