{"vy": 0.48428377509117126, "dpsidt": 0.09428125619888306, "rmse": 0.28928250074386597}