{"vy": 0.3582134544849396, "dpsidt": 0.10650473833084106, "rmse": 0.23235909640789032}