{"vy": 0.5688346028327942, "dpsidt": 0.16847951710224152, "rmse": 0.36865705251693726}