{"vy": 0.4817887544631958, "dpsidt": 0.15367452800273895, "rmse": 0.317731648683548}