{"vy": 0.4741399586200714, "dpsidt": 0.1885494440793991, "rmse": 0.33134469389915466}