{"vy": 0.3875006437301636, "dpsidt": 0.08298997581005096, "rmse": 0.23524531722068787}