{"vy": 0.4333234429359436, "dpsidt": 0.09813597053289413, "rmse": 0.265729695558548, "vy_": 0.1311952918767929, "dpsidt_": 0.008226069621741772, "rmse_": 0.06971067935228348, "vy_diff": 0.02206587605178356, "dpsidt_diff": 0.004814567044377327, "rmse_diff": 0.013440221548080444}