{"vy": 0.5031220316886902, "dpsidt": 0.10517522692680359, "rmse": 0.3041486144065857}