{"vy": 0.5661708116531372, "dpsidt": 0.15325678884983063, "rmse": 0.3597137928009033}