{"vy": 0.44928833842277527, "dpsidt": 0.25514617562294006, "rmse": 0.35221725702285767}