{"vy": 0.719484269618988, "dpsidt": 0.307254433631897, "rmse": 0.5133693218231201}