{"vy": 1.571897029876709, "dpsidt": 0.47670429944992065, "rmse": 1.0243006944656372}