{"vy": 0.4284018576145172, "dpsidt": 0.22296293079853058, "rmse": 0.3256824016571045}