{"vy": 0.6320366859436035, "dpsidt": 0.11691757291555405, "rmse": 0.3744771182537079}