{"vy": 0.49841538071632385, "dpsidt": 0.13135124742984772, "rmse": 0.3148833215236664}