{"vy_0.05": 0.01610151119530201, "vy_1": 0.059334129095077515, "vy_2": 0.08018319308757782, "vy_3": 0.10307824611663818, "vy_4": 0.10643065720796585, "vy_5": 0.11718492209911346, "vy_6": 0.12468918412923813, "vy_7": 0.13505764305591583, "vy_8": 0.1431337594985962, "vy_9": 0.1465265303850174, "vy_10": 0.1533469259738922, "dpsidt_0.05": 0.0023764355573803186, "dpsidt_1": 0.0066705006174743176, "dpsidt_2": 0.00982613954693079, "dpsidt_3": 0.010808749124407768, "dpsidt_4": 0.011561322025954723, "dpsidt_5": 0.011811361648142338, "dpsidt_6": 0.012507750652730465, "dpsidt_7": 0.012911094352602959, "dpsidt_8": 0.013145631179213524, "dpsidt_9": 0.013575073331594467, "dpsidt_10": 0.013626552186906338, "rmse_0.05": 0.009238973259925842, "rmse_1": 0.03300231322646141, "rmse_2": 0.04500466585159302, "rmse_3": 0.05694349855184555, "rmse_4": 0.058995988219976425, "rmse_5": 0.06449814140796661, "rmse_6": 0.06859846413135529, "rmse_7": 0.07398436963558197, "rmse_8": 0.07813969254493713, "rmse_9": 0.08005080372095108, "rmse_10": 0.08348673582077026}