{"vy": 0.4966178834438324, "dpsidt": 0.22675904631614685, "rmse": 0.3616884648799896}