{"vy": 0.40388691425323486, "dpsidt": 0.18835529685020447, "rmse": 0.29612112045288086}