{"vy": 0.39900168776512146, "dpsidt": 0.124763622879982, "rmse": 0.2618826627731323}