{"vy": 0.44603431224823, "dpsidt": 0.22378577291965485, "rmse": 0.3349100351333618}