{"vy": 0.598143994808197, "dpsidt": 0.08668369799852371, "rmse": 0.34241384267807007}