{"vy": 0.39664426445961, "dpsidt": 0.1520787924528122, "rmse": 0.2743615210056305}