{"vy_time": [], "dpsidtrmse_time": [], "vy_0.05": 0.01712803915143013, "dpsidt_0.05": 0.002119238954037428, "rmse_0.05": 0.009623639285564423, "vy_1": 0.06159764155745506, "dpsidt_1": 0.005577134899795055, "rmse_1": 0.033587388694286346, "vy_2": 0.07726427912712097, "dpsidt_2": 0.007985739968717098, "rmse_2": 0.04262501001358032, "vy_3": 0.09063075482845306, "dpsidt_3": 0.009222723543643951, "rmse_3": 0.04992673918604851, "vy_4": 0.09308882057666779, "dpsidt_4": 0.009566014632582664, "rmse_4": 0.0513274185359478, "vy_5": 0.10229358822107315, "dpsidt_5": 0.009432499296963215, "rmse_5": 0.055863045156002045, "vy_6": 0.10840404033660889, "dpsidt_6": 0.009915847331285477, "rmse_6": 0.05915994197130203, "vy_7": 0.11825891584157944, "dpsidt_7": 0.010049337521195412, "rmse_7": 0.06415412575006485, "vy_8": 0.125542551279068, "dpsidt_8": 0.01031307503581047, "rmse_8": 0.06792781502008438, "vy_9": 0.1282029151916504, "dpsidt_9": 0.010528909973800182, "rmse_9": 0.06936591118574142, "vy_10": 0.13414953649044037, "dpsidt_10": 0.010551310144364834, "rmse_10": 0.07235042005777359}