{"vy_0.05": 0.016197143122553825, "vy_1": 0.055195510387420654, "vy_2": 0.07663626968860626, "vy_3": 0.09137453138828278, "vy_4": 0.0962689146399498, "vy_5": 0.09890449047088623, "vy_6": 0.10355938225984573, "vy_7": 0.1140674501657486, "vy_8": 0.11914713680744171, "vy_9": 0.12070868164300919, "vy_10": 0.12551090121269226, "dpsidt_0.05": 0.0022430135868489742, "dpsidt_1": 0.005641265772283077, "dpsidt_2": 0.007750469259917736, "dpsidt_3": 0.008512337692081928, "dpsidt_4": 0.008898221887648106, "dpsidt_5": 0.008981847204267979, "dpsidt_6": 0.00954312365502119, "dpsidt_7": 0.009699786081910133, "dpsidt_8": 0.009863205254077911, "dpsidt_9": 0.010173345915973186, "dpsidt_10": 0.010205592028796673, "rmse_0.05": 0.009220078587532043, "rmse_1": 0.030418388545513153, "rmse_2": 0.04219336807727814, "rmse_3": 0.049943435937166214, "rmse_4": 0.052583567798137665, "rmse_5": 0.05394316837191582, "rmse_6": 0.0565512515604496, "rmse_7": 0.06188361719250679, "rmse_8": 0.06450517475605011, "rmse_9": 0.06544101238250732, "rmse_10": 0.0678582489490509}