{"vy": 0.5321516394615173, "dpsidt": 0.16775138676166534, "rmse": 0.34995150566101074, "vy_": 0.16111703217029572, "dpsidt_": 0.014061455614864826, "rmse_": 0.08758924156427383, "vy_diff": 0.02206587605178356, "dpsidt_diff": 0.004814567044377327, "rmse_diff": 0.013440221548080444}