{"vy": 0.4779188930988312, "dpsidt": 0.21266670525074005, "rmse": 0.3452928066253662}