{"vy_time": [], "dpsidtrmse_time": [], "vy_0.05": 0.016438981518149376, "dpsidt_0.05": 0.0022752981167286634, "rmse_0.05": 0.009357139468193054, "vy_1": 0.05964290723204613, "dpsidt_1": 0.005466370843350887, "rmse_1": 0.032554637640714645, "vy_2": 0.07949446141719818, "dpsidt_2": 0.00775784021243453, "rmse_2": 0.043626151978969574, "vy_3": 0.09620775282382965, "dpsidt_3": 0.008594288490712643, "rmse_3": 0.052401021122932434, "vy_4": 0.09992048144340515, "dpsidt_4": 0.008880898356437683, "rmse_4": 0.05440068989992142, "vy_5": 0.10350184142589569, "dpsidt_5": 0.008918150328099728, "rmse_5": 0.056209996342659, "vy_6": 0.10652170330286026, "dpsidt_6": 0.009337499737739563, "rmse_6": 0.05792960152029991, "vy_7": 0.11760368198156357, "dpsidt_7": 0.009462499059736729, "rmse_7": 0.06353309005498886, "vy_8": 0.12318632006645203, "dpsidt_8": 0.009549197740852833, "rmse_8": 0.06636776030063629, "vy_9": 0.12468035519123077, "dpsidt_9": 0.009774690493941307, "rmse_9": 0.06722752004861832, "vy_10": 0.12950414419174194, "dpsidt_10": 0.009746466763317585, "rmse_10": 0.06962530314922333}