{"vy": 0.4321117103099823, "dpsidt": 0.08140730112791061, "rmse": 0.25675949454307556, "vy_": 0.13082842528820038, "dpsidt_": 0.006823818664997816, "rmse_": 0.06882612407207489, "vy_diff": 0.02206587605178356, "dpsidt_diff": 0.004814567044377327, "rmse_diff": 0.013440221548080444}