{"vy": 0.4272984266281128, "dpsidt": 0.09978663176298141, "rmse": 0.2635425329208374, "vy_": 0.12937112152576447, "dpsidt_": 0.008364432491362095, "rmse_": 0.06886778026819229, "vy_diff": 0.02206587605178356, "dpsidt_diff": 0.004814567044377327, "rmse_diff": 0.013440221548080444}