{"vy_0.05": 0.016644777730107307, "vy_1": 0.06490475684404373, "vy_2": 0.08550462871789932, "vy_3": 0.10605411976575851, "vy_4": 0.11144512891769409, "vy_5": 0.12100860476493835, "vy_6": 0.13111086189746857, "vy_7": 0.14152398705482483, "vy_8": 0.15060634911060333, "vy_9": 0.1544400453567505, "vy_10": 0.16087466478347778, "dpsidt_0.05": 0.002196734771132469, "dpsidt_1": 0.0062925019301474094, "dpsidt_2": 0.009856593795120716, "dpsidt_3": 0.011046280153095722, "dpsidt_4": 0.012101031839847565, "dpsidt_5": 0.012372886762022972, "dpsidt_6": 0.013294951058924198, "dpsidt_7": 0.013870744965970516, "dpsidt_8": 0.014381829649209976, "dpsidt_9": 0.014998476952314377, "dpsidt_10": 0.015133019536733627, "rmse_0.05": 0.009420756250619888, "rmse_1": 0.03559862822294235, "rmse_2": 0.04768061265349388, "rmse_3": 0.05855020135641098, "rmse_4": 0.06177308037877083, "rmse_5": 0.06669074296951294, "rmse_6": 0.0722029060125351, "rmse_7": 0.07769736647605896, "rmse_8": 0.0824940875172615, "rmse_9": 0.08471926301717758, "rmse_10": 0.08800384402275085}