{"vy": 0.4493063688278198, "dpsidt": 0.1507689654827118, "rmse": 0.300037682056427, "vy_": 0.13603436946868896, "dpsidt_": 0.01263793371617794, "rmse_": 0.07433614879846573, "vy_diff": 0.02206587605178356, "dpsidt_diff": 0.004814567044377327, "rmse_diff": 0.013440221548080444}