{"vy": 0.5160447955131531, "dpsidt": 0.10981230437755585, "rmse": 0.31292855739593506, "vy_": 0.15624043345451355, "dpsidt_": 0.00920481700450182, "rmse_": 0.08272262662649155, "vy_diff": 0.02206587605178356, "dpsidt_diff": 0.004814567044377327, "rmse_diff": 0.013440221548080444}