{"vy": 2.452788829803467, "dpsidt": 0.8304194211959839, "rmse": 1.6416041851043701}