{"vy": 0.49291130900382996, "dpsidt": 0.22969414293766022, "rmse": 0.3613027334213257, "vy_": 0.14923644065856934, "dpsidt_": 0.019253697246313095, "rmse_": 0.08424507081508636, "vy_diff": 0.02206587605178356, "dpsidt_diff": 0.004814567044377327, "rmse_diff": 0.013440221548080444}