{"vy": 0.42774179577827454, "dpsidt": 0.17840476334095, "rmse": 0.30307328701019287}