{"vy": 0.42027637362480164, "dpsidt": 0.11124829947948456, "rmse": 0.2657623291015625}