{"vy": 0.571193516254425, "dpsidt": 0.1136503741145134, "rmse": 0.3424219489097595}