{"vy": 0.4661399722099304, "dpsidt": 0.26609283685684204, "rmse": 0.36611640453338623}