{"vy_time": [], "dpsidtrmse_time": [], "vy_0.05": 0.016459153965115547, "dpsidt_0.05": 0.0022927389945834875, "rmse_0.05": 0.00937594659626484, "vy_1": 0.056416839361190796, "dpsidt_1": 0.006658905651420355, "rmse_1": 0.031537871807813644, "vy_2": 0.07797130942344666, "dpsidt_2": 0.008844171650707722, "rmse_2": 0.04340774193406105, "vy_3": 0.09676285833120346, "dpsidt_3": 0.009924308396875858, "rmse_3": 0.05334358289837837, "vy_4": 0.10312245786190033, "dpsidt_4": 0.010772180743515491, "rmse_4": 0.05694732069969177, "vy_5": 0.10767021030187607, "dpsidt_5": 0.010797632858157158, "rmse_5": 0.05923392251133919, "vy_6": 0.11362805217504501, "dpsidt_6": 0.011528907343745232, "rmse_6": 0.0625784769654274, "vy_7": 0.12366847693920135, "dpsidt_7": 0.011722464114427567, "rmse_7": 0.06769546866416931, "vy_8": 0.13030950725078583, "dpsidt_8": 0.012049995362758636, "rmse_8": 0.07117974758148193, "vy_9": 0.13308259844779968, "dpsidt_9": 0.012475738301873207, "rmse_9": 0.07277917116880417, "vy_10": 0.13918264210224152, "dpsidt_10": 0.012581110000610352, "rmse_10": 0.07588187605142593}