{"vy": 0.43365228176116943, "dpsidt": 0.11771215498447418, "rmse": 0.2756822109222412}