{"vy": 0.42578551173210144, "dpsidt": 0.1473580300807953, "rmse": 0.28657177090644836}