{"vy": 0.4654351472854614, "dpsidt": 0.10859772562980652, "rmse": 0.28701645135879517}