{"vy": 0.41377532482147217, "dpsidt": 0.16466937959194183, "rmse": 0.2892223596572876, "vy_": 0.1252768188714981, "dpsidt_": 0.01380311232060194, "rmse_": 0.06953996419906616, "vy_diff": 0.02206587605178356, "dpsidt_diff": 0.004814567044377327, "rmse_diff": 0.013440221548080444}