{"vy": 0.45987582206726074, "dpsidt": 0.13018456101417542, "rmse": 0.2950301766395569, "vy_": 0.13923443853855133, "dpsidt_": 0.010912482626736164, "rmse_": 0.07507345825433731, "vy_diff": 0.02206587605178356, "dpsidt_diff": 0.004814567044377327, "rmse_diff": 0.013440221548080444}