{"vy": 0.4389149248600006, "dpsidt": 0.1518080085515976, "rmse": 0.2953614592552185, "vy_": 0.13288821280002594, "dpsidt_": 0.012725030072033405, "rmse_": 0.07280661910772324, "vy_diff": 0.02206587605178356, "dpsidt_diff": 0.004814567044377327, "rmse_diff": 0.013440221548080444}