{"vy": 0.48758479952812195, "dpsidt": 0.19325539469718933, "rmse": 0.34042009711265564}