{"vy": 0.42237135767936707, "dpsidt": 0.111953966319561, "rmse": 0.26716265082359314}