{"vy": 0.44984209537506104, "dpsidt": 0.10543669015169144, "rmse": 0.27763938903808594}