{"vy": 0.3953390419483185, "dpsidt": 0.1716407984495163, "rmse": 0.2834899127483368}