{"vy": 0.4507293105125427, "dpsidt": 0.10891400277614594, "rmse": 0.2798216640949249}