{"vy": 0.6205406785011292, "dpsidt": 0.11824918538331985, "rmse": 0.3693949282169342, "vy_": 0.18787817656993866, "dpsidt_": 0.009912022389471531, "rmse_": 0.0988951027393341, "vy_diff": 0.02206587605178356, "dpsidt_diff": 0.004814567044377327, "rmse_diff": 0.013440221548080444}