{"vy": 0.47689056396484375, "dpsidt": 0.07809818536043167, "rmse": 0.2774943709373474}