{"vy": 0.3903932273387909, "dpsidt": 0.13365676999092102, "rmse": 0.26202499866485596}