{"vy": 0.5243284702301025, "dpsidt": 0.16760115325450897, "rmse": 0.34596481919288635}