{"vy": 0.41618531942367554, "dpsidt": 0.08455395698547363, "rmse": 0.2503696382045746}