{"vy": 0.44904768466949463, "dpsidt": 0.13913685083389282, "rmse": 0.2940922677516937, "vy_": 0.1359560638666153, "dpsidt_": 0.011662892997264862, "rmse_": 0.07380947470664978, "vy_diff": 0.02206587605178356, "dpsidt_diff": 0.004814567044377327, "rmse_diff": 0.013440221548080444}