{"vy": 0.4591454267501831, "dpsidt": 0.13444849848747253, "rmse": 0.296796977519989}