{"vy": 0.5834663510322571, "dpsidt": 0.1706748902797699, "rmse": 0.3770706057548523, "vy_": 0.17665334045886993, "dpsidt_": 0.014306512661278248, "rmse_": 0.09547992795705795, "vy_diff": 0.02206587605178356, "dpsidt_diff": 0.004814567044377327, "rmse_diff": 0.013440221548080444}