{"vy": 0.5977071523666382, "dpsidt": 0.1633467823266983, "rmse": 0.38052695989608765}