{"vy": 0.4354895055294037, "dpsidt": 0.15437491238117218, "rmse": 0.29493221640586853}