{"vy": 0.48745492100715637, "dpsidt": 0.21983171999454498, "rmse": 0.3536433279514313, "vy_": 0.1475844383239746, "dpsidt_": 0.01842699572443962, "rmse_": 0.08300571888685226, "vy_diff": 0.02206587605178356, "dpsidt_diff": 0.004814567044377327, "rmse_diff": 0.013440221548080444}