{"vy_time": [], "dpsidtrmse_time": [], "vy_0.05": 0.01702219434082508, "dpsidt_0.05": 0.0021742971148341894, "rmse_0.05": 0.009598245844244957, "vy_1": 0.06177184358239174, "dpsidt_1": 0.004970526322722435, "rmse_1": 0.03337118402123451, "vy_2": 0.08811794221401215, "dpsidt_2": 0.006659241858869791, "rmse_2": 0.04738859087228775, "vy_3": 0.10599414259195328, "dpsidt_3": 0.007963769137859344, "rmse_3": 0.05697895586490631, "vy_4": 0.10831193625926971, "dpsidt_4": 0.00826906505972147, "rmse_4": 0.058290500193834305, "vy_5": 0.1189299151301384, "dpsidt_5": 0.008246050216257572, "rmse_5": 0.063587985932827, "vy_6": 0.12186159193515778, "dpsidt_6": 0.00859866477549076, "rmse_6": 0.06523013114929199, "vy_7": 0.1338265836238861, "dpsidt_7": 0.00848524272441864, "rmse_7": 0.07115591317415237, "vy_8": 0.14178220927715302, "dpsidt_8": 0.008594459854066372, "rmse_8": 0.07518833130598068, "vy_9": 0.1449974775314331, "dpsidt_9": 0.008794620633125305, "rmse_9": 0.0768960490822792, "vy_10": 0.1519802361726761, "dpsidt_10": 0.008835050277411938, "rmse_10": 0.08040764182806015}