{"vy": 0.44019535183906555, "dpsidt": 0.11601439863443375, "rmse": 0.27810487151145935}