{"vy": 1.7355057001113892, "dpsidt": 0.6382429003715515, "rmse": 1.186874270439148}