{"vy": 1.1251264810562134, "dpsidt": 0.36555466055870056, "rmse": 0.7453405857086182, "vy_": 0.34064918756484985, "dpsidt_": 0.030641954392194748, "rmse_": 0.18564556539058685, "vy_diff": 0.02206587605178356, "dpsidt_diff": 0.004814567044377327, "rmse_diff": 0.013440221548080444}