{"vy": 0.4724001884460449, "dpsidt": 0.08031535893678665, "rmse": 0.2763577699661255}