{"vy_0.05": 0.016272254288196564, "vy_1": 0.055459752678871155, "vy_2": 0.07449120283126831, "vy_3": 0.09268912672996521, "vy_4": 0.09628414362668991, "vy_5": 0.10220163315534592, "vy_6": 0.10715790092945099, "vy_7": 0.1174103170633316, "vy_8": 0.12414317578077316, "vy_9": 0.12658214569091797, "vy_10": 0.13280421495437622, "dpsidt_0.05": 0.0021833665668964386, "dpsidt_1": 0.005794055759906769, "dpsidt_2": 0.0076932343654334545, "dpsidt_3": 0.00872239749878645, "dpsidt_4": 0.009310919791460037, "dpsidt_5": 0.009239212609827518, "dpsidt_6": 0.009779809974133968, "dpsidt_7": 0.009789926931262016, "dpsidt_8": 0.009999412111938, "dpsidt_9": 0.010301110334694386, "dpsidt_10": 0.010361839085817337, "rmse_0.05": 0.009227810427546501, "rmse_1": 0.030626904219388962, "rmse_2": 0.04109221696853638, "rmse_3": 0.05070576071739197, "rmse_4": 0.05279753357172012, "rmse_5": 0.05572042241692543, "rmse_6": 0.058468855917453766, "rmse_7": 0.06360012292861938, "rmse_8": 0.06707129627466202, "rmse_9": 0.06844162940979004, "rmse_10": 0.07158302515745163}