{"vy": 0.791039228439331, "dpsidt": 0.38521477580070496, "rmse": 0.5881270170211792, "vy_": 0.23949918150901794, "dpsidt_": 0.03228992596268654, "rmse_": 0.1358945518732071, "vy_diff": 0.02206587605178356, "dpsidt_diff": 0.004814567044377327, "rmse_diff": 0.013440221548080444}