{"vy_time": [], "dpsidtrmse_time": [], "vy_0.05": 0.01614384353160858, "dpsidt_0.05": 0.0023948748130351305, "rmse_0.05": 0.009269359521567822, "vy_1": 0.05957939848303795, "dpsidt_1": 0.005125488620251417, "rmse_1": 0.03235244378447533, "vy_2": 0.08306999504566193, "dpsidt_2": 0.006805323529988527, "rmse_2": 0.04493765905499458, "vy_3": 0.0999324694275856, "dpsidt_3": 0.008051230572164059, "rmse_3": 0.05399185046553612, "vy_4": 0.10772598534822464, "dpsidt_4": 0.008271242491900921, "rmse_4": 0.05799861252307892, "vy_5": 0.11136730015277863, "dpsidt_5": 0.008223441429436207, "rmse_5": 0.05979537218809128, "vy_6": 0.1147896945476532, "dpsidt_6": 0.008398360572755337, "rmse_6": 0.061594028025865555, "vy_7": 0.12674924731254578, "dpsidt_7": 0.008302561938762665, "rmse_7": 0.06752590835094452, "vy_8": 0.13292934000492096, "dpsidt_8": 0.008389671333134174, "rmse_8": 0.07065950334072113, "vy_9": 0.13499681651592255, "dpsidt_9": 0.008500911295413971, "rmse_9": 0.07174886763095856, "vy_10": 0.13967697322368622, "dpsidt_10": 0.00846585351973772, "rmse_10": 0.07407141476869583}