{"vy": 0.5793790221214294, "dpsidt": 0.286811500787735, "rmse": 0.4330952763557434}