{"vy": 0.4275743365287781, "dpsidt": 0.18233849108219147, "rmse": 0.3049564063549042}