{"vy": 0.5218440294265747, "dpsidt": 0.13835719227790833, "rmse": 0.3301005959510803}