{"vy": 0.43019166588783264, "dpsidt": 0.10185947269201279, "rmse": 0.266025573015213}