{"vy": 0.5242531895637512, "dpsidt": 0.09018886834383011, "rmse": 0.30722102522850037}