{"vy_time": [], "dpsidtrmse_time": [], "vy_0.05": 0.015712367370724678, "dpsidt_0.05": 0.002359724137932062, "rmse_0.05": 0.009036045521497726, "vy_1": 0.0541401132941246, "dpsidt_1": 0.006730783265084028, "rmse_1": 0.03043544851243496, "vy_2": 0.08048613369464874, "dpsidt_2": 0.00902069453150034, "rmse_2": 0.044753413647413254, "vy_3": 0.10348279029130936, "dpsidt_3": 0.010148750618100166, "rmse_3": 0.05681576952338219, "vy_4": 0.11701662838459015, "dpsidt_4": 0.010975259356200695, "rmse_4": 0.06399594247341156, "vy_5": 0.12142952531576157, "dpsidt_5": 0.011126476339995861, "rmse_5": 0.06627800315618515, "vy_6": 0.12713345885276794, "dpsidt_6": 0.011883394792675972, "rmse_6": 0.06950842589139938, "vy_7": 0.13891106843948364, "dpsidt_7": 0.012143604457378387, "rmse_7": 0.07552734017372131, "vy_8": 0.1460699886083603, "dpsidt_8": 0.01242148969322443, "rmse_8": 0.07924573868513107, "vy_9": 0.14901477098464966, "dpsidt_9": 0.01282891072332859, "rmse_9": 0.08092184364795685, "vy_10": 0.15530577301979065, "dpsidt_10": 0.012921287678182125, "rmse_10": 0.08411353081464767}