{"vy": 0.4120348393917084, "dpsidt": 0.09665707498788834, "rmse": 0.25434595346450806}