{"vy": 0.5616631507873535, "dpsidt": 0.23705120384693146, "rmse": 0.3993571698665619}