{"vy_time": [], "dpsidtrmse_time": [], "vy_0.05": 0.015817027539014816, "dpsidt_0.05": 0.002261667512357235, "rmse_0.05": 0.009039347991347313, "vy_1": 0.0676347091794014, "dpsidt_1": 0.005108042154461145, "rmse_1": 0.0363713763654232, "vy_2": 0.09266883134841919, "dpsidt_2": 0.007217767648398876, "rmse_2": 0.04994329810142517, "vy_3": 0.11331871896982193, "dpsidt_3": 0.008440460078418255, "rmse_3": 0.06087958812713623, "vy_4": 0.1256231814622879, "dpsidt_4": 0.00872249435633421, "rmse_4": 0.06717284023761749, "vy_5": 0.12768234312534332, "dpsidt_5": 0.008585961535573006, "rmse_5": 0.06813415139913559, "vy_6": 0.13261350989341736, "dpsidt_6": 0.00881925132125616, "rmse_6": 0.07071638107299805, "vy_7": 0.14547407627105713, "dpsidt_7": 0.008826031349599361, "rmse_7": 0.07715005427598953, "vy_8": 0.1526925414800644, "dpsidt_8": 0.008927972055971622, "rmse_8": 0.08081025630235672, "vy_9": 0.15502610802650452, "dpsidt_9": 0.009023751132190228, "rmse_9": 0.08202493190765381, "vy_10": 0.15957051515579224, "dpsidt_10": 0.00895932037383318, "rmse_10": 0.08426491916179657}