{"vy": 0.42562779784202576, "dpsidt": 0.09187828749418259, "rmse": 0.2587530314922333}