{"vy": 0.3932567238807678, "dpsidt": 0.1419360637664795, "rmse": 0.26759639382362366}