{"vy": 0.5100271105766296, "dpsidt": 0.26166653633117676, "rmse": 0.3858468234539032}