{"vy": 5.509754180908203, "dpsidt": 1.5756938457489014, "rmse": 3.542724132537842}