{"vy": 0.45849883556365967, "dpsidt": 0.25560396909713745, "rmse": 0.35705140233039856}