{"vy_0.05": 0.016411159187555313, "vy_1": 0.05438852682709694, "vy_2": 0.0734032392501831, "vy_3": 0.08904002606868744, "vy_4": 0.09161916375160217, "vy_5": 0.09791342914104462, "vy_6": 0.10202720016241074, "vy_7": 0.1124037355184555, "vy_8": 0.11852843314409256, "vy_9": 0.12047973275184631, "vy_10": 0.12609411776065826, "dpsidt_0.05": 0.0021308348514139652, "dpsidt_1": 0.0051245237700641155, "dpsidt_2": 0.0073882401920855045, "dpsidt_3": 0.00818657036870718, "dpsidt_4": 0.008612371981143951, "dpsidt_5": 0.008621304295957088, "dpsidt_6": 0.009124542586505413, "dpsidt_7": 0.009208462201058865, "dpsidt_8": 0.009359417483210564, "dpsidt_9": 0.009645252488553524, "dpsidt_10": 0.009656790643930435, "rmse_0.05": 0.009270996786653996, "rmse_1": 0.02975652553141117, "rmse_2": 0.040395740419626236, "rmse_3": 0.0486132986843586, "rmse_4": 0.05011576786637306, "rmse_5": 0.05326736718416214, "rmse_6": 0.05557586997747421, "rmse_7": 0.06080609932541847, "rmse_8": 0.06394392251968384, "rmse_9": 0.0650624930858612, "rmse_10": 0.0678754523396492}