{"vy_time": [], "dpsidtrmse_time": [], "vy_0.05": 0.015835577622056007, "dpsidt_0.05": 0.0023807974066585302, "rmse_0.05": 0.00910818763077259, "vy_1": 0.0547974668443203, "dpsidt_1": 0.008256116881966591, "rmse_1": 0.03152679279446602, "vy_2": 0.08424492180347443, "dpsidt_2": 0.012357061728835106, "rmse_2": 0.04830099269747734, "vy_3": 0.1016744077205658, "dpsidt_3": 0.014138313941657543, "rmse_3": 0.05790635943412781, "vy_4": 0.11526595801115036, "dpsidt_4": 0.014315687119960785, "rmse_4": 0.06479082256555557, "vy_5": 0.11969313025474548, "dpsidt_5": 0.014545471407473087, "rmse_5": 0.067119300365448, "vy_6": 0.12556639313697815, "dpsidt_6": 0.0151683259755373, "rmse_6": 0.07036735862493515, "vy_7": 0.13741689920425415, "dpsidt_7": 0.016036460176110268, "rmse_7": 0.07672668248414993, "vy_8": 0.14396819472312927, "dpsidt_8": 0.016396140679717064, "rmse_8": 0.08018216490745544, "vy_9": 0.14675383269786835, "dpsidt_9": 0.016756895929574966, "rmse_9": 0.08175536245107651, "vy_10": 0.1521877497434616, "dpsidt_10": 0.016717825084924698, "rmse_10": 0.084452785551548}