{"vy": 0.7168276309967041, "dpsidt": 0.32913312315940857, "rmse": 0.5229803919792175, "vy_": 0.21703052520751953, "dpsidt_": 0.027588985860347748, "rmse_": 0.12230975925922394, "vy_diff": 0.02206587605178356, "dpsidt_diff": 0.004814567044377327, "rmse_diff": 0.013440221548080444}