{"vy_time": [], "dpsidtrmse_time": [], "vy_0.05": 0.017517048865556717, "dpsidt_0.05": 0.002210829872637987, "rmse_0.05": 0.009863939136266708, "vy_1": 0.06727993488311768, "dpsidt_1": 0.006357305683195591, "rmse_1": 0.036818619817495346, "vy_2": 0.08406008780002594, "dpsidt_2": 0.008453071117401123, "rmse_2": 0.04625657945871353, "vy_3": 0.09939542412757874, "dpsidt_3": 0.009200186468660831, "rmse_3": 0.054297804832458496, "vy_4": 0.10180706530809402, "dpsidt_4": 0.009930893778800964, "rmse_4": 0.055868979543447495, "vy_5": 0.11173853278160095, "dpsidt_5": 0.010154090821743011, "rmse_5": 0.06094631180167198, "vy_6": 0.11920583248138428, "dpsidt_6": 0.011067942716181278, "rmse_6": 0.06513688713312149, "vy_7": 0.12921597063541412, "dpsidt_7": 0.011407291516661644, "rmse_7": 0.07031162828207016, "vy_8": 0.1367415487766266, "dpsidt_8": 0.011827891692519188, "rmse_8": 0.07428471744060516, "vy_9": 0.13981732726097107, "dpsidt_9": 0.012336472049355507, "rmse_9": 0.07607690244913101, "vy_10": 0.1459282636642456, "dpsidt_10": 0.01247387658804655, "rmse_10": 0.07920107245445251}