{"vy": 0.47552260756492615, "dpsidt": 0.25123289227485657, "rmse": 0.36337774991989136}