{"vy": 0.3871784806251526, "dpsidt": 0.13142311573028564, "rmse": 0.2593007981777191}