{"vy": 0.47644516825675964, "dpsidt": 0.08843020349740982, "rmse": 0.28243768215179443}