{"vy_0.05": 0.016087085008621216, "vy_1": 0.06012110039591789, "vy_2": 0.08064884692430496, "vy_3": 0.10051421076059341, "vy_4": 0.1050005555152893, "vy_5": 0.11055482178926468, "vy_6": 0.11872013658285141, "vy_7": 0.12792439758777618, "vy_8": 0.13509981334209442, "vy_9": 0.13834437727928162, "vy_10": 0.14444029331207275, "dpsidt_0.05": 0.002213206375017762, "dpsidt_1": 0.006304545793682337, "dpsidt_2": 0.009688099846243858, "dpsidt_3": 0.010972343385219574, "dpsidt_4": 0.012253064662218094, "dpsidt_5": 0.012559590861201286, "dpsidt_6": 0.013398723676800728, "dpsidt_7": 0.01387652475386858, "dpsidt_8": 0.01431188266724348, "dpsidt_9": 0.014908092096447945, "dpsidt_10": 0.015040234662592411, "rmse_0.05": 0.009150145575404167, "rmse_1": 0.033212821930646896, "rmse_2": 0.045168474316596985, "rmse_3": 0.055743277072906494, "rmse_4": 0.05862680822610855, "rmse_5": 0.06155720725655556, "rmse_6": 0.06605943292379379, "rmse_7": 0.07090046256780624, "rmse_8": 0.07470584660768509, "rmse_9": 0.0766262337565422, "rmse_10": 0.0797402635216713}