{"vy": 0.41107454895973206, "dpsidt": 0.1403016448020935, "rmse": 0.275688111782074, "vy_": 0.12445908784866333, "dpsidt_": 0.01176052913069725, "rmse_": 0.06810981035232544, "vy_diff": 0.02206587605178356, "dpsidt_diff": 0.004814567044377327, "rmse_diff": 0.013440221548080444}