{"vy": 0.40659698843955994, "dpsidt": 0.08749900758266449, "rmse": 0.24704799056053162, "vy_": 0.12310343980789185, "dpsidt_": 0.007334445137530565, "rmse_": 0.06521894037723541, "vy_diff": 0.02206587605178356, "dpsidt_diff": 0.004814567044377327, "rmse_diff": 0.013440221548080444}