{"vy_time": [], "dpsidtrmse_time": [], "vy_0.05": 0.017477979883551598, "dpsidt_0.05": 0.002209325321018696, "rmse_0.05": 0.009843653067946434, "vy_1": 0.06776896119117737, "dpsidt_1": 0.006501225754618645, "rmse_1": 0.03713509440422058, "vy_2": 0.08479734510183334, "dpsidt_2": 0.008540986105799675, "rmse_2": 0.046669166535139084, "vy_3": 0.10115266591310501, "dpsidt_3": 0.009408802725374699, "rmse_3": 0.05528073385357857, "vy_4": 0.10368752479553223, "dpsidt_4": 0.010255779139697552, "rmse_4": 0.05697165057063103, "vy_5": 0.11363544315099716, "dpsidt_5": 0.010468769818544388, "rmse_5": 0.062052108347415924, "vy_6": 0.1215914860367775, "dpsidt_6": 0.011447351425886154, "rmse_6": 0.06651941686868668, "vy_7": 0.131639301776886, "dpsidt_7": 0.01178654469549656, "rmse_7": 0.071712926030159, "vy_8": 0.13937225937843323, "dpsidt_8": 0.012251876294612885, "rmse_8": 0.07581207156181335, "vy_9": 0.1426030695438385, "dpsidt_9": 0.012789742089807987, "rmse_9": 0.07769640535116196, "vy_10": 0.14885611832141876, "dpsidt_10": 0.012948833405971527, "rmse_10": 0.08090247213840485}