{"vy": 0.38072553277015686, "dpsidt": 0.11025619506835938, "rmse": 0.24549086391925812}