{"vy": 0.468610554933548, "dpsidt": 0.10533995181322098, "rmse": 0.28697526454925537}