{"vy": 0.527324378490448, "dpsidt": 0.19713576138019562, "rmse": 0.3622300624847412}