{"vy": 0.4129430055618286, "dpsidt": 0.16588939726352692, "rmse": 0.28941619396209717}