{"vy": 0.4302483797073364, "dpsidt": 0.147443488240242, "rmse": 0.2888459265232086}