{"vy": 0.8572800159454346, "dpsidt": 0.3367525637149811, "rmse": 0.5970162749290466}