{"vy": 0.3866426348686218, "dpsidt": 0.10525409877300262, "rmse": 0.24594837427139282}