{"vy_0.05": 0.0166523065418005, "vy_1": 0.0550708994269371, "vy_2": 0.07633300125598907, "vy_3": 0.09118206053972244, "vy_4": 0.09634236246347427, "vy_5": 0.10040543228387833, "vy_6": 0.10419642925262451, "vy_7": 0.11518647521734238, "vy_8": 0.12068865448236465, "vy_9": 0.12253077328205109, "vy_10": 0.12757760286331177, "dpsidt_0.05": 0.0023179093841463327, "dpsidt_1": 0.005275465548038483, "dpsidt_2": 0.006744770333170891, "dpsidt_3": 0.007725121453404427, "dpsidt_4": 0.007985640317201614, "dpsidt_5": 0.007977643981575966, "dpsidt_6": 0.008350983262062073, "dpsidt_7": 0.008313528262078762, "dpsidt_8": 0.008417492732405663, "dpsidt_9": 0.008604033850133419, "dpsidt_10": 0.0085965720936656, "rmse_0.05": 0.009485107846558094, "rmse_1": 0.030173182487487793, "rmse_2": 0.04153888672590256, "rmse_3": 0.04945359006524086, "rmse_4": 0.05216400325298309, "rmse_5": 0.05419153720140457, "rmse_6": 0.05627370625734329, "rmse_7": 0.06175000220537186, "rmse_8": 0.06455307453870773, "rmse_9": 0.06556740403175354, "rmse_10": 0.06808708608150482}