{"vy": 0.4854060709476471, "dpsidt": 0.2117863893508911, "rmse": 0.3485962152481079, "vy_": 0.14696410298347473, "dpsidt_": 0.01775261014699936, "rmse_": 0.08235836029052734, "vy_diff": 0.02206587605178356, "dpsidt_diff": 0.004814567044377327, "rmse_diff": 0.013440221548080444}