{"vy": 0.42725932598114014, "dpsidt": 0.1616383045911789, "rmse": 0.2944488227367401, "vy_": 0.12935929000377655, "dpsidt_": 0.013549036346375942, "rmse_": 0.07145415991544724, "vy_diff": 0.02206587605178356, "dpsidt_diff": 0.004814567044377327, "rmse_diff": 0.013440221548080444}