{"vy": 0.3877112865447998, "dpsidt": 0.15220488607883453, "rmse": 0.2699580788612366}