{"vy": 0.3716782033443451, "dpsidt": 0.09886746108531952, "rmse": 0.2352728247642517}