{"vy": 0.40745529532432556, "dpsidt": 0.17447766661643982, "rmse": 0.2909664809703827}