{"vy": 0.4217946231365204, "dpsidt": 0.19122673571109772, "rmse": 0.30651068687438965}