{"vy_0.05": 0.015496551990509033, "vy_1": 0.05327344313263893, "vy_2": 0.07960036396980286, "vy_3": 0.10498934984207153, "vy_4": 0.11995088309049606, "vy_5": 0.1243126168847084, "vy_6": 0.13053002953529358, "vy_7": 0.1413121074438095, "vy_8": 0.14888831973075867, "vy_9": 0.152472585439682, "vy_10": 0.15893897414207458, "dpsidt_0.05": 0.0022214532364159822, "dpsidt_1": 0.0066333552822470665, "dpsidt_2": 0.00994099024683237, "dpsidt_3": 0.011421170085668564, "dpsidt_4": 0.0126334885135293, "dpsidt_5": 0.012927412986755371, "dpsidt_6": 0.013724514283239841, "dpsidt_7": 0.014150258153676987, "dpsidt_8": 0.014515398070216179, "dpsidt_9": 0.015002046711742878, "dpsidt_10": 0.015124906785786152, "rmse_0.05": 0.008859002962708473, "rmse_1": 0.029953399673104286, "rmse_2": 0.044770676642656326, "rmse_3": 0.0582052618265152, "rmse_4": 0.0662921890616417, "rmse_5": 0.06862001121044159, "rmse_6": 0.07212727516889572, "rmse_7": 0.0777311846613884, "rmse_8": 0.08170185983181, "rmse_9": 0.083737313747406, "rmse_10": 0.08703193813562393}