{"vy": 0.38851407170295715, "dpsidt": 0.14360938966274261, "rmse": 0.2660617232322693}