{"vy": 0.44478243589401245, "dpsidt": 0.2130753993988037, "rmse": 0.3289289176464081}