{"vy": 0.6986849308013916, "dpsidt": 0.30872830748558044, "rmse": 0.5037066340446472}