{"vy": 0.5185083150863647, "dpsidt": 0.10970576107501984, "rmse": 0.3141070306301117}