{"vy_time": [], "dpsidtrmse_time": [], "vy_0.05": 0.0156544279307127, "dpsidt_0.05": 0.0022410601377487183, "rmse_0.05": 0.008947744034230709, "vy_1": 0.054780490696430206, "dpsidt_1": 0.007325708866119385, "rmse_1": 0.031053099781274796, "vy_2": 0.08120795339345932, "dpsidt_2": 0.011612990871071815, "rmse_2": 0.04641047120094299, "vy_3": 0.10082396119832993, "dpsidt_3": 0.012876355089247227, "rmse_3": 0.05685015767812729, "vy_4": 0.11234056204557419, "dpsidt_4": 0.01409795694053173, "rmse_4": 0.06321925669908524, "vy_5": 0.11546628177165985, "dpsidt_5": 0.01469187717884779, "rmse_5": 0.06507907807826996, "vy_6": 0.12266264110803604, "dpsidt_6": 0.015561165288090706, "rmse_6": 0.0691119059920311, "vy_7": 0.13206835091114044, "dpsidt_7": 0.01628279872238636, "rmse_7": 0.07417557388544083, "vy_8": 0.138066828250885, "dpsidt_8": 0.0167312603443861, "rmse_8": 0.07739904522895813, "vy_9": 0.1412564367055893, "dpsidt_9": 0.017398763447999954, "rmse_9": 0.07932759821414948, "vy_10": 0.1466483473777771, "dpsidt_10": 0.017541520297527313, "rmse_10": 0.0820949375629425}