{"vy": 0.5069037079811096, "dpsidt": 0.09677788615226746, "rmse": 0.30184078216552734}