{"vy": 3.2098426818847656, "dpsidt": 0.9877088069915771, "rmse": 2.098775863647461}