{"vy": 0.5038031935691833, "dpsidt": 0.2482464462518692, "rmse": 0.3760248124599457, "vy_": 0.1525341123342514, "dpsidt_": 0.020808806642889977, "rmse_": 0.08667145669460297, "vy_diff": 0.02206587605178356, "dpsidt_diff": 0.004814567044377327, "rmse_diff": 0.013440221548080444}