{"vy": 0.4127993583679199, "dpsidt": 0.1397906392812729, "rmse": 0.276295006275177, "vy_": 0.12498130649328232, "dpsidt_": 0.01171769667416811, "rmse_": 0.06834950298070908, "vy_diff": 0.02206587605178356, "dpsidt_diff": 0.004814567044377327, "rmse_diff": 0.013440221548080444}