{"vy": 0.43236157298088074, "dpsidt": 0.15177282691001892, "rmse": 0.29206719994544983}