{"vy_0.05": 0.01685449667274952, "vy_1": 0.05655724182724953, "vy_2": 0.0791139304637909, "vy_3": 0.09705987572669983, "vy_4": 0.10069520026445389, "vy_5": 0.1057954654097557, "vy_6": 0.10888295620679855, "vy_7": 0.1201958954334259, "vy_8": 0.12620095908641815, "vy_9": 0.12810909748077393, "vy_10": 0.1335725039243698, "dpsidt_0.05": 0.0022452257107943296, "dpsidt_1": 0.005289625842124224, "dpsidt_2": 0.006933858152478933, "dpsidt_3": 0.007673763204365969, "dpsidt_4": 0.008014107123017311, "dpsidt_5": 0.008063895627856255, "dpsidt_6": 0.00853031687438488, "dpsidt_7": 0.008579847402870655, "dpsidt_8": 0.008710091933608055, "dpsidt_9": 0.008965902030467987, "dpsidt_10": 0.008988641202449799, "rmse_0.05": 0.009549860842525959, "rmse_1": 0.03092343360185623, "rmse_2": 0.04302389547228813, "rmse_3": 0.052366819232702255, "rmse_4": 0.054354652762413025, "rmse_5": 0.056929681450128555, "rmse_6": 0.05870663747191429, "rmse_7": 0.06438787281513214, "rmse_8": 0.06745552271604538, "rmse_9": 0.06853750348091125, "rmse_10": 0.0712805688381195}