{"vy_time": [], "dpsidtrmse_time": [], "vy_0.05": 0.015835395082831383, "dpsidt_0.05": 0.0024466037284582853, "rmse_0.05": 0.009140999056398869, "vy_1": 0.05782654136419296, "dpsidt_1": 0.006221294403076172, "rmse_1": 0.03202391788363457, "vy_2": 0.08393397182226181, "dpsidt_2": 0.00799022801220417, "rmse_2": 0.045962098985910416, "vy_3": 0.09838101267814636, "dpsidt_3": 0.00870702788233757, "rmse_3": 0.053544022142887115, "vy_4": 0.10389214009046555, "dpsidt_4": 0.008971589617431164, "rmse_4": 0.05643186345696449, "vy_5": 0.10549046844244003, "dpsidt_5": 0.008955315686762333, "rmse_5": 0.057222891598939896, "vy_6": 0.1116841658949852, "dpsidt_6": 0.009426075033843517, "rmse_6": 0.060555119067430496, "vy_7": 0.1214892566204071, "dpsidt_7": 0.009518703445792198, "rmse_7": 0.06550397723913193, "vy_8": 0.1257154643535614, "dpsidt_8": 0.00965341366827488, "rmse_8": 0.06768444180488586, "vy_9": 0.12670716643333435, "dpsidt_9": 0.009910183027386665, "rmse_9": 0.06830867379903793, "vy_10": 0.13073572516441345, "dpsidt_10": 0.009903897531330585, "rmse_10": 0.07031980901956558}