{"vy": 0.4587495028972626, "dpsidt": 0.24031083285808563, "rmse": 0.3495301604270935}