{"vy": 0.9036120772361755, "dpsidt": 0.39015597105026245, "rmse": 0.646884024143219, "vy_": 0.2735823392868042, "dpsidt_": 0.03270411491394043, "rmse_": 0.15314322710037231, "vy_diff": 0.02206587605178356, "dpsidt_diff": 0.004814567044377327, "rmse_diff": 0.013440221548080444}