{"vy_0.05": 0.01582271419465542, "vy_1": 0.054348014295101166, "vy_2": 0.07777281850576401, "vy_3": 0.09091073274612427, "vy_4": 0.09501444548368454, "vy_5": 0.09721001237630844, "vy_6": 0.1023864597082138, "vy_7": 0.11257700622081757, "vy_8": 0.11716003715991974, "vy_9": 0.11862565577030182, "vy_10": 0.12312270700931549, "dpsidt_0.05": 0.0022391045931726694, "dpsidt_1": 0.005735915619879961, "dpsidt_2": 0.00855298712849617, "dpsidt_3": 0.009369607083499432, "dpsidt_4": 0.009786641225218773, "dpsidt_5": 0.009885486215353012, "dpsidt_6": 0.010466829873621464, "dpsidt_7": 0.010699626989662647, "dpsidt_8": 0.010883818380534649, "dpsidt_9": 0.011227531358599663, "dpsidt_10": 0.011254584416747093, "rmse_0.05": 0.009030909277498722, "rmse_1": 0.03004196472465992, "rmse_2": 0.04316290467977524, "rmse_3": 0.05014016851782799, "rmse_4": 0.05240054428577423, "rmse_5": 0.05354774743318558, "rmse_6": 0.05642664432525635, "rmse_7": 0.06163831800222397, "rmse_8": 0.06402193009853363, "rmse_9": 0.06492659449577332, "rmse_10": 0.06718864291906357}