{"vy": 0.42991912364959717, "dpsidt": 0.19462212920188904, "rmse": 0.3122706413269043}