{"vy": 0.5204403400421143, "dpsidt": 0.25966644287109375, "rmse": 0.390053391456604}