{"vy": 0.8195262551307678, "dpsidt": 0.44153928756713867, "rmse": 0.6305327415466309}