{"vy": 4.804366111755371, "dpsidt": 1.3774534463882446, "rmse": 3.090909719467163}