{"vy": 0.470689982175827, "dpsidt": 0.11759427189826965, "rmse": 0.29414212703704834, "vy_": 0.1425085961818695, "dpsidt_": 0.009857125580310822, "rmse_": 0.07618285715579987, "vy_diff": 0.02206587605178356, "dpsidt_diff": 0.004814567044377327, "rmse_diff": 0.013440221548080444}