{"vy_time": [], "dpsidtrmse_time": [], "vy_0.05": 0.016318054869771004, "dpsidt_0.05": 0.0023028100840747356, "rmse_0.05": 0.009310432709753513, "vy_1": 0.05483808368444443, "dpsidt_1": 0.006206188816577196, "rmse_1": 0.030522136017680168, "vy_2": 0.07788950949907303, "dpsidt_2": 0.008210673928260803, "rmse_2": 0.043050091713666916, "vy_3": 0.09642209112644196, "dpsidt_3": 0.008966238237917423, "rmse_3": 0.0526941642165184, "vy_4": 0.10311973839998245, "dpsidt_4": 0.009467655792832375, "rmse_4": 0.05629369616508484, "vy_5": 0.10703864693641663, "dpsidt_5": 0.009559094905853271, "rmse_5": 0.05829887092113495, "vy_6": 0.11149514466524124, "dpsidt_6": 0.010213897563517094, "rmse_6": 0.06085452064871788, "vy_7": 0.12250755727291107, "dpsidt_7": 0.010411269962787628, "rmse_7": 0.06645941734313965, "vy_8": 0.12845318019390106, "dpsidt_8": 0.010632258839905262, "rmse_8": 0.06954272091388702, "vy_9": 0.13051055371761322, "dpsidt_9": 0.010986076667904854, "rmse_9": 0.07074831426143646, "vy_10": 0.13608266413211823, "dpsidt_10": 0.011037715710699558, "rmse_10": 0.0735601931810379}