{"vy": 0.46449872851371765, "dpsidt": 0.22547169029712677, "rmse": 0.3449852168560028, "vy_": 0.14063408970832825, "dpsidt_": 0.01889975368976593, "rmse_": 0.07976692169904709, "vy_diff": 0.02206587605178356, "dpsidt_diff": 0.004814567044377327, "rmse_diff": 0.013440221548080444}