{"vy_time": [], "dpsidtrmse_time": [], "vy_0.05": 0.017163487151265144, "dpsidt_0.05": 0.0024889353662729263, "rmse_0.05": 0.009826211258769035, "vy_1": 0.05593854561448097, "dpsidt_1": 0.005761253647506237, "rmse_1": 0.030849900096654892, "vy_2": 0.0756767988204956, "dpsidt_2": 0.006580698769539595, "rmse_2": 0.041128747165203094, "vy_3": 0.087438203394413, "dpsidt_3": 0.007370742037892342, "rmse_3": 0.04740447178483009, "vy_4": 0.09111558645963669, "dpsidt_4": 0.007524283602833748, "rmse_4": 0.04931993409991264, "vy_5": 0.09459813684225082, "dpsidt_5": 0.00757305882871151, "rmse_5": 0.05108559876680374, "vy_6": 0.098627008497715, "dpsidt_6": 0.007937938906252384, "rmse_6": 0.0532824732363224, "vy_7": 0.10906270146369934, "dpsidt_7": 0.007876982912421227, "rmse_7": 0.05846984311938286, "vy_8": 0.11393432319164276, "dpsidt_8": 0.007975905202329159, "rmse_8": 0.06095511466264725, "vy_9": 0.11546512693166733, "dpsidt_9": 0.008164837956428528, "rmse_9": 0.06181498244404793, "vy_10": 0.12014783918857574, "dpsidt_10": 0.008178339339792728, "rmse_10": 0.06416308879852295}