{"vy": 0.49726083874702454, "dpsidt": 0.2010287493467331, "rmse": 0.3491447865962982, "vy_": 0.15055330097675323, "dpsidt_": 0.016850868239998817, "rmse_": 0.08370208740234375, "vy_diff": 0.02206587605178356, "dpsidt_diff": 0.004814567044377327, "rmse_diff": 0.013440221548080444}