{"vy": 0.40414348244667053, "dpsidt": 0.1204056367278099, "rmse": 0.2622745633125305}