{"vy": 0.5416659712791443, "dpsidt": 0.18628764152526855, "rmse": 0.3639768064022064}