{"vy": 0.5866619944572449, "dpsidt": 0.1563080996274948, "rmse": 0.37148505449295044}