{"vy_time": [], "dpsidtrmse_time": [], "vy_0.05": 0.016155239194631577, "dpsidt_0.05": 0.0022353660315275192, "rmse_0.05": 0.009195302613079548, "vy_1": 0.055761002004146576, "dpsidt_1": 0.006727554835379124, "rmse_1": 0.031244277954101562, "vy_2": 0.07911257445812225, "dpsidt_2": 0.009902577847242355, "rmse_2": 0.044507578015327454, "vy_3": 0.09489011764526367, "dpsidt_3": 0.010929041542112827, "rmse_3": 0.05290957912802696, "vy_4": 0.10017271339893341, "dpsidt_4": 0.01176710519939661, "rmse_4": 0.05596990883350372, "vy_5": 0.10392991453409195, "dpsidt_5": 0.012001082301139832, "rmse_5": 0.05796549841761589, "vy_6": 0.11062625795602798, "dpsidt_6": 0.012815802358090878, "rmse_6": 0.06172103062272072, "vy_7": 0.12026555091142654, "dpsidt_7": 0.01327429711818695, "rmse_7": 0.06676992774009705, "vy_8": 0.1261526495218277, "dpsidt_8": 0.013643425889313221, "rmse_8": 0.06989803910255432, "vy_9": 0.12864230573177338, "dpsidt_9": 0.014159584417939186, "rmse_9": 0.071400947868824, "vy_10": 0.13408999145030975, "dpsidt_10": 0.014258550480008125, "rmse_10": 0.07417427003383636}