{"vy": 0.6938847303390503, "dpsidt": 0.2979671359062195, "rmse": 0.4959259331226349, "vy_": 0.21008418500423431, "dpsidt_": 0.02497655339539051, "rmse_": 0.11753036826848984, "vy_diff": 0.02206587605178356, "dpsidt_diff": 0.004814567044377327, "rmse_diff": 0.013440221548080444}