{"vy_0.05": 0.015332548879086971, "vy_1": 0.05619862303137779, "vy_2": 0.08105440437793732, "vy_3": 0.10394642502069473, "vy_4": 0.11672236770391464, "vy_5": 0.12019074708223343, "vy_6": 0.1245698556303978, "vy_7": 0.13657881319522858, "vy_8": 0.14393490552902222, "vy_9": 0.14653819799423218, "vy_10": 0.15229177474975586, "dpsidt_0.05": 0.0021850611083209515, "dpsidt_1": 0.005504130851477385, "dpsidt_2": 0.00855108629912138, "dpsidt_3": 0.009757605381309986, "dpsidt_4": 0.010340726934373379, "dpsidt_5": 0.010397452861070633, "dpsidt_6": 0.010928320698440075, "dpsidt_7": 0.011150277219712734, "dpsidt_8": 0.011329551227390766, "dpsidt_9": 0.011607036925852299, "dpsidt_10": 0.011617599055171013, "rmse_0.05": 0.008758804760873318, "rmse_1": 0.030851377174258232, "rmse_2": 0.044802743941545486, "rmse_3": 0.05685201659798622, "rmse_4": 0.0635315477848053, "rmse_5": 0.06529410183429718, "rmse_6": 0.06774909049272537, "rmse_7": 0.07386454194784164, "rmse_8": 0.07763222604990005, "rmse_9": 0.07907261699438095, "rmse_10": 0.08195468783378601}