{"vy": 0.44048091769218445, "dpsidt": 0.14576856791973114, "rmse": 0.2931247353553772, "vy_": 0.13336233794689178, "dpsidt_": 0.012218785472214222, "rmse_": 0.07279056310653687, "vy_diff": 0.02206587605178356, "dpsidt_diff": 0.004814567044377327, "rmse_diff": 0.013440221548080444}