{"vy": 0.4669029712677002, "dpsidt": 0.1551768183708191, "rmse": 0.31103989481925964}