{"vy": 0.4631151556968689, "dpsidt": 0.14596876502037048, "rmse": 0.3045419454574585}