{"vy": 0.45803287625312805, "dpsidt": 0.26594069600105286, "rmse": 0.36198678612709045}