{"vy": 0.4145911931991577, "dpsidt": 0.08641576766967773, "rmse": 0.2505034804344177}