{"vy": 0.5152603983879089, "dpsidt": 0.270072340965271, "rmse": 0.39266636967658997}