{"vy": 0.5135506987571716, "dpsidt": 0.19366604089736938, "rmse": 0.3536083698272705}