{"vy_time": [], "dpsidtrmse_time": [], "vy_0.05": 0.017294757068157196, "dpsidt_0.05": 0.0022905138321220875, "rmse_0.05": 0.009792635217308998, "vy_1": 0.05593685060739517, "dpsidt_1": 0.0063414303585886955, "rmse_1": 0.03113914094865322, "vy_2": 0.07701418548822403, "dpsidt_2": 0.00916210375726223, "rmse_2": 0.043088145554065704, "vy_3": 0.08990994840860367, "dpsidt_3": 0.010146617889404297, "rmse_3": 0.05002828314900398, "vy_4": 0.09324134886264801, "dpsidt_4": 0.010395084507763386, "rmse_4": 0.05181821808218956, "vy_5": 0.09777393937110901, "dpsidt_5": 0.01047575008124113, "rmse_5": 0.05412484332919121, "vy_6": 0.10207003355026245, "dpsidt_6": 0.011024360544979572, "rmse_6": 0.056547198444604874, "vy_7": 0.11246908456087112, "dpsidt_7": 0.011431116610765457, "rmse_7": 0.06195010244846344, "vy_8": 0.11827921122312546, "dpsidt_8": 0.011663449928164482, "rmse_8": 0.06497132778167725, "vy_9": 0.1199973076581955, "dpsidt_9": 0.011941609904170036, "rmse_9": 0.06596945971250534, "vy_10": 0.12544508278369904, "dpsidt_10": 0.011912290938198566, "rmse_10": 0.06867868453264236}