{"vy": 0.49657097458839417, "dpsidt": 0.12085865437984467, "rmse": 0.3087148070335388}