{"vy": 0.45193061232566833, "dpsidt": 0.0989021509885788, "rmse": 0.27541637420654297, "vy_": 0.13682891428470612, "dpsidt_": 0.008290293626487255, "rmse_": 0.07255960255861282, "vy_diff": 0.02206587605178356, "dpsidt_diff": 0.004814567044377327, "rmse_diff": 0.013440221548080444}