{"vy": 0.44332370162010193, "dpsidt": 0.23963922262191772, "rmse": 0.34148144721984863}