{"vy": 0.7486101984977722, "dpsidt": 0.3090766370296478, "rmse": 0.5288434028625488}