{"vy": 4.915253639221191, "dpsidt": 1.4198150634765625, "rmse": 3.167534351348877}