{"vy": 0.41654956340789795, "dpsidt": 0.16217480599880219, "rmse": 0.28936219215393066, "vy_": 0.12611673772335052, "dpsidt_": 0.0135940071195364, "rmse_": 0.06985536962747574, "vy_diff": 0.02206587605178356, "dpsidt_diff": 0.004814567044377327, "rmse_diff": 0.013440221548080444}