{"vy": 0.45185035467147827, "dpsidt": 0.1673869788646698, "rmse": 0.30961865186691284, "vy_": 0.13680459558963776, "dpsidt_": 0.014030909165740013, "rmse_": 0.07541774958372116, "vy_diff": 0.02206587605178356, "dpsidt_diff": 0.004814567044377327, "rmse_diff": 0.013440221548080444}