{"vy": 0.37497711181640625, "dpsidt": 0.10502327233552933, "rmse": 0.2400001883506775}