{"vy": 0.47290465235710144, "dpsidt": 0.17067870497703552, "rmse": 0.3217916786670685}