{"vy": 0.4539944529533386, "dpsidt": 0.16732613742351532, "rmse": 0.31066030263900757, "vy_": 0.13745376467704773, "dpsidt_": 0.01402580738067627, "rmse_": 0.075739786028862, "vy_diff": 0.02206587605178356, "dpsidt_diff": 0.004814567044377327, "rmse_diff": 0.013440221548080444}