{"vy": 0.36134985089302063, "dpsidt": 0.09885770827531815, "rmse": 0.2301037758588791}