{"vy_time": [], "dpsidtrmse_time": [], "vy_0.05": 0.016709791496396065, "dpsidt_0.05": 0.0023698185104876757, "rmse_0.05": 0.009539805352687836, "vy_1": 0.05782129615545273, "dpsidt_1": 0.006145386956632137, "rmse_1": 0.03198334202170372, "vy_2": 0.07884325832128525, "dpsidt_2": 0.008136589080095291, "rmse_2": 0.04348992556333542, "vy_3": 0.09365511685609818, "dpsidt_3": 0.008829408325254917, "rmse_3": 0.05124226212501526, "vy_4": 0.09897302091121674, "dpsidt_4": 0.009118850342929363, "rmse_4": 0.05404593423008919, "vy_5": 0.10162943601608276, "dpsidt_5": 0.009172574616968632, "rmse_5": 0.05540100485086441, "vy_6": 0.10586179792881012, "dpsidt_6": 0.009707062505185604, "rmse_6": 0.05778443068265915, "vy_7": 0.11644494533538818, "dpsidt_7": 0.009911520406603813, "rmse_7": 0.06317823380231857, "vy_8": 0.1218101754784584, "dpsidt_8": 0.010096510872244835, "rmse_8": 0.0659533441066742, "vy_9": 0.12333930283784866, "dpsidt_9": 0.01037172693759203, "rmse_9": 0.06685551255941391, "vy_10": 0.12805846333503723, "dpsidt_10": 0.010377386584877968, "rmse_10": 0.06921792775392532}