{"vy": 3.237173080444336, "dpsidt": 0.9212075471878052, "rmse": 2.079190254211426}