{"vy": 0.3664519190788269, "dpsidt": 0.10753151029348373, "rmse": 0.23699171841144562}