{"vy": 0.5616503953933716, "dpsidt": 0.300111323595047, "rmse": 0.4308808445930481, "vy_": 0.17004823684692383, "dpsidt_": 0.025156287476420403, "rmse_": 0.09760226309299469, "vy_diff": 0.02206587605178356, "dpsidt_diff": 0.004814567044377327, "rmse_diff": 0.013440221548080444}