{"vy": 0.7182335257530212, "dpsidt": 0.14737240970134735, "rmse": 0.4328029751777649, "vy_": 0.21745619177818298, "dpsidt_": 0.01235322467982769, "rmse_": 0.11490470916032791, "vy_diff": 0.02206587605178356, "dpsidt_diff": 0.004814567044377327, "rmse_diff": 0.013440221548080444}