{"vy": 0.3907785713672638, "dpsidt": 0.0815017819404602, "rmse": 0.236140176653862}