{"vy": 0.46084263920783997, "dpsidt": 0.23007704317569733, "rmse": 0.34545984864234924}