{"vy": 4.1590776443481445, "dpsidt": 1.2575571537017822, "rmse": 2.708317279815674}