{"vy_time": [], "dpsidtrmse_time": [], "vy_0.05": 0.015536277554929256, "dpsidt_0.05": 0.002255659783259034, "rmse_0.05": 0.00889596901834011, "vy_1": 0.0653114914894104, "dpsidt_1": 0.00962845142930746, "rmse_1": 0.03746997192502022, "vy_2": 0.12617501616477966, "dpsidt_2": 0.02428884617984295, "rmse_2": 0.07523193210363388, "vy_3": 0.17481566965579987, "dpsidt_3": 0.03853902220726013, "rmse_3": 0.10667734593153, "vy_4": 0.18830451369285583, "dpsidt_4": 0.04003932699561119, "rmse_4": 0.11417192220687866, "vy_5": 0.18834681808948517, "dpsidt_5": 0.03829339146614075, "rmse_5": 0.11332010477781296, "vy_6": 0.20110610127449036, "dpsidt_6": 0.04100353270769119, "rmse_6": 0.12105481326580048, "vy_7": 0.21990904211997986, "dpsidt_7": 0.046215180307626724, "rmse_7": 0.13306210935115814, "vy_8": 0.23037347197532654, "dpsidt_8": 0.04986761137843132, "rmse_8": 0.14012053608894348, "vy_9": 0.2315790206193924, "dpsidt_9": 0.05053868889808655, "rmse_9": 0.14105886220932007, "vy_10": 0.23430219292640686, "dpsidt_10": 0.05101026967167854, "rmse_10": 0.14265623688697815}