{"vy": 0.40319743752479553, "dpsidt": 0.18418581783771515, "rmse": 0.29369163513183594}