{"vy": 0.4950425922870636, "dpsidt": 0.2904033064842224, "rmse": 0.3927229642868042}