{"vy": 0.42037174105644226, "dpsidt": 0.12317006289958954, "rmse": 0.2717708945274353, "vy_": 0.12727396190166473, "dpsidt_": 0.010324505157768726, "rmse_": 0.06879923492670059, "vy_diff": 0.02206587605178356, "dpsidt_diff": 0.004814567044377327, "rmse_diff": 0.013440221548080444}