{"vy_time": [], "dpsidtrmse_time": [], "vy_0.05": 0.016518864780664444, "dpsidt_0.05": 0.0022732429206371307, "rmse_0.05": 0.009396053850650787, "vy_1": 0.05965430289506912, "dpsidt_1": 0.007239442318677902, "rmse_1": 0.03344687074422836, "vy_2": 0.08177949488162994, "dpsidt_2": 0.010289856232702732, "rmse_2": 0.04603467509150505, "vy_3": 0.09151151031255722, "dpsidt_3": 0.011008811183273792, "rmse_3": 0.05126016214489937, "vy_4": 0.09504322707653046, "dpsidt_4": 0.011794121004641056, "rmse_4": 0.05341867357492447, "vy_5": 0.09974505752325058, "dpsidt_5": 0.012121064588427544, "rmse_5": 0.055933061987161636, "vy_6": 0.10787411034107208, "dpsidt_6": 0.01305067352950573, "rmse_6": 0.06046239286661148, "vy_7": 0.11673024296760559, "dpsidt_7": 0.013563539832830429, "rmse_7": 0.06514689326286316, "vy_8": 0.12214694917201996, "dpsidt_8": 0.014006612822413445, "rmse_8": 0.06807678192853928, "vy_9": 0.1252128779888153, "dpsidt_9": 0.014666521921753883, "rmse_9": 0.06993970274925232, "vy_10": 0.12978826463222504, "dpsidt_10": 0.01482788659632206, "rmse_10": 0.07230807840824127}