{"vy": 0.414105623960495, "dpsidt": 0.1919202208518982, "rmse": 0.3030129075050354}