{"vy": 0.41246888041496277, "dpsidt": 0.1701667755842209, "rmse": 0.29131782054901123, "vy_": 0.12488125264644623, "dpsidt_": 0.014263921417295933, "rmse_": 0.06957259029150009, "vy_diff": 0.02206587605178356, "dpsidt_diff": 0.004814567044377327, "rmse_diff": 0.013440221548080444}