{"vy_0.05": 0.016579413786530495, "vy_1": 0.056100938469171524, "vy_2": 0.07601124793291092, "vy_3": 0.08752819150686264, "vy_4": 0.08987739682197571, "vy_5": 0.09439356625080109, "vy_6": 0.09959553182125092, "vy_7": 0.10932327806949615, "vy_8": 0.11458544433116913, "vy_9": 0.1164940670132637, "vy_10": 0.12141767144203186, "dpsidt_0.05": 0.0022300020791590214, "dpsidt_1": 0.005806040018796921, "dpsidt_2": 0.007892772555351257, "dpsidt_3": 0.008582457900047302, "dpsidt_4": 0.00901479460299015, "dpsidt_5": 0.009107285179197788, "dpsidt_6": 0.009731680154800415, "dpsidt_7": 0.00990714319050312, "dpsidt_8": 0.01013619638979435, "dpsidt_9": 0.010502095334231853, "dpsidt_10": 0.010562870651483536, "rmse_0.05": 0.009404707700014114, "rmse_1": 0.030953489243984222, "rmse_2": 0.04195201024413109, "rmse_3": 0.04805532470345497, "rmse_4": 0.049446094781160355, "rmse_5": 0.05175042524933815, "rmse_6": 0.054663605988025665, "rmse_7": 0.05961520969867706, "rmse_8": 0.062360819429159164, "rmse_9": 0.06349807977676392, "rmse_10": 0.06599026918411255}