{"vy": 0.552545428276062, "dpsidt": 0.17989914119243622, "rmse": 0.3662222921848297, "vy_": 0.1672915667295456, "dpsidt_": 0.015079716220498085, "rmse_": 0.09118564426898956, "vy_diff": 0.02206587605178356, "dpsidt_diff": 0.004814567044377327, "rmse_diff": 0.013440221548080444}