{"vy_0.05": 0.016170235350728035, "vy_1": 0.057485390454530716, "vy_2": 0.08364751935005188, "vy_3": 0.10699255764484406, "vy_4": 0.12037987262010574, "vy_5": 0.12497689574956894, "vy_6": 0.12848901748657227, "vy_7": 0.14077329635620117, "vy_8": 0.1496819704771042, "vy_9": 0.1527661383152008, "vy_10": 0.15881524980068207, "dpsidt_0.05": 0.0023371600545942783, "dpsidt_1": 0.005653492175042629, "dpsidt_2": 0.008791056461632252, "dpsidt_3": 0.010644577443599701, "dpsidt_4": 0.01085259485989809, "dpsidt_5": 0.010753612965345383, "dpsidt_6": 0.011038108728826046, "dpsidt_7": 0.011444871313869953, "dpsidt_8": 0.011604667641222477, "dpsidt_9": 0.011689979583024979, "dpsidt_10": 0.011576739139854908, "rmse_0.05": 0.009253697469830513, "rmse_1": 0.03156943991780281, "rmse_2": 0.04621928930282593, "rmse_3": 0.05881856754422188, "rmse_4": 0.06561623513698578, "rmse_5": 0.06786525249481201, "rmse_6": 0.06976356357336044, "rmse_7": 0.07610908150672913, "rmse_8": 0.08064331859350204, "rmse_9": 0.08222805708646774, "rmse_10": 0.08519599586725235}