{"vy": 0.4288294315338135, "dpsidt": 0.19456885755062103, "rmse": 0.31169915199279785}