{"vy": 0.37815794348716736, "dpsidt": 0.12873007357120514, "rmse": 0.25344401597976685}