{"vy": 0.47059905529022217, "dpsidt": 0.1866777390241623, "rmse": 0.3286384046077728}