{"vy": 0.8692337274551392, "dpsidt": 0.2921386659145355, "rmse": 0.5806862115859985}