{"vy": 0.4129941165447235, "dpsidt": 0.18019334971904755, "rmse": 0.29659372568130493}