{"vy": 0.4146888256072998, "dpsidt": 0.16967298090457916, "rmse": 0.2921808958053589}