{"vy_time": [], "dpsidtrmse_time": [], "vy_0.05": 0.017412694171071053, "dpsidt_0.05": 0.002440778771415353, "rmse_0.05": 0.00992673635482788, "vy_1": 0.05887746810913086, "dpsidt_1": 0.006764331366866827, "rmse_1": 0.03282089903950691, "vy_2": 0.0765601173043251, "dpsidt_2": 0.007969173602759838, "rmse_2": 0.04226464405655861, "vy_3": 0.08817663043737411, "dpsidt_3": 0.008502703160047531, "rmse_3": 0.048339664936065674, "vy_4": 0.0905059427022934, "dpsidt_4": 0.00888135191053152, "rmse_4": 0.049693647772073746, "vy_5": 0.09645427018404007, "dpsidt_5": 0.008952000178396702, "rmse_5": 0.0527031347155571, "vy_6": 0.10138576477766037, "dpsidt_6": 0.009609732776880264, "rmse_6": 0.055497750639915466, "vy_7": 0.11127202957868576, "dpsidt_7": 0.009704452939331532, "rmse_7": 0.06048824265599251, "vy_8": 0.11702341586351395, "dpsidt_8": 0.009973159059882164, "rmse_8": 0.06349828839302063, "vy_9": 0.11903411149978638, "dpsidt_9": 0.010309592820703983, "rmse_9": 0.06467185169458389, "vy_10": 0.12438139319419861, "dpsidt_10": 0.010392085649073124, "rmse_10": 0.06738673895597458}