{"vy_time": [], "dpsidtrmse_time": [], "vy_0.05": 0.016725556924939156, "dpsidt_0.05": 0.002447356004267931, "rmse_0.05": 0.0095864562317729, "vy_1": 0.05514591187238693, "dpsidt_1": 0.0069055622443556786, "rmse_1": 0.031025737524032593, "vy_2": 0.07766710966825485, "dpsidt_2": 0.008495264686644077, "rmse_2": 0.04308118671178818, "vy_3": 0.09320861101150513, "dpsidt_3": 0.008988889865577221, "rmse_3": 0.05109874904155731, "vy_4": 0.09893613308668137, "dpsidt_4": 0.009365828707814217, "rmse_4": 0.05415097996592522, "vy_5": 0.10242365300655365, "dpsidt_5": 0.009411959908902645, "rmse_5": 0.055917806923389435, "vy_6": 0.10708750039339066, "dpsidt_6": 0.010052921250462532, "rmse_6": 0.05857020989060402, "vy_7": 0.11788425594568253, "dpsidt_7": 0.010229688137769699, "rmse_7": 0.06405697017908096, "vy_8": 0.12341845780611038, "dpsidt_8": 0.010478748939931393, "rmse_8": 0.06694860011339188, "vy_9": 0.1252371221780777, "dpsidt_9": 0.010823343880474567, "rmse_9": 0.0680302307009697, "vy_10": 0.13051743805408478, "dpsidt_10": 0.010876177810132504, "rmse_10": 0.07069680839776993}