{"vy": 0.468711256980896, "dpsidt": 0.10882101207971573, "rmse": 0.28876614570617676}