{"vy": 0.6573495268821716, "dpsidt": 0.3294508457183838, "rmse": 0.4934001863002777}