{"vy": 0.37658530473709106, "dpsidt": 0.11928901821374893, "rmse": 0.2479371577501297}