{"vy": 0.5444931387901306, "dpsidt": 0.20729248225688934, "rmse": 0.3758928179740906}