{"vy": 0.4783470034599304, "dpsidt": 0.18664194643497467, "rmse": 0.33249446749687195}