{"vy_time": [], "dpsidtrmse_time": [], "vy_0.05": 0.017367765307426453, "dpsidt_0.05": 0.0024367712903767824, "rmse_0.05": 0.009902268648147583, "vy_1": 0.05759919062256813, "dpsidt_1": 0.005206206813454628, "rmse_1": 0.031402699649333954, "vy_2": 0.07649039477109909, "dpsidt_2": 0.006144879385828972, "rmse_2": 0.041317638009786606, "vy_3": 0.08819040656089783, "dpsidt_3": 0.007071479223668575, "rmse_3": 0.04763094335794449, "vy_4": 0.09212060272693634, "dpsidt_4": 0.007195229176431894, "rmse_4": 0.0496579147875309, "vy_5": 0.09571820497512817, "dpsidt_5": 0.007230866700410843, "rmse_5": 0.05147453397512436, "vy_6": 0.09929736703634262, "dpsidt_6": 0.007493237964808941, "rmse_6": 0.05339530110359192, "vy_7": 0.10988117009401321, "dpsidt_7": 0.0074133072048425674, "rmse_7": 0.058647237718105316, "vy_8": 0.1148170605301857, "dpsidt_8": 0.007474633865058422, "rmse_8": 0.0611458458006382, "vy_9": 0.11636169999837875, "dpsidt_9": 0.007615239359438419, "rmse_9": 0.0619884692132473, "vy_10": 0.12086203694343567, "dpsidt_10": 0.007583522703498602, "rmse_10": 0.0642227828502655}