{"vy": 0.40023690462112427, "dpsidt": 0.16826383769512177, "rmse": 0.2842503786087036}