{"vy_time": [], "dpsidtrmse_time": [], "vy_0.05": 0.016095822677016258, "dpsidt_0.05": 0.0025257691740989685, "rmse_0.05": 0.009310795925557613, "vy_1": 0.06436461955308914, "dpsidt_1": 0.006809932645410299, "rmse_1": 0.03558727726340294, "vy_2": 0.08729885518550873, "dpsidt_2": 0.00950246024876833, "rmse_2": 0.04840065911412239, "vy_3": 0.11574053019285202, "dpsidt_3": 0.011039936915040016, "rmse_3": 0.06339023262262344, "vy_4": 0.12105977535247803, "dpsidt_4": 0.012260557152330875, "rmse_4": 0.06666016578674316, "vy_5": 0.1302378624677658, "dpsidt_5": 0.012065744027495384, "rmse_5": 0.07115180045366287, "vy_6": 0.13943852484226227, "dpsidt_6": 0.012391281314194202, "rmse_6": 0.0759149044752121, "vy_7": 0.152260422706604, "dpsidt_7": 0.012457559816539288, "rmse_7": 0.08235899358987808, "vy_8": 0.16342835128307343, "dpsidt_8": 0.012763850390911102, "rmse_8": 0.08809609711170197, "vy_9": 0.167582169175148, "dpsidt_9": 0.013121867552399635, "rmse_9": 0.09035202115774155, "vy_10": 0.174562469124794, "dpsidt_10": 0.013098588213324547, "rmse_10": 0.09383052587509155}