{"vy": 0.4957048296928406, "dpsidt": 0.09233146160840988, "rmse": 0.2940181493759155, "vy_": 0.15008220076560974, "dpsidt_": 0.007739517372101545, "rmse_": 0.07891085743904114, "vy_diff": 0.02206587605178356, "dpsidt_diff": 0.004814567044377327, "rmse_diff": 0.013440221548080444}