{"vy": 0.4598304331302643, "dpsidt": 0.2734965980052948, "rmse": 0.36666351556777954}