{"vy": 0.38245871663093567, "dpsidt": 0.13733789324760437, "rmse": 0.25989830493927}