{"vy": 0.43771031498908997, "dpsidt": 0.09289530664682388, "rmse": 0.2653028070926666}