{"vy_time": [], "dpsidtrmse_time": [], "vy_0.05": 0.017592445015907288, "dpsidt_0.05": 0.00240273866802454, "rmse_0.05": 0.009997591376304626, "vy_1": 0.05778030678629875, "dpsidt_1": 0.0062300097197294235, "rmse_1": 0.03200515732169151, "vy_2": 0.07639524340629578, "dpsidt_2": 0.00750484224408865, "rmse_2": 0.0419500432908535, "vy_3": 0.08876144886016846, "dpsidt_3": 0.007965189404785633, "rmse_3": 0.04836332052946091, "vy_4": 0.09121932834386826, "dpsidt_4": 0.008282696828246117, "rmse_4": 0.04975101351737976, "vy_5": 0.09583192318677902, "dpsidt_5": 0.008366399444639683, "rmse_5": 0.052099160850048065, "vy_6": 0.09968464821577072, "dpsidt_6": 0.008927900344133377, "rmse_6": 0.0543062761425972, "vy_7": 0.11012902855873108, "dpsidt_7": 0.009021507576107979, "rmse_7": 0.059575267136096954, "vy_8": 0.11532127112150192, "dpsidt_8": 0.0092282360419631, "rmse_8": 0.0622747540473938, "vy_9": 0.11696961522102356, "dpsidt_9": 0.009530014358460903, "rmse_9": 0.06324981153011322, "vy_10": 0.12208711355924606, "dpsidt_10": 0.009581263177096844, "rmse_10": 0.06583418697118759}