{"vy": 0.4525616466999054, "dpsidt": 0.10929100960493088, "rmse": 0.28092631697654724, "vy_": 0.13701994717121124, "dpsidt_": 0.009161120280623436, "rmse_": 0.07309053093194962, "vy_diff": 0.02206587605178356, "dpsidt_diff": 0.004814567044377327, "rmse_diff": 0.013440221548080444}