{"vy": 0.4834013879299164, "dpsidt": 0.20894554257392883, "rmse": 0.3461734652519226}