{"vy_time": [], "dpsidtrmse_time": [], "vy_0.05": 0.016269857063889503, "dpsidt_0.05": 0.0022480098996311426, "rmse_0.05": 0.009258933365345001, "vy_1": 0.06951151043176651, "dpsidt_1": 0.0077640158124268055, "rmse_1": 0.03863776475191116, "vy_2": 0.09888101369142532, "dpsidt_2": 0.012559841386973858, "rmse_2": 0.05572042614221573, "vy_3": 0.14066638052463531, "dpsidt_3": 0.01578493043780327, "rmse_3": 0.07822565734386444, "vy_4": 0.16722039878368378, "dpsidt_4": 0.019252602010965347, "rmse_4": 0.09323649853467941, "vy_5": 0.1704428642988205, "dpsidt_5": 0.019834017381072044, "rmse_5": 0.09513843804597855, "vy_6": 0.17543959617614746, "dpsidt_6": 0.020128723233938217, "rmse_6": 0.09778416156768799, "vy_7": 0.18689963221549988, "dpsidt_7": 0.020532920956611633, "rmse_7": 0.10371627658605576, "vy_8": 0.2029530555009842, "dpsidt_8": 0.021586885675787926, "rmse_8": 0.11226996779441833, "vy_9": 0.20898102223873138, "dpsidt_9": 0.022537901997566223, "rmse_9": 0.1157594621181488, "vy_10": 0.21404798328876495, "dpsidt_10": 0.022506000474095345, "rmse_10": 0.11827699095010757}