{"vy": 0.44504284858703613, "dpsidt": 0.16169293224811554, "rmse": 0.30336788296699524}