{"vy": 0.4553106129169464, "dpsidt": 0.2360679656267166, "rmse": 0.3456892967224121}