{"vy": 0.8876714706420898, "dpsidt": 0.22753900289535522, "rmse": 0.5576052665710449, "vy_": 0.26875606179237366, "dpsidt_": 0.019073043018579483, "rmse_": 0.14391455054283142, "vy_diff": 0.02206587605178356, "dpsidt_diff": 0.004814567044377327, "rmse_diff": 0.013440221548080444}