{"vy": 0.6226006746292114, "dpsidt": 0.3126090466976166, "rmse": 0.4676048755645752}