{"vy": 0.49752840399742126, "dpsidt": 0.169728085398674, "rmse": 0.33362823724746704}