{"vy": 0.591230034828186, "dpsidt": 0.10620564222335815, "rmse": 0.3487178385257721}