{"vy": 0.4876476228237152, "dpsidt": 0.2285996824502945, "rmse": 0.35812366008758545}