{"vy": 0.4733729362487793, "dpsidt": 0.11127087473869324, "rmse": 0.29232192039489746, "vy_": 0.14332087337970734, "dpsidt_": 0.00932707916945219, "rmse_": 0.0763239786028862, "vy_diff": 0.02206587605178356, "dpsidt_diff": 0.004814567044377327, "rmse_diff": 0.013440221548080444}