{"vy": 0.4196087419986725, "dpsidt": 0.20413775742053986, "rmse": 0.31187325716018677}