{"vy_time": [], "dpsidtrmse_time": [], "vy_0.05": 0.01659299060702324, "dpsidt_0.05": 0.002255155937746167, "rmse_0.05": 0.009424073621630669, "vy_1": 0.06626789271831512, "dpsidt_1": 0.007719377055764198, "rmse_1": 0.03699363395571709, "vy_2": 0.0899684801697731, "dpsidt_2": 0.011555947363376617, "rmse_2": 0.05076221376657486, "vy_3": 0.11672905832529068, "dpsidt_3": 0.013514296151697636, "rmse_3": 0.06512168049812317, "vy_4": 0.1269165575504303, "dpsidt_4": 0.015683047473430634, "rmse_4": 0.07129980623722076, "vy_5": 0.12982535362243652, "dpsidt_5": 0.01581684872508049, "rmse_5": 0.07282110303640366, "vy_6": 0.1371651142835617, "dpsidt_6": 0.016398590058088303, "rmse_6": 0.07678185403347015, "vy_7": 0.14720973372459412, "dpsidt_7": 0.016793379560112953, "rmse_7": 0.08200155943632126, "vy_8": 0.15791432559490204, "dpsidt_8": 0.017474276944994926, "rmse_8": 0.08769430220127106, "vy_9": 0.1619817465543747, "dpsidt_9": 0.018188415095210075, "rmse_9": 0.09008508175611496, "vy_10": 0.1679045557975769, "dpsidt_10": 0.018262948840856552, "rmse_10": 0.09308375418186188}