{"vy": 0.3815235197544098, "dpsidt": 0.08743027597665787, "rmse": 0.23447689414024353}