{"vy": 0.3928101062774658, "dpsidt": 0.16379398107528687, "rmse": 0.27830204367637634}