{"vy": 0.5183764696121216, "dpsidt": 0.1598493754863739, "rmse": 0.33911293745040894}