{"vy": 0.6342183947563171, "dpsidt": 0.25705021619796753, "rmse": 0.44563430547714233, "vy_": 0.1920192837715149, "dpsidt_": 0.02154676988720894, "rmse_": 0.10678302496671677, "vy_diff": 0.02206587605178356, "dpsidt_diff": 0.004814567044377327, "rmse_diff": 0.013440221548080444}