{"vy": 0.533757746219635, "dpsidt": 0.26825249195098877, "rmse": 0.4010051190853119, "vy_": 0.16160330176353455, "dpsidt_": 0.022485777735710144, "rmse_": 0.09204453974962234, "vy_diff": 0.02206587605178356, "dpsidt_diff": 0.004814567044377327, "rmse_diff": 0.013440221548080444}