{"vy": 0.4981750547885895, "dpsidt": 0.09694086760282516, "rmse": 0.2975579500198364}