{"vy": 0.3965466022491455, "dpsidt": 0.15306402742862701, "rmse": 0.27480530738830566}