{"vy": 0.5753341913223267, "dpsidt": 0.1612890660762787, "rmse": 0.36831164360046387, "vy_": 0.1741912066936493, "dpsidt_": 0.013519763015210629, "rmse_": 0.09385548532009125, "vy_diff": 0.02206587605178356, "dpsidt_diff": 0.004814567044377327, "rmse_diff": 0.013440221548080444}