{"vy": 0.7586800456047058, "dpsidt": 0.2970498204231262, "rmse": 0.527864933013916}