{"vy": 0.3773724138736725, "dpsidt": 0.12654398381710052, "rmse": 0.2519581913948059}