{"vy": 0.5164740681648254, "dpsidt": 0.2613549530506134, "rmse": 0.3889145255088806}