{"vy": 0.6406035423278809, "dpsidt": 0.1550346314907074, "rmse": 0.3978191018104553}