{"vy": 0.4433687925338745, "dpsidt": 0.22509759664535522, "rmse": 0.33423319458961487}