{"vy": 0.7271063923835754, "dpsidt": 0.21834106743335724, "rmse": 0.47272372245788574}