{"vy": 0.3690964877605438, "dpsidt": 0.11302697658538818, "rmse": 0.241061732172966}