{"vy": 0.4856414198875427, "dpsidt": 0.0801902636885643, "rmse": 0.2829158306121826}