{"vy": 0.5226694345474243, "dpsidt": 0.14659540355205536, "rmse": 0.33463242650032043}