{"vy_time": [], "dpsidtrmse_time": [], "vy_0.05": 0.016993168741464615, "dpsidt_0.05": 0.0025203977711498737, "rmse_0.05": 0.0097567830234766, "vy_1": 0.05410400778055191, "dpsidt_1": 0.005811482202261686, "rmse_1": 0.029957745224237442, "vy_2": 0.0723348930478096, "dpsidt_2": 0.00675209192559123, "rmse_2": 0.03954349085688591, "vy_3": 0.08542248606681824, "dpsidt_3": 0.0074743423610925674, "rmse_3": 0.04644841328263283, "vy_4": 0.08856796473264694, "dpsidt_4": 0.007605246268212795, "rmse_4": 0.048086605966091156, "vy_5": 0.09317424148321152, "dpsidt_5": 0.007554615382105112, "rmse_5": 0.050364427268505096, "vy_6": 0.09674955904483795, "dpsidt_6": 0.007881972007453442, "rmse_6": 0.052315764129161835, "vy_7": 0.10733582824468613, "dpsidt_7": 0.007781950756907463, "rmse_7": 0.05755889043211937, "vy_8": 0.11278863996267319, "dpsidt_8": 0.007880748249590397, "rmse_8": 0.060334693640470505, "vy_9": 0.11443702131509781, "dpsidt_9": 0.008063625544309616, "rmse_9": 0.06125032156705856, "vy_10": 0.11960244923830032, "dpsidt_10": 0.008082732558250427, "rmse_10": 0.06384259462356567}