{"vy": 0.5121592283248901, "dpsidt": 0.2148943990468979, "rmse": 0.3635268211364746}