{"vy": 0.5721917152404785, "dpsidt": 0.3262631595134735, "rmse": 0.4492274522781372}