{"vy": 0.5301500558853149, "dpsidt": 0.18098999559879303, "rmse": 0.3555700182914734}