{"vy": 0.5014042258262634, "dpsidt": 0.19637620449066162, "rmse": 0.3488902151584625}