{"vy_time": [], "dpsidtrmse_time": [], "vy_0.05": 0.015247813425958157, "dpsidt_0.05": 0.0022651166655123234, "rmse_0.05": 0.008756465278565884, "vy_1": 0.05328066647052765, "dpsidt_1": 0.00691388500854373, "rmse_1": 0.030097275972366333, "vy_2": 0.08143114298582077, "dpsidt_2": 0.01178731769323349, "rmse_2": 0.04660923033952713, "vy_3": 0.1025378406047821, "dpsidt_3": 0.013346001505851746, "rmse_3": 0.057941921055316925, "vy_4": 0.11872929334640503, "dpsidt_4": 0.014078080654144287, "rmse_4": 0.06640368700027466, "vy_5": 0.12288021296262741, "dpsidt_5": 0.014644002541899681, "rmse_5": 0.06876210868358612, "vy_6": 0.12945276498794556, "dpsidt_6": 0.01544035691767931, "rmse_6": 0.0724465623497963, "vy_7": 0.14057834446430206, "dpsidt_7": 0.016243793070316315, "rmse_7": 0.07841107249259949, "vy_8": 0.1473253220319748, "dpsidt_8": 0.016585830599069595, "rmse_8": 0.08195557445287704, "vy_9": 0.1506558358669281, "dpsidt_9": 0.017115406692028046, "rmse_9": 0.08388562500476837, "vy_10": 0.15648119151592255, "dpsidt_10": 0.01719946227967739, "rmse_10": 0.08684032410383224}