{"vy": 0.45030415058135986, "dpsidt": 0.15934841334819794, "rmse": 0.3048262894153595}