{"vy": 0.42659687995910645, "dpsidt": 0.20664872229099274, "rmse": 0.316622793674469}