{"vy": 5.774079322814941, "dpsidt": 1.6071301698684692, "rmse": 3.6906046867370605}