{"vy": 0.4560236930847168, "dpsidt": 0.21773816645145416, "rmse": 0.3368809223175049, "vy_": 0.13806812465190887, "dpsidt_": 0.018251508474349976, "rmse_": 0.07815981656312943, "vy_diff": 0.02206587605178356, "dpsidt_diff": 0.004814567044377327, "rmse_diff": 0.013440221548080444}