{"vy": 0.532420814037323, "dpsidt": 0.09489890933036804, "rmse": 0.3136598467826843}