{"vy": 0.42069217562675476, "dpsidt": 0.17284439504146576, "rmse": 0.29676827788352966}