{"vy_time": [], "dpsidtrmse_time": [], "vy_0.05": 0.016431109979748726, "dpsidt_0.05": 0.0025770217180252075, "rmse_0.05": 0.009504065848886967, "vy_1": 0.054918404668569565, "dpsidt_1": 0.007899612188339233, "rmse_1": 0.03140901029109955, "vy_2": 0.08154918998479843, "dpsidt_2": 0.010983027517795563, "rmse_2": 0.046266108751297, "vy_3": 0.09591809660196304, "dpsidt_3": 0.012583533301949501, "rmse_3": 0.0542508140206337, "vy_4": 0.10318794846534729, "dpsidt_4": 0.012509589083492756, "rmse_4": 0.057848770171403885, "vy_5": 0.1067390888929367, "dpsidt_5": 0.012492453679442406, "rmse_5": 0.05961577221751213, "vy_6": 0.11104544997215271, "dpsidt_6": 0.01287883147597313, "rmse_6": 0.06196214258670807, "vy_7": 0.1229889988899231, "dpsidt_7": 0.013600398786365986, "rmse_7": 0.0682946965098381, "vy_8": 0.12871240079402924, "dpsidt_8": 0.013843446038663387, "rmse_8": 0.0712779238820076, "vy_9": 0.130242720246315, "dpsidt_9": 0.01398017629981041, "rmse_9": 0.07211145013570786, "vy_10": 0.1350959986448288, "dpsidt_10": 0.01383352093398571, "rmse_10": 0.07446476072072983}