{"vy": 0.4789908230304718, "dpsidt": 0.2696227431297302, "rmse": 0.3743067979812622}