{"vy": 0.4156765043735504, "dpsidt": 0.17322242259979248, "rmse": 0.29444944858551025}