{"vy": 0.4727208912372589, "dpsidt": 0.25944796204566956, "rmse": 0.36608442664146423, "vy_": 0.14312346279621124, "dpsidt_": 0.021747754886746407, "rmse_": 0.08243560791015625, "vy_diff": 0.02206587605178356, "dpsidt_diff": 0.004814567044377327, "rmse_diff": 0.013440221548080444}