{"vy_time": [], "dpsidtrmse_time": [], "vy_0.05": 0.015414350666105747, "dpsidt_0.05": 0.002457134425640106, "rmse_0.05": 0.00893574208021164, "vy_1": 0.057155124843120575, "dpsidt_1": 0.007287330459803343, "rmse_1": 0.0322212278842926, "vy_2": 0.08651205152273178, "dpsidt_2": 0.009807215072214603, "rmse_2": 0.048159632831811905, "vy_3": 0.10667137801647186, "dpsidt_3": 0.010921778157353401, "rmse_3": 0.05879657715559006, "vy_4": 0.12148632109165192, "dpsidt_4": 0.011508421041071415, "rmse_4": 0.06649737060070038, "vy_5": 0.12492914497852325, "dpsidt_5": 0.011611199006438255, "rmse_5": 0.06827016919851303, "vy_6": 0.1319861263036728, "dpsidt_6": 0.012280619703233242, "rmse_6": 0.072133369743824, "vy_7": 0.14386752247810364, "dpsidt_7": 0.012619797140359879, "rmse_7": 0.07824365794658661, "vy_8": 0.15037983655929565, "dpsidt_8": 0.012878084555268288, "rmse_8": 0.0816289633512497, "vy_9": 0.15264476835727692, "dpsidt_9": 0.013232361525297165, "rmse_9": 0.08293856680393219, "vy_10": 0.15777355432510376, "dpsidt_10": 0.013268733397126198, "rmse_10": 0.0855211466550827}