{"vy_0.05": 0.016387486830353737, "vy_1": 0.054118260741233826, "vy_2": 0.07469972968101501, "vy_3": 0.08594876527786255, "vy_4": 0.08849630504846573, "vy_5": 0.09201166778802872, "vy_6": 0.09663912653923035, "vy_7": 0.1066143587231636, "vy_8": 0.111520916223526, "vy_9": 0.11316363513469696, "vy_10": 0.11789820343255997, "dpsidt_0.05": 0.0022021213080734015, "dpsidt_1": 0.005377959460020065, "dpsidt_2": 0.0074943541549146175, "dpsidt_3": 0.008245247416198254, "dpsidt_4": 0.008578822948038578, "dpsidt_5": 0.008591429330408573, "dpsidt_6": 0.009080816991627216, "dpsidt_7": 0.009174366481602192, "dpsidt_8": 0.009326129220426083, "dpsidt_9": 0.00960604939609766, "dpsidt_10": 0.009617057628929615, "rmse_0.05": 0.009294804185628891, "rmse_1": 0.029748110100626945, "rmse_2": 0.041097041219472885, "rmse_3": 0.04709700495004654, "rmse_4": 0.048537563532590866, "rmse_5": 0.05030154809355736, "rmse_6": 0.05285997316241264, "rmse_7": 0.05789436399936676, "rmse_8": 0.06042352318763733, "rmse_9": 0.06138484179973602, "rmse_10": 0.06375762820243835}