{"vy": 0.4800477623939514, "dpsidt": 0.2332039475440979, "rmse": 0.35662585496902466, "vy_": 0.14534179866313934, "dpsidt_": 0.019547894597053528, "rmse_": 0.08244484663009644, "vy_diff": 0.02206587605178356, "dpsidt_diff": 0.004814567044377327, "rmse_diff": 0.013440221548080444}