{"vy": 0.4505307972431183, "dpsidt": 0.10944196581840515, "rmse": 0.2799863815307617}