{"vy": 5.099719047546387, "dpsidt": 1.5270613431930542, "rmse": 3.3133902549743652}