{"vy": 0.47158825397491455, "dpsidt": 0.19035638868808746, "rmse": 0.3309723138809204, "vy_": 0.14278055727481842, "dpsidt_": 0.015956277027726173, "rmse_": 0.07936841994524002, "vy_diff": 0.02206587605178356, "dpsidt_diff": 0.004814567044377327, "rmse_diff": 0.013440221548080444}