{"vy": 0.5556269884109497, "dpsidt": 0.16087426245212555, "rmse": 0.35825061798095703, "vy_": 0.16822455823421478, "dpsidt_": 0.01348499208688736, "rmse_": 0.09085477888584137, "vy_diff": 0.02206587605178356, "dpsidt_diff": 0.004814567044377327, "rmse_diff": 0.013440221548080444}