{"vy_time": [], "dpsidtrmse_time": [], "vy_0.05": 0.016704484820365906, "dpsidt_0.05": 0.0023608787450939417, "rmse_0.05": 0.009532681666314602, "vy_1": 0.05590731278061867, "dpsidt_1": 0.006203655619174242, "rmse_1": 0.03105548396706581, "vy_2": 0.07706419378519058, "dpsidt_2": 0.007817545905709267, "rmse_2": 0.04244086891412735, "vy_3": 0.08996729552745819, "dpsidt_3": 0.008337385952472687, "rmse_3": 0.04915234073996544, "vy_4": 0.09389601647853851, "dpsidt_4": 0.00867552775889635, "rmse_4": 0.051285773515701294, "vy_5": 0.09639701247215271, "dpsidt_5": 0.00875010620802641, "rmse_5": 0.0525735579431057, "vy_6": 0.10101701319217682, "dpsidt_6": 0.009327452629804611, "rmse_6": 0.055172234773635864, "vy_7": 0.11131720244884491, "dpsidt_7": 0.00946106482297182, "rmse_7": 0.06038913503289223, "vy_8": 0.11608588695526123, "dpsidt_8": 0.009657887741923332, "rmse_8": 0.06287188827991486, "vy_9": 0.11751732230186462, "dpsidt_9": 0.009990648366510868, "rmse_9": 0.06375398486852646, "vy_10": 0.12214428931474686, "dpsidt_10": 0.010036635212600231, "rmse_10": 0.06609046459197998}