{"vy": 0.4529604911804199, "dpsidt": 0.19162701070308685, "rmse": 0.322293758392334}