{"vy": 0.44163432717323303, "dpsidt": 0.12770003080368042, "rmse": 0.2846671938896179}