{"vy_time": [], "dpsidtrmse_time": [], "vy_0.05": 0.016850849613547325, "dpsidt_0.05": 0.0022772392258048058, "rmse_0.05": 0.009564043954014778, "vy_1": 0.05720005929470062, "dpsidt_1": 0.00618046335875988, "rmse_1": 0.031690262258052826, "vy_2": 0.07650179415941238, "dpsidt_2": 0.008929954841732979, "rmse_2": 0.04271587356925011, "vy_3": 0.09005968272686005, "dpsidt_3": 0.009526317939162254, "rmse_3": 0.049793001264333725, "vy_4": 0.09254376590251923, "dpsidt_4": 0.010024305433034897, "rmse_4": 0.05128403753042221, "vy_5": 0.09769030660390854, "dpsidt_5": 0.010275417007505894, "rmse_5": 0.05398286134004593, "vy_6": 0.10302877426147461, "dpsidt_6": 0.011015520431101322, "rmse_6": 0.05702214688062668, "vy_7": 0.11268016695976257, "dpsidt_7": 0.011372571811079979, "rmse_7": 0.06202637031674385, "vy_8": 0.11834114789962769, "dpsidt_8": 0.011663193814456463, "rmse_8": 0.06500217318534851, "vy_9": 0.12033917754888535, "dpsidt_9": 0.012153137475252151, "rmse_9": 0.0662461593747139, "vy_10": 0.12548254430294037, "dpsidt_10": 0.012253329157829285, "rmse_10": 0.06886793673038483}