{"vy": 0.4676842987537384, "dpsidt": 0.08776960521936417, "rmse": 0.277726948261261}