{"vy": 0.5517299771308899, "dpsidt": 0.10600374639034271, "rmse": 0.3288668692111969}