{"vy": 0.3590267300605774, "dpsidt": 0.08885205537080765, "rmse": 0.22393938899040222}