{"vy": 0.5896009206771851, "dpsidt": 0.10868984460830688, "rmse": 0.34914538264274597}