{"vy": 0.40712490677833557, "dpsidt": 0.18222904205322266, "rmse": 0.2946769595146179}