{"vy": 0.394024521112442, "dpsidt": 0.12407815456390381, "rmse": 0.2590513229370117}