{"vy": 0.42524927854537964, "dpsidt": 0.15071947872638702, "rmse": 0.28798437118530273}