{"vy": 0.728407621383667, "dpsidt": 0.30132582783699036, "rmse": 0.5148667097091675}