{"vy": 0.4479915201663971, "dpsidt": 0.1455710232257843, "rmse": 0.2967812716960907}