{"vy": 0.39579835534095764, "dpsidt": 0.14728160202503204, "rmse": 0.27153998613357544, "vy_": 0.11983399838209152, "dpsidt_": 0.012345612049102783, "rmse_": 0.06608980894088745, "vy_diff": 0.02206587605178356, "dpsidt_diff": 0.004814567044377327, "rmse_diff": 0.013440221548080444}