{"vy": 0.41332361102104187, "dpsidt": 0.20118293166160583, "rmse": 0.30725327134132385}