{"vy": 0.5043224096298218, "dpsidt": 0.10524769127368927, "rmse": 0.3047850430011749, "vy_": 0.1526913046836853, "dpsidt_": 0.008822196163237095, "rmse_": 0.08075675368309021, "vy_diff": 0.02206587605178356, "dpsidt_diff": 0.004814567044377327, "rmse_diff": 0.013440221548080444}