{"vy": 0.6232609152793884, "dpsidt": 0.11954264342784882, "rmse": 0.3714017868041992, "vy_": 0.18870174884796143, "dpsidt_": 0.010020443238317966, "rmse_": 0.09936109930276871, "vy_diff": 0.02206587605178356, "dpsidt_diff": 0.004814567044377327, "rmse_diff": 0.013440221548080444}