{"vy": 0.4376090168952942, "dpsidt": 0.18264083564281464, "rmse": 0.310124933719635, "vy_": 0.1324928253889084, "dpsidt_": 0.015309538692235947, "rmse_": 0.07390118390321732, "vy_diff": 0.02206587605178356, "dpsidt_diff": 0.004814567044377327, "rmse_diff": 0.013440221548080444}