{"vy": 0.45048967003822327, "dpsidt": 0.1561015546321869, "rmse": 0.3032956123352051}