{"vy": 0.4314424693584442, "dpsidt": 0.12458209693431854, "rmse": 0.2780122756958008}