{"vy": 0.42038166522979736, "dpsidt": 0.0870126411318779, "rmse": 0.25369715690612793}