{"vy": 0.4395444095134735, "dpsidt": 0.11796826124191284, "rmse": 0.278756320476532}