{"vy_time": [], "dpsidtrmse_time": [], "vy_0.05": 0.01625203900039196, "dpsidt_0.05": 0.002292343880981207, "rmse_0.05": 0.009272191673517227, "vy_1": 0.055717337876558304, "dpsidt_1": 0.006926964037120342, "rmse_1": 0.03132215142250061, "vy_2": 0.07894663512706757, "dpsidt_2": 0.009333046153187752, "rmse_2": 0.044139839708805084, "vy_3": 0.09456959366798401, "dpsidt_3": 0.01004092302173376, "rmse_3": 0.05230525881052017, "vy_4": 0.09986352920532227, "dpsidt_4": 0.01068577729165554, "rmse_4": 0.05527465417981148, "vy_5": 0.10333167016506195, "dpsidt_5": 0.01088600605726242, "rmse_5": 0.057108838111162186, "vy_6": 0.10938576608896255, "dpsidt_6": 0.01170036755502224, "rmse_6": 0.06054306775331497, "vy_7": 0.11959771066904068, "dpsidt_7": 0.012067711912095547, "rmse_7": 0.0658327117562294, "vy_8": 0.12507623434066772, "dpsidt_8": 0.012402406893670559, "rmse_8": 0.06873931735754013, "vy_9": 0.12720510363578796, "dpsidt_9": 0.012883346527814865, "rmse_9": 0.07004422694444656, "vy_10": 0.13256020843982697, "dpsidt_10": 0.012989044189453125, "rmse_10": 0.07277462631464005}