{"vy": 0.4791245758533478, "dpsidt": 0.19244679808616638, "rmse": 0.3357856869697571}