{"vy": 6.796145915985107, "dpsidt": 2.047102689743042, "rmse": 4.421624183654785}