{"vy": 0.4353695511817932, "dpsidt": 0.1992236077785492, "rmse": 0.31729656457901}