{"vy": 0.4347202181816101, "dpsidt": 0.20600610971450806, "rmse": 0.3203631639480591}