{"vy": 0.40749391913414, "dpsidt": 0.1061834990978241, "rmse": 0.25683870911598206}