{"vy": 0.4940524101257324, "dpsidt": 0.2909727394580841, "rmse": 0.39251255989074707}