{"vy": 0.49093422293663025, "dpsidt": 0.11609231680631638, "rmse": 0.3035132586956024}