{"vy_time": [], "dpsidtrmse_time": [], "vy_0.05": 0.01732316054403782, "dpsidt_0.05": 0.002536278683692217, "rmse_0.05": 0.009929719381034374, "vy_1": 0.05477716028690338, "dpsidt_1": 0.005908276420086622, "rmse_1": 0.030342718586325645, "vy_2": 0.07245204597711563, "dpsidt_2": 0.006826625671237707, "rmse_2": 0.03963933512568474, "vy_3": 0.08504500985145569, "dpsidt_3": 0.00742196012288332, "rmse_3": 0.046233486384153366, "vy_4": 0.08815798163414001, "dpsidt_4": 0.007582185789942741, "rmse_4": 0.04787008464336395, "vy_5": 0.09241437911987305, "dpsidt_5": 0.007555517368018627, "rmse_5": 0.049984946846961975, "vy_6": 0.09556654840707779, "dpsidt_6": 0.007904052734375, "rmse_6": 0.051735300570726395, "vy_7": 0.10607898235321045, "dpsidt_7": 0.007839403115212917, "rmse_7": 0.05695919319987297, "vy_8": 0.11142019927501678, "dpsidt_8": 0.00795032549649477, "rmse_8": 0.05968526378273964, "vy_9": 0.11296728253364563, "dpsidt_9": 0.008143077604472637, "rmse_9": 0.06055517867207527, "vy_10": 0.11783292144536972, "dpsidt_10": 0.00814866367727518, "rmse_10": 0.06299079209566116}