{"vy": 0.42323750257492065, "dpsidt": 0.1861172914505005, "rmse": 0.30467739701271057}