{"vy": 0.4152502119541168, "dpsidt": 0.14478269219398499, "rmse": 0.2800164520740509, "vy_": 0.12572334706783295, "dpsidt_": 0.012136146426200867, "rmse_": 0.0689297467470169, "vy_diff": 0.02206587605178356, "dpsidt_diff": 0.004814567044377327, "rmse_diff": 0.013440221548080444}