{"vy": 0.44763097167015076, "dpsidt": 0.16276876628398895, "rmse": 0.30519986152648926}