{"vy": 0.6264250874519348, "dpsidt": 0.11863642930984497, "rmse": 0.3725307583808899, "vy_": 0.18965975940227509, "dpsidt_": 0.009944483637809753, "rmse_": 0.09980212152004242, "vy_diff": 0.02206587605178356, "dpsidt_diff": 0.004814567044377327, "rmse_diff": 0.013440221548080444}