{"vy": 0.4704833924770355, "dpsidt": 0.15397436916828156, "rmse": 0.31222888827323914}