{"vy": 0.8116225600242615, "dpsidt": 0.3409314453601837, "rmse": 0.5762770175933838, "vy_": 0.24573111534118652, "dpsidt_": 0.028577955439686775, "rmse_": 0.13715453445911407, "vy_diff": 0.02206587605178356, "dpsidt_diff": 0.004814567044377327, "rmse_diff": 0.013440221548080444}