{"vy": 0.5758437514305115, "dpsidt": 0.10673210024833679, "rmse": 0.34128791093826294, "vy_": 0.1743454784154892, "dpsidt_": 0.008946623653173447, "rmse_": 0.09164605289697647, "vy_diff": 0.02206587605178356, "dpsidt_diff": 0.004814567044377327, "rmse_diff": 0.013440221548080444}