{"vy_time": [], "dpsidtrmse_time": [], "vy_0.05": 0.017373090609908104, "dpsidt_0.05": 0.0022990733850747347, "rmse_0.05": 0.009836082346737385, "vy_1": 0.06045906990766525, "dpsidt_1": 0.0056751021184027195, "rmse_1": 0.03306708484888077, "vy_2": 0.07574372738599777, "dpsidt_2": 0.0069755385629832745, "rmse_2": 0.04135963320732117, "vy_3": 0.08945434540510178, "dpsidt_3": 0.007822287268936634, "rmse_3": 0.04863831773400307, "vy_4": 0.09203295409679413, "dpsidt_4": 0.008164724335074425, "rmse_4": 0.05009884014725685, "vy_5": 0.10039261728525162, "dpsidt_5": 0.008207793347537518, "rmse_5": 0.054300203919410706, "vy_6": 0.10492337495088577, "dpsidt_6": 0.008736612275242805, "rmse_6": 0.056829992681741714, "vy_7": 0.11506623029708862, "dpsidt_7": 0.00872731301933527, "rmse_7": 0.06189677119255066, "vy_8": 0.1215880811214447, "dpsidt_8": 0.008928407914936543, "rmse_8": 0.06525824218988419, "vy_9": 0.12369823455810547, "dpsidt_9": 0.00919540785253048, "rmse_9": 0.06644681841135025, "vy_10": 0.12932173907756805, "dpsidt_10": 0.009262584149837494, "rmse_10": 0.06929215788841248}