{"vy": 0.4410342872142792, "dpsidt": 0.12459015101194382, "rmse": 0.2828122079372406}