{"vy": 0.4370466470718384, "dpsidt": 0.09718296676874161, "rmse": 0.2671148180961609}