{"vy": 0.3697151839733124, "dpsidt": 0.11156968772411346, "rmse": 0.24064242839813232}