{"vy": 0.4753977060317993, "dpsidt": 0.19761982560157776, "rmse": 0.33650875091552734}