{"vy": 0.5969142317771912, "dpsidt": 0.14630915224552155, "rmse": 0.37161168456077576}