{"vy": 0.5957581400871277, "dpsidt": 0.349348247051239, "rmse": 0.47255319356918335}