{"vy": 0.4706573486328125, "dpsidt": 0.27603375911712646, "rmse": 0.3733455538749695}