{"vy": 0.38072389364242554, "dpsidt": 0.09532175213098526, "rmse": 0.2380228191614151}