{"vy": 0.4926167130470276, "dpsidt": 0.08630914986133575, "rmse": 0.2894629240036011}