{"vy": 0.492149293422699, "dpsidt": 0.21895337104797363, "rmse": 0.3555513322353363}