{"vy_time": [], "dpsidtrmse_time": [], "vy_0.05": 0.01566382311284542, "dpsidt_0.05": 0.0024677354376763105, "rmse_0.05": 0.0090657789260149, "vy_1": 0.056854020804166794, "dpsidt_1": 0.006396160926669836, "rmse_1": 0.03162509202957153, "vy_2": 0.08931171894073486, "dpsidt_2": 0.008511071093380451, "rmse_2": 0.04891139641404152, "vy_3": 0.12281335890293121, "dpsidt_3": 0.010231174528598785, "rmse_3": 0.0665222704410553, "vy_4": 0.14225110411643982, "dpsidt_4": 0.011169667355716228, "rmse_4": 0.07671038806438446, "vy_5": 0.1493675857782364, "dpsidt_5": 0.01136977132409811, "rmse_5": 0.08036867529153824, "vy_6": 0.1552165001630783, "dpsidt_6": 0.012060960754752159, "rmse_6": 0.08363872766494751, "vy_7": 0.16969893872737885, "dpsidt_7": 0.012187751941382885, "rmse_7": 0.090943343937397, "vy_8": 0.17987482249736786, "dpsidt_8": 0.012548430822789669, "rmse_8": 0.09621162712574005, "vy_9": 0.1847347766160965, "dpsidt_9": 0.01294588390737772, "rmse_9": 0.09884033352136612, "vy_10": 0.19209733605384827, "dpsidt_10": 0.013132771477103233, "rmse_10": 0.10261505097150803}