{"vy": 0.44983795285224915, "dpsidt": 0.19713325798511505, "rmse": 0.3234856128692627}