{"vy_time": [], "dpsidtrmse_time": [], "vy_0.05": 0.016683192923665047, "dpsidt_0.05": 0.0022791007068008184, "rmse_0.05": 0.009481146931648254, "vy_1": 0.05554737523198128, "dpsidt_1": 0.00580441951751709, "rmse_1": 0.030675897374749184, "vy_2": 0.0781380906701088, "dpsidt_2": 0.008336114697158337, "rmse_2": 0.043237101286649704, "vy_3": 0.09833057969808578, "dpsidt_3": 0.009118979796767235, "rmse_3": 0.053724780678749084, "vy_4": 0.10199981927871704, "dpsidt_4": 0.00966585986316204, "rmse_4": 0.055832840502262115, "vy_5": 0.10773874819278717, "dpsidt_5": 0.009833341464400291, "rmse_5": 0.058786045759916306, "vy_6": 0.11190228909254074, "dpsidt_6": 0.010499371215701103, "rmse_6": 0.0612008310854435, "vy_7": 0.12258089333772659, "dpsidt_7": 0.010772052221000195, "rmse_7": 0.06667647510766983, "vy_8": 0.12926623225212097, "dpsidt_8": 0.011001819744706154, "rmse_8": 0.07013402879238129, "vy_9": 0.13158327341079712, "dpsidt_9": 0.011400127783417702, "rmse_9": 0.07149170339107513, "vy_10": 0.13776667416095734, "dpsidt_10": 0.011457866057753563, "rmse_10": 0.07461226731538773}