{"vy_time": [], "dpsidtrmse_time": [], "vy_0.05": 0.016355564817786217, "dpsidt_0.05": 0.002382818842306733, "rmse_0.05": 0.009369191713631153, "vy_1": 0.05555923283100128, "dpsidt_1": 0.006637930404394865, "rmse_1": 0.031098581850528717, "vy_2": 0.07773499190807343, "dpsidt_2": 0.00834712479263544, "rmse_2": 0.043041057884693146, "vy_3": 0.09519703686237335, "dpsidt_3": 0.008931057527661324, "rmse_3": 0.05206404626369476, "vy_4": 0.09924384206533432, "dpsidt_4": 0.009463678114116192, "rmse_4": 0.054353758692741394, "vy_5": 0.10293035209178925, "dpsidt_5": 0.009572665207087994, "rmse_5": 0.05625150725245476, "vy_6": 0.1078842431306839, "dpsidt_6": 0.010295644402503967, "rmse_6": 0.05908994376659393, "vy_7": 0.1184324398636818, "dpsidt_7": 0.010467758402228355, "rmse_7": 0.06445010006427765, "vy_8": 0.12406544387340546, "dpsidt_8": 0.01074706856161356, "rmse_8": 0.06740625947713852, "vy_9": 0.12583041191101074, "dpsidt_9": 0.011157577857375145, "rmse_9": 0.06849399209022522, "vy_10": 0.13110890984535217, "dpsidt_10": 0.011255285702645779, "rmse_10": 0.07118209451436996}