{"vy": 0.4959615468978882, "dpsidt": 0.13008366525173187, "rmse": 0.3130226135253906}