{"vy": 0.7078240513801575, "dpsidt": 0.31565743684768677, "rmse": 0.5117407441139221, "vy_": 0.21430453658103943, "dpsidt_": 0.026459410786628723, "rmse_": 0.12038197368383408, "vy_diff": 0.02206587605178356, "dpsidt_diff": 0.004814567044377327, "rmse_diff": 0.013440221548080444}