{"vy": 0.39380311965942383, "dpsidt": 0.1453864425420761, "rmse": 0.26959478855133057, "vy_": 0.11922992020845413, "dpsidt_": 0.012186753563582897, "rmse_": 0.06570833921432495, "vy_diff": 0.02206587605178356, "dpsidt_diff": 0.004814567044377327, "rmse_diff": 0.013440221548080444}