{"vy_time": [], "dpsidtrmse_time": [], "vy_0.05": 0.01684478111565113, "dpsidt_0.05": 0.002083886181935668, "rmse_0.05": 0.009464333765208721, "vy_1": 0.06581549346446991, "dpsidt_1": 0.005420095287263393, "rmse_1": 0.03561779484152794, "vy_2": 0.08430967479944229, "dpsidt_2": 0.007622473407536745, "rmse_2": 0.045966073870658875, "vy_3": 0.1054222360253334, "dpsidt_3": 0.008944666013121605, "rmse_3": 0.05718345195055008, "vy_4": 0.10775182396173477, "dpsidt_4": 0.00965957436710596, "rmse_4": 0.05870569869875908, "vy_5": 0.11960172653198242, "dpsidt_5": 0.009615126065909863, "rmse_5": 0.06460842490196228, "vy_6": 0.12682953476905823, "dpsidt_6": 0.010303336195647717, "rmse_6": 0.06856643408536911, "vy_7": 0.13798734545707703, "dpsidt_7": 0.010421635583043098, "rmse_7": 0.07420448958873749, "vy_8": 0.14627119898796082, "dpsidt_8": 0.010766390711069107, "rmse_8": 0.07851879298686981, "vy_9": 0.1497289389371872, "dpsidt_9": 0.011120082810521126, "rmse_9": 0.08042450994253159, "vy_10": 0.15673372149467468, "dpsidt_10": 0.011231492273509502, "rmse_10": 0.08398260921239853}