{"vy": 0.4591326117515564, "dpsidt": 0.12121295928955078, "rmse": 0.2901727855205536}