{"vy": 0.6380133628845215, "dpsidt": 0.13613493740558624, "rmse": 0.38707414269447327}