{"vy": 0.4077555537223816, "dpsidt": 0.11714879423379898, "rmse": 0.2624521851539612}