{"vy_time": [], "dpsidtrmse_time": [], "vy_0.05": 0.0162376519292593, "dpsidt_0.05": 0.0026581245474517345, "rmse_0.05": 0.009447888471186161, "vy_1": 0.05344685912132263, "dpsidt_1": 0.007593913469463587, "rmse_1": 0.03052038699388504, "vy_2": 0.07824917882680893, "dpsidt_2": 0.008792449720203876, "rmse_2": 0.043520815670490265, "vy_3": 0.09577572345733643, "dpsidt_3": 0.009356215596199036, "rmse_3": 0.05256596952676773, "vy_4": 0.1047029197216034, "dpsidt_4": 0.009658741764724255, "rmse_4": 0.05718082934617996, "vy_5": 0.10765845328569412, "dpsidt_5": 0.009559547528624535, "rmse_5": 0.0586090013384819, "vy_6": 0.11275287717580795, "dpsidt_6": 0.010117963887751102, "rmse_6": 0.06143542006611824, "vy_7": 0.1238720640540123, "dpsidt_7": 0.01015138253569603, "rmse_7": 0.06701172143220901, "vy_8": 0.12983711063861847, "dpsidt_8": 0.010363253764808178, "rmse_8": 0.07010018080472946, "vy_9": 0.13173368573188782, "dpsidt_9": 0.010647069662809372, "rmse_9": 0.07119037955999374, "vy_10": 0.13683396577835083, "dpsidt_10": 0.010694429278373718, "rmse_10": 0.07376419752836227}