{"vy": 0.48798370361328125, "dpsidt": 0.2160259485244751, "rmse": 0.3520048260688782}