{"vy_time": [], "dpsidtrmse_time": [], "vy_0.05": 0.016259221360087395, "dpsidt_0.05": 0.0021373690105974674, "rmse_0.05": 0.009198294952511787, "vy_1": 0.06786200404167175, "dpsidt_1": 0.0055763679556548595, "rmse_1": 0.0367191843688488, "vy_2": 0.09583966434001923, "dpsidt_2": 0.008089402690529823, "rmse_2": 0.05196453258395195, "vy_3": 0.12553206086158752, "dpsidt_3": 0.009947279468178749, "rmse_3": 0.06773967295885086, "vy_4": 0.12728694081306458, "dpsidt_4": 0.011119135655462742, "rmse_4": 0.06920304149389267, "vy_5": 0.13821002840995789, "dpsidt_5": 0.010975412093102932, "rmse_5": 0.0745927169919014, "vy_6": 0.14633040130138397, "dpsidt_6": 0.011669740080833435, "rmse_6": 0.0790000706911087, "vy_7": 0.15927794575691223, "dpsidt_7": 0.01177834253758192, "rmse_7": 0.08552814275026321, "vy_8": 0.16854722797870636, "dpsidt_8": 0.01218799501657486, "rmse_8": 0.09036761522293091, "vy_9": 0.1725255399942398, "dpsidt_9": 0.012597509659826756, "rmse_9": 0.09256152808666229, "vy_10": 0.18149501085281372, "dpsidt_10": 0.012728989124298096, "rmse_10": 0.09711199998855591}