{"vy": 0.4434664845466614, "dpsidt": 0.22920063138008118, "rmse": 0.33633357286453247}