{"vy": 0.4044533371925354, "dpsidt": 0.09148283302783966, "rmse": 0.24796807765960693}