{"vy": 0.3947160542011261, "dpsidt": 0.0848117545247078, "rmse": 0.23976390063762665}