{"vy": 0.47857147455215454, "dpsidt": 0.1429290473461151, "rmse": 0.31075024604797363, "vy_": 0.14489483833312988, "dpsidt_": 0.011980768293142319, "rmse_": 0.07843780517578125, "vy_diff": 0.02206587605178356, "dpsidt_diff": 0.004814567044377327, "rmse_diff": 0.013440221548080444}