{"vy": 0.5603949427604675, "dpsidt": 0.13395476341247559, "rmse": 0.34717485308647156}