{"vy": 0.4372148811817169, "dpsidt": 0.1507447510957718, "rmse": 0.29397982358932495, "vy_": 0.13237348198890686, "dpsidt_": 0.012635905295610428, "rmse_": 0.0725046917796135, "vy_diff": 0.02206587605178356, "dpsidt_diff": 0.004814567044377327, "rmse_diff": 0.013440221548080444}