{"vy": 0.4421032965183258, "dpsidt": 0.16566462814807892, "rmse": 0.30388396978378296, "vy_": 0.13385352492332458, "dpsidt_": 0.013886535540223122, "rmse_": 0.07387003302574158, "vy_diff": 0.02206587605178356, "dpsidt_diff": 0.004814567044377327, "rmse_diff": 0.013440221548080444}