{"vy": 0.42466267943382263, "dpsidt": 0.15599694848060608, "rmse": 0.29032981395721436, "vy_": 0.12857311964035034, "dpsidt_": 0.013076161034405231, "rmse_": 0.07082463800907135, "vy_diff": 0.02206587605178356, "dpsidt_diff": 0.004814567044377327, "rmse_diff": 0.013440221548080444}