{"vy_time": [], "dpsidtrmse_time": [], "vy_0.05": 0.01707710511982441, "dpsidt_0.05": 0.002240903675556183, "rmse_0.05": 0.009659004397690296, "vy_1": 0.060813795775175095, "dpsidt_1": 0.006468326784670353, "rmse_1": 0.033641062676906586, "vy_2": 0.07893024384975433, "dpsidt_2": 0.008685871958732605, "rmse_2": 0.04380805790424347, "vy_3": 0.09423881024122238, "dpsidt_3": 0.00984333734959364, "rmse_3": 0.05204107239842415, "vy_4": 0.09730922430753708, "dpsidt_4": 0.010581936687231064, "rmse_4": 0.05394557863473892, "vy_5": 0.1037677749991417, "dpsidt_5": 0.010537554509937763, "rmse_5": 0.05715266615152359, "vy_6": 0.11027516424655914, "dpsidt_6": 0.011258160695433617, "rmse_6": 0.060766663402318954, "vy_7": 0.11986140161752701, "dpsidt_7": 0.011463845148682594, "rmse_7": 0.06566262245178223, "vy_8": 0.12682023644447327, "dpsidt_8": 0.01183044258505106, "rmse_8": 0.06932534277439117, "vy_9": 0.1296442598104477, "dpsidt_9": 0.012226197868585587, "rmse_9": 0.07093522697687149, "vy_10": 0.13572527468204498, "dpsidt_10": 0.012328638695180416, "rmse_10": 0.07402695715427399}