{"vy": 0.4390176236629486, "dpsidt": 0.14582276344299316, "rmse": 0.2924202084541321}