{"vy": 0.680814802646637, "dpsidt": 0.1043315902352333, "rmse": 0.39257320761680603}