{"vy": 0.41263559460639954, "dpsidt": 0.08359257876873016, "rmse": 0.24811407923698425, "vy_": 0.12493174523115158, "dpsidt_": 0.007006995379924774, "rmse_": 0.06596937030553818, "vy_diff": 0.02206587605178356, "dpsidt_diff": 0.004814567044377327, "rmse_diff": 0.013440221548080444}