{"vy_time": [], "dpsidtrmse_time": [], "vy_0.05": 0.015496785752475262, "dpsidt_0.05": 0.002623259089887142, "rmse_0.05": 0.009060022421181202, "vy_1": 0.056799743324518204, "dpsidt_1": 0.007637190632522106, "rmse_1": 0.03221846744418144, "vy_2": 0.08374524116516113, "dpsidt_2": 0.009286616928875446, "rmse_2": 0.04651593044400215, "vy_3": 0.10608316212892532, "dpsidt_3": 0.009865508414804935, "rmse_3": 0.05797433480620384, "vy_4": 0.12118405103683472, "dpsidt_4": 0.010274914093315601, "rmse_4": 0.06572948396205902, "vy_5": 0.1243094876408577, "dpsidt_5": 0.01025259681046009, "rmse_5": 0.06728104501962662, "vy_6": 0.13083815574645996, "dpsidt_6": 0.010873370803892612, "rmse_6": 0.0708557665348053, "vy_7": 0.14301884174346924, "dpsidt_7": 0.011022473685443401, "rmse_7": 0.07702066004276276, "vy_8": 0.15019868314266205, "dpsidt_8": 0.011249649338424206, "rmse_8": 0.08072416484355927, "vy_9": 0.15256285667419434, "dpsidt_9": 0.011582346633076668, "rmse_9": 0.08207260072231293, "vy_10": 0.15787675976753235, "dpsidt_10": 0.011622929945588112, "rmse_10": 0.08474984765052795}