{"vy": 0.4945357143878937, "dpsidt": 0.09557416290044785, "rmse": 0.29505494236946106}