{"vy": 0.3947984576225281, "dpsidt": 0.1491977423429489, "rmse": 0.2719981074333191, "vy_": 0.11953125149011612, "dpsidt_": 0.012506229802966118, "rmse_": 0.0660187378525734, "vy_diff": 0.02206587605178356, "dpsidt_diff": 0.004814567044377327, "rmse_diff": 0.013440221548080444}