{"vy": 0.6745558381080627, "dpsidt": 0.13645564019680023, "rmse": 0.4055057466030121}