{"vy": 0.4492524266242981, "dpsidt": 0.17743580043315887, "rmse": 0.3133441209793091}