{"vy": 0.5058991312980652, "dpsidt": 0.271541029214859, "rmse": 0.3887200951576233, "vy_": 0.1531687080860138, "dpsidt_": 0.022761430591344833, "rmse_": 0.08796507120132446, "vy_diff": 0.02206587605178356, "dpsidt_diff": 0.004814567044377327, "rmse_diff": 0.013440221548080444}