{"vy_time": [], "dpsidtrmse_time": [], "vy_0.05": 0.016338733956217766, "dpsidt_0.05": 0.002352041658014059, "rmse_0.05": 0.009345388039946556, "vy_1": 0.056576117873191833, "dpsidt_1": 0.008040906861424446, "rmse_1": 0.032308511435985565, "vy_2": 0.07909507304430008, "dpsidt_2": 0.011442775838077068, "rmse_2": 0.04526892304420471, "vy_3": 0.09823308140039444, "dpsidt_3": 0.012274619191884995, "rmse_3": 0.05525384843349457, "vy_4": 0.1056692823767662, "dpsidt_4": 0.013318228535354137, "rmse_4": 0.05949375405907631, "vy_5": 0.10959269851446152, "dpsidt_5": 0.01355740986764431, "rmse_5": 0.06157505512237549, "vy_6": 0.11701889336109161, "dpsidt_6": 0.01445627398788929, "rmse_6": 0.06573758274316788, "vy_7": 0.12619909644126892, "dpsidt_7": 0.014979779720306396, "rmse_7": 0.07058943808078766, "vy_8": 0.1327357292175293, "dpsidt_8": 0.015459570102393627, "rmse_8": 0.0740976482629776, "vy_9": 0.13577881455421448, "dpsidt_9": 0.01611381024122238, "rmse_9": 0.07594631612300873, "vy_10": 0.14164838194847107, "dpsidt_10": 0.01625070907175541, "rmse_10": 0.07894954830408096}