{"vy": 0.405667245388031, "dpsidt": 0.08587279915809631, "rmse": 0.24577002227306366}