{"vy": 0.43938857316970825, "dpsidt": 0.20053188502788544, "rmse": 0.31996023654937744, "vy_": 0.13303162157535553, "dpsidt_": 0.016809217631816864, "rmse_": 0.0749204158782959, "vy_diff": 0.02206587605178356, "dpsidt_diff": 0.004814567044377327, "rmse_diff": 0.013440221548080444}