{"vy": 0.42106929421424866, "dpsidt": 0.10402821004390717, "rmse": 0.2625487446784973}