{"vy": 0.5137863159179688, "dpsidt": 0.10195299237966537, "rmse": 0.30786964297294617}