{"vy_time": [], "dpsidtrmse_time": [], "vy_0.05": 0.017048368230462074, "dpsidt_0.05": 0.0021397541277110577, "rmse_0.05": 0.00959406141191721, "vy_1": 0.06333836168050766, "dpsidt_1": 0.005013689864426851, "rmse_1": 0.03417602553963661, "vy_2": 0.08177796751260757, "dpsidt_2": 0.006765004713088274, "rmse_2": 0.04427148774266243, "vy_3": 0.09903440624475479, "dpsidt_3": 0.007786757778376341, "rmse_3": 0.05341058224439621, "vy_4": 0.10155326128005981, "dpsidt_4": 0.008316869847476482, "rmse_4": 0.054935064166784286, "vy_5": 0.11274615675210953, "dpsidt_5": 0.00837729312479496, "rmse_5": 0.06056172400712967, "vy_6": 0.11794211715459824, "dpsidt_6": 0.008982394821941853, "rmse_6": 0.0634622573852539, "vy_7": 0.12883280217647552, "dpsidt_7": 0.009035450406372547, "rmse_7": 0.0689341276884079, "vy_8": 0.13638842105865479, "dpsidt_8": 0.00925418920814991, "rmse_8": 0.07282130420207977, "vy_9": 0.13938595354557037, "dpsidt_9": 0.009564931504428387, "rmse_9": 0.07447544485330582, "vy_10": 0.1459493637084961, "dpsidt_10": 0.00964857917279005, "rmse_10": 0.07779897004365921}