{"vy": 0.4268149137496948, "dpsidt": 0.16490720212459564, "rmse": 0.29586106538772583}