{"vy_0.05": 0.015579963102936745, "vy_1": 0.05308995395898819, "vy_2": 0.08015148341655731, "vy_3": 0.10369688272476196, "vy_4": 0.11722622066736221, "vy_5": 0.12171235680580139, "vy_6": 0.12564699351787567, "vy_7": 0.13740375638008118, "vy_8": 0.14581163227558136, "vy_9": 0.14871153235435486, "vy_10": 0.15503907203674316, "dpsidt_0.05": 0.0021933785174041986, "dpsidt_1": 0.006123730912804604, "dpsidt_2": 0.010478348471224308, "dpsidt_3": 0.012549994513392448, "dpsidt_4": 0.012908358126878738, "dpsidt_5": 0.012948792427778244, "dpsidt_6": 0.013385369442403316, "dpsidt_7": 0.014031732454895973, "dpsidt_8": 0.014263371005654335, "dpsidt_9": 0.014465483836829662, "dpsidt_10": 0.014366351068019867, "rmse_0.05": 0.00888667069375515, "rmse_1": 0.029606841504573822, "rmse_2": 0.04531491547822952, "rmse_3": 0.05812343955039978, "rmse_4": 0.06506729125976562, "rmse_5": 0.06733057647943497, "rmse_6": 0.06951618194580078, "rmse_7": 0.0757177472114563, "rmse_8": 0.08003750443458557, "rmse_9": 0.0815885066986084, "rmse_10": 0.08470271527767181}