{"vy": 0.47889387607574463, "dpsidt": 0.19137774407863617, "rmse": 0.335135817527771, "vy_": 0.14499244093894958, "dpsidt_": 0.016041891649365425, "rmse_": 0.08051716536283493, "vy_diff": 0.02206587605178356, "dpsidt_diff": 0.004814567044377327, "rmse_diff": 0.013440221548080444}