{"vy": 0.48974668979644775, "dpsidt": 0.17817240953445435, "rmse": 0.33395954966545105}