{"vy": 0.4720335900783539, "dpsidt": 0.11362717300653458, "rmse": 0.29283037781715393}