{"vy": 0.4628370702266693, "dpsidt": 0.1890750378370285, "rmse": 0.3259560465812683, "vy_": 0.14013098180294037, "dpsidt_": 0.01584887132048607, "rmse_": 0.07798992842435837, "vy_diff": 0.02206587605178356, "dpsidt_diff": 0.004814567044377327, "rmse_diff": 0.013440221548080444}