{"vy_0.05": 0.01709841378033161, "vy_1": 0.06535103172063828, "vy_2": 0.0829840749502182, "vy_3": 0.09555687010288239, "vy_4": 0.09773610532283783, "vy_5": 0.1068175733089447, "vy_6": 0.11384744197130203, "vy_7": 0.12349093705415726, "vy_8": 0.13050024211406708, "vy_9": 0.13330425322055817, "vy_10": 0.13888750970363617, "dpsidt_0.05": 0.0021698223426938057, "dpsidt_1": 0.005426377523690462, "dpsidt_2": 0.007912347093224525, "dpsidt_3": 0.008726208470761776, "dpsidt_4": 0.009311840869486332, "dpsidt_5": 0.00949072651565075, "dpsidt_6": 0.010227423161268234, "dpsidt_7": 0.010499930940568447, "dpsidt_8": 0.010806284844875336, "dpsidt_9": 0.011244257912039757, "dpsidt_10": 0.011336861178278923, "rmse_0.05": 0.009634118527173996, "rmse_1": 0.035388704389333725, "rmse_2": 0.04544821009039879, "rmse_3": 0.05214153975248337, "rmse_4": 0.05352397263050079, "rmse_5": 0.0581541508436203, "rmse_6": 0.062037430703639984, "rmse_7": 0.06699543446302414, "rmse_8": 0.07065325975418091, "rmse_9": 0.07227425277233124, "rmse_10": 0.07511218637228012}