{"vy": 0.5011119842529297, "dpsidt": 0.12396713346242905, "rmse": 0.31253954768180847}