{"vy": 0.4155135452747345, "dpsidt": 0.0934554785490036, "rmse": 0.25448450446128845}