{"vy": 0.4615459442138672, "dpsidt": 0.14720255136489868, "rmse": 0.30437424778938293}