{"vy": 0.4935462474822998, "dpsidt": 0.14064061641693115, "rmse": 0.3170934319496155}