{"vy": 6.640070915222168, "dpsidt": 1.9387164115905762, "rmse": 4.289393424987793}