{"vy": 0.43694669008255005, "dpsidt": 0.15845705568790436, "rmse": 0.2977018654346466, "vy_": 0.13229228556156158, "dpsidt_": 0.01328237447887659, "rmse_": 0.0727873295545578, "vy_diff": 0.02206587605178356, "dpsidt_diff": 0.004814567044377327, "rmse_diff": 0.013440221548080444}