{"vy": 0.49387064576148987, "dpsidt": 0.10400605946779251, "rmse": 0.2989383637905121}