{"vy": 0.4690017104148865, "dpsidt": 0.10112808644771576, "rmse": 0.2850649058818817}