{"vy": 0.5185530185699463, "dpsidt": 0.0959450975060463, "rmse": 0.3072490692138672}