{"vy": 0.39517834782600403, "dpsidt": 0.12939265370368958, "rmse": 0.2622855007648468}