{"vy": 0.5033475160598755, "dpsidt": 0.24609658122062683, "rmse": 0.37472206354141235, "vy_": 0.15239615738391876, "dpsidt_": 0.02062860131263733, "rmse_": 0.08651237934827805, "vy_diff": 0.02206587605178356, "dpsidt_diff": 0.004814567044377327, "rmse_diff": 0.013440221548080444}