{"vy": 0.3948236107826233, "dpsidt": 0.12320778518915176, "rmse": 0.2590157091617584}