{"vy_time": [], "dpsidtrmse_time": [], "vy_0.05": 0.016419658437371254, "dpsidt_0.05": 0.002278681844472885, "rmse_0.05": 0.00934917014092207, "vy_1": 0.06713113188743591, "dpsidt_1": 0.0053900121711194515, "rmse_1": 0.03626057133078575, "vy_2": 0.09037351608276367, "dpsidt_2": 0.007236129138618708, "rmse_2": 0.04880482330918312, "vy_3": 0.10937915742397308, "dpsidt_3": 0.008169194683432579, "rmse_3": 0.058774176985025406, "vy_4": 0.11936120688915253, "dpsidt_4": 0.008469261229038239, "rmse_4": 0.06391523778438568, "vy_5": 0.12134347856044769, "dpsidt_5": 0.008503539487719536, "rmse_5": 0.06492350995540619, "vy_6": 0.12580111622810364, "dpsidt_6": 0.00890363659709692, "rmse_6": 0.06735237687826157, "vy_7": 0.13786201179027557, "dpsidt_7": 0.00895954854786396, "rmse_7": 0.07341077923774719, "vy_8": 0.14412803947925568, "dpsidt_8": 0.009038303978741169, "rmse_8": 0.07658316940069199, "vy_9": 0.14600610733032227, "dpsidt_9": 0.00922780204564333, "rmse_9": 0.07761695235967636, "vy_10": 0.15031123161315918, "dpsidt_10": 0.00920016411691904, "rmse_10": 0.07975570112466812}