{"vy": 0.5378003120422363, "dpsidt": 0.2823590040206909, "rmse": 0.4100796580314636}