{"vy": 0.4895806908607483, "dpsidt": 0.1366814225912094, "rmse": 0.31313106417655945}