{"vy": 0.5013205409049988, "dpsidt": 0.19314466416835785, "rmse": 0.3472326099872589, "vy_": 0.15178243815898895, "dpsidt_": 0.016190001741051674, "rmse_": 0.08398622274398804, "vy_diff": 0.02206587605178356, "dpsidt_diff": 0.004814567044377327, "rmse_diff": 0.013440221548080444}