{"vy": 0.37562358379364014, "dpsidt": 0.09146679192781448, "rmse": 0.233545184135437}