{"vy": 0.42615807056427, "dpsidt": 0.21758213639259338, "rmse": 0.3218700885772705}