{"vy": 0.5201684832572937, "dpsidt": 0.1288786679506302, "rmse": 0.32452356815338135, "vy_": 0.15748894214630127, "dpsidt_": 0.010803019627928734, "rmse_": 0.08414597809314728, "vy_diff": 0.02206587605178356, "dpsidt_diff": 0.004814567044377327, "rmse_diff": 0.013440221548080444}