{"vy": 0.5825937390327454, "dpsidt": 0.1436525583267212, "rmse": 0.3631231486797333}