{"vy": 0.483252614736557, "dpsidt": 0.18394088745117188, "rmse": 0.33359676599502563, "vy_": 0.14631211757659912, "dpsidt_": 0.015418510884046555, "rmse_": 0.08086531609296799, "vy_diff": 0.02206587605178356, "dpsidt_diff": 0.004814567044377327, "rmse_diff": 0.013440221548080444}