{"vy": 0.47407859563827515, "dpsidt": 0.19649900496006012, "rmse": 0.33528879284858704}