{"vy": 0.5459432601928711, "dpsidt": 0.23676694929599762, "rmse": 0.39135509729385376, "vy_": 0.1652926653623581, "dpsidt_": 0.019846560433506966, "rmse_": 0.09256961196660995, "vy_diff": 0.02206587605178356, "dpsidt_diff": 0.004814567044377327, "rmse_diff": 0.013440221548080444}