{"vy": 0.4996131956577301, "dpsidt": 0.20630693435668945, "rmse": 0.3529600501060486}