{"vy": 0.46249476075172424, "dpsidt": 0.18816575407981873, "rmse": 0.3253302574157715}