{"vy": 0.5437121987342834, "dpsidt": 0.26156720519065857, "rmse": 0.4026396870613098}