{"vy": 0.3652994632720947, "dpsidt": 0.09358619898557663, "rmse": 0.22944283485412598}