{"vy": 0.37289929389953613, "dpsidt": 0.11320287734270096, "rmse": 0.24305108189582825}