{"vy": 0.4531247615814209, "dpsidt": 0.18218302726745605, "rmse": 0.3176538944244385}