{"vy": 0.5082933902740479, "dpsidt": 0.15818198025226593, "rmse": 0.3332376778125763}