{"vy_time": [], "dpsidtrmse_time": [], "vy_0.05": 0.015234071761369705, "dpsidt_0.05": 0.002252046950161457, "rmse_0.05": 0.008743058890104294, "vy_1": 0.05584317073225975, "dpsidt_1": 0.006715135648846626, "rmse_1": 0.03127915412187576, "vy_2": 0.08385685831308365, "dpsidt_2": 0.010594516061246395, "rmse_2": 0.04722568765282631, "vy_3": 0.11077466607093811, "dpsidt_3": 0.011980007402598858, "rmse_3": 0.06137733533978462, "vy_4": 0.1297883689403534, "dpsidt_4": 0.013016216456890106, "rmse_4": 0.07140229642391205, "vy_5": 0.13485223054885864, "dpsidt_5": 0.013463389128446579, "rmse_5": 0.07415781170129776, "vy_6": 0.14206521213054657, "dpsidt_6": 0.014311378821730614, "rmse_6": 0.07818829268217087, "vy_7": 0.15481729805469513, "dpsidt_7": 0.014896021224558353, "rmse_7": 0.08485665917396545, "vy_8": 0.1627618968486786, "dpsidt_8": 0.015221609733998775, "rmse_8": 0.08899175375699997, "vy_9": 0.1664099246263504, "dpsidt_9": 0.015733351930975914, "rmse_9": 0.09107163548469543, "vy_10": 0.17284445464611053, "dpsidt_10": 0.015844106674194336, "rmse_10": 0.09434428066015244}