{"vy": 0.5931927561759949, "dpsidt": 0.31639376282691956, "rmse": 0.4547932744026184}