{"vy": 0.44050222635269165, "dpsidt": 0.19114862382411957, "rmse": 0.3158254325389862, "vy_": 0.13336876034736633, "dpsidt_": 0.016022684052586555, "rmse_": 0.07469572126865387, "vy_diff": 0.02206587605178356, "dpsidt_diff": 0.004814567044377327, "rmse_diff": 0.013440221548080444}