{"vy": 0.4038834869861603, "dpsidt": 0.14679816365242004, "rmse": 0.27534082531929016}