{"vy": 0.7388647794723511, "dpsidt": 0.5861109495162964, "rmse": 0.6624878644943237}