{"vy": 0.46501868963241577, "dpsidt": 0.08446960896253586, "rmse": 0.2747441530227661}