{"vy": 0.41266849637031555, "dpsidt": 0.18716615438461304, "rmse": 0.2999173402786255}