{"vy_time": [], "dpsidtrmse_time": [], "vy_0.05": 0.016160231083631516, "dpsidt_0.05": 0.0022267154417932034, "rmse_0.05": 0.009193473495543003, "vy_1": 0.06224887818098068, "dpsidt_1": 0.006222106050699949, "rmse_1": 0.03423549234867096, "vy_2": 0.08762282133102417, "dpsidt_2": 0.00941374246031046, "rmse_2": 0.04851828143000603, "vy_3": 0.12029476463794708, "dpsidt_3": 0.011829294264316559, "rmse_3": 0.06606203317642212, "vy_4": 0.12655457854270935, "dpsidt_4": 0.013174990192055702, "rmse_4": 0.06986478716135025, "vy_5": 0.1297367364168167, "dpsidt_5": 0.012865792959928513, "rmse_5": 0.07130126655101776, "vy_6": 0.1344495713710785, "dpsidt_6": 0.013237634673714638, "rmse_6": 0.07384360581636429, "vy_7": 0.14513275027275085, "dpsidt_7": 0.01328620221465826, "rmse_7": 0.07920947670936584, "vy_8": 0.1529511660337448, "dpsidt_8": 0.013672690838575363, "rmse_8": 0.08331193029880524, "vy_9": 0.15559637546539307, "dpsidt_9": 0.013986443169414997, "rmse_9": 0.0847914069890976, "vy_10": 0.16305583715438843, "dpsidt_10": 0.014023957774043083, "rmse_10": 0.08853989839553833}