{"vy_time": [], "dpsidtrmse_time": [], "vy_0.05": 0.016697784885764122, "dpsidt_0.05": 0.0023044601548463106, "rmse_0.05": 0.009501122869551182, "vy_1": 0.061568524688482285, "dpsidt_1": 0.00642434973269701, "rmse_1": 0.03399643674492836, "vy_2": 0.08853913098573685, "dpsidt_2": 0.01127635594457388, "rmse_2": 0.04990774393081665, "vy_3": 0.10924786329269409, "dpsidt_3": 0.017377769574522972, "rmse_3": 0.06331281363964081, "vy_4": 0.11976557970046997, "dpsidt_4": 0.017882855609059334, "rmse_4": 0.06882421672344208, "vy_5": 0.12347821146249771, "dpsidt_5": 0.017271719872951508, "rmse_5": 0.07037496566772461, "vy_6": 0.12572422623634338, "dpsidt_6": 0.01689849980175495, "rmse_6": 0.07131136208772659, "vy_7": 0.13982772827148438, "dpsidt_7": 0.01858380436897278, "rmse_7": 0.07920576632022858, "vy_8": 0.14821723103523254, "dpsidt_8": 0.01974358968436718, "rmse_8": 0.08398041129112244, "vy_9": 0.14891226589679718, "dpsidt_9": 0.019233809784054756, "rmse_9": 0.0840730369091034, "vy_10": 0.15283949673175812, "dpsidt_10": 0.018660858273506165, "rmse_10": 0.08575017750263214}