{"vy": 0.5051937103271484, "dpsidt": 0.15785758197307587, "rmse": 0.33152565360069275}