{"vy": 0.45113682746887207, "dpsidt": 0.2432480901479721, "rmse": 0.3471924662590027}