{"vy": 3.6322054862976074, "dpsidt": 1.1122468709945679, "rmse": 2.3722262382507324}