{"vy": 0.4380035996437073, "dpsidt": 0.10670637339353561, "rmse": 0.27235499024391174}