{"vy": 0.4554784297943115, "dpsidt": 0.13617347180843353, "rmse": 0.2958259582519531, "vy_": 0.13790304958820343, "dpsidt_": 0.011414493434131145, "rmse_": 0.07465877383947372, "vy_diff": 0.02206587605178356, "dpsidt_diff": 0.004814567044377327, "rmse_diff": 0.013440221548080444}