{"vy": 0.4128075838088989, "dpsidt": 0.14045409858226776, "rmse": 0.27663084864616394, "vy_": 0.1249837875366211, "dpsidt_": 0.011773309670388699, "rmse_": 0.06837854534387589, "vy_diff": 0.02206587605178356, "dpsidt_diff": 0.004814567044377327, "rmse_diff": 0.013440221548080444}