{"vy": 0.4372795820236206, "dpsidt": 0.13096068799495697, "rmse": 0.2841201424598694}