{"vy": 0.537913978099823, "dpsidt": 0.2562721371650696, "rmse": 0.3970930576324463}