{"vy": 0.43154990673065186, "dpsidt": 0.19526824355125427, "rmse": 0.31340909004211426, "vy_": 0.1306583136320114, "dpsidt_": 0.01636800356209278, "rmse_": 0.07351315766572952, "vy_diff": 0.02206587605178356, "dpsidt_diff": 0.004814567044377327, "rmse_diff": 0.013440221548080444}