{"vy": 0.4363584518432617, "dpsidt": 0.09851735830307007, "rmse": 0.2674379050731659, "vy_": 0.13211418688297272, "dpsidt_": 0.008258038200438023, "rmse_": 0.07018611580133438, "vy_diff": 0.02206587605178356, "dpsidt_diff": 0.004814567044377327, "rmse_diff": 0.013440221548080444}