{"vy_0.05": 0.015522734262049198, "vy_1": 0.05794695392251015, "vy_2": 0.08858013153076172, "vy_3": 0.12194066494703293, "vy_4": 0.13470076024532318, "vy_5": 0.13954173028469086, "vy_6": 0.14284630119800568, "vy_7": 0.15471887588500977, "vy_8": 0.1636514663696289, "vy_9": 0.16726884245872498, "vy_10": 0.17411530017852783, "dpsidt_0.05": 0.0022519915364682674, "dpsidt_1": 0.006316733080893755, "dpsidt_2": 0.00924843642860651, "dpsidt_3": 0.010984805412590504, "dpsidt_4": 0.012039517983794212, "dpsidt_5": 0.012161999940872192, "dpsidt_6": 0.0126454196870327, "dpsidt_7": 0.012809358537197113, "dpsidt_8": 0.013064064085483551, "dpsidt_9": 0.013369849883019924, "dpsidt_10": 0.01342715509235859, "rmse_0.05": 0.00888736266642809, "rmse_1": 0.03213184326887131, "rmse_2": 0.04891428351402283, "rmse_3": 0.06646273285150528, "rmse_4": 0.07337013632059097, "rmse_5": 0.07585186511278152, "rmse_6": 0.07774586230516434, "rmse_7": 0.08376412093639374, "rmse_8": 0.08835776150226593, "rmse_9": 0.09031934291124344, "rmse_10": 0.09377122670412064}