{"vy": 0.46802783012390137, "dpsidt": 0.20255906879901886, "rmse": 0.3352934420108795}