{"vy": 0.8895648121833801, "dpsidt": 0.23882457613945007, "rmse": 0.5641946792602539}