{"vy": 0.4136902689933777, "dpsidt": 0.0882716029882431, "rmse": 0.250980943441391}