{"vy": 0.4175194501876831, "dpsidt": 0.09734684973955154, "rmse": 0.257433146238327, "vy_": 0.12641040980815887, "dpsidt_": 0.008159921504557133, "rmse_": 0.06728516519069672, "vy_diff": 0.02206587605178356, "dpsidt_diff": 0.004814567044377327, "rmse_diff": 0.013440221548080444}