{"vy": 0.4219626188278198, "dpsidt": 0.19530630111694336, "rmse": 0.3086344599723816}