{"vy": 0.5265311598777771, "dpsidt": 0.10412753373384476, "rmse": 0.31532934308052063}