{"vy_time": [], "dpsidtrmse_time": [], "vy_0.05": 0.01568884775042534, "dpsidt_0.05": 0.0023763508070260286, "rmse_0.05": 0.00903259962797165, "vy_1": 0.05391065776348114, "dpsidt_1": 0.007533730939030647, "rmse_1": 0.03072219341993332, "vy_2": 0.08074737340211868, "dpsidt_2": 0.010209936648607254, "rmse_2": 0.04547865688800812, "vy_3": 0.10228568315505981, "dpsidt_3": 0.011075937189161777, "rmse_3": 0.05668080970644951, "vy_4": 0.11544906347990036, "dpsidt_4": 0.011895411647856236, "rmse_4": 0.06367223709821701, "vy_5": 0.11939101666212082, "dpsidt_5": 0.012102329172194004, "rmse_5": 0.06574667245149612, "vy_6": 0.12568946182727814, "dpsidt_6": 0.01291767880320549, "rmse_6": 0.06930357217788696, "vy_7": 0.13697127997875214, "dpsidt_7": 0.013324849307537079, "rmse_7": 0.07514806091785431, "vy_8": 0.14378564059734344, "dpsidt_8": 0.013669805601239204, "rmse_8": 0.07872772216796875, "vy_9": 0.14666858315467834, "dpsidt_9": 0.014164591208100319, "rmse_9": 0.08041658997535706, "vy_10": 0.15262658894062042, "dpsidt_10": 0.014263421297073364, "rmse_10": 0.0834450051188469}