{"vy": 0.5299921631813049, "dpsidt": 0.1352647989988327, "rmse": 0.3326284885406494, "vy_": 0.16046322882175446, "dpsidt_": 0.011338328011333942, "rmse_": 0.08590077608823776, "vy_diff": 0.02206587605178356, "dpsidt_diff": 0.004814567044377327, "rmse_diff": 0.013440221548080444}