{"vy": 0.5663518905639648, "dpsidt": 0.11158112436532974, "rmse": 0.3389665186405182}