{"vy": 0.4652802646160126, "dpsidt": 0.26793912053108215, "rmse": 0.36660969257354736}