{"vy": 0.4881206452846527, "dpsidt": 0.17130844295024872, "rmse": 0.3297145366668701, "vy_": 0.1477859765291214, "dpsidt_": 0.014359617605805397, "rmse_": 0.08107279986143112, "vy_diff": 0.02206587605178356, "dpsidt_diff": 0.004814567044377327, "rmse_diff": 0.013440221548080444}