{"vy": 0.3637416660785675, "dpsidt": 0.10125529766082764, "rmse": 0.23249848186969757}