{"vy": 0.5445956587791443, "dpsidt": 0.15652447938919067, "rmse": 0.3505600690841675}