{"vy": 0.5211378931999207, "dpsidt": 0.1870078295469284, "rmse": 0.3540728688240051}