{"vy": 0.5291778445243835, "dpsidt": 0.16652938723564148, "rmse": 0.3478536009788513}