{"vy": 0.40489915013313293, "dpsidt": 0.1767820417881012, "rmse": 0.29084059596061707}