{"vy": 0.4163638949394226, "dpsidt": 0.19543364644050598, "rmse": 0.3058987855911255}