{"vy": 1.175660490989685, "dpsidt": 0.3748885989189148, "rmse": 0.7752745151519775, "vy_": 0.35594916343688965, "dpsidt_": 0.031424351036548615, "rmse_": 0.19368675351142883, "vy_diff": 0.02206587605178356, "dpsidt_diff": 0.004814567044377327, "rmse_diff": 0.013440221548080444}