{"vy": 0.39136984944343567, "dpsidt": 0.09128306806087494, "rmse": 0.2413264513015747}