{"vy": 0.4128759205341339, "dpsidt": 0.09569809585809708, "rmse": 0.2542870044708252, "vy_": 0.12500448524951935, "dpsidt_": 0.008021718822419643, "rmse_": 0.06651309877634048, "vy_diff": 0.02206587605178356, "dpsidt_diff": 0.004814567044377327, "rmse_diff": 0.013440221548080444}