{"vy": 0.6487078070640564, "dpsidt": 0.30709347128868103, "rmse": 0.4779006242752075}