{"vy": 0.4345715343952179, "dpsidt": 0.19983364641666412, "rmse": 0.3172025978565216, "vy_": 0.1315731704235077, "dpsidt_": 0.016750691458582878, "rmse_": 0.07416193187236786, "vy_diff": 0.02206587605178356, "dpsidt_diff": 0.004814567044377327, "rmse_diff": 0.013440221548080444}