{"vy": 0.4840947389602661, "dpsidt": 0.10356244444847107, "rmse": 0.2938286066055298}