{"vy": 0.4650017321109772, "dpsidt": 0.1323801577091217, "rmse": 0.29869094491004944}