{"vy": 0.4054431915283203, "dpsidt": 0.08263131976127625, "rmse": 0.24403725564479828}