{"vy": 0.5241535305976868, "dpsidt": 0.21331113576889038, "rmse": 0.3687323331832886, "vy_": 0.15869548916816711, "dpsidt_": 0.01788041740655899, "rmse_": 0.08828794956207275, "vy_diff": 0.02206587605178356, "dpsidt_diff": 0.004814567044377327, "rmse_diff": 0.013440221548080444}