{"vy": 0.3944651484489441, "dpsidt": 0.15714029967784882, "rmse": 0.27580273151397705}