{"vy": 0.3913571536540985, "dpsidt": 0.10755946487188339, "rmse": 0.24945831298828125, "vy_": 0.11848936229944229, "dpsidt_": 0.009015975520014763, "rmse_": 0.0637526661157608, "vy_diff": 0.02206587605178356, "dpsidt_diff": 0.004814567044377327, "rmse_diff": 0.013440221548080444}