{"vy": 0.4499693512916565, "dpsidt": 0.08755528926849365, "rmse": 0.2687623202800751, "vy_": 0.1362350881099701, "dpsidt_": 0.00733916275203228, "rmse_": 0.07178712636232376, "vy_diff": 0.02206587605178356, "dpsidt_diff": 0.004814567044377327, "rmse_diff": 0.013440221548080444}