{"vy": 0.6225864887237549, "dpsidt": 0.3699797987937927, "rmse": 0.4962831437587738}