{"vy": 0.5734015107154846, "dpsidt": 0.10571843385696411, "rmse": 0.33955997228622437}