{"vy": 0.6129578948020935, "dpsidt": 0.12811031937599182, "rmse": 0.37053412199020386}