{"vy": 0.4098864793777466, "dpsidt": 0.2043924331665039, "rmse": 0.30713945627212524}