{"vy": 0.5900782942771912, "dpsidt": 0.11884557455778122, "rmse": 0.3544619381427765, "vy_": 0.1786552220582962, "dpsidt_": 0.00996201392263174, "rmse_": 0.09430861473083496, "vy_diff": 0.02206587605178356, "dpsidt_diff": 0.004814567044377327, "rmse_diff": 0.013440221548080444}