{"vy": 0.3859468996524811, "dpsidt": 0.11193479597568512, "rmse": 0.2489408552646637}