{"vy": 0.46271732449531555, "dpsidt": 0.2451215535402298, "rmse": 0.35391944646835327}