{"vy": 0.44189774990081787, "dpsidt": 0.08165984600782394, "rmse": 0.2617788016796112}