{"vy": 0.4391455054283142, "dpsidt": 0.19560454785823822, "rmse": 0.3173750340938568}