{"vy": 0.41997259855270386, "dpsidt": 0.10532649606466293, "rmse": 0.2626495361328125, "vy_": 0.12715312838554382, "dpsidt_": 0.008828802034258842, "rmse_": 0.06799096614122391, "vy_diff": 0.02206587605178356, "dpsidt_diff": 0.004814567044377327, "rmse_diff": 0.013440221548080444}