{"vy": 0.4888406991958618, "dpsidt": 0.1516403704881668, "rmse": 0.3202405273914337}