{"vy": 0.4127289950847626, "dpsidt": 0.11610177159309387, "rmse": 0.2644153833389282}