{"vy": 0.3988036513328552, "dpsidt": 0.12987610697746277, "rmse": 0.2643398642539978, "vy_": 0.12074388563632965, "dpsidt_": 0.010886628180742264, "rmse_": 0.06581525504589081, "vy_diff": 0.02206587605178356, "dpsidt_diff": 0.004814567044377327, "rmse_diff": 0.013440221548080444}