{"vy": 0.48543915152549744, "dpsidt": 0.1556217223405838, "rmse": 0.3205304443836212, "vy_": 0.146974116563797, "dpsidt_": 0.013044708408415318, "rmse_": 0.08000941574573517, "vy_diff": 0.02206587605178356, "dpsidt_diff": 0.004814567044377327, "rmse_diff": 0.013440221548080444}