{"vy": 3.7603647708892822, "dpsidt": 1.1195883750915527, "rmse": 2.439976692199707}