{"vy": 0.4151444137096405, "dpsidt": 0.17582261562347412, "rmse": 0.2954835295677185, "vy_": 0.12569130957126617, "dpsidt_": 0.014738011173903942, "rmse_": 0.0702146589756012, "vy_diff": 0.02206587605178356, "dpsidt_diff": 0.004814567044377327, "rmse_diff": 0.013440221548080444}