{"vy": 0.40093791484832764, "dpsidt": 0.09157714992761612, "rmse": 0.24625752866268158}