{"vy": 0.42005011439323425, "dpsidt": 0.14841102063655853, "rmse": 0.2842305600643158}