{"vy": 0.5351026654243469, "dpsidt": 0.1531032770872116, "rmse": 0.34410297870635986, "vy_": 0.16201050579547882, "dpsidt_": 0.012833602726459503, "rmse_": 0.08742205798625946, "vy_diff": 0.02206587605178356, "dpsidt_diff": 0.004814567044377327, "rmse_diff": 0.013440221548080444}