{"vy": 0.45874106884002686, "dpsidt": 0.24263674020767212, "rmse": 0.3506889045238495}