{"vy_time": [], "dpsidtrmse_time": [], "vy_0.05": 0.016018932685256004, "dpsidt_0.05": 0.0022864784114062786, "rmse_0.05": 0.009152705781161785, "vy_1": 0.055612772703170776, "dpsidt_1": 0.006053854711353779, "rmse_1": 0.03083331324160099, "vy_2": 0.07816508412361145, "dpsidt_2": 0.008960792794823647, "rmse_2": 0.043562937527894974, "vy_3": 0.09804961830377579, "dpsidt_3": 0.009761873632669449, "rmse_3": 0.05390574783086777, "vy_4": 0.10528603941202164, "dpsidt_4": 0.01026406604796648, "rmse_4": 0.05777505412697792, "vy_5": 0.108884297311306, "dpsidt_5": 0.010486655868589878, "rmse_5": 0.05968547612428665, "vy_6": 0.11340344697237015, "dpsidt_6": 0.01116710714995861, "rmse_6": 0.062285277992486954, "vy_7": 0.12432237714529037, "dpsidt_7": 0.01151686068624258, "rmse_7": 0.06791961938142776, "vy_8": 0.1304175853729248, "dpsidt_8": 0.011746312491595745, "rmse_8": 0.07108195126056671, "vy_9": 0.13247783482074738, "dpsidt_9": 0.012160545215010643, "rmse_9": 0.07231918722391129, "vy_10": 0.13811072707176208, "dpsidt_10": 0.012220450676977634, "rmse_10": 0.07516559213399887}