{"vy": 0.39432692527770996, "dpsidt": 0.09321793168783188, "rmse": 0.24377243220806122}