{"vy": 0.4366207718849182, "dpsidt": 0.0893503949046135, "rmse": 0.26298558712005615}