{"vy": 0.4872683882713318, "dpsidt": 0.11834057420492172, "rmse": 0.30280447006225586}