{"vy": 0.5453171133995056, "dpsidt": 0.2308107614517212, "rmse": 0.3880639374256134}