{"vy": 0.6538279056549072, "dpsidt": 0.1360275149345398, "rmse": 0.3949277102947235}