{"vy": 0.43815353512763977, "dpsidt": 0.12440449744462967, "rmse": 0.2812790274620056, "vy_": 0.13265769183635712, "dpsidt_": 0.010427978821098804, "rmse_": 0.07154283672571182, "vy_diff": 0.02206587605178356, "dpsidt_diff": 0.004814567044377327, "rmse_diff": 0.013440221548080444}