{"vy": 0.5577489733695984, "dpsidt": 0.23354552686214447, "rmse": 0.395647257566452, "vy_": 0.16886702179908752, "dpsidt_": 0.019576529040932655, "rmse_": 0.09422177821397781, "vy_diff": 0.02206587605178356, "dpsidt_diff": 0.004814567044377327, "rmse_diff": 0.013440221548080444}