{"vy": 0.4535921514034271, "dpsidt": 0.15781010687351227, "rmse": 0.3057011365890503}