{"vy": 0.4608337879180908, "dpsidt": 0.18227198719978333, "rmse": 0.3215528726577759}