{"vy": 0.8626736998558044, "dpsidt": 0.2357303649187088, "rmse": 0.549202024936676, "vy_": 0.2611876428127289, "dpsidt_": 0.01975966803729534, "rmse_": 0.1404736489057541, "vy_diff": 0.02206587605178356, "dpsidt_diff": 0.004814567044377327, "rmse_diff": 0.013440221548080444}