{"vy": 0.7137197852134705, "dpsidt": 0.14204192161560059, "rmse": 0.4278808534145355, "vy_": 0.21608959138393402, "dpsidt_": 0.011906405910849571, "rmse_": 0.11399799585342407, "vy_diff": 0.02206587605178356, "dpsidt_diff": 0.004814567044377327, "rmse_diff": 0.013440221548080444}