{"vy": 0.5573992729187012, "dpsidt": 0.2626834809780121, "rmse": 0.4100413918495178}