{"vy": 0.4420546591281891, "dpsidt": 0.16091658174991608, "rmse": 0.3014856278896332, "vy_": 0.13383881747722626, "dpsidt_": 0.013488540425896645, "rmse_": 0.07366368174552917, "vy_diff": 0.02206587605178356, "dpsidt_diff": 0.004814567044377327, "rmse_diff": 0.013440221548080444}