{"vy": 0.629636287689209, "dpsidt": 0.2797726094722748, "rmse": 0.4547044634819031}