{"vy_time": [], "dpsidtrmse_time": [], "vy_0.05": 0.016345523297786713, "dpsidt_0.05": 0.0026148720644414425, "rmse_0.05": 0.009480197913944721, "vy_1": 0.054018642753362656, "dpsidt_1": 0.007246601395308971, "rmse_1": 0.0306326225399971, "vy_2": 0.07878535240888596, "dpsidt_2": 0.008324092254042625, "rmse_2": 0.043554723262786865, "vy_3": 0.10029815882444382, "dpsidt_3": 0.009019547142088413, "rmse_3": 0.05465885251760483, "vy_4": 0.11069172620773315, "dpsidt_4": 0.009433831088244915, "rmse_4": 0.06006277725100517, "vy_5": 0.11513478308916092, "dpsidt_5": 0.009406507015228271, "rmse_5": 0.062270645052194595, "vy_6": 0.11966797709465027, "dpsidt_6": 0.010017788037657738, "rmse_6": 0.06484287977218628, "vy_7": 0.13141374289989471, "dpsidt_7": 0.010055378079414368, "rmse_7": 0.07073456048965454, "vy_8": 0.13830822706222534, "dpsidt_8": 0.010285202413797379, "rmse_8": 0.07429671287536621, "vy_9": 0.1408224254846573, "dpsidt_9": 0.010591867379844189, "rmse_9": 0.07570714503526688, "vy_10": 0.14669014513492584, "dpsidt_10": 0.010668537579476833, "rmse_10": 0.07867933809757233}