{"vy": 0.4372352659702301, "dpsidt": 0.16710655391216278, "rmse": 0.30217090249061584}