{"vy": 0.4322894811630249, "dpsidt": 0.09657347947359085, "rmse": 0.2644314765930176}