{"vy": 0.547579288482666, "dpsidt": 0.29792356491088867, "rmse": 0.42275142669677734}