{"vy": 0.5071619153022766, "dpsidt": 0.13347826898097992, "rmse": 0.32032009959220886}