{"vy": 0.4036269187927246, "dpsidt": 0.16041788458824158, "rmse": 0.2820224165916443}