{"vy": 0.46866369247436523, "dpsidt": 0.22538168728351593, "rmse": 0.34702268242836, "vy_": 0.1418951004743576, "dpsidt_": 0.018892209976911545, "rmse_": 0.08039365708827972, "vy_diff": 0.02206587605178356, "dpsidt_diff": 0.004814567044377327, "rmse_diff": 0.013440221548080444}