{"vy_time": [], "dpsidtrmse_time": [], "vy_0.05": 0.016933199018239975, "dpsidt_0.05": 0.002318854443728924, "rmse_0.05": 0.009626027196645737, "vy_1": 0.05901099741458893, "dpsidt_1": 0.007619323208928108, "rmse_1": 0.033315159380435944, "vy_2": 0.08603023737668991, "dpsidt_2": 0.013692066073417664, "rmse_2": 0.04986115172505379, "vy_3": 0.09611376374959946, "dpsidt_3": 0.017487933859229088, "rmse_3": 0.05680084973573685, "vy_4": 0.10030535608530045, "dpsidt_4": 0.017330409958958626, "rmse_4": 0.05881788209080696, "vy_5": 0.10583022236824036, "dpsidt_5": 0.017373811453580856, "rmse_5": 0.061602018773555756, "vy_6": 0.1116451844573021, "dpsidt_6": 0.017746904864907265, "rmse_6": 0.0646960437297821, "vy_7": 0.12305869907140732, "dpsidt_7": 0.019028794020414352, "rmse_7": 0.07104374468326569, "vy_8": 0.12861162424087524, "dpsidt_8": 0.01951488107442856, "rmse_8": 0.0740632563829422, "vy_9": 0.1307031512260437, "dpsidt_9": 0.019589055329561234, "rmse_9": 0.07514610141515732, "vy_10": 0.1357470452785492, "dpsidt_10": 0.019355539232492447, "rmse_10": 0.07755129039287567}