{"vy": 0.4265329837799072, "dpsidt": 0.07738650590181351, "rmse": 0.25195974111557007}