{"vy": 0.8553240299224854, "dpsidt": 0.30376309156417847, "rmse": 0.5795435905456543}