{"vy": 0.41288673877716064, "dpsidt": 0.15502631664276123, "rmse": 0.28395652770996094}