{"vy": 0.4681674540042877, "dpsidt": 0.09817953407764435, "rmse": 0.28317350149154663}