{"vy": 0.4131104052066803, "dpsidt": 0.1234879344701767, "rmse": 0.2682991623878479}