{"vy": 0.4788619577884674, "dpsidt": 0.22688603401184082, "rmse": 0.3528739809989929}