{"vy": 0.4891050159931183, "dpsidt": 0.22014476358890533, "rmse": 0.3546248972415924}