{"vy": 0.4166964888572693, "dpsidt": 0.17285113036632538, "rmse": 0.29477381706237793}