{"vy": 0.44528692960739136, "dpsidt": 0.19713088870048523, "rmse": 0.3212088942527771, "vy_": 0.13481740653514862, "dpsidt_": 0.016524137929081917, "rmse_": 0.0756707713007927, "vy_diff": 0.02206587605178356, "dpsidt_diff": 0.004814567044377327, "rmse_diff": 0.013440221548080444}