{"vy": 0.7693107724189758, "dpsidt": 0.34583041071891785, "rmse": 0.5575705766677856}