{"vy": 0.5335274338722229, "dpsidt": 0.09533240646123886, "rmse": 0.31442990899086}