{"vy": 0.6281863451004028, "dpsidt": 0.11135214567184448, "rmse": 0.36976924538612366}