{"vy_time": [], "dpsidtrmse_time": [], "vy_0.05": 0.01699502393603325, "dpsidt_0.05": 0.0023318305611610413, "rmse_0.05": 0.009663427248597145, "vy_1": 0.057688236236572266, "dpsidt_1": 0.006641910411417484, "rmse_1": 0.03216507285833359, "vy_2": 0.07695183902978897, "dpsidt_2": 0.008357948623597622, "rmse_2": 0.042654894292354584, "vy_3": 0.09256619215011597, "dpsidt_3": 0.008800351060926914, "rmse_3": 0.05068327113986015, "vy_4": 0.09523367136716843, "dpsidt_4": 0.009347504936158657, "rmse_4": 0.05229058861732483, "vy_5": 0.10064983367919922, "dpsidt_5": 0.009499595500528812, "rmse_5": 0.05507471412420273, "vy_6": 0.10575214773416519, "dpsidt_6": 0.01026009488850832, "rmse_6": 0.05800612270832062, "vy_7": 0.11586963385343552, "dpsidt_7": 0.010473881848156452, "rmse_7": 0.06317175924777985, "vy_8": 0.12185785919427872, "dpsidt_8": 0.010782099328935146, "rmse_8": 0.06631997972726822, "vy_9": 0.12397999316453934, "dpsidt_9": 0.011236359365284443, "rmse_9": 0.06760817766189575, "vy_10": 0.12964096665382385, "dpsidt_10": 0.011340504512190819, "rmse_10": 0.07049073278903961}