{"vy_time": [], "dpsidtrmse_time": [], "vy_0.05": 0.016719765961170197, "dpsidt_0.05": 0.0022637704387307167, "rmse_0.05": 0.00949176773428917, "vy_1": 0.055808331817388535, "dpsidt_1": 0.006133477669209242, "rmse_1": 0.030970904976129532, "vy_2": 0.0772782638669014, "dpsidt_2": 0.008093580603599548, "rmse_2": 0.04268592223525047, "vy_3": 0.0915435329079628, "dpsidt_3": 0.008828931488096714, "rmse_3": 0.05018623173236847, "vy_4": 0.09539259225130081, "dpsidt_4": 0.009318605065345764, "rmse_4": 0.05235559865832329, "vy_5": 0.09927678853273392, "dpsidt_5": 0.009439298883080482, "rmse_5": 0.054358042776584625, "vy_6": 0.10418405383825302, "dpsidt_6": 0.010100167244672775, "rmse_6": 0.05714210867881775, "vy_7": 0.11467383056879044, "dpsidt_7": 0.010308937169611454, "rmse_7": 0.06249138340353966, "vy_8": 0.1199677363038063, "dpsidt_8": 0.010538778267800808, "rmse_8": 0.06525325775146484, "vy_9": 0.1217564046382904, "dpsidt_9": 0.010900766588747501, "rmse_9": 0.06632858514785767, "vy_10": 0.12708383798599243, "dpsidt_10": 0.010954897850751877, "rmse_10": 0.0690193697810173}