{"vy": 0.4416195750236511, "dpsidt": 0.09391194581985474, "rmse": 0.26776576042175293}