{"vy": 0.41838309168815613, "dpsidt": 0.15575838088989258, "rmse": 0.28707075119018555, "vy_": 0.12667188048362732, "dpsidt_": 0.013056163676083088, "rmse_": 0.06986401975154877, "vy_diff": 0.02206587605178356, "dpsidt_diff": 0.004814567044377327, "rmse_diff": 0.013440221548080444}