{"vy": 0.38887807726860046, "dpsidt": 0.0804089903831482, "rmse": 0.23464353382587433}