{"vy": 0.42038777470588684, "dpsidt": 0.14930790662765503, "rmse": 0.28484785556793213}