{"vy": 0.45600569248199463, "dpsidt": 0.14954577386379242, "rmse": 0.3027757406234741}