{"vy": 0.4128260314464569, "dpsidt": 0.1028522327542305, "rmse": 0.2578391432762146}