{"vy": 0.5314140915870667, "dpsidt": 0.3042779266834259, "rmse": 0.41784602403640747}