{"vy": 6.1171488761901855, "dpsidt": 1.849480390548706, "rmse": 3.9833145141601562}