{"vy_time": [], "dpsidtrmse_time": [], "vy_0.05": 0.016693970188498497, "dpsidt_0.05": 0.00224229390732944, "rmse_0.05": 0.009468131698668003, "vy_1": 0.05789707601070404, "dpsidt_1": 0.006182749755680561, "rmse_1": 0.03203991428017616, "vy_2": 0.07860617339611053, "dpsidt_2": 0.008898138999938965, "rmse_2": 0.04375215619802475, "vy_3": 0.08877880126237869, "dpsidt_3": 0.00955005269497633, "rmse_3": 0.04916442558169365, "vy_4": 0.09109579026699066, "dpsidt_4": 0.01009040605276823, "rmse_4": 0.050593096762895584, "vy_5": 0.09536907821893692, "dpsidt_5": 0.010356339626014233, "rmse_5": 0.052862707525491714, "vy_6": 0.10141333192586899, "dpsidt_6": 0.011129502207040787, "rmse_6": 0.05627141892910004, "vy_7": 0.11073143780231476, "dpsidt_7": 0.011489003896713257, "rmse_7": 0.06111022084951401, "vy_8": 0.11571070551872253, "dpsidt_8": 0.01178927905857563, "rmse_8": 0.06374999135732651, "vy_9": 0.11784090101718903, "dpsidt_9": 0.012290902435779572, "rmse_9": 0.0650659054517746, "vy_10": 0.12249938398599625, "dpsidt_10": 0.012401547282934189, "rmse_10": 0.06745046377182007}