{"vy_time": [], "dpsidtrmse_time": [], "vy_0.05": 0.01614392176270485, "dpsidt_0.05": 0.00221543712541461, "rmse_0.05": 0.009179679676890373, "vy_1": 0.062540203332901, "dpsidt_1": 0.005131327547132969, "rmse_1": 0.0338357649743557, "vy_2": 0.08601106703281403, "dpsidt_2": 0.007505694404244423, "rmse_2": 0.04675837978720665, "vy_3": 0.10552369803190231, "dpsidt_3": 0.008591228164732456, "rmse_3": 0.0570574626326561, "vy_4": 0.11583992093801498, "dpsidt_4": 0.0088504608720541, "rmse_4": 0.06234519183635712, "vy_5": 0.11912757158279419, "dpsidt_5": 0.0087805250659585, "rmse_5": 0.06395404785871506, "vy_6": 0.12264303863048553, "dpsidt_6": 0.009116087108850479, "rmse_6": 0.06587956100702286, "vy_7": 0.13481219112873077, "dpsidt_7": 0.009225144051015377, "rmse_7": 0.07201866805553436, "vy_8": 0.14192631840705872, "dpsidt_8": 0.009324824437499046, "rmse_8": 0.07562556862831116, "vy_9": 0.14435258507728577, "dpsidt_9": 0.009477606974542141, "rmse_9": 0.07691509276628494, "vy_10": 0.14945773780345917, "dpsidt_10": 0.00940888375043869, "rmse_10": 0.07943330705165863}