{"vy": 0.6912734508514404, "dpsidt": 0.14064840972423553, "rmse": 0.4159609377384186}