{"vy": 0.4534589648246765, "dpsidt": 0.10371975600719452, "rmse": 0.2785893678665161}