{"vy": 0.41154414415359497, "dpsidt": 0.13537907600402832, "rmse": 0.27346161007881165}