{"vy": 0.4737685024738312, "dpsidt": 0.2382439821958542, "rmse": 0.3560062348842621}