{"vy": 0.4042111039161682, "dpsidt": 0.1698184460401535, "rmse": 0.28701478242874146}