{"vy": 0.3645210862159729, "dpsidt": 0.09337688237428665, "rmse": 0.22894898056983948}