{"vy": 0.431549072265625, "dpsidt": 0.11295008659362793, "rmse": 0.27224957942962646}