{"vy": 0.43843042850494385, "dpsidt": 0.20163089036941528, "rmse": 0.32003065943717957}