{"vy": 0.46859633922576904, "dpsidt": 0.1580406129360199, "rmse": 0.31331849098205566, "vy_": 0.14187471568584442, "dpsidt_": 0.013247465714812279, "rmse_": 0.07756108790636063, "vy_diff": 0.02206587605178356, "dpsidt_diff": 0.004814567044377327, "rmse_diff": 0.013440221548080444}