{"vy": 0.4399241805076599, "dpsidt": 0.08066734671592712, "rmse": 0.2602957487106323}