{"vy": 0.570070743560791, "dpsidt": 0.1840728372335434, "rmse": 0.3770717978477478}