{"vy_time": [], "dpsidtrmse_time": [], "vy_0.05": 0.01608174294233322, "dpsidt_0.05": 0.0024898217525333166, "rmse_0.05": 0.00928578246384859, "vy_1": 0.054796043783426285, "dpsidt_1": 0.008697990328073502, "rmse_1": 0.03174701705574989, "vy_2": 0.08548930287361145, "dpsidt_2": 0.012653342448174953, "rmse_2": 0.04907132312655449, "vy_3": 0.10250203311443329, "dpsidt_3": 0.015010285191237926, "rmse_3": 0.058756157755851746, "vy_4": 0.11455331742763519, "dpsidt_4": 0.01498156413435936, "rmse_4": 0.06476744264364243, "vy_5": 0.11913274973630905, "dpsidt_5": 0.015010605566203594, "rmse_5": 0.06707167625427246, "vy_6": 0.12452482432126999, "dpsidt_6": 0.01546464953571558, "rmse_6": 0.0699947401881218, "vy_7": 0.13713431358337402, "dpsidt_7": 0.016466151922941208, "rmse_7": 0.07680023461580276, "vy_8": 0.1436239629983902, "dpsidt_8": 0.016843531280755997, "rmse_8": 0.08023374527692795, "vy_9": 0.14593522250652313, "dpsidt_9": 0.017023801803588867, "rmse_9": 0.081479512155056, "vy_10": 0.15113385021686554, "dpsidt_10": 0.016881851479411125, "rmse_10": 0.08400785177946091}