{"vy": 0.4413924217224121, "dpsidt": 0.17751917243003845, "rmse": 0.3094558119773865, "vy_": 0.13363829255104065, "dpsidt_": 0.014880223199725151, "rmse_": 0.07425925880670547, "vy_diff": 0.02206587605178356, "dpsidt_diff": 0.004814567044377327, "rmse_diff": 0.013440221548080444}