{"vy": 0.4807167053222656, "dpsidt": 0.0981336310505867, "rmse": 0.28942516446113586}