{"vy": 0.5269390940666199, "dpsidt": 0.2329651415348053, "rmse": 0.3799521327018738}