{"vy": 0.43442443013191223, "dpsidt": 0.10843642055988312, "rmse": 0.27143043279647827}