{"vy": 0.4700353443622589, "dpsidt": 0.1270410716533661, "rmse": 0.2985382080078125, "vy_": 0.14231039583683014, "dpsidt_": 0.01064898632466793, "rmse_": 0.07647968828678131, "vy_diff": 0.02206587605178356, "dpsidt_diff": 0.004814567044377327, "rmse_diff": 0.013440221548080444}