{"vy": 0.44330260157585144, "dpsidt": 0.11127746850252151, "rmse": 0.2772900462150574}