{"vy": 0.44704169034957886, "dpsidt": 0.07747185975313187, "rmse": 0.26225677132606506}