{"vy": 0.5315343737602234, "dpsidt": 0.28156155347824097, "rmse": 0.4065479636192322}