{"vy": 0.45286861062049866, "dpsidt": 0.2498917132616043, "rmse": 0.3513801693916321}