{"vy": 0.4865122139453888, "dpsidt": 0.19748419523239136, "rmse": 0.34199821949005127}