{"vy_time": [], "dpsidtrmse_time": [], "vy_0.05": 0.01654866524040699, "dpsidt_0.05": 0.0024338720832020044, "rmse_0.05": 0.009491268545389175, "vy_1": 0.0544411838054657, "dpsidt_1": 0.008328334428369999, "rmse_1": 0.03138475865125656, "vy_2": 0.07910248637199402, "dpsidt_2": 0.011445263400673866, "rmse_2": 0.04527387395501137, "vy_3": 0.0959172174334526, "dpsidt_3": 0.012305838987231255, "rmse_3": 0.054111529141664505, "vy_4": 0.10445593297481537, "dpsidt_4": 0.012787878513336182, "rmse_4": 0.058621905744075775, "vy_5": 0.10846182703971863, "dpsidt_5": 0.012870914302766323, "rmse_5": 0.06066637113690376, "vy_6": 0.11463696509599686, "dpsidt_6": 0.013617102988064289, "rmse_6": 0.06412703543901443, "vy_7": 0.12494444102048874, "dpsidt_7": 0.0141359344124794, "rmse_7": 0.06954018771648407, "vy_8": 0.1315235197544098, "dpsidt_8": 0.014527464285492897, "rmse_8": 0.07302549481391907, "vy_9": 0.13424113392829895, "dpsidt_9": 0.01499676238745451, "rmse_9": 0.07461895048618317, "vy_10": 0.1400170624256134, "dpsidt_10": 0.015036370605230331, "rmse_10": 0.07752671837806702}