{"vy": 0.4890616238117218, "dpsidt": 0.13919048011302948, "rmse": 0.31412604451179504}