{"vy_time": [], "dpsidtrmse_time": [], "vy_0.05": 0.016119403764605522, "dpsidt_0.05": 0.0022495859302580357, "rmse_0.05": 0.009184494614601135, "vy_1": 0.06473886966705322, "dpsidt_1": 0.007730497512966394, "rmse_1": 0.03623468428850174, "vy_2": 0.0911465436220169, "dpsidt_2": 0.01257169246673584, "rmse_2": 0.05185911804437637, "vy_3": 0.12681567668914795, "dpsidt_3": 0.015353395603597164, "rmse_3": 0.07108453661203384, "vy_4": 0.14921578764915466, "dpsidt_4": 0.018058262765407562, "rmse_4": 0.08363702893257141, "vy_5": 0.15118537843227386, "dpsidt_5": 0.018467623740434647, "rmse_5": 0.0848264992237091, "vy_6": 0.15588746964931488, "dpsidt_6": 0.018900806084275246, "rmse_6": 0.08739414066076279, "vy_7": 0.165225550532341, "dpsidt_7": 0.019407378509640694, "rmse_7": 0.09231646358966827, "vy_8": 0.17722272872924805, "dpsidt_8": 0.02015935629606247, "rmse_8": 0.09869104623794556, "vy_9": 0.18134400248527527, "dpsidt_9": 0.020885730162262917, "rmse_9": 0.10111486911773682, "vy_10": 0.18666069209575653, "dpsidt_10": 0.020896650850772858, "rmse_10": 0.10377867519855499}