{"vy_time": [], "dpsidtrmse_time": [], "vy_0.05": 0.01607859507203102, "dpsidt_0.05": 0.002362793078646064, "rmse_0.05": 0.009220694191753864, "vy_1": 0.05394915118813515, "dpsidt_1": 0.008422008715569973, "rmse_1": 0.031185580417513847, "vy_2": 0.08105817437171936, "dpsidt_2": 0.012740354984998703, "rmse_2": 0.04689926654100418, "vy_3": 0.10040018707513809, "dpsidt_3": 0.01412653736770153, "rmse_3": 0.057263363152742386, "vy_4": 0.11523034423589706, "dpsidt_4": 0.014716383069753647, "rmse_4": 0.0649733617901802, "vy_5": 0.1195947527885437, "dpsidt_5": 0.015057596378028393, "rmse_5": 0.06732617318630219, "vy_6": 0.12625519931316376, "dpsidt_6": 0.015810102224349976, "rmse_6": 0.07103265076875687, "vy_7": 0.13648822903633118, "dpsidt_7": 0.016602138057351112, "rmse_7": 0.07654518634080887, "vy_8": 0.1435660719871521, "dpsidt_8": 0.01704791933298111, "rmse_8": 0.0803069919347763, "vy_9": 0.14725220203399658, "dpsidt_9": 0.017609087750315666, "rmse_9": 0.0824306458234787, "vy_10": 0.15328213572502136, "dpsidt_10": 0.017671838402748108, "rmse_10": 0.08547698706388474}