{"vy": 0.3893161416053772, "dpsidt": 0.08394686132669449, "rmse": 0.23663149774074554}