{"vy": 0.6284017562866211, "dpsidt": 0.30023902654647827, "rmse": 0.4643203914165497}