{"vy": 0.8770919442176819, "dpsidt": 0.8935053944587708, "rmse": 0.8852986693382263}