{"vy": 0.49648916721343994, "dpsidt": 0.1233644112944603, "rmse": 0.3099267780780792}