{"vy": 0.48014113306999207, "dpsidt": 0.20876318216323853, "rmse": 0.3444521427154541, "vy_": 0.14537008106708527, "dpsidt_": 0.017499195411801338, "rmse_": 0.08143463730812073, "vy_diff": 0.02206587605178356, "dpsidt_diff": 0.004814567044377327, "rmse_diff": 0.013440221548080444}