{"vy": 0.44227710366249084, "dpsidt": 0.1346486210823059, "rmse": 0.28846287727355957, "vy_": 0.13390614092350006, "dpsidt_": 0.011286674998700619, "rmse_": 0.07259640842676163, "vy_diff": 0.02206587605178356, "dpsidt_diff": 0.004814567044377327, "rmse_diff": 0.013440221548080444}