{"vy": 0.4633815288543701, "dpsidt": 0.22961744666099548, "rmse": 0.346499502658844}