{"vy": 0.41348639130592346, "dpsidt": 0.1608179658651352, "rmse": 0.28715217113494873}