{"vy": 0.5105729103088379, "dpsidt": 0.17067646980285645, "rmse": 0.34062469005584717}