{"vy": 0.4206788241863251, "dpsidt": 0.20821991562843323, "rmse": 0.31444936990737915}