{"vy": 0.4242849051952362, "dpsidt": 0.16873034834861755, "rmse": 0.2965076267719269, "vy_": 0.12845873832702637, "dpsidt_": 0.01414351537823677, "rmse_": 0.07130112498998642, "vy_diff": 0.02206587605178356, "dpsidt_diff": 0.004814567044377327, "rmse_diff": 0.013440221548080444}