{"vy": 0.4408968389034271, "dpsidt": 0.09283650666475296, "rmse": 0.26686668395996094}