{"vy": 0.46307700872421265, "dpsidt": 0.2075691819190979, "rmse": 0.3353230953216553}