{"vy": 0.4176405668258667, "dpsidt": 0.09468583762645721, "rmse": 0.25616320967674255}