{"vy": 0.5012893080711365, "dpsidt": 0.09947758167982101, "rmse": 0.30038344860076904}