{"vy_time": [], "dpsidtrmse_time": [], "vy_0.05": 0.016106074675917625, "dpsidt_0.05": 0.002306924667209387, "rmse_0.05": 0.00920649990439415, "vy_1": 0.05547359213232994, "dpsidt_1": 0.007460157386958599, "rmse_1": 0.03146687522530556, "vy_2": 0.07976068556308746, "dpsidt_2": 0.010606036521494389, "rmse_2": 0.04518336057662964, "vy_3": 0.09645944088697433, "dpsidt_3": 0.011397973634302616, "rmse_3": 0.05392870679497719, "vy_4": 0.1034252792596817, "dpsidt_4": 0.01224339660257101, "rmse_4": 0.05783433839678764, "vy_5": 0.10676103085279465, "dpsidt_5": 0.012563557364046574, "rmse_5": 0.05966229364275932, "vy_6": 0.11374838650226593, "dpsidt_6": 0.013450334779918194, "rmse_6": 0.0635993629693985, "vy_7": 0.12349164485931396, "dpsidt_7": 0.013981318101286888, "rmse_7": 0.0687364786863327, "vy_8": 0.12922772765159607, "dpsidt_8": 0.014404169283807278, "rmse_8": 0.07181594520807266, "vy_9": 0.13185708224773407, "dpsidt_9": 0.015014556236565113, "rmse_9": 0.07343582063913345, "vy_10": 0.13724559545516968, "dpsidt_10": 0.015152476727962494, "rmse_10": 0.07619903981685638}