{"vy": 0.7134922742843628, "dpsidt": 0.5213888883590698, "rmse": 0.6174405813217163}