{"vy": 0.4040564298629761, "dpsidt": 0.12498674541711807, "rmse": 0.26452159881591797}