{"vy": 0.49156713485717773, "dpsidt": 0.24102063477039337, "rmse": 0.36629387736320496}