{"vy": 0.5640205144882202, "dpsidt": 0.2695760726928711, "rmse": 0.41679829359054565, "vy_": 0.17076581716537476, "dpsidt_": 0.022596724331378937, "rmse_": 0.09668126702308655, "vy_diff": 0.02206587605178356, "dpsidt_diff": 0.004814567044377327, "rmse_diff": 0.013440221548080444}