{"vy": 0.5571303367614746, "dpsidt": 0.14152154326438904, "rmse": 0.349325954914093, "vy_": 0.16867972910404205, "dpsidt_": 0.011862785555422306, "rmse_": 0.09027125686407089, "vy_diff": 0.02206587605178356, "dpsidt_diff": 0.004814567044377327, "rmse_diff": 0.013440221548080444}