{"vy": 0.5492671132087708, "dpsidt": 0.09139415621757507, "rmse": 0.3203306198120117}