{"vy": 0.5171745419502258, "dpsidt": 0.1196487694978714, "rmse": 0.318411648273468}