{"vy_0.05": 0.015823807567358017, "vy_1": 0.053868379443883896, "vy_2": 0.07833101600408554, "vy_3": 0.09967239946126938, "vy_4": 0.10913914442062378, "vy_5": 0.11330977082252502, "vy_6": 0.11902501434087753, "vy_7": 0.1294867992401123, "vy_8": 0.13621608912944794, "vy_9": 0.1389746367931366, "vy_10": 0.14501817524433136, "dpsidt_0.05": 0.0022429905366152525, "dpsidt_1": 0.006518004462122917, "dpsidt_2": 0.009229384362697601, "dpsidt_3": 0.010450616478919983, "dpsidt_4": 0.011403823271393776, "dpsidt_5": 0.011532789096236229, "dpsidt_6": 0.012289546430110931, "dpsidt_7": 0.01256238017231226, "dpsidt_8": 0.012873118743300438, "dpsidt_9": 0.013302262872457504, "dpsidt_10": 0.013401892967522144, "rmse_0.05": 0.00903339870274067, "rmse_1": 0.030193191021680832, "rmse_2": 0.04378020018339157, "rmse_3": 0.05506150797009468, "rmse_4": 0.0602714829146862, "rmse_5": 0.0624212808907032, "rmse_6": 0.06565728038549423, "rmse_7": 0.071024589240551, "rmse_8": 0.07454460114240646, "rmse_9": 0.0761384516954422, "rmse_10": 0.07921003550291061}