{"vy_0.05": 0.0167450699955225, "vy_1": 0.05946168303489685, "vy_2": 0.0763346403837204, "vy_3": 0.09273099899291992, "vy_4": 0.09556195139884949, "vy_5": 0.1038074940443039, "vy_6": 0.10955046117305756, "vy_7": 0.11945780366659164, "vy_8": 0.12659968435764313, "vy_9": 0.1292089819908142, "vy_10": 0.13527652621269226, "dpsidt_0.05": 0.0021577435545623302, "dpsidt_1": 0.00566070806235075, "dpsidt_2": 0.007742638234049082, "dpsidt_3": 0.00872076116502285, "dpsidt_4": 0.009302554652094841, "dpsidt_5": 0.009283199906349182, "dpsidt_6": 0.009924340061843395, "dpsidt_7": 0.010032461024820805, "dpsidt_8": 0.010312017984688282, "dpsidt_9": 0.010651477612555027, "dpsidt_10": 0.010730648413300514, "rmse_0.05": 0.009451407007873058, "rmse_1": 0.03256119415163994, "rmse_2": 0.04203863814473152, "rmse_3": 0.05072588101029396, "rmse_4": 0.05243225395679474, "rmse_5": 0.05654534697532654, "rmse_6": 0.059737399220466614, "rmse_7": 0.06474513560533524, "rmse_8": 0.06845585256814957, "rmse_9": 0.06993023306131363, "rmse_10": 0.07300359010696411}