{"vy": 0.45556166768074036, "dpsidt": 0.17396411299705505, "rmse": 0.3147628903388977}