{"vy": 0.48022526502609253, "dpsidt": 0.2284674346446991, "rmse": 0.3543463349342346}