{"vy_time": [], "dpsidtrmse_time": [], "vy_0.05": 0.015828197821974754, "dpsidt_0.05": 0.002522792899981141, "rmse_0.05": 0.009175495244562626, "vy_1": 0.06363026797771454, "dpsidt_1": 0.006612111814320087, "rmse_1": 0.035121191293001175, "vy_2": 0.09380845725536346, "dpsidt_2": 0.010511827655136585, "rmse_2": 0.05216014385223389, "vy_3": 0.11919960379600525, "dpsidt_3": 0.015070690773427486, "rmse_3": 0.06713514775037766, "vy_4": 0.1366208791732788, "dpsidt_4": 0.015203786082565784, "rmse_4": 0.07591233402490616, "vy_5": 0.14146167039871216, "dpsidt_5": 0.014960234984755516, "rmse_5": 0.07821094989776611, "vy_6": 0.1461327224969864, "dpsidt_6": 0.014866999350488186, "rmse_6": 0.08049985766410828, "vy_7": 0.16098736226558685, "dpsidt_7": 0.016227861866354942, "rmse_7": 0.08860760927200317, "vy_8": 0.17072439193725586, "dpsidt_8": 0.016840115189552307, "rmse_8": 0.09378225356340408, "vy_9": 0.17289546132087708, "dpsidt_9": 0.016549594700336456, "rmse_9": 0.09472252428531647, "vy_10": 0.1776416301727295, "dpsidt_10": 0.016160594299435616, "rmse_10": 0.09690111130475998}