{"vy_0.05": 0.015495939180254936, "vy_1": 0.05385131761431694, "vy_2": 0.07462749630212784, "vy_3": 0.09470852464437485, "vy_4": 0.09749028086662292, "vy_5": 0.10374309122562408, "vy_6": 0.10912900418043137, "vy_7": 0.11891157925128937, "vy_8": 0.12578384578227997, "vy_9": 0.1282648742198944, "vy_10": 0.13426850736141205, "dpsidt_0.05": 0.0023413824383169413, "dpsidt_1": 0.006295832805335522, "dpsidt_2": 0.00906595028936863, "dpsidt_3": 0.010093208402395248, "dpsidt_4": 0.010802531614899635, "dpsidt_5": 0.010873740538954735, "dpsidt_6": 0.01142067089676857, "dpsidt_7": 0.011639274656772614, "dpsidt_8": 0.011812263168394566, "dpsidt_9": 0.012140878476202488, "dpsidt_10": 0.012148277834057808, "rmse_0.05": 0.008918660692870617, "rmse_1": 0.03007357567548752, "rmse_2": 0.04184672236442566, "rmse_3": 0.0524008646607399, "rmse_4": 0.054146405309438705, "rmse_5": 0.057308416813611984, "rmse_6": 0.06027483940124512, "rmse_7": 0.06527543067932129, "rmse_8": 0.06879805773496628, "rmse_9": 0.07020287960767746, "rmse_10": 0.07320839166641235}