{"vy": 0.4737665057182312, "dpsidt": 0.16540175676345825, "rmse": 0.3195841312408447, "vy_": 0.14344005286693573, "dpsidt_": 0.013864502310752869, "rmse_": 0.0786522775888443, "vy_diff": 0.02206587605178356, "dpsidt_diff": 0.004814567044377327, "rmse_diff": 0.013440221548080444}