{"vy": 0.40135520696640015, "dpsidt": 0.13639779388904572, "rmse": 0.26887649297714233}