{"vy": 0.4952729344367981, "dpsidt": 0.1797267645597458, "rmse": 0.33749985694885254}