{"vy": 0.42433324456214905, "dpsidt": 0.088419608771801, "rmse": 0.2563764154911041}