{"vy": 0.5060151219367981, "dpsidt": 0.262008935213089, "rmse": 0.38401204347610474}