{"vy": 0.44602009654045105, "dpsidt": 0.14825496077537537, "rmse": 0.2971375286579132}