{"vy_time": [], "dpsidtrmse_time": [], "vy_0.05": 0.01601540856063366, "dpsidt_0.05": 0.002495961496606469, "rmse_0.05": 0.009255684912204742, "vy_1": 0.05347397178411484, "dpsidt_1": 0.0070918528363108635, "rmse_1": 0.030282912775874138, "vy_2": 0.08313154429197311, "dpsidt_2": 0.008785007521510124, "rmse_2": 0.045958276838064194, "vy_3": 0.11540667712688446, "dpsidt_3": 0.00983814150094986, "rmse_3": 0.06262241303920746, "vy_4": 0.1314365714788437, "dpsidt_4": 0.010684765875339508, "rmse_4": 0.0710606724023819, "vy_5": 0.13813477754592896, "dpsidt_5": 0.010746571235358715, "rmse_5": 0.07444067299365997, "vy_6": 0.1433994323015213, "dpsidt_6": 0.011511136777698994, "rmse_6": 0.07745528221130371, "vy_7": 0.15611575543880463, "dpsidt_7": 0.01165649015456438, "rmse_7": 0.08388612419366837, "vy_8": 0.16568881273269653, "dpsidt_8": 0.01198830921202898, "rmse_8": 0.08883856236934662, "vy_9": 0.17014627158641815, "dpsidt_9": 0.012403612956404686, "rmse_9": 0.0912749394774437, "vy_10": 0.17775671184062958, "dpsidt_10": 0.012548664584755898, "rmse_10": 0.09515269100666046}