{"vy": 0.48298829793930054, "dpsidt": 0.23927530646324158, "rmse": 0.36113178730010986}