{"vy": 0.5405313968658447, "dpsidt": 0.10261783748865128, "rmse": 0.3215746283531189}