{"vy_0.05": 0.01698913611471653, "vy_1": 0.05966949462890625, "vy_2": 0.07653394341468811, "vy_3": 0.09211025387048721, "vy_4": 0.09506695717573166, "vy_5": 0.10358770191669464, "vy_6": 0.1090291291475296, "vy_7": 0.11894860863685608, "vy_8": 0.12582963705062866, "vy_9": 0.1281762570142746, "vy_10": 0.1339544951915741, "dpsidt_0.05": 0.0022008048836141825, "dpsidt_1": 0.005566235166043043, "dpsidt_2": 0.007988612167537212, "dpsidt_3": 0.008700843900442123, "dpsidt_4": 0.009226194582879543, "dpsidt_5": 0.009333028458058834, "dpsidt_6": 0.010005060583353043, "dpsidt_7": 0.01021509524434805, "dpsidt_8": 0.010478783398866653, "dpsidt_9": 0.010883658193051815, "dpsidt_10": 0.010950672440230846, "rmse_0.05": 0.009594970382750034, "rmse_1": 0.03261786326766014, "rmse_2": 0.0422612763941288, "rmse_3": 0.05040554702281952, "rmse_4": 0.05214657634496689, "rmse_5": 0.056460365653038025, "rmse_6": 0.05951709300279617, "rmse_7": 0.06458184868097305, "rmse_8": 0.06815420836210251, "rmse_9": 0.0695299580693245, "rmse_10": 0.07245258241891861}