{"vy": 0.39066269993782043, "dpsidt": 0.10041328519582748, "rmse": 0.24553799629211426}