{"vy": 0.4605991840362549, "dpsidt": 0.19281305372714996, "rmse": 0.3267061114311218}