{"vy": 0.4765080213546753, "dpsidt": 0.09919600188732147, "rmse": 0.287852019071579}