{"vy": 0.46128737926483154, "dpsidt": 0.15006884932518005, "rmse": 0.305678129196167}