{"vy": 0.40295660495758057, "dpsidt": 0.1130618080496788, "rmse": 0.2580091953277588}