{"vy": 0.4048425257205963, "dpsidt": 0.08598320931196213, "rmse": 0.24541287124156952}