{"vy": 1.4435583353042603, "dpsidt": 0.4690455198287964, "rmse": 0.9563019275665283}