{"vy": 4.273482322692871, "dpsidt": 1.2249436378479004, "rmse": 2.7492129802703857}