{"vy_time": [], "dpsidtrmse_time": [], "vy_0.05": 0.017041940242052078, "dpsidt_0.05": 0.002363945357501507, "rmse_0.05": 0.00970294326543808, "vy_1": 0.05910218134522438, "dpsidt_1": 0.007562657818198204, "rmse_1": 0.03333241865038872, "vy_2": 0.07850398123264313, "dpsidt_2": 0.010003688745200634, "rmse_2": 0.04425383359193802, "vy_3": 0.0911191925406456, "dpsidt_3": 0.01072484441101551, "rmse_3": 0.05092201754450798, "vy_4": 0.09489128738641739, "dpsidt_4": 0.011445804499089718, "rmse_4": 0.05316854640841484, "vy_5": 0.1003592386841774, "dpsidt_5": 0.011514312587678432, "rmse_5": 0.0559367761015892, "vy_6": 0.10734206438064575, "dpsidt_6": 0.012365564703941345, "rmse_6": 0.05985381454229355, "vy_7": 0.11658194661140442, "dpsidt_7": 0.012677494436502457, "rmse_7": 0.06462971866130829, "vy_8": 0.12284630537033081, "dpsidt_8": 0.013093337416648865, "rmse_8": 0.06796982139348984, "vy_9": 0.1255427449941635, "dpsidt_9": 0.013609971851110458, "rmse_9": 0.06957636028528214, "vy_10": 0.13100577890872955, "dpsidt_10": 0.013713598251342773, "rmse_10": 0.07235968858003616}