{"vy": 0.5243759751319885, "dpsidt": 0.09823619574308395, "rmse": 0.31130608916282654}