{"vy": 0.67790287733078, "dpsidt": 0.27144068479537964, "rmse": 0.47467178106307983}