{"vy": 0.43361762166023254, "dpsidt": 0.21865662932395935, "rmse": 0.32613712549209595}