{"vy": 0.510960042476654, "dpsidt": 0.19166292250156403, "rmse": 0.35131147503852844}