{"vy": 0.41055962443351746, "dpsidt": 0.15316885709762573, "rmse": 0.2818642258644104}