{"vy": 0.5653703212738037, "dpsidt": 0.2400570511817932, "rmse": 0.40271368622779846}