{"vy": 0.39901411533355713, "dpsidt": 0.09103105217218399, "rmse": 0.24502258002758026}