{"vy": 0.45821326971054077, "dpsidt": 0.2321832925081253, "rmse": 0.34519827365875244}