{"vy": 0.4161825180053711, "dpsidt": 0.12627144157886505, "rmse": 0.2712269723415375, "vy_": 0.1260056048631668, "dpsidt_": 0.010584473609924316, "rmse_": 0.06829503923654556, "vy_diff": 0.02206587605178356, "dpsidt_diff": 0.004814567044377327, "rmse_diff": 0.013440221548080444}