{"vy": 0.4307577610015869, "dpsidt": 0.19619432091712952, "rmse": 0.313476026058197}