{"vy": 0.43630290031433105, "dpsidt": 0.18755868077278137, "rmse": 0.311930775642395}