{"vy": 0.5285018086433411, "dpsidt": 0.24701033532619476, "rmse": 0.3877560794353485, "vy_": 0.16001199185848236, "dpsidt_": 0.020705193281173706, "rmse_": 0.09035859256982803, "vy_diff": 0.02206587605178356, "dpsidt_diff": 0.004814567044377327, "rmse_diff": 0.013440221548080444}