{"vy": 0.4308074414730072, "dpsidt": 0.1983467936515808, "rmse": 0.3145771026611328}