{"vy": 0.5062975287437439, "dpsidt": 0.17072734236717224, "rmse": 0.3385124206542969}