{"vy": 0.5844128727912903, "dpsidt": 0.10894963145256042, "rmse": 0.34668123722076416}