{"vy": 0.4935857951641083, "dpsidt": 0.13682527840137482, "rmse": 0.31520554423332214}