{"vy": 0.4242027997970581, "dpsidt": 0.1852964609861374, "rmse": 0.30474963784217834}