{"vy": 2.7742068767547607, "dpsidt": 0.9424983263015747, "rmse": 1.8583526611328125}