{"vy": 0.46258169412612915, "dpsidt": 0.27208203077316284, "rmse": 0.367331862449646}