{"vy": 0.4927634596824646, "dpsidt": 0.127072274684906, "rmse": 0.3099178671836853}