{"vy": 0.4654591679573059, "dpsidt": 0.17793568968772888, "rmse": 0.3216974139213562}