{"vy": 0.5617201924324036, "dpsidt": 0.10277312248945236, "rmse": 0.33224666118621826}