{"vy_time": [], "dpsidtrmse_time": [], "vy_0.05": 0.01694447360932827, "dpsidt_0.05": 0.0022125416435301304, "rmse_0.05": 0.009578507393598557, "vy_1": 0.06672967970371246, "dpsidt_1": 0.006900556851178408, "rmse_1": 0.03681511804461479, "vy_2": 0.0920526385307312, "dpsidt_2": 0.009940294548869133, "rmse_2": 0.05099646747112274, "vy_3": 0.12556487321853638, "dpsidt_3": 0.011814489029347897, "rmse_3": 0.06868968158960342, "vy_4": 0.13125142455101013, "dpsidt_4": 0.01353364810347557, "rmse_4": 0.072392538189888, "vy_5": 0.1376674771308899, "dpsidt_5": 0.013449701480567455, "rmse_5": 0.07555858790874481, "vy_6": 0.1463211178779602, "dpsidt_6": 0.014274856075644493, "rmse_6": 0.08029798418283463, "vy_7": 0.15810814499855042, "dpsidt_7": 0.01459493301808834, "rmse_7": 0.08635153621435165, "vy_8": 0.16770486533641815, "dpsidt_8": 0.015201626345515251, "rmse_8": 0.09145324677228928, "vy_9": 0.1714983582496643, "dpsidt_9": 0.015780271962285042, "rmse_9": 0.0936393141746521, "vy_10": 0.18037950992584229, "dpsidt_10": 0.01593676768243313, "rmse_10": 0.09815813601016998}