{"vy": 0.42967158555984497, "dpsidt": 0.15376797318458557, "rmse": 0.29171979427337646}