{"vy": 0.4849097728729248, "dpsidt": 0.19138681888580322, "rmse": 0.338148295879364}