{"vy": 0.43866872787475586, "dpsidt": 0.23525290191173553, "rmse": 0.3369608223438263}