{"vy": 0.7612982392311096, "dpsidt": 0.25826218724250793, "rmse": 0.50978022813797}