{"vy": 0.46703699231147766, "dpsidt": 0.18757903575897217, "rmse": 0.3273079991340637}