{"vy": 0.4482419788837433, "dpsidt": 0.1265016496181488, "rmse": 0.28737181425094604, "vy_": 0.13571210205554962, "dpsidt_": 0.010603771544992924, "rmse_": 0.07315793633460999, "vy_diff": 0.02206587605178356, "dpsidt_diff": 0.004814567044377327, "rmse_diff": 0.013440221548080444}