{"vy": 0.37092897295951843, "dpsidt": 0.12279318273067474, "rmse": 0.246861070394516}