{"vy": 0.44495707750320435, "dpsidt": 0.13694237172603607, "rmse": 0.2909497320652008}