{"vy_time": [], "dpsidtrmse_time": [], "vy_0.05": 0.016980892047286034, "dpsidt_0.05": 0.0022647944279015064, "rmse_0.05": 0.009622843004763126, "vy_1": 0.05803117901086807, "dpsidt_1": 0.00662955641746521, "rmse_1": 0.03233036771416664, "vy_2": 0.07851704210042953, "dpsidt_2": 0.00955920945852995, "rmse_2": 0.04403812438249588, "vy_3": 0.08934488147497177, "dpsidt_3": 0.010317043401300907, "rmse_3": 0.04983096197247505, "vy_4": 0.09231537580490112, "dpsidt_4": 0.010759875178337097, "rmse_4": 0.05153762549161911, "vy_5": 0.0977538526058197, "dpsidt_5": 0.01096076425164938, "rmse_5": 0.05435730889439583, "vy_6": 0.10390996187925339, "dpsidt_6": 0.01170447375625372, "rmse_6": 0.05780721828341484, "vy_7": 0.1133074089884758, "dpsidt_7": 0.012152833864092827, "rmse_7": 0.06273011863231659, "vy_8": 0.11911051720380783, "dpsidt_8": 0.012491472065448761, "rmse_8": 0.0658009946346283, "vy_9": 0.12135429680347443, "dpsidt_9": 0.012943685054779053, "rmse_9": 0.06714899092912674, "vy_10": 0.1264650821685791, "dpsidt_10": 0.01300752628594637, "rmse_10": 0.0697363018989563}