{"vy": 0.4128124713897705, "dpsidt": 0.11031003296375275, "rmse": 0.26156124472618103, "vy_": 0.12498528510332108, "dpsidt_": 0.00924653746187687, "rmse_": 0.0671159103512764, "vy_diff": 0.02206587605178356, "dpsidt_diff": 0.004814567044377327, "rmse_diff": 0.013440221548080444}