{"vy": 0.8860828876495361, "dpsidt": 0.4049685299396515, "rmse": 0.6455256938934326}