{"vy": 0.4635128676891327, "dpsidt": 0.20205964148044586, "rmse": 0.3327862620353699}