{"vy": 0.5501856803894043, "dpsidt": 0.15205571055412292, "rmse": 0.3511207103729248, "vy_": 0.16657711565494537, "dpsidt_": 0.012745793908834457, "rmse_": 0.08966145664453506, "vy_diff": 0.02206587605178356, "dpsidt_diff": 0.004814567044377327, "rmse_diff": 0.013440221548080444}