{"vy": 11.54380989074707, "dpsidt": 3.4565751552581787, "rmse": 7.500192642211914}