{"vy": 0.4668639004230499, "dpsidt": 0.09698611497879028, "rmse": 0.2819250226020813}