{"vy_0.05": 0.016102956607937813, "vy_1": 0.05921095982193947, "vy_2": 0.08365262299776077, "vy_3": 0.10126195847988129, "vy_4": 0.10719973593950272, "vy_5": 0.11207496374845505, "vy_6": 0.11480255424976349, "vy_7": 0.12684594094753265, "vy_8": 0.1332286298274994, "vy_9": 0.13544538617134094, "vy_10": 0.14081653952598572, "dpsidt_0.05": 0.002120682969689369, "dpsidt_1": 0.004918953869491816, "dpsidt_2": 0.006880897097289562, "dpsidt_3": 0.007886192761361599, "dpsidt_4": 0.008232416585087776, "dpsidt_5": 0.00818011537194252, "dpsidt_6": 0.00851528625935316, "dpsidt_7": 0.008498197421431541, "dpsidt_8": 0.00858419481664896, "dpsidt_9": 0.008762850426137447, "dpsidt_10": 0.008740324527025223, "rmse_0.05": 0.009111819788813591, "rmse_1": 0.032064955681562424, "rmse_2": 0.045266758650541306, "rmse_3": 0.05457407608628273, "rmse_4": 0.05771607533097267, "rmse_5": 0.06012754142284393, "rmse_6": 0.06165891885757446, "rmse_7": 0.06767206639051437, "rmse_8": 0.07090641558170319, "rmse_9": 0.07210411876440048, "rmse_10": 0.07477843016386032}