{"vy": 0.8581070899963379, "dpsidt": 0.3626488149166107, "rmse": 0.6103779673576355, "vy_": 0.2598050534725189, "dpsidt_": 0.030398380011320114, "rmse_": 0.14510171115398407, "vy_diff": 0.02206587605178356, "dpsidt_diff": 0.004814567044377327, "rmse_diff": 0.013440221548080444}