{"vy": 0.4107203781604767, "dpsidt": 0.17567522823810577, "rmse": 0.2931978106498718}