{"vy": 0.465868204832077, "dpsidt": 0.2520297169685364, "rmse": 0.3589489459991455}