{"vy": 0.5037065744400024, "dpsidt": 0.19816865026950836, "rmse": 0.3509376049041748, "vy_": 0.15250486135482788, "dpsidt_": 0.0166111271828413, "rmse_": 0.08455799520015717, "vy_diff": 0.02206587605178356, "dpsidt_diff": 0.004814567044377327, "rmse_diff": 0.013440221548080444}