{"vy_0.05": 0.01653285324573517, "vy_1": 0.05900537595152855, "vy_2": 0.07666148990392685, "vy_3": 0.09454376995563507, "vy_4": 0.09709236025810242, "vy_5": 0.10678564012050629, "vy_6": 0.11145325750112534, "vy_7": 0.12195933610200882, "vy_8": 0.12945206463336945, "vy_9": 0.1321093738079071, "vy_10": 0.13843944668769836, "dpsidt_0.05": 0.002111285226419568, "dpsidt_1": 0.005159127525985241, "dpsidt_2": 0.007194838486611843, "dpsidt_3": 0.008274074643850327, "dpsidt_4": 0.008692482486367226, "dpsidt_5": 0.00860757939517498, "dpsidt_6": 0.009072190150618553, "dpsidt_7": 0.009070168249309063, "dpsidt_8": 0.009256130084395409, "dpsidt_9": 0.00948457233607769, "dpsidt_10": 0.009513192810118198, "rmse_0.05": 0.009322069585323334, "rmse_1": 0.03208225220441818, "rmse_2": 0.041928164660930634, "rmse_3": 0.05140892416238785, "rmse_4": 0.05289242044091225, "rmse_5": 0.05769661068916321, "rmse_6": 0.06026272475719452, "rmse_7": 0.06551475077867508, "rmse_8": 0.0693540945649147, "rmse_9": 0.07079697400331497, "rmse_10": 0.07397632300853729}