{"vy": 0.4374200999736786, "dpsidt": 0.1424826681613922, "rmse": 0.2899513840675354, "vy_": 0.132435604929924, "dpsidt_": 0.011943350546061993, "rmse_": 0.07218948006629944, "vy_diff": 0.02206587605178356, "dpsidt_diff": 0.004814567044377327, "rmse_diff": 0.013440221548080444}