{"vy": 5.9792656898498535, "dpsidt": 1.6509946584701538, "rmse": 3.8151302337646484}