{"vy": 0.398581326007843, "dpsidt": 0.1429029405117035, "rmse": 0.27074211835861206}