{"vy": 0.4634730815887451, "dpsidt": 0.1005750223994255, "rmse": 0.2820240557193756, "vy_": 0.14032356441020966, "dpsidt_": 0.008430518209934235, "rmse_": 0.07437704503536224, "vy_diff": 0.02206587605178356, "dpsidt_diff": 0.004814567044377327, "rmse_diff": 0.013440221548080444}