{"vy": 0.5181789994239807, "dpsidt": 0.2561447024345398, "rmse": 0.38716185092926025}