{"vy": 0.48643380403518677, "dpsidt": 0.15466217696666718, "rmse": 0.32054799795150757}