{"vy": 0.3635377287864685, "dpsidt": 0.08470669388771057, "rmse": 0.22412221133708954}