{"vy": 0.38957923650741577, "dpsidt": 0.14046378433704376, "rmse": 0.26502150297164917}