{"vy": 0.4654262065887451, "dpsidt": 0.19487564265727997, "rmse": 0.33015093207359314, "vy_": 0.1409149020910263, "dpsidt_": 0.016335096210241318, "rmse_": 0.07862500101327896, "vy_diff": 0.02206587605178356, "dpsidt_diff": 0.004814567044377327, "rmse_diff": 0.013440221548080444}