{"vy": 0.4706847667694092, "dpsidt": 0.10568151623010635, "rmse": 0.28818315267562866}