{"vy": 0.4046047329902649, "dpsidt": 0.08234734833240509, "rmse": 0.2434760332107544}