{"vy": 0.432638019323349, "dpsidt": 0.11649175733327866, "rmse": 0.2745648920536041, "vy_": 0.1309877634048462, "dpsidt_": 0.009764709509909153, "rmse_": 0.07037623971700668, "vy_diff": 0.02206587605178356, "dpsidt_diff": 0.004814567044377327, "rmse_diff": 0.013440221548080444}