{"vy": 0.5421013832092285, "dpsidt": 0.17570771276950836, "rmse": 0.35890454053878784}