{"vy": 0.6372556686401367, "dpsidt": 0.2286618947982788, "rmse": 0.43295878171920776, "vy_": 0.19293886423110962, "dpsidt_": 0.019167166203260422, "rmse_": 0.10605301707983017, "vy_diff": 0.02206587605178356, "dpsidt_diff": 0.004814567044377327, "rmse_diff": 0.013440221548080444}