{"vy": 0.5085912346839905, "dpsidt": 0.25885358452796936, "rmse": 0.3837224245071411, "vy_": 0.15398375689983368, "dpsidt_": 0.02169792912900448, "rmse_": 0.08784084022045135, "vy_diff": 0.02206587605178356, "dpsidt_diff": 0.004814567044377327, "rmse_diff": 0.013440221548080444}