{"vy": 0.45187681913375854, "dpsidt": 0.11606824398040771, "rmse": 0.28397253155708313}