{"vy_time": [], "dpsidtrmse_time": [], "vy_0.05": 0.01641387864947319, "dpsidt_0.05": 0.0023650694638490677, "rmse_0.05": 0.009389474056661129, "vy_1": 0.05652877315878868, "dpsidt_1": 0.00782456248998642, "rmse_1": 0.0321766659617424, "vy_2": 0.0821739211678505, "dpsidt_2": 0.010705024003982544, "rmse_2": 0.04643947258591652, "vy_3": 0.10440152883529663, "dpsidt_3": 0.012129800394177437, "rmse_3": 0.05826566368341446, "vy_4": 0.11862790584564209, "dpsidt_4": 0.01330151129513979, "rmse_4": 0.0659647062420845, "vy_5": 0.12319675087928772, "dpsidt_5": 0.013455435633659363, "rmse_5": 0.06832609325647354, "vy_6": 0.12995101511478424, "dpsidt_6": 0.014283894561231136, "rmse_6": 0.07211745530366898, "vy_7": 0.1403040587902069, "dpsidt_7": 0.014755363576114178, "rmse_7": 0.07752971351146698, "vy_8": 0.14788103103637695, "dpsidt_8": 0.015225427225232124, "rmse_8": 0.08155322819948196, "vy_9": 0.15178418159484863, "dpsidt_9": 0.015749691054224968, "rmse_9": 0.08376693725585938, "vy_10": 0.15834829211235046, "dpsidt_10": 0.015897495672106743, "rmse_10": 0.08712289482355118}