{"vy": 0.3770354688167572, "dpsidt": 0.09866547584533691, "rmse": 0.23785047233104706}