{"vy_time": [], "dpsidtrmse_time": [], "vy_0.05": 0.015568636357784271, "dpsidt_0.05": 0.0021417902316898108, "rmse_0.05": 0.008855213411152363, "vy_1": 0.06539706140756607, "dpsidt_1": 0.0052290731109678745, "rmse_1": 0.035313066095113754, "vy_2": 0.0897103026509285, "dpsidt_2": 0.007587752304971218, "rmse_2": 0.048649027943611145, "vy_3": 0.10785479098558426, "dpsidt_3": 0.008797155693173409, "rmse_3": 0.05832597240805626, "vy_4": 0.1169295459985733, "dpsidt_4": 0.00908448826521635, "rmse_4": 0.06300701946020126, "vy_5": 0.11792218685150146, "dpsidt_5": 0.00902397558093071, "rmse_5": 0.06347308307886124, "vy_6": 0.12467921525239944, "dpsidt_6": 0.009363370016217232, "rmse_6": 0.06702129542827606, "vy_7": 0.13531970977783203, "dpsidt_7": 0.009440680965781212, "rmse_7": 0.0723801925778389, "vy_8": 0.14070911705493927, "dpsidt_8": 0.00953476969152689, "rmse_8": 0.07512194663286209, "vy_9": 0.1416410207748413, "dpsidt_9": 0.009669746272265911, "rmse_9": 0.07565538585186005, "vy_10": 0.14554855227470398, "dpsidt_10": 0.009625054895877838, "rmse_10": 0.07758679986000061}