{"vy": 0.3880903124809265, "dpsidt": 0.14343644678592682, "rmse": 0.26576337218284607}