{"vy": 0.49634623527526855, "dpsidt": 0.20563599467277527, "rmse": 0.3509911298751831}