{"vy_time": [], "dpsidtrmse_time": [], "vy_0.05": 0.016887759789824486, "dpsidt_0.05": 0.00223319954238832, "rmse_0.05": 0.009560479782521725, "vy_1": 0.06062760204076767, "dpsidt_1": 0.00572965107858181, "rmse_1": 0.033178627490997314, "vy_2": 0.08038908988237381, "dpsidt_2": 0.008820871822535992, "rmse_2": 0.04460497945547104, "vy_3": 0.08982285112142563, "dpsidt_3": 0.009565353393554688, "rmse_3": 0.04969410225749016, "vy_4": 0.09191712737083435, "dpsidt_4": 0.010002441704273224, "rmse_4": 0.05095978453755379, "vy_5": 0.09776697307825089, "dpsidt_5": 0.010263439267873764, "rmse_5": 0.054015204310417175, "vy_6": 0.10407401621341705, "dpsidt_6": 0.010947631672024727, "rmse_6": 0.057510823011398315, "vy_7": 0.11306171119213104, "dpsidt_7": 0.01131386961787939, "rmse_7": 0.062187790870666504, "vy_8": 0.11851958185434341, "dpsidt_8": 0.011569803580641747, "rmse_8": 0.06504469364881516, "vy_9": 0.12071140855550766, "dpsidt_9": 0.012022947892546654, "rmse_9": 0.06636717915534973, "vy_10": 0.12534242868423462, "dpsidt_10": 0.012111053802073002, "rmse_10": 0.06872674077749252}