{"vy": 0.5607027411460876, "dpsidt": 0.20747800171375275, "rmse": 0.3840903639793396}