{"vy": 0.49608471989631653, "dpsidt": 0.10403011739253998, "rmse": 0.30005741119384766, "vy_": 0.15019722282886505, "dpsidt_": 0.008720135316252708, "rmse_": 0.07945867627859116, "vy_diff": 0.02206587605178356, "dpsidt_diff": 0.004814567044377327, "rmse_diff": 0.013440221548080444}