{"vy": 0.3920711576938629, "dpsidt": 0.14365831017494202, "rmse": 0.26786473393440247}