{"vy": 0.4258846044540405, "dpsidt": 0.21808291971683502, "rmse": 0.3219837546348572}