{"vy": 0.4618105888366699, "dpsidt": 0.09911559522151947, "rmse": 0.2804630994796753, "vy_": 0.13982020318508148, "dpsidt_": 0.008308184333145618, "rmse_": 0.07406419515609741, "vy_diff": 0.02206587605178356, "dpsidt_diff": 0.004814567044377327, "rmse_diff": 0.013440221548080444}