{"vy": 0.45316576957702637, "dpsidt": 0.11807373911142349, "rmse": 0.2856197655200958}