{"vy": 0.4944210648536682, "dpsidt": 0.30000296235084534, "rmse": 0.39721202850341797}