{"vy": 0.3928399980068207, "dpsidt": 0.08191382884979248, "rmse": 0.23737691342830658, "vy_": 0.11893831193447113, "dpsidt_": 0.0068662771955132484, "rmse_": 0.0629022940993309, "vy_diff": 0.02206587605178356, "dpsidt_diff": 0.004814567044377327, "rmse_diff": 0.013440221548080444}