{"vy": 0.574343204498291, "dpsidt": 0.20555593073368073, "rmse": 0.3899495601654053, "vy_": 0.17389117181301117, "dpsidt_": 0.017230350524187088, "rmse_": 0.09556075930595398, "vy_diff": 0.02206587605178356, "dpsidt_diff": 0.004814567044377327, "rmse_diff": 0.013440221548080444}