{"vy": 0.4283170998096466, "dpsidt": 0.16031917929649353, "rmse": 0.29431813955307007}