{"vy": 0.5358273386955261, "dpsidt": 0.09232162684202194, "rmse": 0.31407448649406433}