{"vy_time": [], "dpsidtrmse_time": [], "vy_0.05": 0.017091142013669014, "dpsidt_0.05": 0.002449133200570941, "rmse_0.05": 0.009770137257874012, "vy_1": 0.05702424421906471, "dpsidt_1": 0.006790020037442446, "rmse_1": 0.031907133758068085, "vy_2": 0.07648532092571259, "dpsidt_2": 0.008085550740361214, "rmse_2": 0.042285434901714325, "vy_3": 0.09393040835857391, "dpsidt_3": 0.008847909979522228, "rmse_3": 0.05138915777206421, "vy_4": 0.09770883619785309, "dpsidt_4": 0.009290284477174282, "rmse_4": 0.05349956080317497, "vy_5": 0.10339668393135071, "dpsidt_5": 0.009260140359401703, "rmse_5": 0.056328412145376205, "vy_6": 0.10812391340732574, "dpsidt_6": 0.009896376170217991, "rmse_6": 0.05901014432311058, "vy_7": 0.11865446716547012, "dpsidt_7": 0.009953782893717289, "rmse_7": 0.06430412828922272, "vy_8": 0.12519226968288422, "dpsidt_8": 0.010220145806670189, "rmse_8": 0.06770620495080948, "vy_9": 0.12749208509922028, "dpsidt_9": 0.010547986254096031, "rmse_9": 0.06902003288269043, "vy_10": 0.13357390463352203, "dpsidt_10": 0.010641703382134438, "rmse_10": 0.07210780680179596}