{"vy": 0.3563631772994995, "dpsidt": 0.09320087730884552, "rmse": 0.22478201985359192}