{"vy": 0.5378774404525757, "dpsidt": 0.12359211593866348, "rmse": 0.3307347893714905}