{"vy": 0.41664552688598633, "dpsidt": 0.08452912420034409, "rmse": 0.2505873143672943}