{"vy": 0.42030471563339233, "dpsidt": 0.19240465760231018, "rmse": 0.30635470151901245}