{"vy": 0.41738778352737427, "dpsidt": 0.16661949455738068, "rmse": 0.2920036315917969}