{"vy": 0.45462357997894287, "dpsidt": 0.2615275979042053, "rmse": 0.3580755889415741}