{"vy_time": [], "dpsidtrmse_time": [], "vy_0.05": 0.016039663925766945, "dpsidt_0.05": 0.002476135268807411, "rmse_0.05": 0.009257899597287178, "vy_1": 0.06283144652843475, "dpsidt_1": 0.005351869389414787, "rmse_1": 0.034091658890247345, "vy_2": 0.08808854967355728, "dpsidt_2": 0.007280859164893627, "rmse_2": 0.04768470302224159, "vy_3": 0.10967321693897247, "dpsidt_3": 0.00856783241033554, "rmse_3": 0.05912052467465401, "vy_4": 0.12276571989059448, "dpsidt_4": 0.008879966102540493, "rmse_4": 0.06582283973693848, "vy_5": 0.1253056526184082, "dpsidt_5": 0.008826806209981441, "rmse_5": 0.06706622987985611, "vy_6": 0.13019245862960815, "dpsidt_6": 0.009103981778025627, "rmse_6": 0.06964822113513947, "vy_7": 0.14297151565551758, "dpsidt_7": 0.00908727291971445, "rmse_7": 0.07602939754724503, "vy_8": 0.1503249555826187, "dpsidt_8": 0.00923208985477686, "rmse_8": 0.0797785222530365, "vy_9": 0.15273860096931458, "dpsidt_9": 0.009363271296024323, "rmse_9": 0.08105093240737915, "vy_10": 0.15744006633758545, "dpsidt_10": 0.009335605427622795, "rmse_10": 0.0833878368139267}