{"vy": 0.4273695945739746, "dpsidt": 0.1697930544614792, "rmse": 0.2985813319683075, "vy_": 0.12939268350601196, "dpsidt_": 0.014232592657208443, "rmse_": 0.07181263715028763, "vy_diff": 0.02206587605178356, "dpsidt_diff": 0.004814567044377327, "rmse_diff": 0.013440221548080444}