{"vy": 0.4189508557319641, "dpsidt": 0.08003923296928406, "rmse": 0.24949504435062408}