{"vy": 0.4932108223438263, "dpsidt": 0.20101258158683777, "rmse": 0.34711170196533203}