{"vy": 0.45071813464164734, "dpsidt": 0.23330157995224, "rmse": 0.34200984239578247}