{"vy": 0.44242116808891296, "dpsidt": 0.2087223380804062, "rmse": 0.325571745634079}