{"vy": 0.4130452871322632, "dpsidt": 0.1268807053565979, "rmse": 0.26996299624443054}