{"vy": 0.49024102091789246, "dpsidt": 0.24778006970882416, "rmse": 0.3690105378627777}