{"vy": 0.4621872007846832, "dpsidt": 0.27627477049827576, "rmse": 0.3692309856414795}