{"vy_0.05": 0.01570255123078823, "vy_1": 0.054026439785957336, "vy_2": 0.0770239308476448, "vy_3": 0.09238225221633911, "vy_4": 0.09839119017124176, "vy_5": 0.10061962902545929, "vy_6": 0.10568133741617203, "vy_7": 0.11617627739906311, "vy_8": 0.12127205729484558, "vy_9": 0.12275192886590958, "vy_10": 0.1273239105939865, "dpsidt_0.05": 0.0022612998727709055, "dpsidt_1": 0.005512588191777468, "dpsidt_2": 0.007672304753214121, "dpsidt_3": 0.008530760183930397, "dpsidt_4": 0.008919144980609417, "dpsidt_5": 0.008937500417232513, "dpsidt_6": 0.009431562386453152, "dpsidt_7": 0.009521172381937504, "dpsidt_8": 0.009649168699979782, "dpsidt_9": 0.009917625226080418, "dpsidt_10": 0.009928221814334393, "rmse_0.05": 0.008981925435364246, "rmse_1": 0.02976951375603676, "rmse_2": 0.042348116636276245, "rmse_3": 0.05045650526881218, "rmse_4": 0.05365516617894173, "rmse_5": 0.0547785647213459, "rmse_6": 0.05755645036697388, "rmse_7": 0.06284872442483902, "rmse_8": 0.06546061486005783, "rmse_9": 0.06633477658033371, "rmse_10": 0.06862606853246689}