{"vy": 0.38860076665878296, "dpsidt": 0.09876362979412079, "rmse": 0.24368220567703247}