{"vy_time": [], "dpsidtrmse_time": [], "vy_0.05": 0.01687479205429554, "dpsidt_0.05": 0.002496914705261588, "rmse_0.05": 0.009685853496193886, "vy_1": 0.056463249027729034, "dpsidt_1": 0.007379226852208376, "rmse_1": 0.03192123770713806, "vy_2": 0.07722436636686325, "dpsidt_2": 0.008905250579118729, "rmse_2": 0.04306481033563614, "vy_3": 0.08785729110240936, "dpsidt_3": 0.009276371449232101, "rmse_3": 0.04856683313846588, "vy_4": 0.09041830152273178, "dpsidt_4": 0.00968240201473236, "rmse_4": 0.05005035176873207, "vy_5": 0.09367755055427551, "dpsidt_5": 0.009762568399310112, "rmse_5": 0.05172006040811539, "vy_6": 0.09895194321870804, "dpsidt_6": 0.010474922135472298, "rmse_6": 0.05471343174576759, "vy_7": 0.10873125493526459, "dpsidt_7": 0.010632755234837532, "rmse_7": 0.059682004153728485, "vy_8": 0.11344029754400253, "dpsidt_8": 0.010922963730990887, "rmse_8": 0.06218162924051285, "vy_9": 0.11523404717445374, "dpsidt_9": 0.011326571926474571, "rmse_9": 0.06328030675649643, "vy_10": 0.11994660645723343, "dpsidt_10": 0.011396942660212517, "rmse_10": 0.06567177176475525}