{"vy": 0.5118158459663391, "dpsidt": 0.130218043923378, "rmse": 0.32101693749427795}