{"vy": 0.4913345277309418, "dpsidt": 0.1097746342420578, "rmse": 0.3005545735359192}