{"vy_time": [], "dpsidtrmse_time": [], "vy_0.05": 0.015122518874704838, "dpsidt_0.05": 0.0023285304196178913, "rmse_0.05": 0.008725524879992008, "vy_1": 0.06553765386343002, "dpsidt_1": 0.005535234231501818, "rmse_1": 0.035536445677280426, "vy_2": 0.09593164175748825, "dpsidt_2": 0.00816281046718359, "rmse_2": 0.05204722657799721, "vy_3": 0.12380752712488174, "dpsidt_3": 0.00972916278988123, "rmse_3": 0.0667683482170105, "vy_4": 0.14189721643924713, "dpsidt_4": 0.010347961448132992, "rmse_4": 0.07612258940935135, "vy_5": 0.14521697163581848, "dpsidt_5": 0.010395214892923832, "rmse_5": 0.07780609279870987, "vy_6": 0.15373945236206055, "dpsidt_6": 0.010810957290232182, "rmse_6": 0.08227520436048508, "vy_7": 0.1671503633260727, "dpsidt_7": 0.010955006815493107, "rmse_7": 0.08905268460512161, "vy_8": 0.17522628605365753, "dpsidt_8": 0.01117511373013258, "rmse_8": 0.0932006984949112, "vy_9": 0.17782267928123474, "dpsidt_9": 0.01138001587241888, "rmse_9": 0.0946013480424881, "vy_10": 0.18273773789405823, "dpsidt_10": 0.011408451944589615, "rmse_10": 0.09707309305667877}