{"vy_time": [], "dpsidtrmse_time": [], "vy_0.05": 0.017241284251213074, "dpsidt_0.05": 0.0022768033668398857, "rmse_0.05": 0.009759044274687767, "vy_1": 0.056819796562194824, "dpsidt_1": 0.00556372944265604, "rmse_1": 0.031191762536764145, "vy_2": 0.07484117150306702, "dpsidt_2": 0.0077984086237847805, "rmse_2": 0.04131979122757912, "vy_3": 0.08908013254404068, "dpsidt_3": 0.008461004123091698, "rmse_3": 0.04877056926488876, "vy_4": 0.09136462211608887, "dpsidt_4": 0.0088312653824687, "rmse_4": 0.05009794235229492, "vy_5": 0.09731101244688034, "dpsidt_5": 0.00894925557076931, "rmse_5": 0.0531301349401474, "vy_6": 0.1014292985200882, "dpsidt_6": 0.009506565518677235, "rmse_6": 0.05546793341636658, "vy_7": 0.11158188432455063, "dpsidt_7": 0.009699996560811996, "rmse_7": 0.06064093858003616, "vy_8": 0.11742912232875824, "dpsidt_8": 0.009886137209832668, "rmse_8": 0.06365762650966644, "vy_9": 0.11928245425224304, "dpsidt_9": 0.010230295360088348, "rmse_9": 0.064756378531456, "vy_10": 0.12465711683034897, "dpsidt_10": 0.010267267934978008, "rmse_10": 0.06746219098567963}