{"vy": 0.9085758924484253, "dpsidt": 0.3721470534801483, "rmse": 0.640361487865448, "vy_": 0.2750852704048157, "dpsidt_": 0.031194550916552544, "rmse_": 0.1531399041414261, "vy_diff": 0.02206587605178356, "dpsidt_diff": 0.004814567044377327, "rmse_diff": 0.013440221548080444}