{"vy": 0.4035443067550659, "dpsidt": 0.1440151482820511, "rmse": 0.2737797200679779}