{"vy": 0.4557962715625763, "dpsidt": 0.1390058547258377, "rmse": 0.2974010705947876, "vy_": 0.1379992961883545, "dpsidt_": 0.011651912704110146, "rmse_": 0.07482560724020004, "vy_diff": 0.02206587605178356, "dpsidt_diff": 0.004814567044377327, "rmse_diff": 0.013440221548080444}