{"vy": 0.3843733072280884, "dpsidt": 0.14408881962299347, "rmse": 0.2642310559749603}