{"vy": 0.37840092182159424, "dpsidt": 0.10116471350193024, "rmse": 0.23978281021118164}