{"vy_time": [], "dpsidtrmse_time": [], "vy_0.05": 0.017634201794862747, "dpsidt_0.05": 0.0023374673910439014, "rmse_0.05": 0.00998583436012268, "vy_1": 0.05802116543054581, "dpsidt_1": 0.005453659687191248, "rmse_1": 0.03173741325736046, "vy_2": 0.07510952651500702, "dpsidt_2": 0.006538592744618654, "rmse_2": 0.04082405939698219, "vy_3": 0.086737722158432, "dpsidt_3": 0.007290729321539402, "rmse_3": 0.04701422527432442, "vy_4": 0.08913203328847885, "dpsidt_4": 0.0075078001245856285, "rmse_4": 0.04831991717219353, "vy_5": 0.0952502191066742, "dpsidt_5": 0.007544389925897121, "rmse_5": 0.051397304981946945, "vy_6": 0.09874079376459122, "dpsidt_6": 0.007952013984322548, "rmse_6": 0.05334640294313431, "vy_7": 0.1090550422668457, "dpsidt_7": 0.007933536544442177, "rmse_7": 0.058494288474321365, "vy_8": 0.11461290717124939, "dpsidt_8": 0.008067945018410683, "rmse_8": 0.06134042516350746, "vy_9": 0.11637937277555466, "dpsidt_9": 0.008278722874820232, "rmse_9": 0.06232904642820358, "vy_10": 0.12153617292642593, "dpsidt_10": 0.008305789902806282, "rmse_10": 0.06492098420858383}