{"vy": 0.4847079813480377, "dpsidt": 0.23769217729568481, "rmse": 0.36120009422302246}