{"vy": 0.49466535449028015, "dpsidt": 0.21782810986042023, "rmse": 0.3562467396259308}