{"vy": 0.43568453192710876, "dpsidt": 0.1522950679063797, "rmse": 0.29398980736732483}