{"vy": 0.827958881855011, "dpsidt": 0.3199656903743744, "rmse": 0.5739622712135315, "vy_": 0.2506771981716156, "dpsidt_": 0.02682054415345192, "rmse_": 0.1387488692998886, "vy_diff": 0.02206587605178356, "dpsidt_diff": 0.004814567044377327, "rmse_diff": 0.013440221548080444}