{"vy": 0.4439461827278137, "dpsidt": 0.10423517972230911, "rmse": 0.2740906774997711}