{"vy": 0.3778551518917084, "dpsidt": 0.10597110539674759, "rmse": 0.24191312491893768}