{"vy": 0.5642999410629272, "dpsidt": 0.08789841085672379, "rmse": 0.3260991871356964}