{"vy_time": [], "dpsidtrmse_time": [], "vy_0.05": 0.01698414795100689, "dpsidt_0.05": 0.0023220733273774385, "rmse_0.05": 0.00965311098843813, "vy_1": 0.059694431722164154, "dpsidt_1": 0.007432935293763876, "rmse_1": 0.03356368467211723, "vy_2": 0.07942456752061844, "dpsidt_2": 0.009900565259158611, "rmse_2": 0.04466256499290466, "vy_3": 0.09407306462526321, "dpsidt_3": 0.010559753514826298, "rmse_3": 0.05231640860438347, "vy_4": 0.09784819930791855, "dpsidt_4": 0.011299514211714268, "rmse_4": 0.05457385629415512, "vy_5": 0.10343962162733078, "dpsidt_5": 0.01148201897740364, "rmse_5": 0.05746082216501236, "vy_6": 0.1103704422712326, "dpsidt_6": 0.012393283657729626, "rmse_6": 0.06138186156749725, "vy_7": 0.11974306404590607, "dpsidt_7": 0.012812988832592964, "rmse_7": 0.06627802550792694, "vy_8": 0.12625792622566223, "dpsidt_8": 0.013260288164019585, "rmse_8": 0.06975910812616348, "vy_9": 0.1290111243724823, "dpsidt_9": 0.013818558305501938, "rmse_9": 0.07141484320163727, "vy_10": 0.13473625481128693, "dpsidt_10": 0.013944976963102818, "rmse_10": 0.07434061914682388}