{"vy": 0.6785684823989868, "dpsidt": 0.17738628387451172, "rmse": 0.42797738313674927, "vy_": 0.2054469883441925, "dpsidt_": 0.014869081787765026, "rmse_": 0.1101580336689949, "vy_diff": 0.02206587605178356, "dpsidt_diff": 0.004814567044377327, "rmse_diff": 0.013440221548080444}