{"vy": 0.4164794385433197, "dpsidt": 0.09532728046178818, "rmse": 0.25590336322784424}