{"vy": 0.4376445710659027, "dpsidt": 0.22821199893951416, "rmse": 0.33292829990386963}