{"vy": 0.46995437145233154, "dpsidt": 0.2524549067020416, "rmse": 0.3612046241760254}