{"vy": 0.43523281812667847, "dpsidt": 0.16139668226242065, "rmse": 0.29831475019454956, "vy_": 0.13177339732646942, "dpsidt_": 0.01352878287434578, "rmse_": 0.07265108823776245, "vy_diff": 0.02206587605178356, "dpsidt_diff": 0.004814567044377327, "rmse_diff": 0.013440221548080444}