{"vy": 0.4382358491420746, "dpsidt": 0.15442630648612976, "rmse": 0.2963310778141022}