{"vy": 0.5256078243255615, "dpsidt": 0.10715441405773163, "rmse": 0.3163811266422272}