{"vy": 0.5137366652488708, "dpsidt": 0.16511772572994232, "rmse": 0.3394272029399872, "vy_": 0.15554161369800568, "dpsidt_": 0.01384069211781025, "rmse_": 0.08469115197658539, "vy_diff": 0.02206587605178356, "dpsidt_diff": 0.004814567044377327, "rmse_diff": 0.013440221548080444}