{"vy_time": [], "dpsidtrmse_time": [], "vy_0.05": 0.015378756448626518, "dpsidt_0.05": 0.002410407643765211, "rmse_0.05": 0.008894582279026508, "vy_1": 0.06468278914690018, "dpsidt_1": 0.005327933002263308, "rmse_1": 0.0350053608417511, "vy_2": 0.0909479558467865, "dpsidt_2": 0.007339589297771454, "rmse_2": 0.049143772572278976, "vy_3": 0.11199084669351578, "dpsidt_3": 0.00842023454606533, "rmse_3": 0.06020554155111313, "vy_4": 0.12451915442943573, "dpsidt_4": 0.008736608549952507, "rmse_4": 0.0666278824210167, "vy_5": 0.12600402534008026, "dpsidt_5": 0.008667164482176304, "rmse_5": 0.0673355981707573, "vy_6": 0.133339986205101, "dpsidt_6": 0.009011060930788517, "rmse_6": 0.07117552310228348, "vy_7": 0.1449766755104065, "dpsidt_7": 0.009042901918292046, "rmse_7": 0.07700978964567184, "vy_8": 0.1512816846370697, "dpsidt_8": 0.00914308987557888, "rmse_8": 0.08021238446235657, "vy_9": 0.15266011655330658, "dpsidt_9": 0.00930966529995203, "rmse_9": 0.08098489046096802, "vy_10": 0.1568903774023056, "dpsidt_10": 0.009277288801968098, "rmse_10": 0.08308383077383041}