{"vy": 0.46681857109069824, "dpsidt": 0.09924829751253128, "rmse": 0.28303343057632446}