{"vy": 0.46343836188316345, "dpsidt": 0.11243846267461777, "rmse": 0.2879384160041809}