{"vy": 0.4079715609550476, "dpsidt": 0.10238384455442429, "rmse": 0.25517770648002625, "vy_": 0.12351962924003601, "dpsidt_": 0.008582140319049358, "rmse_": 0.06605088710784912, "vy_diff": 0.02206587605178356, "dpsidt_diff": 0.004814567044377327, "rmse_diff": 0.013440221548080444}