{"vy_0.05": 0.015713457018136978, "vy_1": 0.053298529237508774, "vy_2": 0.07699573785066605, "vy_3": 0.10189025104045868, "vy_4": 0.11201483011245728, "vy_5": 0.11627090722322464, "vy_6": 0.12240622192621231, "vy_7": 0.13192227482795715, "vy_8": 0.1394692361354828, "vy_9": 0.14285369217395782, "vy_10": 0.14938846230506897, "dpsidt_0.05": 0.0022040267940610647, "dpsidt_1": 0.006684211548417807, "dpsidt_2": 0.01040883082896471, "dpsidt_3": 0.011777082458138466, "dpsidt_4": 0.012873947620391846, "dpsidt_5": 0.013098197057843208, "dpsidt_6": 0.01384129747748375, "dpsidt_7": 0.014320334419608116, "dpsidt_8": 0.014700472354888916, "dpsidt_9": 0.015191003680229187, "dpsidt_10": 0.01525811105966568, "rmse_0.05": 0.008958742022514343, "rmse_1": 0.02999136969447136, "rmse_2": 0.04370228573679924, "rmse_3": 0.056833665817976, "rmse_4": 0.06244438886642456, "rmse_5": 0.06468455493450165, "rmse_6": 0.06812375783920288, "rmse_7": 0.07312130182981491, "rmse_8": 0.07708485424518585, "rmse_9": 0.0790223479270935, "rmse_10": 0.08232328295707703}