{"vy": 0.43129920959472656, "dpsidt": 0.18835751712322235, "rmse": 0.30982837080955505, "vy_": 0.13058242201805115, "dpsidt_": 0.015788724645972252, "rmse_": 0.07318557053804398, "vy_diff": 0.02206587605178356, "dpsidt_diff": 0.004814567044377327, "rmse_diff": 0.013440221548080444}