{"vy": 1.026577115058899, "dpsidt": 0.3067217469215393, "rmse": 0.6666494607925415}