{"vy": 0.45826995372772217, "dpsidt": 0.12875978648662567, "rmse": 0.2935148775577545}