{"vy": 0.953655481338501, "dpsidt": 0.3394470512866974, "rmse": 0.646551251411438, "vy_": 0.2887337803840637, "dpsidt_": 0.02845352701842785, "rmse_": 0.15859365463256836, "vy_diff": 0.02206587605178356, "dpsidt_diff": 0.004814567044377327, "rmse_diff": 0.013440221548080444}