{"vy": 0.47004082798957825, "dpsidt": 0.19350583851337433, "rmse": 0.3317733407020569, "vy_": 0.14231204986572266, "dpsidt_": 0.016220273450016975, "rmse_": 0.07926616072654724, "vy_diff": 0.02206587605178356, "dpsidt_diff": 0.004814567044377327, "rmse_diff": 0.013440221548080444}