{"vy": 0.40169477462768555, "dpsidt": 0.11298030614852905, "rmse": 0.2573375403881073, "vy_": 0.12161922454833984, "dpsidt_": 0.00947036873549223, "rmse_": 0.06554479897022247, "vy_diff": 0.02206587605178356, "dpsidt_diff": 0.004814567044377327, "rmse_diff": 0.013440221548080444}