{"vy": 0.4574747383594513, "dpsidt": 0.20008935034275055, "rmse": 0.3287820518016815, "vy_": 0.13850745558738708, "dpsidt_": 0.01677212491631508, "rmse_": 0.07763978838920593, "vy_diff": 0.02206587605178356, "dpsidt_diff": 0.004814567044377327, "rmse_diff": 0.013440221548080444}