{"vy": 0.45826831459999084, "dpsidt": 0.14739613234996796, "rmse": 0.3028322160243988}