{"vy": 0.38398128747940063, "dpsidt": 0.13637973368167877, "rmse": 0.2601805031299591}