{"vy": 0.5655741095542908, "dpsidt": 0.14774933457374573, "rmse": 0.35666173696517944, "vy_": 0.17123621702194214, "dpsidt_": 0.01238481979817152, "rmse_": 0.09181051701307297, "vy_diff": 0.02206587605178356, "dpsidt_diff": 0.004814567044377327, "rmse_diff": 0.013440221548080444}