{"vy": 0.47011032700538635, "dpsidt": 0.25440695881843567, "rmse": 0.362258642911911}