{"vy": 0.5713970065116882, "dpsidt": 0.2728603482246399, "rmse": 0.42212867736816406, "vy_": 0.17299918830394745, "dpsidt_": 0.022872019559144974, "rmse_": 0.09793560206890106, "vy_diff": 0.02206587605178356, "dpsidt_diff": 0.004814567044377327, "rmse_diff": 0.013440221548080444}