{"vy": 0.4885523021221161, "dpsidt": 0.28395137190818787, "rmse": 0.386251837015152}