{"vy": 0.46241259574890137, "dpsidt": 0.09450460225343704, "rmse": 0.2784585952758789}