{"vy": 0.47826188802719116, "dpsidt": 0.1504129022359848, "rmse": 0.3143374025821686}