{"vy": 0.401383638381958, "dpsidt": 0.17141641676425934, "rmse": 0.2864000201225281}