{"vy": 0.6231120824813843, "dpsidt": 0.3512468636035919, "rmse": 0.4871794581413269}