{"vy_time": [], "dpsidtrmse_time": [], "vy_0.05": 0.01602756977081299, "dpsidt_0.05": 0.0025251866318285465, "rmse_0.05": 0.009276377968490124, "vy_1": 0.053819507360458374, "dpsidt_1": 0.007824846543371677, "rmse_1": 0.03082217648625374, "vy_2": 0.07914737612009048, "dpsidt_2": 0.009890669025480747, "rmse_2": 0.04451902210712433, "vy_3": 0.09737950563430786, "dpsidt_3": 0.01042135525494814, "rmse_3": 0.05390043184161186, "vy_4": 0.10676131397485733, "dpsidt_4": 0.010813380591571331, "rmse_4": 0.05878734588623047, "vy_5": 0.10996963828802109, "dpsidt_5": 0.010805138386785984, "rmse_5": 0.06038738787174225, "vy_6": 0.11520907282829285, "dpsidt_6": 0.011477462016046047, "rmse_6": 0.06334326416254044, "vy_7": 0.12639735639095306, "dpsidt_7": 0.011736983433365822, "rmse_7": 0.06906717270612717, "vy_8": 0.1325761079788208, "dpsidt_8": 0.012023775838315487, "rmse_8": 0.07229994237422943, "vy_9": 0.13464045524597168, "dpsidt_9": 0.012403110973536968, "rmse_9": 0.07352178543806076, "vy_10": 0.14006578922271729, "dpsidt_10": 0.012444754131138325, "rmse_10": 0.07625526934862137}