{"vy": 0.4710301458835602, "dpsidt": 0.2173730731010437, "rmse": 0.34420162439346313}