{"vy_0.05": 0.015827229246497154, "vy_1": 0.05598162114620209, "vy_2": 0.08719968795776367, "vy_3": 0.11698894202709198, "vy_4": 0.1294853240251541, "vy_5": 0.1361507624387741, "vy_6": 0.13995300233364105, "vy_7": 0.15214067697525024, "vy_8": 0.16130484640598297, "vy_9": 0.1655329465866089, "vy_10": 0.17301703989505768, "dpsidt_0.05": 0.002156069502234459, "dpsidt_1": 0.005395807325839996, "dpsidt_2": 0.007792273536324501, "dpsidt_3": 0.009367221966385841, "dpsidt_4": 0.010277529247105122, "dpsidt_5": 0.010358724743127823, "dpsidt_6": 0.010964490473270416, "dpsidt_7": 0.011037388816475868, "dpsidt_8": 0.011298246681690216, "dpsidt_9": 0.011647642590105534, "dpsidt_10": 0.011762019246816635, "rmse_0.05": 0.008991649374365807, "rmse_1": 0.030688714236021042, "rmse_2": 0.04749597981572151, "rmse_3": 0.06317808479070663, "rmse_4": 0.06988142430782318, "rmse_5": 0.07325474172830582, "rmse_6": 0.07545875012874603, "rmse_7": 0.08158903568983078, "rmse_8": 0.08630155026912689, "rmse_9": 0.08859029412269592, "rmse_10": 0.0923895314335823}