{"vy": 0.4638456702232361, "dpsidt": 0.2140185534954071, "rmse": 0.3389320969581604}