{"vy": 0.4824322462081909, "dpsidt": 0.2339630126953125, "rmse": 0.3581976294517517}