{"vy": 0.4288261830806732, "dpsidt": 0.09552926570177078, "rmse": 0.2621777355670929}