{"vy": 0.7396573424339294, "dpsidt": 0.2508189380168915, "rmse": 0.49523812532424927, "vy_": 0.2239425629377365, "dpsidt_": 0.021024439483880997, "rmse_": 0.1224834993481636, "vy_diff": 0.02206587605178356, "dpsidt_diff": 0.004814567044377327, "rmse_diff": 0.013440221548080444}