{"vy": 0.4970371723175049, "dpsidt": 0.251505047082901, "rmse": 0.37427109479904175}