{"vy": 0.39379292726516724, "dpsidt": 0.10427938401699066, "rmse": 0.24903616309165955}