{"vy": 0.4509648084640503, "dpsidt": 0.11539102345705032, "rmse": 0.28317791223526}