{"vy": 0.39117470383644104, "dpsidt": 0.1281994730234146, "rmse": 0.2596870958805084}