{"vy": 0.44312572479248047, "dpsidt": 0.21245232224464417, "rmse": 0.3277890086174011}