{"vy_0.05": 0.01592857763171196, "vy_1": 0.05786431208252907, "vy_2": 0.082982636988163, "vy_3": 0.10280679911375046, "vy_4": 0.11088120937347412, "vy_5": 0.11533325910568237, "vy_6": 0.11889123916625977, "vy_7": 0.13057303428649902, "vy_8": 0.13712403178215027, "vy_9": 0.13953791558742523, "vy_10": 0.1452062427997589, "dpsidt_0.05": 0.0021224890369921923, "dpsidt_1": 0.005314176436513662, "dpsidt_2": 0.007892460562288761, "dpsidt_3": 0.009053504094481468, "dpsidt_4": 0.009602676145732403, "dpsidt_5": 0.009629718028008938, "dpsidt_6": 0.010157340206205845, "dpsidt_7": 0.010281635448336601, "dpsidt_8": 0.010440953075885773, "dpsidt_9": 0.01069569494575262, "dpsidt_10": 0.010714917443692684, "rmse_0.05": 0.009025533683598042, "rmse_1": 0.031589243561029434, "rmse_2": 0.04543754830956459, "rmse_3": 0.05593015253543854, "rmse_4": 0.0602419413626194, "rmse_5": 0.06248148903250694, "rmse_6": 0.06452429294586182, "rmse_7": 0.07042733579874039, "rmse_8": 0.07378248870372772, "rmse_9": 0.07511680573225021, "rmse_10": 0.07796058058738708}