{"vy": 0.3984766900539398, "dpsidt": 0.10821160674095154, "rmse": 0.2533441483974457}