{"vy_0.05": 0.01670185662806034, "vy_1": 0.05617019161581993, "vy_2": 0.07810401916503906, "vy_3": 0.09918606281280518, "vy_4": 0.10282403230667114, "vy_5": 0.10840459167957306, "vy_6": 0.11234677582979202, "vy_7": 0.1232139840722084, "vy_8": 0.130009263753891, "vy_9": 0.1321478933095932, "vy_10": 0.13809749484062195, "dpsidt_0.05": 0.0023474006447941065, "dpsidt_1": 0.006095580756664276, "dpsidt_2": 0.007735054008662701, "dpsidt_3": 0.008573352359235287, "dpsidt_4": 0.009070751257240772, "dpsidt_5": 0.009087757207453251, "dpsidt_6": 0.00971296988427639, "dpsidt_7": 0.009798123501241207, "dpsidt_8": 0.010048843920230865, "dpsidt_9": 0.01037412229925394, "dpsidt_10": 0.010447990149259567, "rmse_0.05": 0.009524628520011902, "rmse_1": 0.031132886186242104, "rmse_2": 0.04291953518986702, "rmse_3": 0.05387970805168152, "rmse_4": 0.05594739317893982, "rmse_5": 0.05874617397785187, "rmse_6": 0.06102987378835678, "rmse_7": 0.0665060505270958, "rmse_8": 0.07002905011177063, "rmse_9": 0.07126101106405258, "rmse_10": 0.07427274435758591}