{"vy": 0.7615948915481567, "dpsidt": 0.32350847125053406, "rmse": 0.5425516963005066}