{"vy": 0.46087539196014404, "dpsidt": 0.11266785115003586, "rmse": 0.28677162528038025}