{"vy": 0.4375355839729309, "dpsidt": 0.2466493844985962, "rmse": 0.34209248423576355}