{"vy_time": [], "dpsidtrmse_time": [], "vy_0.05": 0.016076313331723213, "dpsidt_0.05": 0.0023081752005964518, "rmse_0.05": 0.00919224414974451, "vy_1": 0.06564749032258987, "dpsidt_1": 0.007569110486656427, "rmse_1": 0.03660830110311508, "vy_2": 0.09246964007616043, "dpsidt_2": 0.01222225185483694, "rmse_2": 0.05234594643115997, "vy_3": 0.11857647448778152, "dpsidt_3": 0.01382854301482439, "rmse_3": 0.06620250642299652, "vy_4": 0.13366356492042542, "dpsidt_4": 0.01578143984079361, "rmse_4": 0.07472249865531921, "vy_5": 0.1427217572927475, "dpsidt_5": 0.016565602272748947, "rmse_5": 0.07964368164539337, "vy_6": 0.15625207126140594, "dpsidt_6": 0.01750342734158039, "rmse_6": 0.0868777483701706, "vy_7": 0.16862346231937408, "dpsidt_7": 0.0183958001434803, "rmse_7": 0.09350962936878204, "vy_8": 0.1817995309829712, "dpsidt_8": 0.01914457231760025, "rmse_8": 0.10047204792499542, "vy_9": 0.18822650611400604, "dpsidt_9": 0.020151980221271515, "rmse_9": 0.10418924689292908, "vy_10": 0.1943260133266449, "dpsidt_10": 0.02039913833141327, "rmse_10": 0.10736257582902908}