{"vy": 0.4050614535808563, "dpsidt": 0.17067930102348328, "rmse": 0.2878703773021698}