{"vy": 0.5021002888679504, "dpsidt": 0.1267668604850769, "rmse": 0.31443357467651367}