{"vy": 0.4846317172050476, "dpsidt": 0.1331820785999298, "rmse": 0.3089069128036499}