{"vy": 0.4031846821308136, "dpsidt": 0.123741015791893, "rmse": 0.2634628415107727}