{"vy": 0.5527327060699463, "dpsidt": 0.1086152046918869, "rmse": 0.3306739628314972, "vy_": 0.16734826564788818, "dpsidt_": 0.009104471653699875, "rmse_": 0.08822637051343918, "vy_diff": 0.02206587605178356, "dpsidt_diff": 0.004814567044377327, "rmse_diff": 0.013440221548080444}