{"vy": 0.38950812816619873, "dpsidt": 0.08703690767288208, "rmse": 0.2382725179195404}