{"vy": 0.4637066423892975, "dpsidt": 0.19595783948898315, "rmse": 0.3298322558403015, "vy_": 0.14039427042007446, "dpsidt_": 0.016425808891654015, "rmse_": 0.07841003686189651, "vy_diff": 0.02206587605178356, "dpsidt_diff": 0.004814567044377327, "rmse_diff": 0.013440221548080444}