{"vy": 0.41409415006637573, "dpsidt": 0.17607693374156952, "rmse": 0.2950855493545532}