{"vy_time": [], "dpsidtrmse_time": [], "vy_0.05": 0.016654403880238533, "dpsidt_0.05": 0.0021766808349639177, "rmse_0.05": 0.00941554270684719, "vy_1": 0.06456710398197174, "dpsidt_1": 0.005355436354875565, "rmse_1": 0.0349612683057785, "vy_2": 0.08856049925088882, "dpsidt_2": 0.007675458677113056, "rmse_2": 0.0481179803609848, "vy_3": 0.11033432930707932, "dpsidt_3": 0.009179220534861088, "rmse_3": 0.059756774455308914, "vy_4": 0.11158065497875214, "dpsidt_4": 0.00991628784686327, "rmse_4": 0.060748472809791565, "vy_5": 0.12235258519649506, "dpsidt_5": 0.009863084182143211, "rmse_5": 0.06610783189535141, "vy_6": 0.12820599973201752, "dpsidt_6": 0.010473968461155891, "rmse_6": 0.06933998316526413, "vy_7": 0.13937894999980927, "dpsidt_7": 0.010530385188758373, "rmse_7": 0.07495466619729996, "vy_8": 0.1473558396100998, "dpsidt_8": 0.010779018513858318, "rmse_8": 0.07906743139028549, "vy_9": 0.15099529922008514, "dpsidt_9": 0.011078711599111557, "rmse_9": 0.0810370072722435, "vy_10": 0.1585134118795395, "dpsidt_10": 0.011161264032125473, "rmse_10": 0.08483733981847763}