{"vy": 0.4845820963382721, "dpsidt": 0.24517658352851868, "rmse": 0.3648793399333954}