{"vy": 0.4767919182777405, "dpsidt": 0.08980070054531097, "rmse": 0.2832963168621063}