{"vy": 0.3886725902557373, "dpsidt": 0.14227211475372314, "rmse": 0.2654723525047302}