{"vy": 0.44565311074256897, "dpsidt": 0.08834585547447205, "rmse": 0.2669994831085205, "vy_": 0.13492830097675323, "dpsidt_": 0.007405431009829044, "rmse_": 0.07116686552762985, "vy_diff": 0.02206587605178356, "dpsidt_diff": 0.004814567044377327, "rmse_diff": 0.013440221548080444}