{"vy": 0.37525689601898193, "dpsidt": 0.09462922066450119, "rmse": 0.23494306206703186}