{"vy": 0.4064352810382843, "dpsidt": 0.12102692574262619, "rmse": 0.26373109221458435}