{"vy": 0.5387155413627625, "dpsidt": 0.19487327337265015, "rmse": 0.3667944073677063}