{"vy": 0.4466400742530823, "dpsidt": 0.13454565405845642, "rmse": 0.29059284925460815}