{"vy": 0.4041319787502289, "dpsidt": 0.16615326702594757, "rmse": 0.2851426303386688}