{"vy": 0.8371740579605103, "dpsidt": 0.40627598762512207, "rmse": 0.6217250227928162}