{"vy_0.05": 0.01622329093515873, "vy_1": 0.05388693884015083, "vy_2": 0.0741388201713562, "vy_3": 0.08776894956827164, "vy_4": 0.09170328080654144, "vy_5": 0.0945548489689827, "vy_6": 0.09843778610229492, "vy_7": 0.10894757509231567, "vy_8": 0.11402501910924911, "vy_9": 0.11543985456228256, "vy_10": 0.1200578436255455, "dpsidt_0.05": 0.0021685475949198008, "dpsidt_1": 0.004967415239661932, "dpsidt_2": 0.006920894142240286, "dpsidt_3": 0.0077727921307086945, "dpsidt_4": 0.008026066236197948, "dpsidt_5": 0.007973000407218933, "dpsidt_6": 0.008322736248373985, "dpsidt_7": 0.008329895325005054, "dpsidt_8": 0.008409210480749607, "dpsidt_9": 0.00859829131513834, "dpsidt_10": 0.00856374204158783, "rmse_0.05": 0.009195919148623943, "rmse_1": 0.02942717634141445, "rmse_2": 0.04052985832095146, "rmse_3": 0.047770872712135315, "rmse_4": 0.049864672124385834, "rmse_5": 0.051263924688100815, "rmse_6": 0.05338026210665703, "rmse_7": 0.058638736605644226, "rmse_8": 0.061217114329338074, "rmse_9": 0.062019072473049164, "rmse_10": 0.06431078910827637}