{"vy_time": [], "dpsidtrmse_time": [], "vy_0.05": 0.01607973501086235, "dpsidt_0.05": 0.002378997392952442, "rmse_0.05": 0.009229365736246109, "vy_1": 0.05438673496246338, "dpsidt_1": 0.007780230138450861, "rmse_1": 0.03108348324894905, "vy_2": 0.07946725189685822, "dpsidt_2": 0.010463069193065166, "rmse_2": 0.04496515914797783, "vy_3": 0.10395457595586777, "dpsidt_3": 0.011458203196525574, "rmse_3": 0.05770638957619667, "vy_4": 0.11825910210609436, "dpsidt_4": 0.012611235491931438, "rmse_4": 0.06543517112731934, "vy_5": 0.12277063727378845, "dpsidt_5": 0.012776529416441917, "rmse_5": 0.06777358055114746, "vy_6": 0.1295311599969864, "dpsidt_6": 0.013608942739665508, "rmse_6": 0.07157005369663239, "vy_7": 0.1400528848171234, "dpsidt_7": 0.013965487480163574, "rmse_7": 0.0770091861486435, "vy_8": 0.1476432979106903, "dpsidt_8": 0.014401135966181755, "rmse_8": 0.0810222178697586, "vy_9": 0.15144699811935425, "dpsidt_9": 0.01495980191975832, "rmse_9": 0.08320339769124985, "vy_10": 0.15801465511322021, "dpsidt_10": 0.015114814974367619, "rmse_10": 0.08656473457813263}