{"vy_time": [], "dpsidtrmse_time": [], "vy_0.05": 0.014993841759860516, "dpsidt_0.05": 0.0023336773738265038, "rmse_0.05": 0.00866375956684351, "vy_1": 0.061720915138721466, "dpsidt_1": 0.006232695188373327, "rmse_1": 0.033976804465055466, "vy_2": 0.09049853682518005, "dpsidt_2": 0.010229562409222126, "rmse_2": 0.05036405101418495, "vy_3": 0.11267918348312378, "dpsidt_3": 0.01168696116656065, "rmse_3": 0.06218307092785835, "vy_4": 0.12802451848983765, "dpsidt_4": 0.0121668241918087, "rmse_4": 0.07009567320346832, "vy_5": 0.1307138353586197, "dpsidt_5": 0.01236017607152462, "rmse_5": 0.07153700292110443, "vy_6": 0.13763178884983063, "dpsidt_6": 0.01295772846788168, "rmse_6": 0.07529475539922714, "vy_7": 0.14982186257839203, "dpsidt_7": 0.013469831086695194, "rmse_7": 0.08164584636688232, "vy_8": 0.15658855438232422, "dpsidt_8": 0.013677692040801048, "rmse_8": 0.08513312041759491, "vy_9": 0.15844301879405975, "dpsidt_9": 0.01398463360965252, "rmse_9": 0.08621382713317871, "vy_10": 0.16320787370204926, "dpsidt_10": 0.013971813023090363, "rmse_10": 0.08858984708786011}