{"vy": 0.666752278804779, "dpsidt": 0.10285203903913498, "rmse": 0.3848021626472473}