{"vy": 0.4153400957584381, "dpsidt": 0.08151397854089737, "rmse": 0.24842703342437744}