{"vy": 0.5394719243049622, "dpsidt": 0.18754146993160248, "rmse": 0.3635067045688629}