{"vy": 0.42587554454803467, "dpsidt": 0.10156698524951935, "rmse": 0.2637212574481964, "vy_": 0.12894034385681152, "dpsidt_": 0.008513668552041054, "rmse_": 0.06872700899839401, "vy_diff": 0.02206587605178356, "dpsidt_diff": 0.004814567044377327, "rmse_diff": 0.013440221548080444}