{"vy": 0.43231481313705444, "dpsidt": 0.19531339406967163, "rmse": 0.31381410360336304, "vy_": 0.1308899223804474, "dpsidt_": 0.016371790319681168, "rmse_": 0.07363085448741913, "vy_diff": 0.02206587605178356, "dpsidt_diff": 0.004814567044377327, "rmse_diff": 0.013440221548080444}