{"vy": 0.4198163151741028, "dpsidt": 0.1260928362607956, "rmse": 0.2729545831680298}