{"vy": 1.3018436431884766, "dpsidt": 0.47896990180015564, "rmse": 0.8904067873954773, "vy_": 0.39415305852890015, "dpsidt_": 0.0401487797498703, "rmse_": 0.21715092658996582, "vy_diff": 0.02206587605178356, "dpsidt_diff": 0.004814567044377327, "rmse_diff": 0.013440221548080444}