{"vy": 0.4655373692512512, "dpsidt": 0.14587095379829407, "rmse": 0.30570417642593384}