{"vy_0.05": 0.015017920173704624, "vy_1": 0.05174604058265686, "vy_2": 0.07568805664777756, "vy_3": 0.10384096205234528, "vy_4": 0.11135812103748322, "vy_5": 0.11565352976322174, "vy_6": 0.12167723476886749, "vy_7": 0.1307760328054428, "vy_8": 0.13805487751960754, "vy_9": 0.14119331538677216, "vy_10": 0.14781251549720764, "dpsidt_0.05": 0.0023357016034424305, "dpsidt_1": 0.006919716019183397, "dpsidt_2": 0.010363616980612278, "dpsidt_3": 0.01167314127087593, "dpsidt_4": 0.012975232675671577, "dpsidt_5": 0.013298198580741882, "dpsidt_6": 0.01398355420678854, "dpsidt_7": 0.014387009665369987, "dpsidt_8": 0.014680303633213043, "dpsidt_9": 0.015164937824010849, "dpsidt_10": 0.0152271818369627, "rmse_0.05": 0.008676811121404171, "rmse_1": 0.029332878068089485, "rmse_2": 0.04302583634853363, "rmse_3": 0.057757049798965454, "rmse_4": 0.06216667592525482, "rmse_5": 0.06447586417198181, "rmse_6": 0.067830391228199, "rmse_7": 0.07258152216672897, "rmse_8": 0.07636758685112, "rmse_9": 0.07817912846803665, "rmse_10": 0.08151984959840775}