{"vy": 0.47868773341178894, "dpsidt": 0.10876661539077759, "rmse": 0.29372715950012207, "vy_": 0.14493001997470856, "dpsidt_": 0.00911716464906931, "rmse_": 0.07702359557151794, "vy_diff": 0.02206587605178356, "dpsidt_diff": 0.004814567044377327, "rmse_diff": 0.013440221548080444}