{"vy": 0.45670080184936523, "dpsidt": 0.14674469828605652, "rmse": 0.30172276496887207}