{"vy": 0.40842461585998535, "dpsidt": 0.13438823819160461, "rmse": 0.2714064121246338, "vy_": 0.12365681678056717, "dpsidt_": 0.011264849454164505, "rmse_": 0.06746083498001099, "vy_diff": 0.02206587605178356, "dpsidt_diff": 0.004814567044377327, "rmse_diff": 0.013440221548080444}