{"vy_time": [], "dpsidtrmse_time": [], "vy_0.05": 0.017526889219880104, "dpsidt_0.05": 0.002409466542303562, "rmse_0.05": 0.00996817834675312, "vy_1": 0.05511121824383736, "dpsidt_1": 0.005642142612487078, "rmse_1": 0.030376680195331573, "vy_2": 0.07484406232833862, "dpsidt_2": 0.007835349068045616, "rmse_2": 0.041339706629514694, "vy_3": 0.09112976491451263, "dpsidt_3": 0.009027613326907158, "rmse_3": 0.05007869005203247, "vy_4": 0.09507320821285248, "dpsidt_4": 0.009009907953441143, "rmse_4": 0.05204155668616295, "vy_5": 0.10127761214971542, "dpsidt_5": 0.008868023753166199, "rmse_5": 0.05507281795144081, "vy_6": 0.10381738096475601, "dpsidt_6": 0.009123974479734898, "rmse_6": 0.05647067725658417, "vy_7": 0.11456241458654404, "dpsidt_7": 0.009346230886876583, "rmse_7": 0.0619543232023716, "vy_8": 0.12156129628419876, "dpsidt_8": 0.009468436241149902, "rmse_8": 0.06551486253738403, "vy_9": 0.12358594685792923, "dpsidt_9": 0.009525861591100693, "rmse_9": 0.06655590236186981, "vy_10": 0.12935799360275269, "dpsidt_10": 0.009436971507966518, "rmse_10": 0.06939747929573059}