{"vy": 0.40740323066711426, "dpsidt": 0.11511266231536865, "rmse": 0.26125794649124146, "vy_": 0.12334755808115005, "dpsidt_": 0.009649110026657581, "rmse_": 0.06649833172559738, "vy_diff": 0.02206587605178356, "dpsidt_diff": 0.004814567044377327, "rmse_diff": 0.013440221548080444}