{"vy": 0.5649047493934631, "dpsidt": 0.27860698103904724, "rmse": 0.421755850315094}