{"vy_0.05": 0.016412129625678062, "vy_1": 0.05945231020450592, "vy_2": 0.08037248253822327, "vy_3": 0.10423650592565536, "vy_4": 0.10946745425462723, "vy_5": 0.11662495881319046, "vy_6": 0.12445519119501114, "vy_7": 0.1340799331665039, "vy_8": 0.14193573594093323, "vy_9": 0.14551809430122375, "vy_10": 0.1527119129896164, "dpsidt_0.05": 0.002226390643045306, "dpsidt_1": 0.006435742136090994, "dpsidt_2": 0.009911325760185719, "dpsidt_3": 0.011141818016767502, "dpsidt_4": 0.012206552550196648, "dpsidt_5": 0.012451362796127796, "dpsidt_6": 0.013288729824125767, "dpsidt_7": 0.013799214735627174, "dpsidt_8": 0.014238856732845306, "dpsidt_9": 0.01479701790958643, "dpsidt_10": 0.014903037808835506, "rmse_0.05": 0.009319259785115719, "rmse_1": 0.032944027334451675, "rmse_2": 0.045141905546188354, "rmse_3": 0.057689160108566284, "rmse_4": 0.06083700433373451, "rmse_5": 0.06453815847635269, "rmse_6": 0.06887196004390717, "rmse_7": 0.07393957674503326, "rmse_8": 0.07808730006217957, "rmse_9": 0.0801575556397438, "rmse_10": 0.08380747586488724}