{"vy": 0.4332340955734253, "dpsidt": 0.20385491847991943, "rmse": 0.31854450702667236, "vy_": 0.13116823136806488, "dpsidt_": 0.017087768763303757, "rmse_": 0.07412800192832947, "vy_diff": 0.02206587605178356, "dpsidt_diff": 0.004814567044377327, "rmse_diff": 0.013440221548080444}