{"vy": 0.4425649344921112, "dpsidt": 0.16099055111408234, "rmse": 0.30177775025367737}