{"vy": 0.46915581822395325, "dpsidt": 0.2198323905467987, "rmse": 0.344494104385376}