{"vy": 0.568110466003418, "dpsidt": 0.10887378454208374, "rmse": 0.33849212527275085}