{"vy": 0.44321587681770325, "dpsidt": 0.16177134215831757, "rmse": 0.3024936020374298}