{"vy": 0.42276492714881897, "dpsidt": 0.1935705691576004, "rmse": 0.3081677556037903, "vy_": 0.12799853086471558, "dpsidt_": 0.016225703060626984, "rmse_": 0.07211211323738098, "vy_diff": 0.02206587605178356, "dpsidt_diff": 0.004814567044377327, "rmse_diff": 0.013440221548080444}