{"vy": 0.5066432356834412, "dpsidt": 0.28121256828308105, "rmse": 0.3939279019832611}