{"vy": 0.40567275881767273, "dpsidt": 0.16725580394268036, "rmse": 0.28646427392959595, "vy_": 0.12282363325357437, "dpsidt_": 0.014019913971424103, "rmse_": 0.06842177361249924, "vy_diff": 0.02206587605178356, "dpsidt_diff": 0.004814567044377327, "rmse_diff": 0.013440221548080444}