{"vy": 0.47514107823371887, "dpsidt": 0.21066030859947205, "rmse": 0.34290069341659546, "vy_": 0.1438562422990799, "dpsidt_": 0.017658216878771782, "rmse_": 0.08075723052024841, "vy_diff": 0.02206587605178356, "dpsidt_diff": 0.004814567044377327, "rmse_diff": 0.013440221548080444}