{"vy": 0.5215031504631042, "dpsidt": 0.1624167561531067, "rmse": 0.34195995330810547, "vy_": 0.15789304673671722, "dpsidt_": 0.013614288531243801, "rmse_": 0.0857536643743515, "vy_diff": 0.02206587605178356, "dpsidt_diff": 0.004814567044377327, "rmse_diff": 0.013440221548080444}