{"vy": 0.4781442880630493, "dpsidt": 0.22782382369041443, "rmse": 0.35298407077789307}