{"vy": 0.468743234872818, "dpsidt": 0.18551583588123322, "rmse": 0.3271295428276062, "vy_": 0.14191918075084686, "dpsidt_": 0.015550528652966022, "rmse_": 0.0787348523736, "vy_diff": 0.02206587605178356, "dpsidt_diff": 0.004814567044377327, "rmse_diff": 0.013440221548080444}