{"vy": 0.4091569483280182, "dpsidt": 0.0835476815700531, "rmse": 0.24635231494903564}