{"vy": 0.46614086627960205, "dpsidt": 0.1650467962026596, "rmse": 0.3155938386917114}