{"vy": 1.5369418859481812, "dpsidt": 0.47485285997390747, "rmse": 1.0058974027633667}