{"vy": 0.4217430055141449, "dpsidt": 0.11544091254472733, "rmse": 0.268591970205307}