{"vy": 0.6172832250595093, "dpsidt": 0.3236946165561676, "rmse": 0.47048890590667725}