{"vy": 0.5203867554664612, "dpsidt": 0.17017488181591034, "rmse": 0.34528082609176636}