{"vy": 0.45248547196388245, "dpsidt": 0.11567549407482147, "rmse": 0.28408047556877136, "vy_": 0.13699689507484436, "dpsidt_": 0.009696288034319878, "rmse_": 0.0733465924859047, "vy_diff": 0.02206587605178356, "dpsidt_diff": 0.004814567044377327, "rmse_diff": 0.013440221548080444}