{"vy_time": [], "dpsidtrmse_time": [], "vy_0.05": 0.016144482418894768, "dpsidt_0.05": 0.002286720322445035, "rmse_0.05": 0.009215601719915867, "vy_1": 0.07090948522090912, "dpsidt_1": 0.007418759632855654, "rmse_1": 0.03916412219405174, "vy_2": 0.10643573105335236, "dpsidt_2": 0.012067248113453388, "rmse_2": 0.059251490980386734, "vy_3": 0.1600438356399536, "dpsidt_3": 0.015529492869973183, "rmse_3": 0.08778666704893112, "vy_4": 0.1857168823480606, "dpsidt_4": 0.01939004473388195, "rmse_4": 0.10255346447229385, "vy_5": 0.18694032728672028, "dpsidt_5": 0.019872089847922325, "rmse_5": 0.10340620577335358, "vy_6": 0.19148993492126465, "dpsidt_6": 0.020187217742204666, "rmse_6": 0.10583857446908951, "vy_7": 0.20503327250480652, "dpsidt_7": 0.02055535838007927, "rmse_7": 0.11279431730508804, "vy_8": 0.22220787405967712, "dpsidt_8": 0.02162892557680607, "rmse_8": 0.12191840261220932, "vy_9": 0.22761031985282898, "dpsidt_9": 0.022577455267310143, "rmse_9": 0.12509389221668243, "vy_10": 0.233791783452034, "dpsidt_10": 0.022572405636310577, "rmse_10": 0.12818209826946259}