{"vy": 0.7882449626922607, "dpsidt": 0.29389750957489014, "rmse": 0.5410712361335754}