{"vy": 0.5293909311294556, "dpsidt": 0.08903716504573822, "rmse": 0.3092140555381775}