{"vy": 0.5976316928863525, "dpsidt": 0.088363416492939, "rmse": 0.34299755096435547, "vy_": 0.1809421330690384, "dpsidt_": 0.007406902499496937, "rmse_": 0.09417451918125153, "vy_diff": 0.02206587605178356, "dpsidt_diff": 0.004814567044377327, "rmse_diff": 0.013440221548080444}