{"vy": 0.38889995217323303, "dpsidt": 0.12081215530633926, "rmse": 0.25485605001449585}