{"vy_time": [], "dpsidtrmse_time": [], "vy_0.05": 0.016798095777630806, "dpsidt_0.05": 0.002320515224710107, "rmse_0.05": 0.009559305384755135, "vy_1": 0.05813094601035118, "dpsidt_1": 0.006984044332057238, "rmse_1": 0.032557494938373566, "vy_2": 0.07637037336826324, "dpsidt_2": 0.009627711959183216, "rmse_2": 0.04299904406070709, "vy_3": 0.09156281501054764, "dpsidt_3": 0.010336692444980145, "rmse_3": 0.05094975233078003, "vy_4": 0.09551316499710083, "dpsidt_4": 0.01108812727034092, "rmse_4": 0.0533006452023983, "vy_5": 0.10205181688070297, "dpsidt_5": 0.011180254630744457, "rmse_5": 0.05661603435873985, "vy_6": 0.10881752520799637, "dpsidt_6": 0.012013334780931473, "rmse_6": 0.06041543185710907, "vy_7": 0.1181156188249588, "dpsidt_7": 0.012300077825784683, "rmse_7": 0.06520784646272659, "vy_8": 0.12488863617181778, "dpsidt_8": 0.012686071917414665, "rmse_8": 0.0687873512506485, "vy_9": 0.12756428122520447, "dpsidt_9": 0.013199526816606522, "rmse_9": 0.07038190215826035, "vy_10": 0.133307546377182, "dpsidt_10": 0.013295630924403667, "rmse_10": 0.07330159097909927}