{"vy": 0.45474597811698914, "dpsidt": 0.11993478983640671, "rmse": 0.287340372800827}