{"vy": 0.5362705588340759, "dpsidt": 0.2371986359357834, "rmse": 0.38673460483551025}