{"vy": 0.7124536633491516, "dpsidt": 0.24451127648353577, "rmse": 0.4784824848175049}