{"vy": 0.4470738172531128, "dpsidt": 0.08491255342960358, "rmse": 0.2659931778907776}