{"vy": 0.42490872740745544, "dpsidt": 0.19431084394454956, "rmse": 0.3096097707748413}