{"vy": 0.38259872794151306, "dpsidt": 0.10511668771505356, "rmse": 0.2438577115535736, "vy_": 0.11583761870861053, "dpsidt_": 0.008811214938759804, "rmse_": 0.062324415892362595, "vy_diff": 0.02206587605178356, "dpsidt_diff": 0.004814567044377327, "rmse_diff": 0.013440221548080444}