{"vy": 0.5290119647979736, "dpsidt": 0.11363811790943146, "rmse": 0.32132503390312195}