{"vy": 0.3865857422351837, "dpsidt": 0.09343380481004715, "rmse": 0.24000976979732513, "vy_": 0.11704472452402115, "dpsidt_": 0.007831919007003307, "rmse_": 0.062438320368528366, "vy_diff": 0.02206587605178356, "dpsidt_diff": 0.004814567044377327, "rmse_diff": 0.013440221548080444}