{"vy": 0.43581873178482056, "dpsidt": 0.18498098850250244, "rmse": 0.3103998601436615, "vy_": 0.13195078074932098, "dpsidt_": 0.015505695715546608, "rmse_": 0.07372824102640152, "vy_diff": 0.02206587605178356, "dpsidt_diff": 0.004814567044377327, "rmse_diff": 0.013440221548080444}