{"vy": 0.4358336925506592, "dpsidt": 0.13990716636180878, "rmse": 0.2878704369068146}