{"vy": 0.36783093214035034, "dpsidt": 0.11736437678337097, "rmse": 0.24259765446186066}