{"vy": 0.4284767806529999, "dpsidt": 0.08246627449989319, "rmse": 0.25547152757644653}