{"vy": 0.7142305970191956, "dpsidt": 0.2815960645675659, "rmse": 0.49791333079338074}