{"vy": 0.4630334675312042, "dpsidt": 0.0928913801908493, "rmse": 0.27796241641044617, "vy_": 0.14019045233726501, "dpsidt_": 0.007786450907588005, "rmse_": 0.07398845255374908, "vy_diff": 0.02206587605178356, "dpsidt_diff": 0.004814567044377327, "rmse_diff": 0.013440221548080444}