{"vy_0.05": 0.01568460837006569, "vy_1": 0.05790001526474953, "vy_2": 0.07863587141036987, "vy_3": 0.09555646777153015, "vy_4": 0.10048238188028336, "vy_5": 0.10679075866937637, "vy_6": 0.11570712924003601, "vy_7": 0.12478425353765488, "vy_8": 0.13212411105632782, "vy_9": 0.1356038898229599, "vy_10": 0.14120636880397797, "dpsidt_0.05": 0.002257020678371191, "dpsidt_1": 0.006622794084250927, "dpsidt_2": 0.01033596508204937, "dpsidt_3": 0.01147611252963543, "dpsidt_4": 0.012683381326496601, "dpsidt_5": 0.013033414259552956, "dpsidt_6": 0.013793752528727055, "dpsidt_7": 0.014279592782258987, "dpsidt_8": 0.014676010236144066, "dpsidt_9": 0.015274325385689735, "dpsidt_10": 0.015381811186671257, "rmse_0.05": 0.008970814757049084, "rmse_1": 0.032261405140161514, "rmse_2": 0.044485919177532196, "rmse_3": 0.053516291081905365, "rmse_4": 0.05658288300037384, "rmse_5": 0.05991208553314209, "rmse_6": 0.06475044041872025, "rmse_7": 0.06953192502260208, "rmse_8": 0.07340005785226822, "rmse_9": 0.07543911039829254, "rmse_10": 0.07829409092664719}