{"vy": 0.37628173828125, "dpsidt": 0.12303265184164047, "rmse": 0.24965719878673553}