{"vy": 0.4466221332550049, "dpsidt": 0.14680016040802002, "rmse": 0.29671114683151245}