{"vy": 0.4498927593231201, "dpsidt": 0.18701782822608948, "rmse": 0.3184552788734436, "vy_": 0.13621191680431366, "dpsidt_": 0.015676429495215416, "rmse_": 0.07594417035579681, "vy_diff": 0.02206587605178356, "dpsidt_diff": 0.004814567044377327, "rmse_diff": 0.013440221548080444}