{"vy_time": [], "dpsidtrmse_time": [], "vy_0.05": 0.017252618446946144, "dpsidt_0.05": 0.002343173138797283, "rmse_0.05": 0.009797895327210426, "vy_1": 0.058774661272764206, "dpsidt_1": 0.00634397380053997, "rmse_1": 0.032559316605329514, "vy_2": 0.07583530992269516, "dpsidt_2": 0.007960462011396885, "rmse_2": 0.041897885501384735, "vy_3": 0.08663869649171829, "dpsidt_3": 0.00866176187992096, "rmse_3": 0.047650229185819626, "vy_4": 0.08928387612104416, "dpsidt_4": 0.009090104140341282, "rmse_4": 0.04918698966503143, "vy_5": 0.09556902199983597, "dpsidt_5": 0.009096860885620117, "rmse_5": 0.05233294144272804, "vy_6": 0.10123737901449203, "dpsidt_6": 0.009715563617646694, "rmse_6": 0.05547647178173065, "vy_7": 0.11067760735750198, "dpsidt_7": 0.009783881716430187, "rmse_7": 0.060230743139982224, "vy_8": 0.11657489836215973, "dpsidt_8": 0.010037346743047237, "rmse_8": 0.06330612301826477, "vy_9": 0.1187274381518364, "dpsidt_9": 0.010373000986874104, "rmse_9": 0.06455022096633911, "vy_10": 0.12389592081308365, "dpsidt_10": 0.010437346994876862, "rmse_10": 0.06716663390398026}