{"vy_0.05": 0.016994893550872803, "vy_1": 0.05518629774451256, "vy_2": 0.0741819366812706, "vy_3": 0.08966068923473358, "vy_4": 0.09245330095291138, "vy_5": 0.09757214784622192, "vy_6": 0.10063856840133667, "vy_7": 0.11131393164396286, "vy_8": 0.11710797995328903, "vy_9": 0.11878485232591629, "vy_10": 0.12406758964061737, "dpsidt_0.05": 0.002232030499726534, "dpsidt_1": 0.005154655314981937, "dpsidt_2": 0.007434740196913481, "dpsidt_3": 0.008205859921872616, "dpsidt_4": 0.008453392423689365, "dpsidt_5": 0.00846574641764164, "dpsidt_6": 0.008874202147126198, "dpsidt_7": 0.00899114552885294, "dpsidt_8": 0.009104017168283463, "dpsidt_9": 0.009340996854007244, "dpsidt_10": 0.00931568630039692, "rmse_0.05": 0.009613461792469025, "rmse_1": 0.03017047606408596, "rmse_2": 0.040808338671922684, "rmse_3": 0.048933275043964386, "rmse_4": 0.050453346222639084, "rmse_5": 0.05301894620060921, "rmse_6": 0.05475638434290886, "rmse_7": 0.06015253812074661, "rmse_8": 0.0631060004234314, "rmse_9": 0.0640629231929779, "rmse_10": 0.06669163703918457}