{"vy": 0.4560492932796478, "dpsidt": 0.1766003966331482, "rmse": 0.3163248300552368, "vy_": 0.13807590305805206, "dpsidt_": 0.01480320654809475, "rmse_": 0.07643955200910568, "vy_diff": 0.02206587605178356, "dpsidt_diff": 0.004814567044377327, "rmse_diff": 0.013440221548080444}