{"vy_time": [], "dpsidtrmse_time": [], "vy_0.05": 0.017422165721654892, "dpsidt_0.05": 0.0022609529551118612, "rmse_0.05": 0.009841559454798698, "vy_1": 0.06211501732468605, "dpsidt_1": 0.005898681003600359, "rmse_1": 0.03400684893131256, "vy_2": 0.07936513423919678, "dpsidt_2": 0.008550199680030346, "rmse_2": 0.0439576655626297, "vy_3": 0.09314938634634018, "dpsidt_3": 0.009249438531696796, "rmse_3": 0.05119941383600235, "vy_4": 0.09565877914428711, "dpsidt_4": 0.009780519641935825, "rmse_4": 0.05271964892745018, "vy_5": 0.10393238812685013, "dpsidt_5": 0.010004055686295033, "rmse_5": 0.05696822330355644, "vy_6": 0.10995461046695709, "dpsidt_6": 0.01074572280049324, "rmse_6": 0.06035016477108002, "vy_7": 0.11962275207042694, "dpsidt_7": 0.01108243502676487, "rmse_7": 0.06535259634256363, "vy_8": 0.12626416981220245, "dpsidt_8": 0.011379584670066833, "rmse_8": 0.06882187724113464, "vy_9": 0.1286519318819046, "dpsidt_9": 0.011842972598969936, "rmse_9": 0.07024744898080826, "vy_10": 0.1342228502035141, "dpsidt_10": 0.01193455420434475, "rmse_10": 0.0730786994099617}