{"vy": 0.48300793766975403, "dpsidt": 0.21617472171783447, "rmse": 0.34959131479263306}