{"vy": 0.38812944293022156, "dpsidt": 0.08870461583137512, "rmse": 0.23841702938079834}