{"vy_time": [], "dpsidtrmse_time": [], "vy_0.05": 0.016335707157850266, "dpsidt_0.05": 0.0025750244967639446, "rmse_0.05": 0.009455366060137749, "vy_1": 0.05759955942630768, "dpsidt_1": 0.006186968181282282, "rmse_1": 0.03189326450228691, "vy_2": 0.08397725969552994, "dpsidt_2": 0.007249163929373026, "rmse_2": 0.045613210648298264, "vy_3": 0.10511745512485504, "dpsidt_3": 0.008315891958773136, "rmse_3": 0.0567166730761528, "vy_4": 0.11644710600376129, "dpsidt_4": 0.008641725406050682, "rmse_4": 0.06254441291093826, "vy_5": 0.12055951356887817, "dpsidt_5": 0.008679138496518135, "rmse_5": 0.06461932510137558, "vy_6": 0.12460792809724808, "dpsidt_6": 0.00914743822067976, "rmse_6": 0.06687768548727036, "vy_7": 0.13706953823566437, "dpsidt_7": 0.009103229269385338, "rmse_7": 0.07308638095855713, "vy_8": 0.14410115778446198, "dpsidt_8": 0.009263033978641033, "rmse_8": 0.07668209820985794, "vy_9": 0.1467726081609726, "dpsidt_9": 0.009490257129073143, "rmse_9": 0.07813142985105515, "vy_10": 0.15220746397972107, "dpsidt_10": 0.00954765547066927, "rmse_10": 0.08087755739688873}