{"vy_0.05": 0.01556516345590353, "vy_1": 0.0641007274389267, "vy_2": 0.09080465883016586, "vy_3": 0.11133719235658646, "vy_4": 0.12497781962156296, "vy_5": 0.12711794674396515, "vy_6": 0.13233648240566254, "vy_7": 0.14530929923057556, "vy_8": 0.1530267745256424, "vy_9": 0.1549472212791443, "vy_10": 0.15955215692520142, "dpsidt_0.05": 0.002358784666284919, "dpsidt_1": 0.005630625877529383, "dpsidt_2": 0.009254375472664833, "dpsidt_3": 0.011349997483193874, "dpsidt_4": 0.01145104132592678, "dpsidt_5": 0.011346541345119476, "dpsidt_6": 0.011512065306305885, "dpsidt_7": 0.012109600007534027, "dpsidt_8": 0.012259576469659805, "dpsidt_9": 0.012251453474164009, "dpsidt_10": 0.012061522342264652, "rmse_0.05": 0.008961973711848259, "rmse_1": 0.03486567735671997, "rmse_2": 0.05002951622009277, "rmse_3": 0.06134359538555145, "rmse_4": 0.06821443140506744, "rmse_5": 0.06923224031925201, "rmse_6": 0.07192427664995193, "rmse_7": 0.07870945334434509, "rmse_8": 0.08264317363500595, "rmse_9": 0.08359933644533157, "rmse_10": 0.08580683916807175}