{"vy": 0.42111942172050476, "dpsidt": 0.2028685212135315, "rmse": 0.31199395656585693}