{"vy": 0.6005440950393677, "dpsidt": 0.2575439214706421, "rmse": 0.4290440082550049}