{"vy": 0.5853127241134644, "dpsidt": 0.17195077240467072, "rmse": 0.37863174080848694}