{"vy": 0.3651464879512787, "dpsidt": 0.1140454038977623, "rmse": 0.2395959496498108}