{"vy_time": [], "dpsidtrmse_time": [], "vy_0.05": 0.016697488725185394, "dpsidt_0.05": 0.002529802965000272, "rmse_0.05": 0.009613646194338799, "vy_1": 0.05374849960207939, "dpsidt_1": 0.00731553602963686, "rmse_1": 0.03053201735019684, "vy_2": 0.07503613084554672, "dpsidt_2": 0.008999952115118504, "rmse_2": 0.042018041014671326, "vy_3": 0.09079015254974365, "dpsidt_3": 0.009356583468616009, "rmse_3": 0.05007336661219597, "vy_4": 0.09545961022377014, "dpsidt_4": 0.009725278243422508, "rmse_4": 0.0525924451649189, "vy_5": 0.09904132783412933, "dpsidt_5": 0.00976836122572422, "rmse_5": 0.0544048435986042, "vy_6": 0.10344526171684265, "dpsidt_6": 0.010423562489449978, "rmse_6": 0.0569344125688076, "vy_7": 0.11414223909378052, "dpsidt_7": 0.010592052713036537, "rmse_7": 0.06236714497208595, "vy_8": 0.11972378194332123, "dpsidt_8": 0.010859414003789425, "rmse_8": 0.06529159843921661, "vy_9": 0.12144641578197479, "dpsidt_9": 0.011235144920647144, "rmse_9": 0.06634078174829483, "vy_10": 0.12679226696491241, "dpsidt_10": 0.01127812173217535, "rmse_10": 0.06903519481420517}