{"vy": 0.5792933106422424, "dpsidt": 0.18406639993190765, "rmse": 0.38167986273765564, "vy_": 0.17538990080356598, "dpsidt_": 0.015429032035171986, "rmse_": 0.09540946781635284, "vy_diff": 0.02206587605178356, "dpsidt_diff": 0.004814567044377327, "rmse_diff": 0.013440221548080444}