{"vy": 0.4632488191127777, "dpsidt": 0.10117734223604202, "rmse": 0.28221309185028076}