{"vy_0.05": 0.016320442780852318, "vy_1": 0.05312057584524155, "vy_2": 0.07548404484987259, "vy_3": 0.09327530115842819, "vy_4": 0.09938763082027435, "vy_5": 0.10316873341798782, "vy_6": 0.10715456306934357, "vy_7": 0.1182173490524292, "vy_8": 0.12424758076667786, "vy_9": 0.1260988414287567, "vy_10": 0.13142144680023193, "dpsidt_0.05": 0.0024690863210707903, "dpsidt_1": 0.006253793835639954, "dpsidt_2": 0.007831652648746967, "dpsidt_3": 0.008576922118663788, "dpsidt_4": 0.008869469165802002, "dpsidt_5": 0.008797620423138142, "dpsidt_6": 0.009284807369112968, "dpsidt_7": 0.009327010251581669, "dpsidt_8": 0.00950564630329609, "dpsidt_9": 0.009746724739670753, "dpsidt_10": 0.009763467125594616, "rmse_0.05": 0.00939476490020752, "rmse_1": 0.02968718484044075, "rmse_2": 0.04165785014629364, "rmse_3": 0.05092611163854599, "rmse_4": 0.05412854999303818, "rmse_5": 0.055983178317546844, "rmse_6": 0.05821968615055084, "rmse_7": 0.06377217918634415, "rmse_8": 0.0668766126036644, "rmse_9": 0.06792278587818146, "rmse_10": 0.07059245556592941}