{"vy": 0.5741922855377197, "dpsidt": 0.33711275458335876, "rmse": 0.45565253496170044, "vy_": 0.17384548485279083, "dpsidt_": 0.028257863596081734, "rmse_": 0.10105167329311371, "vy_diff": 0.02206587605178356, "dpsidt_diff": 0.004814567044377327, "rmse_diff": 0.013440221548080444}