{"vy": 0.41442325711250305, "dpsidt": 0.10255610942840576, "rmse": 0.2584896683692932, "vy_": 0.12547296285629272, "dpsidt_": 0.008596579544246197, "rmse_": 0.0670347735285759, "vy_diff": 0.02206587605178356, "dpsidt_diff": 0.004814567044377327, "rmse_diff": 0.013440221548080444}