{"vy": 0.45779380202293396, "dpsidt": 0.11042645573616028, "rmse": 0.2841101288795471, "vy_": 0.138604074716568, "dpsidt_": 0.00925629772245884, "rmse_": 0.07393018901348114, "vy_diff": 0.02206587605178356, "dpsidt_diff": 0.004814567044377327, "rmse_diff": 0.013440221548080444}