{"vy": 0.3908081650733948, "dpsidt": 0.08407209813594818, "rmse": 0.23744013905525208, "vy_": 0.11832316219806671, "dpsidt_": 0.007047190796583891, "rmse_": 0.06268517673015594, "vy_diff": 0.02206587605178356, "dpsidt_diff": 0.004814567044377327, "rmse_diff": 0.013440221548080444}