{"vy": 0.5062715411186218, "dpsidt": 0.2183990180492401, "rmse": 0.3623352646827698}