{"vy": 0.3981606662273407, "dpsidt": 0.10557147860527039, "rmse": 0.25186607241630554}