{"vy": 0.4217741787433624, "dpsidt": 0.1035236343741417, "rmse": 0.26264891028404236}