{"vy": 5.0072784423828125, "dpsidt": 1.4975930452346802, "rmse": 3.2524356842041016}