{"vy": 0.3680071234703064, "dpsidt": 0.11660559475421906, "rmse": 0.24230635166168213}