{"vy_0.05": 0.016119036823511124, "vy_1": 0.05857250466942787, "vy_2": 0.08747700601816177, "vy_3": 0.11294668912887573, "vy_4": 0.12796109914779663, "vy_5": 0.13324344158172607, "vy_6": 0.13769011199474335, "vy_7": 0.15144960582256317, "vy_8": 0.15996967256069183, "vy_9": 0.16365867853164673, "vy_10": 0.16977296769618988, "dpsidt_0.05": 0.0024774211924523115, "dpsidt_1": 0.005529390648007393, "dpsidt_2": 0.006954344920814037, "dpsidt_3": 0.008280683308839798, "dpsidt_4": 0.008718361146748066, "dpsidt_5": 0.008791366592049599, "dpsidt_6": 0.009198246523737907, "dpsidt_7": 0.00914685893803835, "dpsidt_8": 0.009312402456998825, "dpsidt_9": 0.009551476687192917, "dpsidt_10": 0.009614518843591213, "rmse_0.05": 0.009298228658735752, "rmse_1": 0.03205094859004021, "rmse_2": 0.047215674072504044, "rmse_3": 0.060613684356212616, "rmse_4": 0.06833972781896591, "rmse_5": 0.07101740688085556, "rmse_6": 0.0734441801905632, "rmse_7": 0.08029823005199432, "rmse_8": 0.08464103937149048, "rmse_9": 0.08660507947206497, "rmse_10": 0.08969374001026154}