{"vy": 0.6418401002883911, "dpsidt": 0.1269926279783249, "rmse": 0.3844163715839386}