{"vy": 0.4367324709892273, "dpsidt": 0.1671546995639801, "rmse": 0.3019436001777649, "vy_": 0.13222743570804596, "dpsidt_": 0.014011437073349953, "rmse_": 0.07311943918466568, "vy_diff": 0.02206587605178356, "dpsidt_diff": 0.004814567044377327, "rmse_diff": 0.013440221548080444}