{"vy": 0.45106080174446106, "dpsidt": 0.09661170840263367, "rmse": 0.27383625507354736}