{"vy": 0.3881622552871704, "dpsidt": 0.11611083149909973, "rmse": 0.2521365284919739}