{"vy": 0.46805551648139954, "dpsidt": 0.0992397665977478, "rmse": 0.28364765644073486}