{"vy": 0.46003249287605286, "dpsidt": 0.2211054563522339, "rmse": 0.3405689597129822, "vy_": 0.13928186893463135, "dpsidt_": 0.01853376254439354, "rmse_": 0.07890781760215759, "vy_diff": 0.02206587605178356, "dpsidt_diff": 0.004814567044377327, "rmse_diff": 0.013440221548080444}