{"vy": 0.5609036087989807, "dpsidt": 0.1344776302576065, "rmse": 0.347690612077713}