{"vy_time": [], "dpsidtrmse_time": [], "vy_0.05": 0.015422984957695007, "dpsidt_0.05": 0.002573284087702632, "rmse_0.05": 0.008998134173452854, "vy_1": 0.06714431196451187, "dpsidt_1": 0.00531986728310585, "rmse_1": 0.03623209148645401, "vy_2": 0.09601902961730957, "dpsidt_2": 0.007187295705080032, "rmse_2": 0.05160316079854965, "vy_3": 0.12125163525342941, "dpsidt_3": 0.008619124069809914, "rmse_3": 0.06493537873029709, "vy_4": 0.13668912649154663, "dpsidt_4": 0.009000131860375404, "rmse_4": 0.07284463196992874, "vy_5": 0.13884419202804565, "dpsidt_5": 0.008936461061239243, "rmse_5": 0.0738903284072876, "vy_6": 0.14687202870845795, "dpsidt_6": 0.009180663153529167, "rmse_6": 0.07802634686231613, "vy_7": 0.15962667763233185, "dpsidt_7": 0.009167077019810677, "rmse_7": 0.08439687639474869, "vy_8": 0.1668679416179657, "dpsidt_8": 0.009317374788224697, "rmse_8": 0.08809265494346619, "vy_9": 0.16879217326641083, "dpsidt_9": 0.009436096996068954, "rmse_9": 0.08911413699388504, "vy_10": 0.17311857640743256, "dpsidt_10": 0.009407688863575459, "rmse_10": 0.09126313030719757}