{"vy": 0.3916281461715698, "dpsidt": 0.14650505781173706, "rmse": 0.26906660199165344}