{"vy": 0.5164570808410645, "dpsidt": 0.28748446702957153, "rmse": 0.401970773935318}