{"vy": 0.6367221474647522, "dpsidt": 0.2806186079978943, "rmse": 0.45867037773132324}