{"vy_time": [], "dpsidtrmse_time": [], "vy_0.05": 0.01620844192802906, "dpsidt_0.05": 0.0024746146518737078, "rmse_0.05": 0.00934152863919735, "vy_1": 0.061443548649549484, "dpsidt_1": 0.005511966533958912, "rmse_1": 0.03347775712609291, "vy_2": 0.0841250941157341, "dpsidt_2": 0.006737824995070696, "rmse_2": 0.045431461185216904, "vy_3": 0.10222741961479187, "dpsidt_3": 0.007471093907952309, "rmse_3": 0.054849255830049515, "vy_4": 0.11136925965547562, "dpsidt_4": 0.007661654148250818, "rmse_4": 0.05951545760035515, "vy_5": 0.1131371557712555, "dpsidt_5": 0.007593863178044558, "rmse_5": 0.06036550924181938, "vy_6": 0.11833049356937408, "dpsidt_6": 0.007920756004750729, "rmse_6": 0.0631256252527237, "vy_7": 0.12968462705612183, "dpsidt_7": 0.007886793464422226, "rmse_7": 0.06878571212291718, "vy_8": 0.13569246232509613, "dpsidt_8": 0.007965155877172947, "rmse_8": 0.07182881236076355, "vy_9": 0.13729490339756012, "dpsidt_9": 0.008142138831317425, "rmse_9": 0.07271852344274521, "vy_10": 0.14158686995506287, "dpsidt_10": 0.008114011026918888, "rmse_10": 0.07485044002532959}