{"vy": 0.4172217845916748, "dpsidt": 0.09026503562927246, "rmse": 0.25374341011047363}