{"vy": 0.45058882236480713, "dpsidt": 0.25923681259155273, "rmse": 0.35491281747817993}