{"vy": 0.46708211302757263, "dpsidt": 0.18334338068962097, "rmse": 0.3252127468585968}