{"vy": 1.9608367681503296, "dpsidt": 0.5702542066574097, "rmse": 1.2655454874038696}