{"vy": 0.689994752407074, "dpsidt": 0.1871897578239441, "rmse": 0.43859225511550903}