{"vy": 1.7573332786560059, "dpsidt": 0.6263979077339172, "rmse": 1.1918655633926392}