{"vy": 0.42919617891311646, "dpsidt": 0.14892074465751648, "rmse": 0.2890584468841553, "vy_": 0.12994569540023804, "dpsidt_": 0.01248301099985838, "rmse_": 0.07121435552835464, "vy_diff": 0.02206587605178356, "dpsidt_diff": 0.004814567044377327, "rmse_diff": 0.013440221548080444}