{"vy": 2.519864320755005, "dpsidt": 0.8721312284469604, "rmse": 1.695997714996338}