{"vy": 0.44879037141799927, "dpsidt": 0.1936245709657669, "rmse": 0.3212074637413025, "vy_": 0.13587813079357147, "dpsidt_": 0.016230225563049316, "rmse_": 0.0760541781783104, "vy_diff": 0.02206587605178356, "dpsidt_diff": 0.004814567044377327, "rmse_diff": 0.013440221548080444}