{"vy": 0.4825970232486725, "dpsidt": 0.19115254282951355, "rmse": 0.336874783039093}