{"vy_time": [], "dpsidtrmse_time": [], "vy_0.05": 0.01548025943338871, "dpsidt_0.05": 0.002719692187383771, "rmse_0.05": 0.009099976159632206, "vy_1": 0.06098030507564545, "dpsidt_1": 0.00693208584561944, "rmse_1": 0.033956196159124374, "vy_2": 0.09432986378669739, "dpsidt_2": 0.008398865349590778, "rmse_2": 0.051364365965127945, "vy_3": 0.12674084305763245, "dpsidt_3": 0.009763895533978939, "rmse_3": 0.06825236976146698, "vy_4": 0.14829140901565552, "dpsidt_4": 0.010355078615248203, "rmse_4": 0.07932324707508087, "vy_5": 0.15373075008392334, "dpsidt_5": 0.010402669198811054, "rmse_5": 0.08206670731306076, "vy_6": 0.16146628558635712, "dpsidt_6": 0.010932385921478271, "rmse_6": 0.0861993357539177, "vy_7": 0.17648985981941223, "dpsidt_7": 0.011003152467310429, "rmse_7": 0.09374650567770004, "vy_8": 0.18656620383262634, "dpsidt_8": 0.011302586644887924, "rmse_8": 0.09893439710140228, "vy_9": 0.19075682759284973, "dpsidt_9": 0.011592707596719265, "rmse_9": 0.10117476433515549, "vy_10": 0.19689080119132996, "dpsidt_10": 0.011699686758220196, "rmse_10": 0.10429524630308151}