{"vy_time": [], "dpsidtrmse_time": [], "vy_0.05": 0.017302265390753746, "dpsidt_0.05": 0.0024226021487265825, "rmse_0.05": 0.00986243411898613, "vy_1": 0.054902900010347366, "dpsidt_1": 0.004940922372043133, "rmse_1": 0.029921911656856537, "vy_2": 0.07293038815259933, "dpsidt_2": 0.0063568949699401855, "rmse_2": 0.03964364156126976, "vy_3": 0.08523740619421005, "dpsidt_3": 0.007249551359564066, "rmse_3": 0.04624347761273384, "vy_4": 0.08878696709871292, "dpsidt_4": 0.007316570729017258, "rmse_4": 0.04805176705121994, "vy_5": 0.09276282787322998, "dpsidt_5": 0.0072051542811095715, "rmse_5": 0.04998398944735527, "vy_6": 0.09566256403923035, "dpsidt_6": 0.0073842876590788364, "rmse_6": 0.05152342468500137, "vy_7": 0.10617073625326157, "dpsidt_7": 0.007307790219783783, "rmse_7": 0.056739263236522675, "vy_8": 0.11151860654354095, "dpsidt_8": 0.007370106875896454, "rmse_8": 0.059444356709718704, "vy_9": 0.11302908509969711, "dpsidt_9": 0.007465812843292952, "rmse_9": 0.06024744734168053, "vy_10": 0.11766931414604187, "dpsidt_10": 0.00740362424403429, "rmse_10": 0.06253647059202194}