{"vy": 0.41648587584495544, "dpsidt": 0.09132178127765656, "rmse": 0.2539038360118866, "vy_": 0.12609745562076569, "dpsidt_": 0.007654882501810789, "rmse_": 0.06687616556882858, "vy_diff": 0.02206587605178356, "dpsidt_diff": 0.004814567044377327, "rmse_diff": 0.013440221548080444}