{"vy": 0.3960527777671814, "dpsidt": 0.14593596756458282, "rmse": 0.2709943652153015}