{"vy": 0.5856825113296509, "dpsidt": 0.10715821385383606, "rmse": 0.3464203476905823}