{"vy": 0.47220927476882935, "dpsidt": 0.15095284581184387, "rmse": 0.3115810751914978}