{"vy": 0.43034660816192627, "dpsidt": 0.13440021872520447, "rmse": 0.28237342834472656}