{"vy": 0.47463276982307434, "dpsidt": 0.1752070039510727, "rmse": 0.3249198794364929}