{"vy": 0.49094244837760925, "dpsidt": 0.16428270936012268, "rmse": 0.32761257886886597, "vy_": 0.14864033460617065, "dpsidt_": 0.013770699501037598, "rmse_": 0.08120551705360413, "vy_diff": 0.02206587605178356, "dpsidt_diff": 0.004814567044377327, "rmse_diff": 0.013440221548080444}