{"vy": 0.3791176676750183, "dpsidt": 0.08979522436857224, "rmse": 0.23445644974708557}