{"vy": 0.6628264784812927, "dpsidt": 0.2228643298149109, "rmse": 0.4428454041481018, "vy_": 0.20068083703517914, "dpsidt_": 0.018681196495890617, "rmse_": 0.10968101769685745, "vy_diff": 0.02206587605178356, "dpsidt_diff": 0.004814567044377327, "rmse_diff": 0.013440221548080444}