{"vy": 0.49057289958000183, "dpsidt": 0.18053491413593292, "rmse": 0.335553914308548, "vy_": 0.14852845668792725, "dpsidt_": 0.015133009292185307, "rmse_": 0.08183073252439499, "vy_diff": 0.02206587605178356, "dpsidt_diff": 0.004814567044377327, "rmse_diff": 0.013440221548080444}