{"vy": 0.4699244797229767, "dpsidt": 0.11390119045972824, "rmse": 0.29191282391548157, "vy_": 0.1422768235206604, "dpsidt_": 0.009547559544444084, "rmse_": 0.07591219246387482, "vy_diff": 0.02206587605178356, "dpsidt_diff": 0.004814567044377327, "rmse_diff": 0.013440221548080444}