{"vy": 0.40940913558006287, "dpsidt": 0.16266542673110962, "rmse": 0.28603726625442505}