{"vy": 0.3673187494277954, "dpsidt": 0.11210151761770248, "rmse": 0.23971013724803925}