{"vy_time": [], "dpsidtrmse_time": [], "vy_0.05": 0.015475918538868427, "dpsidt_0.05": 0.002386187668889761, "rmse_0.05": 0.00893105287104845, "vy_1": 0.05481666326522827, "dpsidt_1": 0.006907803006470203, "rmse_1": 0.03086223267018795, "vy_2": 0.08159264177083969, "dpsidt_2": 0.009301728568971157, "rmse_2": 0.04544718563556671, "vy_3": 0.09998562186956406, "dpsidt_3": 0.010197245515882969, "rmse_3": 0.055091433227062225, "vy_4": 0.11142592877149582, "dpsidt_4": 0.010822663083672523, "rmse_4": 0.0611242949962616, "vy_5": 0.11434835940599442, "dpsidt_5": 0.01096692867577076, "rmse_5": 0.06265764683485031, "vy_6": 0.12050890177488327, "dpsidt_6": 0.01167464442551136, "rmse_6": 0.06609177589416504, "vy_7": 0.13170811533927917, "dpsidt_7": 0.01195948664098978, "rmse_7": 0.07183380424976349, "vy_8": 0.13757605850696564, "dpsidt_8": 0.01220439188182354, "rmse_8": 0.07489022612571716, "vy_9": 0.1396804004907608, "dpsidt_9": 0.012594040483236313, "rmse_9": 0.07613722234964371, "vy_10": 0.14479471743106842, "dpsidt_10": 0.012661298736929893, "rmse_10": 0.07872800529003143}