{"vy": 0.46749037504196167, "dpsidt": 0.28598880767822266, "rmse": 0.37673959136009216}