{"vy_time": [], "dpsidtrmse_time": [], "vy_0.05": 0.01724068634212017, "dpsidt_0.05": 0.00226130080409348, "rmse_0.05": 0.00975099392235279, "vy_1": 0.05946901813149452, "dpsidt_1": 0.006401608698070049, "rmse_1": 0.03293531388044357, "vy_2": 0.07867123931646347, "dpsidt_2": 0.009000713005661964, "rmse_2": 0.04383597522974014, "vy_3": 0.09018011391162872, "dpsidt_3": 0.009660731069743633, "rmse_3": 0.049920421093702316, "vy_4": 0.09265472739934921, "dpsidt_4": 0.010102146305143833, "rmse_4": 0.051378436386585236, "vy_5": 0.09872658550739288, "dpsidt_5": 0.010299610905349255, "rmse_5": 0.05451309680938721, "vy_6": 0.10456767678260803, "dpsidt_6": 0.011029565706849098, "rmse_6": 0.05779862031340599, "vy_7": 0.11396699398756027, "dpsidt_7": 0.01141356211155653, "rmse_7": 0.06269028037786484, "vy_8": 0.1199079230427742, "dpsidt_8": 0.01173000130802393, "rmse_8": 0.06581896543502808, "vy_9": 0.12206745147705078, "dpsidt_9": 0.012156793847680092, "rmse_9": 0.06711212545633316, "vy_10": 0.12722864747047424, "dpsidt_10": 0.012227949686348438, "rmse_10": 0.0697282999753952}