{"vy": 0.5174484252929688, "dpsidt": 0.2143654227256775, "rmse": 0.3659069240093231}