{"vy": 0.4134104549884796, "dpsidt": 0.13007602095603943, "rmse": 0.2717432379722595}