{"vy": 0.4265126883983612, "dpsidt": 0.14691026508808136, "rmse": 0.2867114841938019}