{"vy": 0.4253564774990082, "dpsidt": 0.17298881709575653, "rmse": 0.29917263984680176}