{"vy": 0.3816103935241699, "dpsidt": 0.13544407486915588, "rmse": 0.2585272192955017}