{"vy_0.05": 0.01606116071343422, "vy_1": 0.06028662621974945, "vy_2": 0.08640163391828537, "vy_3": 0.1074926108121872, "vy_4": 0.11529572308063507, "vy_5": 0.1205008253455162, "vy_6": 0.12303230166435242, "vy_7": 0.1351306140422821, "vy_8": 0.14248579740524292, "vy_9": 0.14512352645397186, "vy_10": 0.15102547407150269, "dpsidt_0.05": 0.0021916204132139683, "dpsidt_1": 0.005226475652307272, "dpsidt_2": 0.0075655835680663586, "dpsidt_3": 0.008624235168099403, "dpsidt_4": 0.009043659083545208, "dpsidt_5": 0.009008984081447124, "dpsidt_6": 0.00938921794295311, "dpsidt_7": 0.009472990408539772, "dpsidt_8": 0.00958437379449606, "dpsidt_9": 0.009787925519049168, "dpsidt_10": 0.009750580415129662, "rmse_0.05": 0.00912639033049345, "rmse_1": 0.03275655210018158, "rmse_2": 0.04698360711336136, "rmse_3": 0.058058422058820724, "rmse_4": 0.06216968968510628, "rmse_5": 0.0647549033164978, "rmse_6": 0.06621076166629791, "rmse_7": 0.07230180501937866, "rmse_8": 0.07603508234024048, "rmse_9": 0.07745572924613953, "rmse_10": 0.08038802444934845}