{"vy": 0.47141963243484497, "dpsidt": 0.2337624728679657, "rmse": 0.35259103775024414}