{"vy": 0.4169997572898865, "dpsidt": 0.1921824812889099, "rmse": 0.3045911192893982}