{"vy": 0.450499951839447, "dpsidt": 0.22683113813400269, "rmse": 0.33866554498672485}