{"vy": 0.4597932696342468, "dpsidt": 0.21196840703487396, "rmse": 0.335880845785141}