{"vy": 0.4832560420036316, "dpsidt": 0.17853322625160217, "rmse": 0.3308946490287781, "vy_": 0.1463131457567215, "dpsidt_": 0.014965224079787731, "rmse_": 0.08063918352127075, "vy_diff": 0.02206587605178356, "dpsidt_diff": 0.004814567044377327, "rmse_diff": 0.013440221548080444}