{"vy": 0.4128979742527008, "dpsidt": 0.16730250418186188, "rmse": 0.29010024666786194}