{"vy": 1.1111297607421875, "dpsidt": 0.35379335284233093, "rmse": 0.7324615716934204}