{"vy": 0.48007965087890625, "dpsidt": 0.19689199328422546, "rmse": 0.33848583698272705}