{"vy": 0.4301806390285492, "dpsidt": 0.14656822383403778, "rmse": 0.2883744239807129, "vy_": 0.13024376332759857, "dpsidt_": 0.012285814620554447, "rmse_": 0.07126478850841522, "vy_diff": 0.02206587605178356, "dpsidt_diff": 0.004814567044377327, "rmse_diff": 0.013440221548080444}