{"vy": 0.5284372568130493, "dpsidt": 0.2917141318321228, "rmse": 0.41007569432258606}