{"vy": 0.503567636013031, "dpsidt": 0.1072666198015213, "rmse": 0.30541712045669556}