{"vy": 0.4400228261947632, "dpsidt": 0.20131242275238037, "rmse": 0.3206676244735718}