{"vy": 0.48985376954078674, "dpsidt": 0.1998799443244934, "rmse": 0.34486687183380127, "vy_": 0.14831072092056274, "dpsidt_": 0.016754573211073875, "rmse_": 0.08253264427185059, "vy_diff": 0.02206587605178356, "dpsidt_diff": 0.004814567044377327, "rmse_diff": 0.013440221548080444}