{"vy_time": [], "dpsidtrmse_time": [], "vy_0.05": 0.017281165346503258, "dpsidt_0.05": 0.002356912475079298, "rmse_0.05": 0.009819039143621922, "vy_1": 0.059333134442567825, "dpsidt_1": 0.0075502642430365086, "rmse_1": 0.0334417000412941, "vy_2": 0.07976946979761124, "dpsidt_2": 0.010660500265657902, "rmse_2": 0.04521498456597328, "vy_3": 0.09008459001779556, "dpsidt_3": 0.011621659621596336, "rmse_3": 0.050853125751018524, "vy_4": 0.09406077861785889, "dpsidt_4": 0.012094764038920403, "rmse_4": 0.05307777225971222, "vy_5": 0.10036244243383408, "dpsidt_5": 0.012203088030219078, "rmse_5": 0.05628276616334915, "vy_6": 0.10717467963695526, "dpsidt_6": 0.012990850023925304, "rmse_6": 0.06008276343345642, "vy_7": 0.11644884943962097, "dpsidt_7": 0.013519865460693836, "rmse_7": 0.06498435884714127, "vy_8": 0.12287697196006775, "dpsidt_8": 0.013942032121121883, "rmse_8": 0.0684095025062561, "vy_9": 0.12541379034519196, "dpsidt_9": 0.014385107904672623, "rmse_9": 0.06989944726228714, "vy_10": 0.1307714432477951, "dpsidt_10": 0.01441527996212244, "rmse_10": 0.07259336113929749}