{"vy": 5.212869167327881, "dpsidt": 1.4407562017440796, "rmse": 3.326812744140625}