{"vy": 0.5286810994148254, "dpsidt": 0.11692849546670914, "rmse": 0.3228048086166382}