{"vy": 0.3723219633102417, "dpsidt": 0.10757923126220703, "rmse": 0.23995059728622437}