{"vy": 0.47411713004112244, "dpsidt": 0.09266537427902222, "rmse": 0.28339123725891113}