{"vy": 0.431031733751297, "dpsidt": 0.1419631689786911, "rmse": 0.28649744391441345, "vy_": 0.13050144910812378, "dpsidt_": 0.011899803765118122, "rmse_": 0.07120062410831451, "vy_diff": 0.02206587605178356, "dpsidt_diff": 0.004814567044377327, "rmse_diff": 0.013440221548080444}