{"vy": 0.4002370834350586, "dpsidt": 0.15072521567344666, "rmse": 0.2754811644554138}