{"vy": 0.4297914206981659, "dpsidt": 0.19360312819480896, "rmse": 0.3116972744464874}