{"vy": 0.5297594666481018, "dpsidt": 0.13248774409294128, "rmse": 0.33112359046936035}