{"vy": 0.48574185371398926, "dpsidt": 0.24536888301372528, "rmse": 0.36555537581443787}