{"vy": 5.873952865600586, "dpsidt": 1.6890254020690918, "rmse": 3.781489133834839}