{"vy": 0.4855305254459381, "dpsidt": 0.24510446190834045, "rmse": 0.3653174936771393}