{"vy": 0.5586546063423157, "dpsidt": 0.22191767394542694, "rmse": 0.3902861475944519}