{"vy": 0.367023766040802, "dpsidt": 0.08733445405960083, "rmse": 0.22717911005020142}