{"vy": 0.4238274395465851, "dpsidt": 0.10693996399641037, "rmse": 0.26538369059562683}