{"vy": 0.5430412888526917, "dpsidt": 0.12694160640239716, "rmse": 0.334991455078125}