{"vy": 0.4769175946712494, "dpsidt": 0.17380322515964508, "rmse": 0.32536041736602783}