{"vy": 0.42128464579582214, "dpsidt": 0.0917876660823822, "rmse": 0.2565361559391022}