{"vy": 0.4599097669124603, "dpsidt": 0.2235891968011856, "rmse": 0.34174948930740356}