{"vy": 0.39371252059936523, "dpsidt": 0.08050370961427689, "rmse": 0.23710811138153076}