{"vy": 0.45871222019195557, "dpsidt": 0.11468730866909027, "rmse": 0.2866997718811035}