{"vy": 0.45380547642707825, "dpsidt": 0.1490880697965622, "rmse": 0.3014467656612396}