{"vy": 0.5297660827636719, "dpsidt": 0.17674681544303894, "rmse": 0.3532564640045166}