{"vy": 0.5024754405021667, "dpsidt": 0.18103446066379547, "rmse": 0.3417549431324005}