{"vy": 0.3669443130493164, "dpsidt": 0.08273965120315552, "rmse": 0.22484198212623596}