{"vy": 0.41605255007743835, "dpsidt": 0.10322239995002747, "rmse": 0.2596374750137329}