{"vy": 0.36916497349739075, "dpsidt": 0.0915822982788086, "rmse": 0.23037363588809967}