{"vy": 0.43782174587249756, "dpsidt": 0.16224592924118042, "rmse": 0.300033837556839}