{"vy": 0.43003833293914795, "dpsidt": 0.09064493328332901, "rmse": 0.2603416442871094}