{"vy": 0.3759571611881256, "dpsidt": 0.11068984866142273, "rmse": 0.24332350492477417}