{"vy": 0.3754323124885559, "dpsidt": 0.148660808801651, "rmse": 0.26204657554626465}