{"vy": 0.3691297173500061, "dpsidt": 0.08195029199123383, "rmse": 0.22554001212120056}