{"vy": 0.39984527230262756, "dpsidt": 0.09760995954275131, "rmse": 0.24872761964797974}