{"vy": 0.4796943664550781, "dpsidt": 0.09603814780712128, "rmse": 0.2878662645816803}