{"vy": 0.4485833942890167, "dpsidt": 0.17212530970573425, "rmse": 0.3103543519973755}