{"vy": 0.5014944076538086, "dpsidt": 0.19981788098812103, "rmse": 0.3506561517715454}