{"vy": 0.46337127685546875, "dpsidt": 0.08873053640127182, "rmse": 0.2760508954524994}