{"vy": 0.48824048042297363, "dpsidt": 0.09299337863922119, "rmse": 0.2906169295310974}