{"vy": 0.5558266043663025, "dpsidt": 0.14714403450489044, "rmse": 0.35148531198501587}