{"vy": 0.41119277477264404, "dpsidt": 0.09535276889801025, "rmse": 0.25327277183532715}