{"vy": 0.3920170068740845, "dpsidt": 0.09217694401741028, "rmse": 0.24209697544574738}