{"vy": 0.37755775451660156, "dpsidt": 0.08467133343219757, "rmse": 0.23111453652381897}