{"vy": 0.44527575373649597, "dpsidt": 0.09274900704622269, "rmse": 0.2690123915672302}