{"vy": 0.4260428547859192, "dpsidt": 0.10078327357769012, "rmse": 0.26341307163238525}