{"vy": 0.40883156657218933, "dpsidt": 0.12333916127681732, "rmse": 0.26608535647392273}