{"vy": 0.4602048695087433, "dpsidt": 0.1450939029455185, "rmse": 0.3026493787765503}