{"vy": 0.38082343339920044, "dpsidt": 0.15062008798122406, "rmse": 0.26572176814079285}