{"vy": 0.4472673833370209, "dpsidt": 0.15089808404445648, "rmse": 0.2990827262401581}