{"vy": 0.41194769740104675, "dpsidt": 0.11839381605386734, "rmse": 0.26517075300216675}