{"vy": 0.4379354417324066, "dpsidt": 0.11029187589883804, "rmse": 0.27411365509033203}