{"vy": 0.4338206648826599, "dpsidt": 0.0911029726266861, "rmse": 0.2624618113040924}