{"vy": 0.5210369825363159, "dpsidt": 0.10001000016927719, "rmse": 0.31052348017692566}