{"vy": 0.4442915916442871, "dpsidt": 0.11216224730014801, "rmse": 0.27822691202163696}