{"vy": 0.3906210660934448, "dpsidt": 0.09233423322439194, "rmse": 0.24147765338420868}