{"vy": 0.4073645770549774, "dpsidt": 0.11553746461868286, "rmse": 0.26145100593566895}