{"vy": 0.45407065749168396, "dpsidt": 0.09357664734125137, "rmse": 0.27382364869117737}