{"vy": 0.38193434476852417, "dpsidt": 0.11168669909238815, "rmse": 0.24681052565574646}