{"vy": 0.43283554911613464, "dpsidt": 0.0941595509648323, "rmse": 0.26349756121635437}