{"vy": 0.39245274662971497, "dpsidt": 0.09127829968929291, "rmse": 0.24186551570892334}