{"vy": 0.4998387396335602, "dpsidt": 0.195255309343338, "rmse": 0.3475470244884491}