{"vy_time": [], "dpsidtrmse_time": [], "vy_0.05": 0.016562828794121742, "dpsidt_0.05": 0.0022078678011894226, "rmse_0.05": 0.009385348297655582, "vy_1": 0.05686885491013527, "dpsidt_1": 0.005049082450568676, "rmse_1": 0.03095896914601326, "vy_2": 0.0763680562376976, "dpsidt_2": 0.006785763893276453, "rmse_2": 0.04157691076397896, "vy_3": 0.08944988995790482, "dpsidt_3": 0.007693913299590349, "rmse_3": 0.04857190325856209, "vy_4": 0.09260350465774536, "dpsidt_4": 0.007910193875432014, "rmse_4": 0.05025684833526611, "vy_5": 0.09722156822681427, "dpsidt_5": 0.007864958606660366, "rmse_5": 0.052543263882398605, "vy_6": 0.1002073884010315, "dpsidt_6": 0.008169777691364288, "rmse_6": 0.05418858304619789, "vy_7": 0.1111023873090744, "dpsidt_7": 0.008170150220394135, "rmse_7": 0.05963626876473427, "vy_8": 0.11636911332607269, "dpsidt_8": 0.008224604651331902, "rmse_8": 0.06229685992002487, "vy_9": 0.11805083602666855, "dpsidt_9": 0.008381938561797142, "rmse_9": 0.06321638822555542, "vy_10": 0.12303699553012848, "dpsidt_10": 0.00833115540444851, "rmse_10": 0.06568407267332077}