{"vy": 0.5040999054908752, "dpsidt": 0.109601691365242, "rmse": 0.306850790977478}