{"vy": 0.511806309223175, "dpsidt": 0.11203756928443909, "rmse": 0.31192195415496826}