{"vy": 0.4513961672782898, "dpsidt": 0.137589231133461, "rmse": 0.2944926917552948}