{"vy": 0.4661310613155365, "dpsidt": 0.13975657522678375, "rmse": 0.3029438257217407}