{"vy": 0.3710075914859772, "dpsidt": 0.08483072370290756, "rmse": 0.22791916131973267}