{"vy": 0.3632432818412781, "dpsidt": 0.1102847158908844, "rmse": 0.23676399886608124}