{"vy": 0.5035489797592163, "dpsidt": 0.14771637320518494, "rmse": 0.3256326913833618}