{"vy": 0.461542010307312, "dpsidt": 0.11201529204845428, "rmse": 0.28677865862846375}