{"vy": 0.38409623503685, "dpsidt": 0.10967539995908737, "rmse": 0.24688582122325897}