{"vy": 0.4409330487251282, "dpsidt": 0.1041698008775711, "rmse": 0.27255141735076904}