{"vy": 0.40125584602355957, "dpsidt": 0.10534891486167908, "rmse": 0.2533023953437805}