{"vy": 0.38215622305870056, "dpsidt": 0.11421369761228561, "rmse": 0.2481849640607834}