{"vy": 0.4077654778957367, "dpsidt": 0.10194002836942673, "rmse": 0.2548527419567108}