{"vy": 0.4181378483772278, "dpsidt": 0.12422869354486465, "rmse": 0.2711832821369171}