{"vy": 0.43404093384742737, "dpsidt": 0.1428975760936737, "rmse": 0.28846925497055054}