{"vy": 0.455110102891922, "dpsidt": 0.20102612674236298, "rmse": 0.3280681073665619}