{"vy": 0.4307604730129242, "dpsidt": 0.1888972371816635, "rmse": 0.30982884764671326}