{"vy": 0.3826543688774109, "dpsidt": 0.10286618769168854, "rmse": 0.24276027083396912}