{"vy": 0.4185958206653595, "dpsidt": 0.12187181413173676, "rmse": 0.27023380994796753}