{"vy": 0.36781200766563416, "dpsidt": 0.09579511731863022, "rmse": 0.23180356621742249}