{"vy": 0.4831687808036804, "dpsidt": 0.09999708831310272, "rmse": 0.29158294200897217}