{"vy": 0.4361110031604767, "dpsidt": 0.08710289001464844, "rmse": 0.26160693168640137}