{"vy": 0.4315612316131592, "dpsidt": 0.09294602274894714, "rmse": 0.26225364208221436}