{"vy": 0.4338008761405945, "dpsidt": 0.09463854879140854, "rmse": 0.2642197012901306}