{"vy": 0.42777755856513977, "dpsidt": 0.10502416640520096, "rmse": 0.26640087366104126}