{"vy": 0.607873260974884, "dpsidt": 0.18672750890254974, "rmse": 0.3973003923892975}