{"vy": 0.42191821336746216, "dpsidt": 0.1616142988204956, "rmse": 0.2917662560939789}