{"vy": 0.4246280789375305, "dpsidt": 0.13460895419120789, "rmse": 0.279618501663208}