{"vy": 0.4139501452445984, "dpsidt": 0.11229336261749268, "rmse": 0.26312175393104553}