{"vy": 0.417787104845047, "dpsidt": 0.15468719601631165, "rmse": 0.2862371504306793}