{"vy": 0.41907763481140137, "dpsidt": 0.12018857896327972, "rmse": 0.26963311433792114}