{"vy": 0.3972603380680084, "dpsidt": 0.11422193795442581, "rmse": 0.255741149187088}