{"vy_time": [], "dpsidtrmse_time": [], "vy_0.05": 0.015582430176436901, "dpsidt_0.05": 0.0022175649646669626, "rmse_0.05": 0.008899997919797897, "vy_1": 0.052615560591220856, "dpsidt_1": 0.006058293394744396, "rmse_1": 0.029336927458643913, "vy_2": 0.07771234214305878, "dpsidt_2": 0.009301546029746532, "rmse_2": 0.04350694268941879, "vy_3": 0.10424598306417465, "dpsidt_3": 0.010493800975382328, "rmse_3": 0.0573698915541172, "vy_4": 0.1145910695195198, "dpsidt_4": 0.01142320316284895, "rmse_4": 0.06300713866949081, "vy_5": 0.11884791404008865, "dpsidt_5": 0.011619321070611477, "rmse_5": 0.06523361802101135, "vy_6": 0.1239231675863266, "dpsidt_6": 0.012345511466264725, "rmse_6": 0.06813433766365051, "vy_7": 0.1343216747045517, "dpsidt_7": 0.012696987949311733, "rmse_7": 0.0735093280673027, "vy_8": 0.14179708063602448, "dpsidt_8": 0.012987860478460789, "rmse_8": 0.07739247381687164, "vy_9": 0.14478422701358795, "dpsidt_9": 0.013419623486697674, "rmse_9": 0.07910192757844925, "vy_10": 0.15111227333545685, "dpsidt_10": 0.013484498485922813, "rmse_10": 0.0822983831167221}