{"vy": 0.4069986641407013, "dpsidt": 0.1296982318162918, "rmse": 0.26834845542907715}