{"vy": 0.5119143128395081, "dpsidt": 0.18630582094192505, "rmse": 0.34911006689071655}