{"vy": 0.39829176664352417, "dpsidt": 0.09213068336248398, "rmse": 0.24521122872829437}