{"vy": 0.39522939920425415, "dpsidt": 0.1062912791967392, "rmse": 0.25076034665107727}