{"vy_0.05": 0.016268055886030197, "vy_1": 0.0542231909930706, "vy_2": 0.07726552337408066, "vy_3": 0.09698441624641418, "vy_4": 0.10215003788471222, "vy_5": 0.10557142645120621, "vy_6": 0.10890151560306549, "vy_7": 0.1203332394361496, "vy_8": 0.12654004991054535, "vy_9": 0.12797746062278748, "vy_10": 0.13273555040359497, "dpsidt_0.05": 0.002462248783558607, "dpsidt_1": 0.005435401573777199, "dpsidt_2": 0.006873511243611574, "dpsidt_3": 0.00784344132989645, "dpsidt_4": 0.008112035691738129, "dpsidt_5": 0.008077703416347504, "dpsidt_6": 0.00843016430735588, "dpsidt_7": 0.008362720720469952, "dpsidt_8": 0.008495143614709377, "dpsidt_9": 0.008688715286552906, "dpsidt_10": 0.008672314696013927, "rmse_0.05": 0.009365152567625046, "rmse_1": 0.029829297214746475, "rmse_2": 0.04206951707601547, "rmse_3": 0.052413929253816605, "rmse_4": 0.055131036788225174, "rmse_5": 0.056824564933776855, "rmse_6": 0.058665841817855835, "rmse_7": 0.06434798240661621, "rmse_8": 0.06751759350299835, "rmse_9": 0.06833308935165405, "rmse_10": 0.07070393115282059}