{"vy": 0.42143115401268005, "dpsidt": 0.09494654834270477, "rmse": 0.2581888437271118}