{"vy": 0.41595569252967834, "dpsidt": 0.1599537581205368, "rmse": 0.287954717874527}