{"vy": 0.47063499689102173, "dpsidt": 0.2409149408340454, "rmse": 0.35577496886253357}