{"vy": 0.46790051460266113, "dpsidt": 0.11040288209915161, "rmse": 0.28915169835090637}