{"vy": 0.38433364033699036, "dpsidt": 0.1181127279996872, "rmse": 0.2512231767177582}