{"vy": 0.37039250135421753, "dpsidt": 0.08868756890296936, "rmse": 0.22954003512859344}