{"vy": 0.4610225558280945, "dpsidt": 0.16624248027801514, "rmse": 0.3136325180530548}