{"vy": 0.39215201139450073, "dpsidt": 0.11535380035638809, "rmse": 0.2537529170513153}