{"vy": 0.38343870639801025, "dpsidt": 0.10947893559932709, "rmse": 0.24645882844924927}