{"vy": 0.44313883781433105, "dpsidt": 0.13343308866024017, "rmse": 0.2882859706878662}