{"vy": 0.4590001702308655, "dpsidt": 0.1443776786327362, "rmse": 0.30168890953063965}