{"vy": 0.40526002645492554, "dpsidt": 0.08326020836830139, "rmse": 0.24426011741161346}