{"vy": 0.42681431770324707, "dpsidt": 0.12765225768089294, "rmse": 0.2772333025932312}