{"vy": 0.3966236412525177, "dpsidt": 0.08016102761030197, "rmse": 0.23839233815670013}