{"vy": 0.4023563265800476, "dpsidt": 0.10168693959712982, "rmse": 0.2520216405391693}