{"vy": 0.35956308245658875, "dpsidt": 0.08000607043504715, "rmse": 0.21978457272052765}