{"vy": 0.39603397250175476, "dpsidt": 0.08320704847574234, "rmse": 0.23962050676345825}