{"vy": 0.3939487338066101, "dpsidt": 0.09633088856935501, "rmse": 0.24513980746269226}