{"vy": 0.36959147453308105, "dpsidt": 0.09730786085128784, "rmse": 0.23344966769218445}