{"vy": 0.5663906931877136, "dpsidt": 0.20014283061027527, "rmse": 0.38326674699783325}