{"vy": 0.4395882189273834, "dpsidt": 0.1624339520931244, "rmse": 0.3010110855102539}