{"vy": 0.41090506315231323, "dpsidt": 0.10470447689294815, "rmse": 0.2578047811985016}