{"vy": 0.44251078367233276, "dpsidt": 0.15599268674850464, "rmse": 0.2992517352104187}