{"vy": 0.4243105947971344, "dpsidt": 0.12157838046550751, "rmse": 0.27294448018074036}