{"vy": 0.3947235643863678, "dpsidt": 0.10061503946781158, "rmse": 0.2476693093776703}