{"vy": 0.3795054256916046, "dpsidt": 0.11378137022256851, "rmse": 0.24664339423179626}