{"vy": 0.5000289082527161, "dpsidt": 0.11033352464437485, "rmse": 0.30518120527267456}