{"vy": 0.4661671221256256, "dpsidt": 0.14318063855171204, "rmse": 0.3046738803386688}