{"vy": 0.5133647918701172, "dpsidt": 0.09913559257984161, "rmse": 0.3062501847743988}