{"vy": 0.5463560819625854, "dpsidt": 0.12762032449245453, "rmse": 0.3369882106781006}