{"vy": 0.44330933690071106, "dpsidt": 0.08707360178232193, "rmse": 0.2651914656162262}