{"vy": 0.4390909969806671, "dpsidt": 0.09875806421041489, "rmse": 0.2689245343208313}