{"vy": 0.42999812960624695, "dpsidt": 0.09958694875240326, "rmse": 0.2647925317287445}