{"vy": 0.49880409240722656, "dpsidt": 0.11099308729171753, "rmse": 0.30489858984947205}