{"vy": 0.47899067401885986, "dpsidt": 0.09222576022148132, "rmse": 0.2856082320213318}