{"vy": 0.43025946617126465, "dpsidt": 0.14406763017177582, "rmse": 0.28716355562210083}