{"vy": 0.39813560247421265, "dpsidt": 0.0840027704834938, "rmse": 0.24106918275356293}