{"vy": 0.47666090726852417, "dpsidt": 0.10610869526863098, "rmse": 0.29138481616973877}