{"vy": 0.4056462347507477, "dpsidt": 0.08819274604320526, "rmse": 0.24691948294639587}