{"vy": 0.4023618996143341, "dpsidt": 0.0909975916147232, "rmse": 0.24667975306510925}