{"vy_0.05": 0.016231466084718704, "vy_1": 0.05355142056941986, "vy_2": 0.07901818305253983, "vy_3": 0.10046808421611786, "vy_4": 0.1066415086388588, "vy_5": 0.11319912225008011, "vy_6": 0.11642833799123764, "vy_7": 0.1283438354730606, "vy_8": 0.1357038915157318, "vy_9": 0.13842467963695526, "vy_10": 0.14483614265918732, "dpsidt_0.05": 0.0023501075338572264, "dpsidt_1": 0.005672666244208813, "dpsidt_2": 0.007077422458678484, "dpsidt_3": 0.008268692530691624, "dpsidt_4": 0.00865265168249607, "dpsidt_5": 0.008599990047514439, "dpsidt_6": 0.009047682397067547, "dpsidt_7": 0.00896342284977436, "dpsidt_8": 0.009137225337326527, "dpsidt_9": 0.009374433197081089, "dpsidt_10": 0.009452427737414837, "rmse_0.05": 0.009290786460042, "rmse_1": 0.029612043872475624, "rmse_2": 0.04304780438542366, "rmse_3": 0.054368387907743454, "rmse_4": 0.05764707922935486, "rmse_5": 0.060899555683135986, "rmse_6": 0.06273800879716873, "rmse_7": 0.06865362823009491, "rmse_8": 0.07242055982351303, "rmse_9": 0.07389955967664719, "rmse_10": 0.07714428752660751}