{"vy": 0.40914487838745117, "dpsidt": 0.08620917797088623, "rmse": 0.2476770281791687}