{"vy": 0.47329238057136536, "dpsidt": 0.10012516379356384, "rmse": 0.2867087721824646}