{"vy": 0.46436190605163574, "dpsidt": 0.11268408596515656, "rmse": 0.28852298855781555}