{"vy": 0.3950735926628113, "dpsidt": 0.09597989916801453, "rmse": 0.2455267459154129}