{"vy": 0.42235106229782104, "dpsidt": 0.13776753842830658, "rmse": 0.2800593078136444}