{"vy": 0.38810235261917114, "dpsidt": 0.10396137088537216, "rmse": 0.24603186547756195}