{"vy_time": [], "dpsidtrmse_time": [], "vy_0.05": 0.01679704710841179, "dpsidt_0.05": 0.002255657920613885, "rmse_0.05": 0.009526352398097515, "vy_1": 0.0570489801466465, "dpsidt_1": 0.005618468392640352, "rmse_1": 0.03133372589945793, "vy_2": 0.0753370001912117, "dpsidt_2": 0.008479390293359756, "rmse_2": 0.04190819710493088, "vy_3": 0.08806873857975006, "dpsidt_3": 0.009333645924925804, "rmse_3": 0.04870119318366051, "vy_4": 0.09052148461341858, "dpsidt_4": 0.009756135754287243, "rmse_4": 0.05013880878686905, "vy_5": 0.09718097001314163, "dpsidt_5": 0.009909952990710735, "rmse_5": 0.05354546010494232, "vy_6": 0.10253080725669861, "dpsidt_6": 0.01049664057791233, "rmse_6": 0.056513722985982895, "vy_7": 0.11217847466468811, "dpsidt_7": 0.010756826028227806, "rmse_7": 0.06146765127778053, "vy_8": 0.11809848994016647, "dpsidt_8": 0.010926025919616222, "rmse_8": 0.06451226025819778, "vy_9": 0.12014155834913254, "dpsidt_9": 0.01126940455287695, "rmse_9": 0.06570547819137573, "vy_10": 0.1253652274608612, "dpsidt_10": 0.011293522082269192, "rmse_10": 0.06832937151193619}