{"vy": 0.4880411922931671, "dpsidt": 0.1998049020767212, "rmse": 0.34392303228378296}