{"vy": 0.4445473551750183, "dpsidt": 0.08710744231939316, "rmse": 0.26582738757133484}