{"vy": 0.4548851549625397, "dpsidt": 0.09724009782075882, "rmse": 0.27606263756752014}