{"vy": 0.35999956727027893, "dpsidt": 0.08250836282968521, "rmse": 0.22125396132469177}