{"vy": 0.47352904081344604, "dpsidt": 0.1266605406999588, "rmse": 0.3000947833061218}