{"vy": 0.42544910311698914, "dpsidt": 0.18886546790599823, "rmse": 0.3071572780609131}