{"vy": 0.4086637794971466, "dpsidt": 0.14059263467788696, "rmse": 0.274628221988678}