{"vy": 0.4550209045410156, "dpsidt": 0.09776648879051208, "rmse": 0.27639371156692505}