{"vy": 0.3733855187892914, "dpsidt": 0.08759939670562744, "rmse": 0.2304924577474594}