{"vy": 0.46358194947242737, "dpsidt": 0.1401270478963852, "rmse": 0.3018544912338257}