{"vy": 0.4119274914264679, "dpsidt": 0.10438057780265808, "rmse": 0.258154034614563}