{"vy_time": [], "dpsidtrmse_time": [], "vy_0.05": 0.01673838682472706, "dpsidt_0.05": 0.002237789100036025, "rmse_0.05": 0.009488088078796864, "vy_1": 0.05580728501081467, "dpsidt_1": 0.006001515779644251, "rmse_1": 0.03090440109372139, "vy_2": 0.07492909580469131, "dpsidt_2": 0.00883052870631218, "rmse_2": 0.0418798103928566, "vy_3": 0.09116066247224808, "dpsidt_3": 0.009657841175794601, "rmse_3": 0.05040924996137619, "vy_4": 0.09435027092695236, "dpsidt_4": 0.01011679507791996, "rmse_4": 0.052233532071113586, "vy_5": 0.10068970918655396, "dpsidt_5": 0.010229205712676048, "rmse_5": 0.055459458380937576, "vy_6": 0.10594476014375687, "dpsidt_6": 0.010883726179599762, "rmse_6": 0.058414243161678314, "vy_7": 0.11575401574373245, "dpsidt_7": 0.011209809221327305, "rmse_7": 0.06348191201686859, "vy_8": 0.12243524193763733, "dpsidt_8": 0.011483700945973396, "rmse_8": 0.06695947051048279, "vy_9": 0.1247231513261795, "dpsidt_9": 0.011872509494423866, "rmse_9": 0.06829783320426941, "vy_10": 0.13053855299949646, "dpsidt_10": 0.011914707720279694, "rmse_10": 0.07122662663459778}