{"vy": 0.42780494689941406, "dpsidt": 0.09690237790346146, "rmse": 0.26235365867614746}