{"vy": 0.4243728518486023, "dpsidt": 0.1437816023826599, "rmse": 0.2840772271156311}