{"vy": 0.4162500500679016, "dpsidt": 0.0925351157784462, "rmse": 0.2543925940990448}