{"vy": 0.4858088791370392, "dpsidt": 0.11692037433385849, "rmse": 0.30136463046073914}