{"vy": 0.4652787446975708, "dpsidt": 0.1879947930574417, "rmse": 0.32663676142692566}