{"vy": 0.4919687509536743, "dpsidt": 0.12992076575756073, "rmse": 0.3109447658061981}