{"vy": 0.42111343145370483, "dpsidt": 0.09831410646438599, "rmse": 0.2597137689590454}