{"vy": 0.4175575375556946, "dpsidt": 0.07823937386274338, "rmse": 0.24789845943450928}