{"vy": 0.42349928617477417, "dpsidt": 0.11864130944013596, "rmse": 0.27107030153274536}