{"vy": 0.46488451957702637, "dpsidt": 0.10866621881723404, "rmse": 0.2867753803730011}