{"vy": 0.37461337447166443, "dpsidt": 0.08142723143100739, "rmse": 0.2280203104019165}