{"vy": 0.4950379431247711, "dpsidt": 0.13075242936611176, "rmse": 0.31289517879486084}