{"vy": 0.383635014295578, "dpsidt": 0.09307540208101273, "rmse": 0.23835520446300507}