{"vy": 0.5223814249038696, "dpsidt": 0.11717870086431503, "rmse": 0.31978005170822144}