{"vy": 0.4638037085533142, "dpsidt": 0.16935259103775024, "rmse": 0.3165781497955322}