{"vy": 0.4547230005264282, "dpsidt": 0.09729781001806259, "rmse": 0.2760103940963745}