{"vy": 0.4511580765247345, "dpsidt": 0.08504127711057663, "rmse": 0.26809966564178467}