{"vy": 0.4283466041088104, "dpsidt": 0.1291196197271347, "rmse": 0.27873310446739197}