{"vy_0.05": 0.016282103955745697, "vy_1": 0.055626921355724335, "vy_2": 0.08251263201236725, "vy_3": 0.10782649368047714, "vy_4": 0.11537257581949234, "vy_5": 0.12193301320075989, "vy_6": 0.1257217526435852, "vy_7": 0.13713198900222778, "vy_8": 0.14522096514701843, "vy_9": 0.14852747321128845, "vy_10": 0.15540826320648193, "dpsidt_0.05": 0.002308713039383292, "dpsidt_1": 0.005673302803188562, "dpsidt_2": 0.007371813990175724, "dpsidt_3": 0.008617873303592205, "dpsidt_4": 0.009271032176911831, "dpsidt_5": 0.009257477708160877, "dpsidt_6": 0.009844091720879078, "dpsidt_7": 0.009858520701527596, "dpsidt_8": 0.010089459829032421, "dpsidt_9": 0.010404861532151699, "dpsidt_10": 0.010497397743165493, "rmse_0.05": 0.009295408613979816, "rmse_1": 0.03065011277794838, "rmse_2": 0.0449422225356102, "rmse_3": 0.05822218209505081, "rmse_4": 0.06232180446386337, "rmse_5": 0.06559524685144424, "rmse_6": 0.067782923579216, "rmse_7": 0.07349525392055511, "rmse_8": 0.07765521109104156, "rmse_9": 0.07946616411209106, "rmse_10": 0.0829528272151947}