{"vy": 0.5025610327720642, "dpsidt": 0.15637587010860443, "rmse": 0.3294684588909149}