{"vy": 0.40103617310523987, "dpsidt": 0.12627816200256348, "rmse": 0.2636571526527405}