{"vy": 0.40064239501953125, "dpsidt": 0.09405915439128876, "rmse": 0.2473507821559906}