{"vy": 0.4917801022529602, "dpsidt": 0.12370538711547852, "rmse": 0.30774274468421936}