{"vy": 0.48412182927131653, "dpsidt": 0.11226468533277512, "rmse": 0.2981932461261749}