{"vy": 0.4135175943374634, "dpsidt": 0.10511752963066101, "rmse": 0.2593175768852234}