{"vy": 0.4589677155017853, "dpsidt": 0.12309998273849487, "rmse": 0.29103386402130127}