{"vy": 0.3763943910598755, "dpsidt": 0.09359001368284225, "rmse": 0.23499220609664917}