{"vy": 0.3945530652999878, "dpsidt": 0.1203351691365242, "rmse": 0.2574441134929657}