{"vy_time": [], "dpsidtrmse_time": [], "vy_0.05": 0.016933703795075417, "dpsidt_0.05": 0.0022936370223760605, "rmse_0.05": 0.009613670408725739, "vy_1": 0.05740639939904213, "dpsidt_1": 0.005235058255493641, "rmse_1": 0.0313207283616066, "vy_2": 0.07837433367967606, "dpsidt_2": 0.006616613361984491, "rmse_2": 0.042495474219322205, "vy_3": 0.09588395804166794, "dpsidt_3": 0.0076756905764341354, "rmse_3": 0.05177982524037361, "vy_4": 0.09882819652557373, "dpsidt_4": 0.007943075150251389, "rmse_4": 0.05338563770055771, "vy_5": 0.10688947886228561, "dpsidt_5": 0.007920945063233376, "rmse_5": 0.05740521103143692, "vy_6": 0.10989291965961456, "dpsidt_6": 0.008341990411281586, "rmse_6": 0.059117455035448074, "vy_7": 0.12133737653493881, "dpsidt_7": 0.008277993649244308, "rmse_7": 0.06480768322944641, "vy_8": 0.1283600926399231, "dpsidt_8": 0.008434774354100227, "rmse_8": 0.06839743256568909, "vy_9": 0.1307878941297531, "dpsidt_9": 0.008642510510981083, "rmse_9": 0.06971520185470581, "vy_10": 0.13705606758594513, "dpsidt_10": 0.008698742836713791, "rmse_10": 0.07287740707397461}