{"vy": 0.42715102434158325, "dpsidt": 0.11724740266799927, "rmse": 0.27219921350479126}