{"vy": 0.4988228976726532, "dpsidt": 0.12799516320228577, "rmse": 0.3134090304374695}