{"vy": 0.4465104341506958, "dpsidt": 0.17792458832263947, "rmse": 0.31221750378608704}