{"vy": 0.41442471742630005, "dpsidt": 0.09857139736413956, "rmse": 0.2564980685710907}