{"vy": 0.5142015218734741, "dpsidt": 0.1243080273270607, "rmse": 0.3192547857761383}