{"vy": 0.5292056798934937, "dpsidt": 0.12557049095630646, "rmse": 0.32738807797431946}