{"vy": 0.40963754057884216, "dpsidt": 0.1622980386018753, "rmse": 0.28596779704093933}