{"vy": 0.4454784393310547, "dpsidt": 0.13987252116203308, "rmse": 0.2926754951477051}