{"vy": 0.425522118806839, "dpsidt": 0.11109666526317596, "rmse": 0.2683093845844269}