{"vy": 0.4497216045856476, "dpsidt": 0.19353090226650238, "rmse": 0.3216262459754944}