{"vy": 0.48239365220069885, "dpsidt": 0.1034478172659874, "rmse": 0.2929207384586334}