{"vy": 0.4438771605491638, "dpsidt": 0.09376295655965805, "rmse": 0.26882004737854004}