{"vy": 0.3731183111667633, "dpsidt": 0.08774896711111069, "rmse": 0.2304336428642273}