{"vy": 0.3825579881668091, "dpsidt": 0.07775861769914627, "rmse": 0.23015829920768738}