{"vy": 0.37297216057777405, "dpsidt": 0.10506671667098999, "rmse": 0.23901943862438202}