{"vy": 0.5204108357429504, "dpsidt": 0.11593900620937347, "rmse": 0.31817492842674255}