{"vy": 0.668974757194519, "dpsidt": 0.38098618388175964, "rmse": 0.5249804854393005}