{"vy": 0.4483998417854309, "dpsidt": 0.08745415508747101, "rmse": 0.26792699098587036}