{"vy": 0.36231693625450134, "dpsidt": 0.08821488916873932, "rmse": 0.22526592016220093}