{"vy": 0.37239396572113037, "dpsidt": 0.0850948840379715, "rmse": 0.22874441742897034}