{"vy": 0.40326181054115295, "dpsidt": 0.08715879917144775, "rmse": 0.24521030485630035}