{"vy": 0.39357230067253113, "dpsidt": 0.12366658449172974, "rmse": 0.25861942768096924}