{"vy": 0.44537782669067383, "dpsidt": 0.1501101702451706, "rmse": 0.2977440059185028}