{"vy": 0.4922868013381958, "dpsidt": 0.21157747507095337, "rmse": 0.3519321382045746}