{"vy": 0.4334343373775482, "dpsidt": 0.09413530677556992, "rmse": 0.26378482580184937}