{"vy": 0.3807647228240967, "dpsidt": 0.11725225299596786, "rmse": 0.24900849163532257}