{"vy": 0.4330337643623352, "dpsidt": 0.10147306323051453, "rmse": 0.26725339889526367}