{"vy": 0.37101858854293823, "dpsidt": 0.08904698491096497, "rmse": 0.2300327867269516}