{"vy": 0.4198574423789978, "dpsidt": 0.08407720178365707, "rmse": 0.25196731090545654}