{"vy": 0.4180455505847931, "dpsidt": 0.10618244111537933, "rmse": 0.2621139883995056}