{"vy": 0.44159576296806335, "dpsidt": 0.0875985398888588, "rmse": 0.2645971477031708}