{"vy_time": [], "dpsidtrmse_time": [], "vy_0.05": 0.017031440511345863, "dpsidt_0.05": 0.0023882794193923473, "rmse_0.05": 0.009709860198199749, "vy_1": 0.05700301378965378, "dpsidt_1": 0.0056093367747962475, "rmse_1": 0.03130617365241051, "vy_2": 0.0756487175822258, "dpsidt_2": 0.0067341746762394905, "rmse_2": 0.04119144752621651, "vy_3": 0.08987931907176971, "dpsidt_3": 0.0077400291338562965, "rmse_3": 0.04880967363715172, "vy_4": 0.0926704853773117, "dpsidt_4": 0.007965059019625187, "rmse_4": 0.05031777173280716, "vy_5": 0.09889692068099976, "dpsidt_5": 0.007988483645021915, "rmse_5": 0.05344270169734955, "vy_6": 0.10270725935697556, "dpsidt_6": 0.008406863547861576, "rmse_6": 0.05555706098675728, "vy_7": 0.11345454305410385, "dpsidt_7": 0.008344997651875019, "rmse_7": 0.0608997717499733, "vy_8": 0.11942975223064423, "dpsidt_8": 0.008484265767037868, "rmse_8": 0.06395700573921204, "vy_9": 0.12144399434328079, "dpsidt_9": 0.008699467405676842, "rmse_9": 0.06507173180580139, "vy_10": 0.12716476619243622, "dpsidt_10": 0.008752859197556973, "rmse_10": 0.06795880943536758}