{"vy": 0.43371331691741943, "dpsidt": 0.1695510894060135, "rmse": 0.30163219571113586}