{"vy": 0.3973333239555359, "dpsidt": 0.1347881555557251, "rmse": 0.2660607397556305}