{"vy": 0.37900128960609436, "dpsidt": 0.10810153186321259, "rmse": 0.24355140328407288}