{"vy": 0.47632625699043274, "dpsidt": 0.08885356038808823, "rmse": 0.2825899124145508}