{"vy": 0.44019797444343567, "dpsidt": 0.09398446977138519, "rmse": 0.26709121465682983}