{"vy": 0.36856552958488464, "dpsidt": 0.0847381129860878, "rmse": 0.22665181756019592}