{"vy_0.05": 0.016585271805524826, "vy_1": 0.05543103814125061, "vy_2": 0.07512537389993668, "vy_3": 0.09147276729345322, "vy_4": 0.09452111274003983, "vy_5": 0.10067692399024963, "vy_6": 0.10460010170936584, "vy_7": 0.11543285101652145, "vy_8": 0.12164350599050522, "vy_9": 0.12373144924640656, "vy_10": 0.12964925169944763, "dpsidt_0.05": 0.0022799766156822443, "dpsidt_1": 0.005471370182931423, "dpsidt_2": 0.006880194880068302, "dpsidt_3": 0.0077727301977574825, "dpsidt_4": 0.008144110441207886, "dpsidt_5": 0.008130873553454876, "dpsidt_6": 0.008621650747954845, "dpsidt_7": 0.00859255250543356, "dpsidt_8": 0.008753185160458088, "dpsidt_9": 0.009011992253363132, "dpsidt_10": 0.009065825492143631, "rmse_0.05": 0.009432624094188213, "rmse_1": 0.030451204627752304, "rmse_2": 0.0410027839243412, "rmse_3": 0.04962274804711342, "rmse_4": 0.051332611590623856, "rmse_5": 0.05440389737486839, "rmse_6": 0.05661087483167648, "rmse_7": 0.062012702226638794, "rmse_8": 0.06519834697246552, "rmse_9": 0.06637172400951385, "rmse_10": 0.06935753673315048}