{"vy_time": [], "dpsidtrmse_time": [], "vy_0.05": 0.016076775267720222, "dpsidt_0.05": 0.002252457430586219, "rmse_0.05": 0.009164616465568542, "vy_1": 0.05482569709420204, "dpsidt_1": 0.005746792070567608, "rmse_1": 0.030286245048046112, "vy_2": 0.07528010755777359, "dpsidt_2": 0.008857795037329197, "rmse_2": 0.042068950831890106, "vy_3": 0.09332484006881714, "dpsidt_3": 0.009763479232788086, "rmse_3": 0.05154415965080261, "vy_4": 0.0967484638094902, "dpsidt_4": 0.010441352613270283, "rmse_4": 0.053594909608364105, "vy_5": 0.10164470225572586, "dpsidt_5": 0.010712381452322006, "rmse_5": 0.056178539991378784, "vy_6": 0.10743863135576248, "dpsidt_6": 0.01143223512917757, "rmse_6": 0.05943543463945389, "vy_7": 0.11715379357337952, "dpsidt_7": 0.011795276775956154, "rmse_7": 0.06447453796863556, "vy_8": 0.12333422899246216, "dpsidt_8": 0.012043717317283154, "rmse_8": 0.0676889717578888, "vy_9": 0.12569396197795868, "dpsidt_9": 0.01249742228537798, "rmse_9": 0.06909569352865219, "vy_10": 0.1314566731452942, "dpsidt_10": 0.012581564486026764, "rmse_10": 0.07201911509037018}