{"vy": 0.4381343722343445, "dpsidt": 0.08774764090776443, "rmse": 0.26294100284576416}