{"vy": 0.3770415782928467, "dpsidt": 0.09005178511142731, "rmse": 0.2335466742515564}