{"vy": 0.3969367444515228, "dpsidt": 0.10366018861532211, "rmse": 0.25029847025871277}