{"vy": 0.3800269067287445, "dpsidt": 0.08203515410423279, "rmse": 0.23103103041648865}