{"vy": 0.41581594944000244, "dpsidt": 0.11402115225791931, "rmse": 0.26491856575012207}