{"vy": 0.4106343686580658, "dpsidt": 0.12042252719402313, "rmse": 0.26552844047546387}