{"vy_0.05": 0.016059966757893562, "vy_1": 0.05724208056926727, "vy_2": 0.07749659568071365, "vy_3": 0.09807262569665909, "vy_4": 0.10110551118850708, "vy_5": 0.1083122119307518, "vy_6": 0.11388327926397324, "vy_7": 0.12388696521520615, "vy_8": 0.13122989237308502, "vy_9": 0.13412025570869446, "vy_10": 0.14065943658351898, "dpsidt_0.05": 0.0021271263249218464, "dpsidt_1": 0.005523753818124533, "dpsidt_2": 0.008137695491313934, "dpsidt_3": 0.00926279928535223, "dpsidt_4": 0.01008320041000843, "dpsidt_5": 0.010112764313817024, "dpsidt_6": 0.010764431208372116, "dpsidt_7": 0.010922142304480076, "dpsidt_8": 0.011173301376402378, "dpsidt_9": 0.011538193561136723, "dpsidt_10": 0.01159669179469347, "rmse_0.05": 0.00909354630857706, "rmse_1": 0.03138291835784912, "rmse_2": 0.042817145586013794, "rmse_3": 0.053667712956666946, "rmse_4": 0.05559435486793518, "rmse_5": 0.05921248719096184, "rmse_6": 0.06232385337352753, "rmse_7": 0.06740455329418182, "rmse_8": 0.07120160013437271, "rmse_9": 0.0728292241692543, "rmse_10": 0.07612806558609009}