{"vy": 0.4065212309360504, "dpsidt": 0.08927459269762039, "rmse": 0.2478979080915451}