{"vy": 0.4683036208152771, "dpsidt": 0.11286698281764984, "rmse": 0.29058530926704407}