{"vy": 0.4009959101676941, "dpsidt": 0.09936213493347168, "rmse": 0.2501790225505829}