{"vy": 0.38844215869903564, "dpsidt": 0.08632295578718185, "rmse": 0.23738256096839905}