{"vy": 0.39877521991729736, "dpsidt": 0.089391328394413, "rmse": 0.24408327043056488}