{"vy": 0.44828537106513977, "dpsidt": 0.130160853266716, "rmse": 0.2892231047153473}