{"vy": 0.47113603353500366, "dpsidt": 0.0963735580444336, "rmse": 0.28375479578971863}