{"vy": 0.49239209294319153, "dpsidt": 0.14467939734458923, "rmse": 0.3185357451438904}