{"vy": 0.440702885389328, "dpsidt": 0.1143713966012001, "rmse": 0.27753713726997375}