{"vy_time": [], "dpsidtrmse_time": [], "vy_0.05": 0.01721508987247944, "dpsidt_0.05": 0.002305571222677827, "rmse_0.05": 0.009760330431163311, "vy_1": 0.05747407674789429, "dpsidt_1": 0.00535833602771163, "rmse_1": 0.03141620755195618, "vy_2": 0.07949986308813095, "dpsidt_2": 0.00672717671841383, "rmse_2": 0.04311351850628853, "vy_3": 0.09712954610586166, "dpsidt_3": 0.007728449068963528, "rmse_3": 0.05242899805307388, "vy_4": 0.10047313570976257, "dpsidt_4": 0.008024409413337708, "rmse_4": 0.05424877256155014, "vy_5": 0.10783637315034866, "dpsidt_5": 0.008010677061975002, "rmse_5": 0.05792352557182312, "vy_6": 0.11079822480678558, "dpsidt_6": 0.008451090194284916, "rmse_6": 0.05962465703487396, "vy_7": 0.12227676808834076, "dpsidt_7": 0.008425544016063213, "rmse_7": 0.06535115838050842, "vy_8": 0.12915444374084473, "dpsidt_8": 0.008581974543631077, "rmse_8": 0.06886821240186691, "vy_9": 0.13155102729797363, "dpsidt_9": 0.00879422202706337, "rmse_9": 0.07017262279987335, "vy_10": 0.13772112131118774, "dpsidt_10": 0.008832634426653385, "rmse_10": 0.07327687740325928}