{"vy": 0.5096912384033203, "dpsidt": 0.09842203557491302, "rmse": 0.30405664443969727}