{"vy": 0.40332549810409546, "dpsidt": 0.09820018708705902, "rmse": 0.25076285004615784}