{"vy": 0.44715631008148193, "dpsidt": 0.11893081665039062, "rmse": 0.2830435633659363}