{"vy": 0.40703409910202026, "dpsidt": 0.13276620209217072, "rmse": 0.2699001431465149}