{"vy": 0.39737313985824585, "dpsidt": 0.09710726886987686, "rmse": 0.24724020063877106}