{"vy": 0.3722052276134491, "dpsidt": 0.10324203222990036, "rmse": 0.23772363364696503}