{"vy": 0.47983649373054504, "dpsidt": 0.10169360041618347, "rmse": 0.29076504707336426}