{"vy": 0.402381956577301, "dpsidt": 0.11745698004961014, "rmse": 0.2599194645881653}