{"vy": 0.48412105441093445, "dpsidt": 0.10138358920812607, "rmse": 0.29275232553482056}