{"vy": 0.5226259827613831, "dpsidt": 0.13331496715545654, "rmse": 0.3279704749584198}