{"vy": 0.4035162329673767, "dpsidt": 0.14781790971755981, "rmse": 0.27566707134246826}