{"vy": 0.3687049448490143, "dpsidt": 0.07722118496894836, "rmse": 0.22296306490898132}