{"vy": 0.3782180845737457, "dpsidt": 0.09321186691522598, "rmse": 0.23571497201919556}