{"vy": 0.3691190481185913, "dpsidt": 0.11574700474739075, "rmse": 0.24243302643299103}