{"vy": 0.383946031332016, "dpsidt": 0.11567168682813644, "rmse": 0.24980886280536652}