{"vy": 0.47995343804359436, "dpsidt": 0.09288962930440903, "rmse": 0.286421537399292}