{"vy": 0.40362149477005005, "dpsidt": 0.10147543996572495, "rmse": 0.2525484561920166}