{"vy": 0.39098021388053894, "dpsidt": 0.11290255188941956, "rmse": 0.25194138288497925}