{"vy": 0.459540456533432, "dpsidt": 0.12527824938297272, "rmse": 0.29240936040878296}