{"vy": 0.44831934571266174, "dpsidt": 0.1250365972518921, "rmse": 0.2866779565811157}