{"vy": 0.3596426546573639, "dpsidt": 0.10794680565595627, "rmse": 0.23379473388195038}