{"vy": 0.44391635060310364, "dpsidt": 0.1665925681591034, "rmse": 0.3052544593811035}