{"vy": 0.3833276927471161, "dpsidt": 0.0987190455198288, "rmse": 0.24102336168289185}