{"vy": 0.3853333294391632, "dpsidt": 0.12052375078201294, "rmse": 0.25292855501174927}