{"vy_time": [], "dpsidtrmse_time": [], "vy_0.05": 0.01754300855100155, "dpsidt_0.05": 0.0021810843609273434, "rmse_0.05": 0.00986204668879509, "vy_1": 0.05869371443986893, "dpsidt_1": 0.005067098885774612, "rmse_1": 0.03188040852546692, "vy_2": 0.07554376870393753, "dpsidt_2": 0.006532388739287853, "rmse_2": 0.04103807732462883, "vy_3": 0.08719384670257568, "dpsidt_3": 0.007337797433137894, "rmse_3": 0.04726582020521164, "vy_4": 0.08938828110694885, "dpsidt_4": 0.007626963779330254, "rmse_4": 0.04850762337446213, "vy_5": 0.0963672325015068, "dpsidt_5": 0.007664826232939959, "rmse_5": 0.05201603099703789, "vy_6": 0.10020864754915237, "dpsidt_6": 0.008087730966508389, "rmse_6": 0.05414818972349167, "vy_7": 0.11035187542438507, "dpsidt_7": 0.008101826533675194, "rmse_7": 0.05922685191035271, "vy_8": 0.11606083065271378, "dpsidt_8": 0.008220238611102104, "rmse_8": 0.062140535563230515, "vy_9": 0.11789237707853317, "dpsidt_9": 0.008447118103504181, "rmse_9": 0.06316974759101868, "vy_10": 0.12311328202486038, "dpsidt_10": 0.008450600318610668, "rmse_10": 0.06578194350004196}