{"vy": 0.48082733154296875, "dpsidt": 0.09414182603359222, "rmse": 0.2874845862388611}