{"vy": 0.3966660499572754, "dpsidt": 0.09448003023862839, "rmse": 0.2455730438232422}