{"vy": 0.5072335004806519, "dpsidt": 0.1134595051407814, "rmse": 0.3103465139865875}