{"vy": 0.4740644097328186, "dpsidt": 0.12167798727750778, "rmse": 0.2978712022304535}