{"vy": 0.5037038326263428, "dpsidt": 0.11389914900064468, "rmse": 0.3088015019893646}