{"vy": 0.38557279109954834, "dpsidt": 0.08184981346130371, "rmse": 0.23371130228042603}