{"vy": 0.38568511605262756, "dpsidt": 0.11179403215646744, "rmse": 0.2487395703792572}