{"vy": 0.5522133111953735, "dpsidt": 0.19975051283836365, "rmse": 0.3759819269180298}