{"vy": 0.4151942729949951, "dpsidt": 0.12831076979637146, "rmse": 0.2717525362968445}