{"vy": 0.37984180450439453, "dpsidt": 0.1073509082198143, "rmse": 0.24359636008739471}