{"vy": 0.43017134070396423, "dpsidt": 0.10741137713193893, "rmse": 0.2687913477420807}