{"vy": 0.4039711654186249, "dpsidt": 0.09129106253385544, "rmse": 0.24763111770153046}