{"vy": 0.42137521505355835, "dpsidt": 0.11335555464029312, "rmse": 0.26736539602279663}