{"vy": 0.4636152982711792, "dpsidt": 0.11239556223154068, "rmse": 0.28800544142723083}