{"vy": 0.4125049412250519, "dpsidt": 0.10753284394741058, "rmse": 0.26001888513565063}