{"vy": 0.3805903196334839, "dpsidt": 0.09306510537862778, "rmse": 0.23682771623134613}