{"vy": 0.4417394697666168, "dpsidt": 0.11328674107789993, "rmse": 0.2775131165981293}