{"vy": 0.46193939447402954, "dpsidt": 0.10734973847866058, "rmse": 0.28464457392692566}