{"vy": 0.3819270431995392, "dpsidt": 0.07759205251932144, "rmse": 0.22975954413414001}