{"vy": 0.3974762260913849, "dpsidt": 0.08311831951141357, "rmse": 0.24029727280139923}