{"vy": 0.4250222146511078, "dpsidt": 0.09086429327726364, "rmse": 0.2579432427883148}