{"vy": 0.40241649746894836, "dpsidt": 0.145839661359787, "rmse": 0.2741280794143677}