{"vy": 0.3637169301509857, "dpsidt": 0.08884605765342712, "rmse": 0.22628149390220642}