{"vy": 0.5295970439910889, "dpsidt": 0.1262248456478119, "rmse": 0.3279109597206116}