{"vy_time": [], "dpsidtrmse_time": [], "vy_0.05": 0.016695166006684303, "dpsidt_0.05": 0.002166734542697668, "rmse_0.05": 0.00943095050752163, "vy_1": 0.058337390422821045, "dpsidt_1": 0.005438727792352438, "rmse_1": 0.03188806027173996, "vy_2": 0.07670751959085464, "dpsidt_2": 0.007456833962351084, "rmse_2": 0.042082175612449646, "vy_3": 0.0951731950044632, "dpsidt_3": 0.008523265831172466, "rmse_3": 0.05184822902083397, "vy_4": 0.09783894568681717, "dpsidt_4": 0.009063600562512875, "rmse_4": 0.05345127359032631, "vy_5": 0.10569524765014648, "dpsidt_5": 0.009023194201290607, "rmse_5": 0.05735922232270241, "vy_6": 0.11051386594772339, "dpsidt_6": 0.009598136879503727, "rmse_6": 0.06005600094795227, "vy_7": 0.12081330269575119, "dpsidt_7": 0.00967094860970974, "rmse_7": 0.06524212658405304, "vy_8": 0.12811826169490814, "dpsidt_8": 0.009908332489430904, "rmse_8": 0.06901329755783081, "vy_9": 0.13078747689723969, "dpsidt_9": 0.01020340621471405, "rmse_9": 0.07049544155597687, "vy_10": 0.13720233738422394, "dpsidt_10": 0.010261451825499535, "rmse_10": 0.07373189181089401}