{"vy": 0.4962647557258606, "dpsidt": 0.13733665645122528, "rmse": 0.31680071353912354}