{"vy": 0.44960421323776245, "dpsidt": 0.18106397986412048, "rmse": 0.3153340816497803}