{"vy": 0.45235756039619446, "dpsidt": 0.18943274021148682, "rmse": 0.32089513540267944}