{"vy": 0.3740113377571106, "dpsidt": 0.07823845744132996, "rmse": 0.22612489759922028}