{"vy": 0.3738427460193634, "dpsidt": 0.10268235951662064, "rmse": 0.23826254904270172}