{"vy": 0.41579607129096985, "dpsidt": 0.10246393829584122, "rmse": 0.25913000106811523}