{"vy": 0.4282013773918152, "dpsidt": 0.14513817429542542, "rmse": 0.2866697907447815}