{"vy": 0.38562247157096863, "dpsidt": 0.08789592236280441, "rmse": 0.23675920069217682}