{"vy": 0.46456751227378845, "dpsidt": 0.15893730521202087, "rmse": 0.31175240874290466}