{"vy": 0.42157548666000366, "dpsidt": 0.12963151931762695, "rmse": 0.2756035029888153}