{"vy": 0.43597400188446045, "dpsidt": 0.10718251019716263, "rmse": 0.27157825231552124}