{"vy": 0.506206214427948, "dpsidt": 0.09905166923999786, "rmse": 0.30262893438339233}