{"vy": 0.39320918917655945, "dpsidt": 0.12849850952625275, "rmse": 0.2608538568019867}