{"vy": 0.4130263030529022, "dpsidt": 0.0993257686495781, "rmse": 0.25617602467536926}