{"vy": 0.5156635642051697, "dpsidt": 0.171518936753273, "rmse": 0.34359124302864075}