{"vy": 0.4214237928390503, "dpsidt": 0.08325165510177612, "rmse": 0.2523377239704132}