{"vy": 0.4902442991733551, "dpsidt": 0.09840420633554459, "rmse": 0.29432424902915955}