{"vy": 0.5190830826759338, "dpsidt": 0.12583677470684052, "rmse": 0.3224599361419678}