{"vy": 0.4500497281551361, "dpsidt": 0.10895360261201859, "rmse": 0.27950167655944824}