{"vy": 0.5088750123977661, "dpsidt": 0.1233193650841713, "rmse": 0.3160971999168396}