{"vy": 0.45412230491638184, "dpsidt": 0.10335513949394226, "rmse": 0.27873873710632324}