{"vy": 0.43954262137413025, "dpsidt": 0.1109338104724884, "rmse": 0.2752382159233093}