{"vy": 0.4050024449825287, "dpsidt": 0.10049635916948318, "rmse": 0.25274941325187683}