{"vy": 0.42216241359710693, "dpsidt": 0.09973812103271484, "rmse": 0.2609502673149109}