{"vy": 0.4489099383354187, "dpsidt": 0.12073507159948349, "rmse": 0.2848224937915802}