{"vy": 0.5853414535522461, "dpsidt": 0.13186809420585632, "rmse": 0.3586047887802124}