{"vy": 0.4299856424331665, "dpsidt": 0.10031265020370483, "rmse": 0.26514914631843567}