{"vy_time": [], "dpsidtrmse_time": [], "vy_0.05": 0.0169454887509346, "dpsidt_0.05": 0.0022621487732976675, "rmse_0.05": 0.009603818878531456, "vy_1": 0.05840668827295303, "dpsidt_1": 0.006077843718230724, "rmse_1": 0.03224226459860802, "vy_2": 0.0764249935746193, "dpsidt_2": 0.008082808926701546, "rmse_2": 0.042253900319337845, "vy_3": 0.0942869484424591, "dpsidt_3": 0.008845021948218346, "rmse_3": 0.0515659861266613, "vy_4": 0.09716339409351349, "dpsidt_4": 0.009347401559352875, "rmse_4": 0.05325539782643318, "vy_5": 0.10503043979406357, "dpsidt_5": 0.009401500225067139, "rmse_5": 0.05721597000956535, "vy_6": 0.109895721077919, "dpsidt_6": 0.010085848160088062, "rmse_6": 0.059990786015987396, "vy_7": 0.1200854554772377, "dpsidt_7": 0.010277308523654938, "rmse_7": 0.06518138200044632, "vy_8": 0.12721505761146545, "dpsidt_8": 0.01056672167032957, "rmse_8": 0.06889089196920395, "vy_9": 0.12970231473445892, "dpsidt_9": 0.010933317244052887, "rmse_9": 0.0703178197145462, "vy_10": 0.13587911427021027, "dpsidt_10": 0.011008595116436481, "rmse_10": 0.07344385236501694}