{"vy": 0.43427613377571106, "dpsidt": 0.10687573254108429, "rmse": 0.27057594060897827}