{"vy": 0.4660044014453888, "dpsidt": 0.10349147766828537, "rmse": 0.2847479283809662}