{"vy": 0.39269137382507324, "dpsidt": 0.10776545852422714, "rmse": 0.2502284049987793}