{"vy": 0.40584027767181396, "dpsidt": 0.14987601339817047, "rmse": 0.2778581380844116}