{"vy": 0.39033231139183044, "dpsidt": 0.10360998660326004, "rmse": 0.24697114527225494}