{"vy": 0.3852798044681549, "dpsidt": 0.11753784120082855, "rmse": 0.25140881538391113}