{"vy": 0.39683544635772705, "dpsidt": 0.150040403008461, "rmse": 0.2734379172325134}