{"vy": 0.4001443684101105, "dpsidt": 0.10126280039548874, "rmse": 0.2507035732269287}