{"vy": 0.48148292303085327, "dpsidt": 0.11512435972690582, "rmse": 0.29830363392829895}