{"vy": 0.4091508388519287, "dpsidt": 0.10933993011713028, "rmse": 0.2592453956604004}