{"vy": 0.3793708384037018, "dpsidt": 0.08923613280057907, "rmse": 0.23430348932743073}