{"vy": 0.3952702283859253, "dpsidt": 0.10533758252859116, "rmse": 0.25030389428138733}