{"vy": 0.5361377000808716, "dpsidt": 0.17749589681625366, "rmse": 0.3568167984485626}