{"vy": 0.5041135549545288, "dpsidt": 0.12286283075809479, "rmse": 0.3134881854057312}