{"vy_0.05": 0.016492655500769615, "vy_1": 0.05419492721557617, "vy_2": 0.07623464614152908, "vy_3": 0.09218347817659378, "vy_4": 0.09674094617366791, "vy_5": 0.1013297438621521, "vy_6": 0.10464584827423096, "vy_7": 0.11598973721265793, "vy_8": 0.12168630957603455, "vy_9": 0.12359578162431717, "vy_10": 0.1289231777191162, "dpsidt_0.05": 0.0023072699550539255, "dpsidt_1": 0.005205496214330196, "dpsidt_2": 0.006561449728906155, "dpsidt_3": 0.007358253002166748, "dpsidt_4": 0.007645075675100088, "dpsidt_5": 0.007627991493791342, "dpsidt_6": 0.008035684004426003, "dpsidt_7": 0.007983955554664135, "dpsidt_8": 0.00808784831315279, "dpsidt_9": 0.008310176432132721, "dpsidt_10": 0.008329160511493683, "rmse_0.05": 0.009399962611496449, "rmse_1": 0.02970021218061447, "rmse_2": 0.041398048400878906, "rmse_3": 0.049770865589380264, "rmse_4": 0.052193012088537216, "rmse_5": 0.05447886884212494, "rmse_6": 0.056340765208005905, "rmse_7": 0.06198684498667717, "rmse_8": 0.06488707661628723, "rmse_9": 0.06595297902822495, "rmse_10": 0.06862616539001465}