{"vy": 0.3740938603878021, "dpsidt": 0.07810255885124207, "rmse": 0.2260982096195221}