{"vy": 0.3923943042755127, "dpsidt": 0.09711316227912903, "rmse": 0.24475373327732086}