{"vy": 0.4018486738204956, "dpsidt": 0.13173586130142212, "rmse": 0.26679226756095886}