{"vy": 0.41215652227401733, "dpsidt": 0.08540431410074234, "rmse": 0.24878041446208954}