{"vy": 0.4607643187046051, "dpsidt": 0.09625621885061264, "rmse": 0.27851027250289917}