{"vy": 0.4493149518966675, "dpsidt": 0.10208072513341904, "rmse": 0.27569782733917236}