{"vy_time": [], "dpsidtrmse_time": [], "vy_0.05": 0.01682196371257305, "dpsidt_0.05": 0.002266651252284646, "rmse_0.05": 0.009544307366013527, "vy_1": 0.05715653672814369, "dpsidt_1": 0.0057230922393500805, "rmse_1": 0.03143981471657753, "vy_2": 0.08069676905870438, "dpsidt_2": 0.00741340359672904, "rmse_2": 0.04405508562922478, "vy_3": 0.10134454816579819, "dpsidt_3": 0.00839745532721281, "rmse_3": 0.05487100034952164, "vy_4": 0.10526567697525024, "dpsidt_4": 0.008913280442357063, "rmse_4": 0.05708947777748108, "vy_5": 0.1122954785823822, "dpsidt_5": 0.008936177007853985, "rmse_5": 0.06061582639813423, "vy_6": 0.11600583046674728, "dpsidt_6": 0.009551946073770523, "rmse_6": 0.06277889013290405, "vy_7": 0.12720569968223572, "dpsidt_7": 0.009634626097977161, "rmse_7": 0.0684201642870903, "vy_8": 0.13443990051746368, "dpsidt_8": 0.009862370789051056, "rmse_8": 0.07215113937854767, "vy_9": 0.13709867000579834, "dpsidt_9": 0.0101631386205554, "rmse_9": 0.0736309066414833, "vy_10": 0.1435697227716446, "dpsidt_10": 0.010234018787741661, "rmse_10": 0.0769018679857254}