{"vy": 0.4840087890625, "dpsidt": 0.10163753479719162, "rmse": 0.2928231656551361}