{"vy": 0.37063565850257874, "dpsidt": 0.09395965933799744, "rmse": 0.23229765892028809}