{"vy": 0.43698039650917053, "dpsidt": 0.09717059880495071, "rmse": 0.2670755088329315}