{"vy": 0.3747480511665344, "dpsidt": 0.0873665139079094, "rmse": 0.2310572862625122}