{"vy": 0.4986814260482788, "dpsidt": 0.11205852776765823, "rmse": 0.3053699731826782}