{"vy": 0.4380444288253784, "dpsidt": 0.09439471364021301, "rmse": 0.2662195563316345}