{"vy": 0.4451763331890106, "dpsidt": 0.1660204827785492, "rmse": 0.3055984079837799}