{"vy": 0.4644279479980469, "dpsidt": 0.10192662477493286, "rmse": 0.28317728638648987}