{"vy": 0.39846503734588623, "dpsidt": 0.13791750371456146, "rmse": 0.26819127798080444}