{"vy": 0.4099339246749878, "dpsidt": 0.07833217084407806, "rmse": 0.24413305521011353}