{"vy": 0.5169140696525574, "dpsidt": 0.24633538722991943, "rmse": 0.3816247284412384}