{"vy": 0.4199082851409912, "dpsidt": 0.08901503682136536, "rmse": 0.2544616460800171}