{"vy": 0.5379026532173157, "dpsidt": 0.17768505215644836, "rmse": 0.3577938675880432}