{"vy": 0.3985994756221771, "dpsidt": 0.09727530926465988, "rmse": 0.2479373961687088}