{"vy": 0.5272721648216248, "dpsidt": 0.11928398907184601, "rmse": 0.3232780694961548}