{"vy": 0.40828511118888855, "dpsidt": 0.12357096374034882, "rmse": 0.2659280300140381}