{"vy": 0.39472323656082153, "dpsidt": 0.09105640649795532, "rmse": 0.24288982152938843}