{"vy": 0.431938111782074, "dpsidt": 0.0890936478972435, "rmse": 0.26051586866378784}