{"vy": 0.45274338126182556, "dpsidt": 0.14071530103683472, "rmse": 0.29672932624816895}