{"vy": 0.3702799081802368, "dpsidt": 0.09102813154459, "rmse": 0.2306540161371231}