{"vy": 0.538408637046814, "dpsidt": 0.11908988654613495, "rmse": 0.32874926924705505}