{"vy": 0.3848123848438263, "dpsidt": 0.10745802521705627, "rmse": 0.24613520503044128}