{"vy": 0.5499973893165588, "dpsidt": 0.15561543405056, "rmse": 0.35280641913414}