{"vy": 0.44613921642303467, "dpsidt": 0.08746811747550964, "rmse": 0.26680368185043335}