{"vy": 0.3635023534297943, "dpsidt": 0.0759001076221466, "rmse": 0.21970123052597046}