{"vy": 0.4257594645023346, "dpsidt": 0.14827345311641693, "rmse": 0.28701645135879517}