{"vy": 0.45265820622444153, "dpsidt": 0.16026924550533295, "rmse": 0.30646371841430664}