{"vy": 0.5149996280670166, "dpsidt": 0.13103888928890228, "rmse": 0.32301926612854004}