{"vy": 0.4397457242012024, "dpsidt": 0.10999605059623718, "rmse": 0.2748708724975586}