{"vy": 0.529815673828125, "dpsidt": 0.10001769661903381, "rmse": 0.3149166703224182}