{"vy": 0.37063536047935486, "dpsidt": 0.09709524363279343, "rmse": 0.23386530578136444}