{"vy": 0.37845802307128906, "dpsidt": 0.0870228260755539, "rmse": 0.23274043202400208}