{"vy": 0.41003045439720154, "dpsidt": 0.1084190234541893, "rmse": 0.2592247426509857}