{"vy": 0.42422038316726685, "dpsidt": 0.0761364996433258, "rmse": 0.2501784563064575}