{"vy": 0.4038906395435333, "dpsidt": 0.08986395597457886, "rmse": 0.2468772977590561}