{"vy": 0.3640895187854767, "dpsidt": 0.08838636428117752, "rmse": 0.2262379378080368}