{"vy": 0.4428648352622986, "dpsidt": 0.09118234366178513, "rmse": 0.26702359318733215}