{"vy": 0.40699586272239685, "dpsidt": 0.11081551015377045, "rmse": 0.25890567898750305}