{"vy": 0.48368868231773376, "dpsidt": 0.11938155442476273, "rmse": 0.30153512954711914}