{"vy": 0.42161354422569275, "dpsidt": 0.14877520501613617, "rmse": 0.28519436717033386}