{"vy": 0.4088643789291382, "dpsidt": 0.14136333763599396, "rmse": 0.2751138508319855}