{"vy": 0.39473795890808105, "dpsidt": 0.09429917484521866, "rmse": 0.24451856315135956}