{"vy": 0.43306541442871094, "dpsidt": 0.0808311179280281, "rmse": 0.2569482624530792}