{"vy": 0.4364536702632904, "dpsidt": 0.11547520756721497, "rmse": 0.2759644389152527}