{"vy": 0.3990512192249298, "dpsidt": 0.09357853978872299, "rmse": 0.2463148832321167}