{"vy": 0.513554036617279, "dpsidt": 0.09132500737905502, "rmse": 0.30243951082229614}