{"vy": 0.48940309882164, "dpsidt": 0.16052094101905823, "rmse": 0.3249620199203491}