{"vy": 0.4180138111114502, "dpsidt": 0.10305579006671906, "rmse": 0.26053479313850403}