{"vy_time": [], "dpsidtrmse_time": [], "vy_0.05": 0.015988344326615334, "dpsidt_0.05": 0.002387700602412224, "rmse_0.05": 0.009188022464513779, "vy_1": 0.055197928100824356, "dpsidt_1": 0.005891976412385702, "rmse_1": 0.030544951558113098, "vy_2": 0.0829632580280304, "dpsidt_2": 0.008017141371965408, "rmse_2": 0.04549019783735275, "vy_3": 0.1090390682220459, "dpsidt_3": 0.00944066233932972, "rmse_3": 0.059239864349365234, "vy_4": 0.12208935618400574, "dpsidt_4": 0.010045335628092289, "rmse_4": 0.06606734544038773, "vy_5": 0.12741351127624512, "dpsidt_5": 0.01007317379117012, "rmse_5": 0.06874334067106247, "vy_6": 0.13133777678012848, "dpsidt_6": 0.010621566325426102, "rmse_6": 0.07097966969013214, "vy_7": 0.14383870363235474, "dpsidt_7": 0.010691650211811066, "rmse_7": 0.0772651731967926, "vy_8": 0.15216127038002014, "dpsidt_8": 0.010932945646345615, "rmse_8": 0.08154711127281189, "vy_9": 0.155459925532341, "dpsidt_9": 0.011202705092728138, "rmse_9": 0.08333131670951843, "vy_10": 0.16191811859607697, "dpsidt_10": 0.011273126117885113, "rmse_10": 0.08659562468528748}