{"vy": 0.4650565981864929, "dpsidt": 0.16885638236999512, "rmse": 0.316956490278244}