{"vy": 0.40325409173965454, "dpsidt": 0.0913395881652832, "rmse": 0.24729683995246887}