{"vy": 0.41136473417282104, "dpsidt": 0.09757266938686371, "rmse": 0.254468709230423}