{"vy": 0.37645772099494934, "dpsidt": 0.07836664468050003, "rmse": 0.2274121791124344}