{"vy": 0.4283961057662964, "dpsidt": 0.14371038973331451, "rmse": 0.28605324029922485}