{"vy": 0.4868483543395996, "dpsidt": 0.08875735104084015, "rmse": 0.2878028452396393}