{"vy": 0.46648553013801575, "dpsidt": 0.11649629473686218, "rmse": 0.29149091243743896}