{"vy": 0.5052452683448792, "dpsidt": 0.11827968806028366, "rmse": 0.3117624819278717}