{"vy": 0.4169619083404541, "dpsidt": 0.1022009551525116, "rmse": 0.25958144664764404}