{"vy": 0.41093480587005615, "dpsidt": 0.09695854038000107, "rmse": 0.2539466619491577}