{"vy": 0.4535050094127655, "dpsidt": 0.16281507909297943, "rmse": 0.30816003680229187}