{"vy": 0.3947244882583618, "dpsidt": 0.09322142601013184, "rmse": 0.24397295713424683}