{"vy": 0.3744855225086212, "dpsidt": 0.08234814554452896, "rmse": 0.2284168303012848}