{"vy_time": [], "dpsidtrmse_time": [], "vy_0.05": 0.01699303835630417, "dpsidt_0.05": 0.0022245803847908974, "rmse_0.05": 0.009608808904886246, "vy_1": 0.05775248631834984, "dpsidt_1": 0.0051269312389194965, "rmse_1": 0.03143971040844917, "vy_2": 0.0753474086523056, "dpsidt_2": 0.007298164535313845, "rmse_2": 0.04132278636097908, "vy_3": 0.09025155752897263, "dpsidt_3": 0.00804990902543068, "rmse_3": 0.0491507351398468, "vy_4": 0.0927385687828064, "dpsidt_4": 0.008352668955922127, "rmse_4": 0.05054561793804169, "vy_5": 0.10075351595878601, "dpsidt_5": 0.008418621495366096, "rmse_5": 0.05458606779575348, "vy_6": 0.10454241931438446, "dpsidt_6": 0.008875137194991112, "rmse_6": 0.05670877918601036, "vy_7": 0.11496423929929733, "dpsidt_7": 0.008994237519800663, "rmse_7": 0.06197923794388771, "vy_8": 0.12125855684280396, "dpsidt_8": 0.009107018820941448, "rmse_8": 0.06518279016017914, "vy_9": 0.12324556708335876, "dpsidt_9": 0.009380270726978779, "rmse_9": 0.06631291657686234, "vy_10": 0.1287921816110611, "dpsidt_10": 0.009393936954438686, "rmse_10": 0.06909305602312088}