{"vy": 0.3837922215461731, "dpsidt": 0.09579778462648392, "rmse": 0.2397949993610382}