{"vy": 0.3957790732383728, "dpsidt": 0.14178812503814697, "rmse": 0.2687835991382599}