{"vy": 0.40190914273262024, "dpsidt": 0.07795771956443787, "rmse": 0.23993343114852905}