{"vy": 0.4307270348072052, "dpsidt": 0.1715758740901947, "rmse": 0.30115145444869995}