{"vy": 0.4029381275177002, "dpsidt": 0.0884128287434578, "rmse": 0.2456754744052887}