{"vy": 0.3888392448425293, "dpsidt": 0.12982526421546936, "rmse": 0.25933223962783813}