{"vy": 0.4116738438606262, "dpsidt": 0.08248762786388397, "rmse": 0.2470807433128357}