{"vy": 0.4686519205570221, "dpsidt": 0.16813823580741882, "rmse": 0.31839507818222046}