{"vy": 0.45157989859580994, "dpsidt": 0.16311007738113403, "rmse": 0.3073449730873108}