{"vy": 0.5424928665161133, "dpsidt": 0.1215827688574791, "rmse": 0.3320378065109253}