{"vy": 0.5085272789001465, "dpsidt": 0.10888376086950302, "rmse": 0.30870550870895386}