{"vy": 0.5636453628540039, "dpsidt": 0.15508714318275452, "rmse": 0.359366238117218}