{"vy": 0.47157391905784607, "dpsidt": 0.12358149141073227, "rmse": 0.29757770895957947}