{"vy": 0.4040718674659729, "dpsidt": 0.11833900958299637, "rmse": 0.26120543479919434}