{"vy": 0.40519994497299194, "dpsidt": 0.12238658964633942, "rmse": 0.2637932598590851}