{"vy": 0.4846782088279724, "dpsidt": 0.11723526567220688, "rmse": 0.30095672607421875}