{"vy": 0.5396652221679688, "dpsidt": 0.15216699242591858, "rmse": 0.34591609239578247}