{"vy": 0.46951234340667725, "dpsidt": 0.10746064782142639, "rmse": 0.2884864807128906}