{"vy": 0.4241172671318054, "dpsidt": 0.10361768305301666, "rmse": 0.26386746764183044}