{"vy": 0.4202864170074463, "dpsidt": 0.08176841586828232, "rmse": 0.2510274052619934}