{"vy": 0.3755795657634735, "dpsidt": 0.10016840696334839, "rmse": 0.23787398636341095}