{"vy_0.05": 0.01683342643082142, "vy_1": 0.055058807134628296, "vy_2": 0.07413619011640549, "vy_3": 0.09014654159545898, "vy_4": 0.09278780221939087, "vy_5": 0.09882304072380066, "vy_6": 0.10269077867269516, "vy_7": 0.11328178644180298, "vy_8": 0.11939337849617004, "vy_9": 0.12136010825634003, "vy_10": 0.12709341943264008, "dpsidt_0.05": 0.0022432305850088596, "dpsidt_1": 0.005288958549499512, "dpsidt_2": 0.00701544713228941, "dpsidt_3": 0.007712798658758402, "dpsidt_4": 0.008105022832751274, "dpsidt_5": 0.008130768314003944, "dpsidt_6": 0.008628467097878456, "dpsidt_7": 0.008684812113642693, "dpsidt_8": 0.008841545321047306, "dpsidt_9": 0.009139974601566792, "dpsidt_10": 0.00917105469852686, "rmse_0.05": 0.009538328275084496, "rmse_1": 0.030173882842063904, "rmse_2": 0.040575817227363586, "rmse_3": 0.048929668962955475, "rmse_4": 0.050446413457393646, "rmse_5": 0.05347690358757973, "rmse_6": 0.05565962195396423, "rmse_7": 0.06098330020904541, "rmse_8": 0.06411746144294739, "rmse_9": 0.06525003910064697, "rmse_10": 0.06813223659992218}