{"vy": 0.44288399815559387, "dpsidt": 0.08591974526643753, "rmse": 0.2644018828868866}