{"vy": 0.39381980895996094, "dpsidt": 0.09474273025989532, "rmse": 0.24428126215934753}