{"vy": 0.4145861864089966, "dpsidt": 0.09688984602689743, "rmse": 0.2557380199432373}