{"vy_0.05": 0.0165837574750185, "vy_1": 0.05561255291104317, "vy_2": 0.07348336279392242, "vy_3": 0.0912119522690773, "vy_4": 0.09413837641477585, "vy_5": 0.10301665961742401, "vy_6": 0.1074160486459732, "vy_7": 0.11761783808469772, "vy_8": 0.12495370954275131, "vy_9": 0.12734603881835938, "vy_10": 0.1334257572889328, "dpsidt_0.05": 0.0022547829430550337, "dpsidt_1": 0.00570638244971633, "dpsidt_2": 0.00847714114934206, "dpsidt_3": 0.009440822526812553, "dpsidt_4": 0.00971350260078907, "dpsidt_5": 0.00966279860585928, "dpsidt_6": 0.010075300000607967, "dpsidt_7": 0.01027765218168497, "dpsidt_8": 0.01042118389159441, "dpsidt_9": 0.010627275332808495, "dpsidt_10": 0.0105640459805727, "rmse_0.05": 0.009419269859790802, "rmse_1": 0.030659466981887817, "rmse_2": 0.040980253368616104, "rmse_3": 0.0503263883292675, "rmse_4": 0.051925938576459885, "rmse_5": 0.05633972957730293, "rmse_6": 0.058745674788951874, "rmse_7": 0.06394774466753006, "rmse_8": 0.06768744438886642, "rmse_9": 0.06898665428161621, "rmse_10": 0.07199490070343018}