{"vy": 0.4887438714504242, "dpsidt": 0.11528069525957108, "rmse": 0.30201229453086853}