{"vy": 0.37477830052375793, "dpsidt": 0.09060712903738022, "rmse": 0.23269271850585938}