{"vy": 0.3868945240974426, "dpsidt": 0.10536836087703705, "rmse": 0.24613144993782043}