{"vy": 0.5018378496170044, "dpsidt": 0.1244569793343544, "rmse": 0.3131474256515503}