{"vy": 0.41824761033058167, "dpsidt": 0.09857653826475143, "rmse": 0.25841206312179565}