{"vy": 0.35573065280914307, "dpsidt": 0.08877824246883392, "rmse": 0.2222544550895691}