{"vy": 0.41021525859832764, "dpsidt": 0.14639955759048462, "rmse": 0.27830740809440613}