{"vy": 0.4486241340637207, "dpsidt": 0.10951495915651321, "rmse": 0.27906954288482666}