{"vy": 0.3842686414718628, "dpsidt": 0.09606572985649109, "rmse": 0.24016718566417694}