{"vy": 0.52223140001297, "dpsidt": 0.15169879794120789, "rmse": 0.33696508407592773}