{"vy": 0.37466904520988464, "dpsidt": 0.08725199848413467, "rmse": 0.23096051812171936}