{"vy": 0.5048559308052063, "dpsidt": 0.14844109117984772, "rmse": 0.3266485035419464}