{"vy": 0.3820946216583252, "dpsidt": 0.08077031373977661, "rmse": 0.2314324676990509}