{"vy": 0.4300881624221802, "dpsidt": 0.16293364763259888, "rmse": 0.2965109050273895}