{"vy": 0.3793262839317322, "dpsidt": 0.10324238985776901, "rmse": 0.2412843406200409}