{"vy": 0.4438024163246155, "dpsidt": 0.10986905544996262, "rmse": 0.27683573961257935}