{"vy": 0.3824106454849243, "dpsidt": 0.08844173699617386, "rmse": 0.2354261875152588}