{"vy": 0.38918209075927734, "dpsidt": 0.08182840049266815, "rmse": 0.23550525307655334}