{"vy": 0.47519737482070923, "dpsidt": 0.1464097946882248, "rmse": 0.3108035922050476}