{"vy": 0.4945661425590515, "dpsidt": 0.13867826759815216, "rmse": 0.31662219762802124}