{"vy": 0.4024587869644165, "dpsidt": 0.1286374181509018, "rmse": 0.26554811000823975}