{"vy": 0.38547638058662415, "dpsidt": 0.10765795409679413, "rmse": 0.24656715989112854}