{"vy_0.05": 0.015993529930710793, "vy_1": 0.056830912828445435, "vy_2": 0.0755939707159996, "vy_3": 0.09484880417585373, "vy_4": 0.09774640202522278, "vy_5": 0.10547050833702087, "vy_6": 0.11143593490123749, "vy_7": 0.12123178690671921, "vy_8": 0.12850069999694824, "vy_9": 0.13121677935123444, "vy_10": 0.13738574087619781, "dpsidt_0.05": 0.0021590047981590033, "dpsidt_1": 0.005516799166798592, "dpsidt_2": 0.008310631848871708, "dpsidt_3": 0.009329583495855331, "dpsidt_4": 0.010044342838227749, "dpsidt_5": 0.010098319500684738, "dpsidt_6": 0.010729026980698109, "dpsidt_7": 0.010936912149190903, "dpsidt_8": 0.011181638576090336, "dpsidt_9": 0.011538938619196415, "dpsidt_10": 0.011580923572182655, "rmse_0.05": 0.00907626748085022, "rmse_1": 0.03117385506629944, "rmse_2": 0.04195230081677437, "rmse_3": 0.05208919197320938, "rmse_4": 0.05389537289738655, "rmse_5": 0.057784415781497955, "rmse_6": 0.06108248233795166, "rmse_7": 0.0660843476653099, "rmse_8": 0.069841168820858, "rmse_9": 0.07137785851955414, "rmse_10": 0.07448333501815796}