{"vy": 0.3727571666240692, "dpsidt": 0.09615693986415863, "rmse": 0.23445704579353333}