{"vy": 0.3621862232685089, "dpsidt": 0.10509484261274338, "rmse": 0.23364053666591644}