{"vy": 0.45528435707092285, "dpsidt": 0.09592165797948837, "rmse": 0.2756029963493347}