{"vy": 0.5011035203933716, "dpsidt": 0.1619267612695694, "rmse": 0.3315151333808899}