{"vy": 0.4312310516834259, "dpsidt": 0.10042165219783783, "rmse": 0.26582634449005127}