{"vy": 0.40630847215652466, "dpsidt": 0.08648078888654709, "rmse": 0.24639463424682617}