{"vy": 0.4647494852542877, "dpsidt": 0.10085545480251312, "rmse": 0.2828024625778198}