{"vy": 0.43470337986946106, "dpsidt": 0.12933361530303955, "rmse": 0.2820184826850891}