{"vy": 0.42794084548950195, "dpsidt": 0.13641439378261566, "rmse": 0.2821776270866394}