{"vy": 0.6646382212638855, "dpsidt": 0.19420228898525238, "rmse": 0.42942026257514954}