{"vy": 0.467330664396286, "dpsidt": 0.09455770254135132, "rmse": 0.28094416856765747}