{"vy": 0.45589539408683777, "dpsidt": 0.0897652730345726, "rmse": 0.2728303372859955}