{"vy": 0.4836316704750061, "dpsidt": 0.11403583735227585, "rmse": 0.2988337576389313}