{"vy": 0.4027986228466034, "dpsidt": 0.07935330271720886, "rmse": 0.24107596278190613}