{"vy": 0.4354126751422882, "dpsidt": 0.13197073340415955, "rmse": 0.2836917042732239}