{"vy": 0.4182063937187195, "dpsidt": 0.12582603096961975, "rmse": 0.2720162272453308}