{"vy": 0.47281691431999207, "dpsidt": 0.147066131234169, "rmse": 0.30994153022766113}