{"vy": 0.4321623146533966, "dpsidt": 0.08337752521038055, "rmse": 0.257769912481308}