{"vy": 0.36798444390296936, "dpsidt": 0.10489822179079056, "rmse": 0.23644132912158966}