{"vy": 0.4302630126476288, "dpsidt": 0.12158510833978653, "rmse": 0.27592405676841736}