{"vy": 0.37808385491371155, "dpsidt": 0.0915716290473938, "rmse": 0.23482774198055267}