{"vy": 0.4967500865459442, "dpsidt": 0.12432827055454254, "rmse": 0.310539186000824}