{"vy": 0.4493725895881653, "dpsidt": 0.17182064056396484, "rmse": 0.31059661507606506}