{"vy": 0.4627686142921448, "dpsidt": 0.15960808098316193, "rmse": 0.31118834018707275}