{"vy_0.05": 0.016155201941728592, "vy_1": 0.053938813507556915, "vy_2": 0.0761447548866272, "vy_3": 0.09428950399160385, "vy_4": 0.09965631365776062, "vy_5": 0.10393497347831726, "vy_6": 0.10876667499542236, "vy_7": 0.11952447891235352, "vy_8": 0.12560948729515076, "vy_9": 0.12766890227794647, "vy_10": 0.1332908719778061, "dpsidt_0.05": 0.0023508318699896336, "dpsidt_1": 0.006145056802779436, "dpsidt_2": 0.00784334633499384, "dpsidt_3": 0.008758076466619968, "dpsidt_4": 0.009272200986742973, "dpsidt_5": 0.00927547924220562, "dpsidt_6": 0.009867614135146141, "dpsidt_7": 0.009919503703713417, "dpsidt_8": 0.010131439194083214, "dpsidt_9": 0.010440493933856487, "dpsidt_10": 0.010508237406611443, "rmse_0.05": 0.009253016673028469, "rmse_1": 0.030041934922337532, "rmse_2": 0.04199405014514923, "rmse_3": 0.05152378976345062, "rmse_4": 0.05446425825357437, "rmse_5": 0.056605227291584015, "rmse_6": 0.05931714549660683, "rmse_7": 0.06472199410200119, "rmse_8": 0.06787046045064926, "rmse_9": 0.06905470043420792, "rmse_10": 0.07189955562353134}