{"vy": 0.5024998188018799, "dpsidt": 0.10924689471721649, "rmse": 0.3058733642101288}