{"vy": 0.38107171654701233, "dpsidt": 0.11385013163089752, "rmse": 0.24746093153953552}