{"vy": 0.4534333348274231, "dpsidt": 0.10729428380727768, "rmse": 0.2803637981414795}