{"vy": 0.4496934711933136, "dpsidt": 0.08357039839029312, "rmse": 0.26663193106651306}