{"vy": 0.4237128794193268, "dpsidt": 0.09459814429283142, "rmse": 0.2591555118560791}