{"vy": 0.47362223267555237, "dpsidt": 0.0986170768737793, "rmse": 0.28611963987350464}