{"vy": 0.5425000190734863, "dpsidt": 0.1996431052684784, "rmse": 0.37107157707214355}