{"vy": 0.36343973875045776, "dpsidt": 0.09754852950572968, "rmse": 0.23049414157867432}