{"vy": 0.3927580714225769, "dpsidt": 0.12883512675762177, "rmse": 0.26079660654067993}