{"vy": 0.4004259705543518, "dpsidt": 0.09791165590286255, "rmse": 0.24916881322860718}