{"vy": 0.4093988239765167, "dpsidt": 0.10188575834035873, "rmse": 0.255642294883728}