{"vy": 0.49039214849472046, "dpsidt": 0.20172075927257538, "rmse": 0.3460564613342285}