{"vy": 0.5522893667221069, "dpsidt": 0.1592724621295929, "rmse": 0.3557808995246887}