{"vy": 0.40306681394577026, "dpsidt": 0.13983048498630524, "rmse": 0.27144864201545715}