{"vy": 0.4054054319858551, "dpsidt": 0.1183965653181076, "rmse": 0.26190099120140076}