{"vy": 0.38284939527511597, "dpsidt": 0.081906758248806, "rmse": 0.23237808048725128}