{"vy": 0.42251843214035034, "dpsidt": 0.08962283283472061, "rmse": 0.25607064366340637}