{"vy": 0.41607868671417236, "dpsidt": 0.10074888169765472, "rmse": 0.25841379165649414}