{"vy_time": [], "dpsidtrmse_time": [], "vy_0.05": 0.015958797186613083, "dpsidt_0.05": 0.002185462275519967, "rmse_0.05": 0.009072129614651203, "vy_1": 0.05571086332201958, "dpsidt_1": 0.005555915180593729, "rmse_1": 0.030633389949798584, "vy_2": 0.08045031130313873, "dpsidt_2": 0.008619783446192741, "rmse_2": 0.04453504830598831, "vy_3": 0.10538024455308914, "dpsidt_3": 0.009784379042685032, "rmse_3": 0.0575823113322258, "vy_4": 0.11006927490234375, "dpsidt_4": 0.010615441016852856, "rmse_4": 0.06034235656261444, "vy_5": 0.11667411029338837, "dpsidt_5": 0.010734731331467628, "rmse_5": 0.06370442360639572, "vy_6": 0.12144967913627625, "dpsidt_6": 0.011418735608458519, "rmse_6": 0.06643420457839966, "vy_7": 0.1317642480134964, "dpsidt_7": 0.01169138215482235, "rmse_7": 0.07172781229019165, "vy_8": 0.13954871892929077, "dpsidt_8": 0.011942746117711067, "rmse_8": 0.07574573159217834, "vy_9": 0.14266429841518402, "dpsidt_9": 0.01231615711003542, "rmse_9": 0.07749022543430328, "vy_10": 0.14955101907253265, "dpsidt_10": 0.012367058545351028, "rmse_10": 0.08095903694629669}