{"vy": 0.4178665578365326, "dpsidt": 0.10629062354564667, "rmse": 0.26207858324050903}