{"vy": 0.3838299810886383, "dpsidt": 0.09975200146436691, "rmse": 0.2417909950017929}