{"vy": 0.5109782218933105, "dpsidt": 0.13430684804916382, "rmse": 0.3226425349712372}