{"vy": 0.4970567524433136, "dpsidt": 0.1562117636203766, "rmse": 0.3266342580318451}