{"vy": 0.47075408697128296, "dpsidt": 0.12504729628562927, "rmse": 0.2979006767272949}