{"vy": 0.39425230026245117, "dpsidt": 0.13283340632915497, "rmse": 0.26354286074638367}