{"vy": 0.4580782353878021, "dpsidt": 0.118131123483181, "rmse": 0.28810468316078186}