{"vy": 0.4219437837600708, "dpsidt": 0.10244031995534897, "rmse": 0.262192040681839}