{"vy": 0.39968034625053406, "dpsidt": 0.09854403138160706, "rmse": 0.24911218881607056}