{"vy": 0.40874573588371277, "dpsidt": 0.11987605690956116, "rmse": 0.26431089639663696}