{"vy": 0.42582789063453674, "dpsidt": 0.13432513177394867, "rmse": 0.2800765037536621}