{"vy": 0.41600456833839417, "dpsidt": 0.13670550286769867, "rmse": 0.2763550281524658}