{"vy": 0.404648095369339, "dpsidt": 0.10053671896457672, "rmse": 0.25259241461753845}