{"vy": 0.39181819558143616, "dpsidt": 0.08382046967744827, "rmse": 0.23781932890415192}