{"vy": 0.4566012918949127, "dpsidt": 0.1738940328359604, "rmse": 0.31524765491485596}