{"vy": 0.4073665142059326, "dpsidt": 0.10515907406806946, "rmse": 0.25626277923583984}