{"vy": 0.4095265567302704, "dpsidt": 0.10806598514318466, "rmse": 0.2587962746620178}