{"vy": 0.3564176559448242, "dpsidt": 0.0812356248497963, "rmse": 0.21882663667201996}