{"vy": 0.4231936037540436, "dpsidt": 0.11100411415100098, "rmse": 0.2670988440513611}