{"vy": 0.4214460551738739, "dpsidt": 0.11465093493461609, "rmse": 0.268048495054245}