{"vy": 0.43386805057525635, "dpsidt": 0.10250948369503021, "rmse": 0.2681887745857239}