{"vy_time": [], "dpsidtrmse_time": [], "vy_0.05": 0.016804354265332222, "dpsidt_0.05": 0.00264515308663249, "rmse_0.05": 0.009724753908813, "vy_1": 0.05530102550983429, "dpsidt_1": 0.006294789258390665, "rmse_1": 0.030797908082604408, "vy_2": 0.0826537236571312, "dpsidt_2": 0.007488555740565062, "rmse_2": 0.04507113993167877, "vy_3": 0.10647977143526077, "dpsidt_3": 0.008913704194128513, "rmse_3": 0.057696737349033356, "vy_4": 0.11629818379878998, "dpsidt_4": 0.009190591052174568, "rmse_4": 0.0627443864941597, "vy_5": 0.12207009643316269, "dpsidt_5": 0.009183862246572971, "rmse_5": 0.06562697887420654, "vy_6": 0.12503300607204437, "dpsidt_6": 0.009584241546690464, "rmse_6": 0.06730862706899643, "vy_7": 0.1376463919878006, "dpsidt_7": 0.009494033642113209, "rmse_7": 0.07357021421194077, "vy_8": 0.14560429751873016, "dpsidt_8": 0.009706210345029831, "rmse_8": 0.07765525579452515, "vy_9": 0.14843618869781494, "dpsidt_9": 0.009921683929860592, "rmse_9": 0.07917893677949905, "vy_10": 0.15446273982524872, "dpsidt_10": 0.010013989172875881, "rmse_10": 0.08223836123943329}