{"vy": 0.43924692273139954, "dpsidt": 0.10358697175979614, "rmse": 0.27141696214675903}