{"vy": 0.3817061185836792, "dpsidt": 0.0975075289607048, "rmse": 0.2396068274974823}