{"vy": 0.5118106007575989, "dpsidt": 0.09984432905912399, "rmse": 0.30582746863365173}