{"vy": 0.4882355332374573, "dpsidt": 0.11097487062215805, "rmse": 0.29960519075393677}