{"vy": 0.38435935974121094, "dpsidt": 0.08362870663404465, "rmse": 0.2339940369129181}