{"vy": 0.43848881125450134, "dpsidt": 0.09716708958148956, "rmse": 0.26782795786857605}