{"vy": 0.5773978233337402, "dpsidt": 0.12416888773441315, "rmse": 0.3507833480834961}