{"vy": 0.4516177475452423, "dpsidt": 0.09667923301458359, "rmse": 0.27414849400520325}