{"vy": 0.4940050542354584, "dpsidt": 0.11521681398153305, "rmse": 0.304610937833786}