{"vy": 0.45240160822868347, "dpsidt": 0.09493602812290192, "rmse": 0.2736688256263733}