{"vy": 0.40777236223220825, "dpsidt": 0.13798420131206512, "rmse": 0.2728782892227173}