{"vy": 0.3980562090873718, "dpsidt": 0.08448337763547897, "rmse": 0.2412697970867157}