{"vy": 0.4376615881919861, "dpsidt": 0.11207002401351929, "rmse": 0.2748658061027527}