{"vy": 0.4391516447067261, "dpsidt": 0.1345452070236206, "rmse": 0.28684842586517334}