{"vy": 0.5409876108169556, "dpsidt": 0.10770890861749649, "rmse": 0.3243482708930969}