{"vy": 0.5223830938339233, "dpsidt": 0.12476670742034912, "rmse": 0.32357490062713623}