{"vy": 0.40022173523902893, "dpsidt": 0.1110815480351448, "rmse": 0.25565165281295776}