{"vy": 0.39926254749298096, "dpsidt": 0.08654861152172089, "rmse": 0.24290558695793152}