{"vy": 0.44580021500587463, "dpsidt": 0.1565116047859192, "rmse": 0.3011559247970581}