{"vy": 0.40573179721832275, "dpsidt": 0.13191400468349457, "rmse": 0.26882290840148926}