{"vy": 0.4037104845046997, "dpsidt": 0.12374522536993027, "rmse": 0.2637278437614441}