{"vy": 0.376649409532547, "dpsidt": 0.10770487040281296, "rmse": 0.24217714369297028}