{"vy": 0.47498977184295654, "dpsidt": 0.14371635019779205, "rmse": 0.3093530535697937}