{"vy": 0.4729868173599243, "dpsidt": 0.10623592883348465, "rmse": 0.2896113693714142}