{"vy": 0.41421079635620117, "dpsidt": 0.09590859711170197, "rmse": 0.25505968928337097}