{"vy": 0.37513962388038635, "dpsidt": 0.08184714615345001, "rmse": 0.22849339246749878}