{"vy": 0.42878568172454834, "dpsidt": 0.10643649846315384, "rmse": 0.2676110863685608}