{"vy": 0.4646567106246948, "dpsidt": 0.12504534423351288, "rmse": 0.29485103487968445}