{"vy": 0.47279053926467896, "dpsidt": 0.15973755717277527, "rmse": 0.3162640333175659}