{"vy": 0.4446076452732086, "dpsidt": 0.09256865829229355, "rmse": 0.2685881555080414}