{"vy": 0.39878523349761963, "dpsidt": 0.08129993081092834, "rmse": 0.240042582154274}