{"vy": 0.39351147413253784, "dpsidt": 0.08125956356525421, "rmse": 0.23738551139831543}