{"vy": 0.3851149380207062, "dpsidt": 0.07732991874217987, "rmse": 0.23122242093086243}