{"vy": 0.38220182061195374, "dpsidt": 0.10475621372461319, "rmse": 0.24347901344299316}