{"vy": 0.44431453943252563, "dpsidt": 0.19186437129974365, "rmse": 0.31808945536613464}