{"vy": 0.48431190848350525, "dpsidt": 0.10954185575246811, "rmse": 0.296926885843277}