{"vy": 0.37937289476394653, "dpsidt": 0.08242098987102509, "rmse": 0.2308969497680664}