{"vy": 0.4715730845928192, "dpsidt": 0.11609479784965515, "rmse": 0.2938339412212372}