{"vy": 0.4531986713409424, "dpsidt": 0.11248292028903961, "rmse": 0.2828407883644104}