{"vy": 0.42471587657928467, "dpsidt": 0.08286655694246292, "rmse": 0.2537912130355835}