{"vy": 0.48613259196281433, "dpsidt": 0.1048860177397728, "rmse": 0.29550930857658386}