{"vy": 0.4115551710128784, "dpsidt": 0.1221434473991394, "rmse": 0.2668493092060089}