{"vy": 0.4228259325027466, "dpsidt": 0.10766728222370148, "rmse": 0.26524659991264343}