{"vy": 0.4161220192909241, "dpsidt": 0.15618686378002167, "rmse": 0.28615444898605347}