{"vy": 0.3772277534008026, "dpsidt": 0.0841599628329277, "rmse": 0.23069386184215546}