{"vy": 0.38064637780189514, "dpsidt": 0.10371093451976776, "rmse": 0.24217864871025085}