{"vy": 0.428558886051178, "dpsidt": 0.08762010931968689, "rmse": 0.25808948278427124}