{"vy": 0.4083457291126251, "dpsidt": 0.1345333307981491, "rmse": 0.2714395225048065}