{"vy": 0.37132295966148376, "dpsidt": 0.10234010219573975, "rmse": 0.23683153092861176}