{"vy_time": [], "dpsidtrmse_time": [], "vy_0.05": 0.01669604517519474, "dpsidt_0.05": 0.0025091797579079866, "rmse_0.05": 0.009602612815797329, "vy_1": 0.05543891340494156, "dpsidt_1": 0.005837606731802225, "rmse_1": 0.030638260766863823, "vy_2": 0.07791731506586075, "dpsidt_2": 0.007135199848562479, "rmse_2": 0.042526256293058395, "vy_3": 0.09501364827156067, "dpsidt_3": 0.008146636188030243, "rmse_3": 0.051580142229795456, "vy_4": 0.10256331413984299, "dpsidt_4": 0.0083492211997509, "rmse_4": 0.055456265807151794, "vy_5": 0.10635874420404434, "dpsidt_5": 0.008281925693154335, "rmse_5": 0.057320334017276764, "vy_6": 0.11015059798955917, "dpsidt_6": 0.00863492488861084, "rmse_6": 0.05939276143908501, "vy_7": 0.12149748206138611, "dpsidt_7": 0.008603494614362717, "rmse_7": 0.06505049020051956, "vy_8": 0.12766434252262115, "dpsidt_8": 0.008739144541323185, "rmse_8": 0.06820174306631088, "vy_9": 0.12967649102210999, "dpsidt_9": 0.008901680819690228, "rmse_9": 0.06928908824920654, "vy_10": 0.13470646739006042, "dpsidt_10": 0.008894229307770729, "rmse_10": 0.0718003511428833}