{"vy": 0.4072250425815582, "dpsidt": 0.10002244263887405, "rmse": 0.25362375378608704}