{"vy": 0.4399344027042389, "dpsidt": 0.10938058793544769, "rmse": 0.2746574878692627}