{"vy": 0.4034925103187561, "dpsidt": 0.14786754548549652, "rmse": 0.2756800353527069}