{"vy": 0.4487719237804413, "dpsidt": 0.1469442993402481, "rmse": 0.2978581190109253}