{"vy": 0.43471190333366394, "dpsidt": 0.09238175302743912, "rmse": 0.26354682445526123}