{"vy": 0.4261034429073334, "dpsidt": 0.12666283547878265, "rmse": 0.2763831317424774}