{"vy": 0.47221362590789795, "dpsidt": 0.12513640522956848, "rmse": 0.298675000667572}