{"vy": 0.4650391638278961, "dpsidt": 0.12670594453811646, "rmse": 0.2958725690841675}