{"vy": 0.4648005962371826, "dpsidt": 0.18817928433418274, "rmse": 0.3264899253845215}