{"vy_time": [], "dpsidtrmse_time": [], "vy_0.05": 0.016667993739247322, "dpsidt_0.05": 0.0022299413103610277, "rmse_0.05": 0.00944896787405014, "vy_1": 0.058958202600479126, "dpsidt_1": 0.005541705526411533, "rmse_1": 0.03224995359778404, "vy_2": 0.0768018588423729, "dpsidt_2": 0.008157487958669662, "rmse_2": 0.04247967153787613, "vy_3": 0.09357316046953201, "dpsidt_3": 0.00898112915456295, "rmse_3": 0.051277145743370056, "vy_4": 0.09614098817110062, "dpsidt_4": 0.009449636563658714, "rmse_4": 0.05279531329870224, "vy_5": 0.10527027398347855, "dpsidt_5": 0.009595099836587906, "rmse_5": 0.057432688772678375, "vy_6": 0.11049995571374893, "dpsidt_6": 0.010188345797359943, "rmse_6": 0.0603441521525383, "vy_7": 0.12069439142942429, "dpsidt_7": 0.010420463047921658, "rmse_7": 0.06555742770433426, "vy_8": 0.1276031881570816, "dpsidt_8": 0.010588066652417183, "rmse_8": 0.06909562647342682, "vy_9": 0.13000768423080444, "dpsidt_9": 0.010931401513516903, "rmse_9": 0.07046954333782196, "vy_10": 0.13587896525859833, "dpsidt_10": 0.01097013708204031, "rmse_10": 0.07342454791069031}