{"vy": 0.40604960918426514, "dpsidt": 0.10374998301267624, "rmse": 0.254899799823761}