{"vy": 0.37145259976387024, "dpsidt": 0.10648886114358902, "rmse": 0.23897072672843933}