{"vy": 0.40035107731819153, "dpsidt": 0.0952039510011673, "rmse": 0.24777752161026}