{"vy_0.05": 0.01648586057126522, "vy_1": 0.056999389082193375, "vy_2": 0.07940468937158585, "vy_3": 0.09769722074270248, "vy_4": 0.10001467913389206, "vy_5": 0.10813259333372116, "vy_6": 0.11175475269556046, "vy_7": 0.12275180965662003, "vy_8": 0.1298440843820572, "vy_9": 0.13233394920825958, "vy_10": 0.13867883384227753, "dpsidt_0.05": 0.002162042772397399, "dpsidt_1": 0.005067359656095505, "dpsidt_2": 0.007297752425074577, "dpsidt_3": 0.008214703761041164, "dpsidt_4": 0.008724747225642204, "dpsidt_5": 0.008735598996281624, "dpsidt_6": 0.00924616027623415, "dpsidt_7": 0.009315921925008297, "dpsidt_8": 0.009460571222007275, "dpsidt_9": 0.009736047126352787, "dpsidt_10": 0.009748446755111217, "rmse_0.05": 0.009323951788246632, "rmse_1": 0.03103337436914444, "rmse_2": 0.043351221829652786, "rmse_3": 0.05295596271753311, "rmse_4": 0.054369714111089706, "rmse_5": 0.05843409523367882, "rmse_6": 0.060500457882881165, "rmse_7": 0.06603386253118515, "rmse_8": 0.06965232640504837, "rmse_9": 0.0710349977016449, "rmse_10": 0.07421363890171051}