{"vy": 0.47859442234039307, "dpsidt": 0.11452018469572067, "rmse": 0.29655730724334717}