{"vy": 0.3954966366291046, "dpsidt": 0.07965525984764099, "rmse": 0.2375759482383728}