{"vy": 0.4039311110973358, "dpsidt": 0.11832482367753983, "rmse": 0.2611279785633087}