{"vy": 0.4313697814941406, "dpsidt": 0.11645235121250153, "rmse": 0.2739110589027405}