{"vy": 0.3777160048484802, "dpsidt": 0.10814907401800156, "rmse": 0.2429325431585312}