{"vy": 0.44965916872024536, "dpsidt": 0.09652698785066605, "rmse": 0.2730930745601654}