{"vy": 0.47058019042015076, "dpsidt": 0.09190584719181061, "rmse": 0.2812430262565613}