{"vy": 0.4161950945854187, "dpsidt": 0.11994912475347519, "rmse": 0.26807209849357605}