{"vy": 0.43439415097236633, "dpsidt": 0.09127699583768845, "rmse": 0.2628355622291565}