{"vy": 0.40488579869270325, "dpsidt": 0.14432470500469208, "rmse": 0.27460524439811707}