{"vy": 0.5218906402587891, "dpsidt": 0.10681670159101486, "rmse": 0.31435367465019226}