{"vy": 0.4514246881008148, "dpsidt": 0.09067132323980331, "rmse": 0.27104800939559937}