{"vy": 0.4160405397415161, "dpsidt": 0.1073758602142334, "rmse": 0.26170819997787476}