{"vy": 0.43789759278297424, "dpsidt": 0.09567122906446457, "rmse": 0.2667843997478485}