{"vy": 0.44710400700569153, "dpsidt": 0.18243613839149475, "rmse": 0.31477007269859314}