{"vy": 0.4330286979675293, "dpsidt": 0.11578040570020676, "rmse": 0.2744045555591583}