{"vy_time": [], "dpsidtrmse_time": [], "vy_0.05": 0.017506878823041916, "dpsidt_0.05": 0.0023573143407702446, "rmse_0.05": 0.009932097047567368, "vy_1": 0.05671415477991104, "dpsidt_1": 0.005480073392391205, "rmse_1": 0.031097114086151123, "vy_2": 0.07659964263439178, "dpsidt_2": 0.006613345816731453, "rmse_2": 0.041606493294239044, "vy_3": 0.09168443083763123, "dpsidt_3": 0.007312980946153402, "rmse_3": 0.04949870705604553, "vy_4": 0.0947008728981018, "dpsidt_4": 0.00756493816152215, "rmse_4": 0.05113290622830391, "vy_5": 0.10059335082769394, "dpsidt_5": 0.0075777797028422356, "rmse_5": 0.054085563868284225, "vy_6": 0.1036243885755539, "dpsidt_6": 0.007985465228557587, "rmse_6": 0.05580492690205574, "vy_7": 0.1147300973534584, "dpsidt_7": 0.00797323603183031, "rmse_7": 0.06135166808962822, "vy_8": 0.12064961344003677, "dpsidt_8": 0.008101814426481724, "rmse_8": 0.06437571346759796, "vy_9": 0.12255574762821198, "dpsidt_9": 0.008323942311108112, "rmse_9": 0.06543984264135361, "vy_10": 0.12809346616268158, "dpsidt_10": 0.008344277739524841, "rmse_10": 0.06821887195110321}