{"vy": 0.4267631471157074, "dpsidt": 0.10455716401338577, "rmse": 0.2656601667404175}