{"vy": 0.4759726822376251, "dpsidt": 0.15860797464847565, "rmse": 0.317290335893631}