{"vy": 0.39273756742477417, "dpsidt": 0.10240719467401505, "rmse": 0.2475723773241043}