{"vy": 0.3776330351829529, "dpsidt": 0.1176828145980835, "rmse": 0.2476579248905182}