{"vy": 0.4097028374671936, "dpsidt": 0.08105805516242981, "rmse": 0.2453804463148117}