{"vy": 0.4336548447608948, "dpsidt": 0.14011399447917938, "rmse": 0.2868844270706177}