{"vy": 0.41945433616638184, "dpsidt": 0.1331687867641449, "rmse": 0.27631157636642456}