{"vy": 0.39063405990600586, "dpsidt": 0.08467622846364975, "rmse": 0.2376551479101181}