{"vy": 0.40165507793426514, "dpsidt": 0.09083054959774017, "rmse": 0.24624282121658325}