{"vy": 0.42008063197135925, "dpsidt": 0.0813455879688263, "rmse": 0.2507131099700928}