{"vy": 0.40671202540397644, "dpsidt": 0.1652001589536667, "rmse": 0.28595608472824097}