{"vy": 0.47824332118034363, "dpsidt": 0.11593426018953323, "rmse": 0.2970888018608093}