{"vy": 0.4353007674217224, "dpsidt": 0.08399289846420288, "rmse": 0.25964683294296265}