{"vy": 0.3711519241333008, "dpsidt": 0.09960012137889862, "rmse": 0.2353760302066803}