{"vy": 0.4078960418701172, "dpsidt": 0.11267460137605667, "rmse": 0.26028531789779663}