{"vy": 0.38032135367393494, "dpsidt": 0.09326601028442383, "rmse": 0.23679368197917938}