{"vy": 0.40085095167160034, "dpsidt": 0.11131259799003601, "rmse": 0.256081759929657}