{"vy": 0.39603132009506226, "dpsidt": 0.13327500224113464, "rmse": 0.26465314626693726}