{"vy": 0.49228134751319885, "dpsidt": 0.12026885151863098, "rmse": 0.3062750995159149}