{"vy": 0.42567771673202515, "dpsidt": 0.09340889751911163, "rmse": 0.2595432996749878}