{"vy": 0.36531031131744385, "dpsidt": 0.10591782629489899, "rmse": 0.23561406135559082}