{"vy": 0.4104638695716858, "dpsidt": 0.10656607151031494, "rmse": 0.25851497054100037}