{"vy": 0.38836461305618286, "dpsidt": 0.08802247792482376, "rmse": 0.238193541765213}