{"vy": 0.5857483744621277, "dpsidt": 0.20258235931396484, "rmse": 0.39416536688804626}