{"vy": 0.38606229424476624, "dpsidt": 0.08752448111772537, "rmse": 0.2367933839559555}