{"vy": 0.3839184045791626, "dpsidt": 0.09441982209682465, "rmse": 0.23916912078857422}