{"vy": 0.5038033723831177, "dpsidt": 0.11594149470329285, "rmse": 0.30987244844436646}