{"vy": 0.41853731870651245, "dpsidt": 0.08926539123058319, "rmse": 0.2539013624191284}