{"vy": 0.4361627995967865, "dpsidt": 0.12844613194465637, "rmse": 0.28230446577072144}