{"vy": 0.43941035866737366, "dpsidt": 0.14140674471855164, "rmse": 0.29040855169296265}