{"vy": 0.41457557678222656, "dpsidt": 0.10075876116752625, "rmse": 0.2576671838760376}