{"vy": 0.4293501675128937, "dpsidt": 0.10082975029945374, "rmse": 0.2650899589061737}