{"vy": 0.38675200939178467, "dpsidt": 0.08946634083986282, "rmse": 0.23810917139053345}