{"vy": 0.4106616973876953, "dpsidt": 0.12816542387008667, "rmse": 0.269413560628891}