{"vy": 0.4200609624385834, "dpsidt": 0.15193499624729156, "rmse": 0.28599798679351807}