{"vy": 0.42053020000457764, "dpsidt": 0.08498983085155487, "rmse": 0.25276002287864685}