{"vy": 0.40719249844551086, "dpsidt": 0.09671390801668167, "rmse": 0.25195321440696716}