{"vy": 0.36119887232780457, "dpsidt": 0.11457552015781403, "rmse": 0.2378872036933899}