{"vy": 0.413859099149704, "dpsidt": 0.11305614560842514, "rmse": 0.26345762610435486}