{"vy": 0.37222638726234436, "dpsidt": 0.0820549800992012, "rmse": 0.22714067995548248}