{"vy": 0.4633904695510864, "dpsidt": 0.09788136929273605, "rmse": 0.28063592314720154}