{"vy_0.05": 0.016828758642077446, "vy_1": 0.05624464526772499, "vy_2": 0.07583408802747726, "vy_3": 0.0916927233338356, "vy_4": 0.09455954283475876, "vy_5": 0.10045965760946274, "vy_6": 0.10442129522562027, "vy_7": 0.11512061953544617, "vy_8": 0.12117143720388412, "vy_9": 0.12319011986255646, "vy_10": 0.12895749509334564, "dpsidt_0.05": 0.0022585780825465918, "dpsidt_1": 0.005530395545065403, "dpsidt_2": 0.007077203597873449, "dpsidt_3": 0.007981081493198872, "dpsidt_4": 0.008342856541275978, "dpsidt_5": 0.008360104635357857, "dpsidt_6": 0.00888042338192463, "dpsidt_7": 0.008920418098568916, "dpsidt_8": 0.009099364280700684, "dpsidt_9": 0.009352070279419422, "dpsidt_10": 0.009398957714438438, "rmse_0.05": 0.00954366847872734, "rmse_1": 0.03088751994073391, "rmse_2": 0.041455645114183426, "rmse_3": 0.0498369038105011, "rmse_4": 0.051451198756694794, "rmse_5": 0.05440988019108772, "rmse_6": 0.056650858372449875, "rmse_7": 0.06202051788568497, "rmse_8": 0.0651354044675827, "rmse_9": 0.0662710964679718, "rmse_10": 0.06917822360992432}