{"vy": 0.4589579999446869, "dpsidt": 0.15190830826759338, "rmse": 0.30543315410614014}