{"vy": 0.4263390302658081, "dpsidt": 0.09833909571170807, "rmse": 0.2623390555381775}