{"vy": 0.3753819763660431, "dpsidt": 0.10906190425157547, "rmse": 0.24222193658351898}