{"vy": 0.5460274815559387, "dpsidt": 0.1267698109149933, "rmse": 0.3363986611366272}