{"vy_time": [], "dpsidtrmse_time": [], "vy_0.05": 0.016464801505208015, "dpsidt_0.05": 0.002271315548568964, "rmse_0.05": 0.009368058294057846, "vy_1": 0.05658215284347534, "dpsidt_1": 0.006441263947635889, "rmse_1": 0.031511709094047546, "vy_2": 0.07779990136623383, "dpsidt_2": 0.008581290952861309, "rmse_2": 0.043190594762563705, "vy_3": 0.09399846196174622, "dpsidt_3": 0.009717448614537716, "rmse_3": 0.05185795575380325, "vy_4": 0.09960328787565231, "dpsidt_4": 0.010443548671901226, "rmse_4": 0.05502341687679291, "vy_5": 0.10389520227909088, "dpsidt_5": 0.010441907681524754, "rmse_5": 0.05716855451464653, "vy_6": 0.1098061129450798, "dpsidt_6": 0.011102719232439995, "rmse_6": 0.060454417020082474, "vy_7": 0.11985357850790024, "dpsidt_7": 0.011247791349887848, "rmse_7": 0.06555068492889404, "vy_8": 0.1260681003332138, "dpsidt_8": 0.011530045419931412, "rmse_8": 0.06879907101392746, "vy_9": 0.1286124438047409, "dpsidt_9": 0.011900088749825954, "rmse_9": 0.07025626301765442, "vy_10": 0.13443821668624878, "dpsidt_10": 0.011989358812570572, "rmse_10": 0.07321378588676453}