{"vy": 0.48940619826316833, "dpsidt": 0.09132052958011627, "rmse": 0.2903633713722229}