{"vy": 0.4933968186378479, "dpsidt": 0.1107073500752449, "rmse": 0.3020520806312561}