{"vy": 0.3631605803966522, "dpsidt": 0.09259715676307678, "rmse": 0.2278788685798645}