{"vy": 0.4128260612487793, "dpsidt": 0.08153144270181656, "rmse": 0.24717874825000763}