{"vy": 0.483628511428833, "dpsidt": 0.10512713342905045, "rmse": 0.2943778336048126}