{"vy": 0.4560076594352722, "dpsidt": 0.10807163268327713, "rmse": 0.2820396423339844}