{"vy": 0.3864487409591675, "dpsidt": 0.09567947685718536, "rmse": 0.24106410145759583}