{"vy": 0.5102265477180481, "dpsidt": 0.12851330637931824, "rmse": 0.319369912147522}