{"vy": 0.3987727463245392, "dpsidt": 0.09653384238481522, "rmse": 0.2476532906293869}