{"vy": 0.4342058002948761, "dpsidt": 0.13991062343120575, "rmse": 0.2870582044124603}