{"vy": 0.3843165636062622, "dpsidt": 0.09459995478391647, "rmse": 0.23945826292037964}