{"vy": 0.3971267640590668, "dpsidt": 0.09520439058542252, "rmse": 0.24616557359695435}