{"vy": 0.39873456954956055, "dpsidt": 0.09351348131895065, "rmse": 0.2461240291595459}