{"vy": 0.4022643268108368, "dpsidt": 0.12356813997030258, "rmse": 0.26291623711586}