{"vy": 0.4696572422981262, "dpsidt": 0.10436664521694183, "rmse": 0.2870119512081146}