{"vy": 0.4735848605632782, "dpsidt": 0.09761811792850494, "rmse": 0.28560149669647217}