{"vy": 0.35999348759651184, "dpsidt": 0.08972521871328354, "rmse": 0.224859356880188}