{"vy": 0.5068565011024475, "dpsidt": 0.10533788800239563, "rmse": 0.30609720945358276}