{"vy": 0.5628072619438171, "dpsidt": 0.12072178721427917, "rmse": 0.34176450967788696}