{"vy": 0.44622790813446045, "dpsidt": 0.22515831887722015, "rmse": 0.3356931209564209}