{"vy": 0.391823947429657, "dpsidt": 0.11382182687520981, "rmse": 0.2528228759765625}