{"vy": 0.3986555337905884, "dpsidt": 0.1210758239030838, "rmse": 0.2598656713962555}