{"vy": 0.405930757522583, "dpsidt": 0.0854591578245163, "rmse": 0.24569496512413025}