{"vy": 0.4096662402153015, "dpsidt": 0.09716939926147461, "rmse": 0.25341781973838806}