{"vy": 0.479810506105423, "dpsidt": 0.16135627031326294, "rmse": 0.32058340311050415}