{"vy": 0.3866487145423889, "dpsidt": 0.130245178937912, "rmse": 0.25844693183898926}