{"vy": 0.4604029953479767, "dpsidt": 0.08529331535100937, "rmse": 0.2728481590747833}