{"vy": 0.40994662046432495, "dpsidt": 0.0810508280992508, "rmse": 0.24549871683120728}