{"vy": 0.40760260820388794, "dpsidt": 0.12417520582675934, "rmse": 0.26588889956474304}