{"vy_0.05": 0.016352837905287743, "vy_1": 0.05154616758227348, "vy_2": 0.07604522258043289, "vy_3": 0.09975151717662811, "vy_4": 0.11076826602220535, "vy_5": 0.1160009503364563, "vy_6": 0.11995931714773178, "vy_7": 0.131442591547966, "vy_8": 0.13968917727470398, "vy_9": 0.14256027340888977, "vy_10": 0.14899012446403503, "dpsidt_0.05": 0.0024414751678705215, "dpsidt_1": 0.006420208606868982, "dpsidt_2": 0.00880494061857462, "dpsidt_3": 0.01011674478650093, "dpsidt_4": 0.010516008362174034, "dpsidt_5": 0.010394527576863766, "dpsidt_6": 0.010880527086555958, "dpsidt_7": 0.011075573042035103, "dpsidt_8": 0.011325659230351448, "dpsidt_9": 0.011553728953003883, "dpsidt_10": 0.01155968476086855, "rmse_0.05": 0.009397156536579132, "rmse_1": 0.028983188793063164, "rmse_2": 0.04242508113384247, "rmse_3": 0.05493412911891937, "rmse_4": 0.06064213812351227, "rmse_5": 0.06319773942232132, "rmse_6": 0.06541991978883743, "rmse_7": 0.07125908136367798, "rmse_8": 0.07550741732120514, "rmse_9": 0.07705700397491455, "rmse_10": 0.08027490228414536}