{"vy": 0.450652152299881, "dpsidt": 0.11270607262849808, "rmse": 0.2816791236400604}