{"vy_time": [], "dpsidtrmse_time": [], "vy_0.05": 0.016904259100556374, "dpsidt_0.05": 0.0022165800910443068, "rmse_0.05": 0.009560419246554375, "vy_1": 0.05992722511291504, "dpsidt_1": 0.00517776794731617, "rmse_1": 0.03255249559879303, "vy_2": 0.07705741375684738, "dpsidt_2": 0.007363637909293175, "rmse_2": 0.04221052676439285, "vy_3": 0.09292872250080109, "dpsidt_3": 0.008146241307258606, "rmse_3": 0.050537481904029846, "vy_4": 0.09538845717906952, "dpsidt_4": 0.008582496084272861, "rmse_4": 0.0519854761660099, "vy_5": 0.10489897429943085, "dpsidt_5": 0.008664880879223347, "rmse_5": 0.05678192898631096, "vy_6": 0.10994850099086761, "dpsidt_6": 0.009180574677884579, "rmse_6": 0.059564538300037384, "vy_7": 0.1202419251203537, "dpsidt_7": 0.009304674342274666, "rmse_7": 0.06477329879999161, "vy_8": 0.1271112710237503, "dpsidt_8": 0.009442268870770931, "rmse_8": 0.0682767704129219, "vy_9": 0.12949098646640778, "dpsidt_9": 0.009750839322805405, "rmse_9": 0.06962091475725174, "vy_10": 0.13534821569919586, "dpsidt_10": 0.009772703982889652, "rmse_10": 0.07256045937538147}