{"vy": 0.43620383739471436, "dpsidt": 0.18321362137794495, "rmse": 0.30970871448516846}