{"vy": 0.39067456126213074, "dpsidt": 0.13688066601753235, "rmse": 0.26377761363983154}