{"vy": 0.4437703788280487, "dpsidt": 0.12561506032943726, "rmse": 0.2846927046775818}