{"vy": 0.43916085362434387, "dpsidt": 0.11377251893281937, "rmse": 0.2764666974544525}