{"vy": 0.4367653429508209, "dpsidt": 0.13152147829532623, "rmse": 0.2841434180736542}