{"vy": 0.4295147657394409, "dpsidt": 0.15343108773231506, "rmse": 0.2914729118347168}