{"vy": 0.43225306272506714, "dpsidt": 0.15049171447753906, "rmse": 0.2913723886013031}