{"vy": 0.4122285544872284, "dpsidt": 0.1570129543542862, "rmse": 0.2846207618713379}