{"vy": 0.38565585017204285, "dpsidt": 0.10806111246347427, "rmse": 0.24685847759246826}