{"vy": 0.37595513463020325, "dpsidt": 0.07701761275529861, "rmse": 0.22648636996746063}