{"vy": 0.4265361726284027, "dpsidt": 0.14355096220970154, "rmse": 0.2850435674190521}