{"vy": 0.3957059383392334, "dpsidt": 0.08652502298355103, "rmse": 0.2411154806613922}