{"vy_time": [], "dpsidtrmse_time": [], "vy_0.05": 0.0169382207095623, "dpsidt_0.05": 0.0024975708220154047, "rmse_0.05": 0.009717895649373531, "vy_1": 0.055375028401613235, "dpsidt_1": 0.005595845635980368, "rmse_1": 0.03048543632030487, "vy_2": 0.07644671201705933, "dpsidt_2": 0.006744458805769682, "rmse_2": 0.04159558564424515, "vy_3": 0.093089260160923, "dpsidt_3": 0.007948474958539009, "rmse_3": 0.05051886662840843, "vy_4": 0.09722188115119934, "dpsidt_4": 0.008067512884736061, "rmse_4": 0.052644696086645126, "vy_5": 0.10362359881401062, "dpsidt_5": 0.008066756650805473, "rmse_5": 0.05584517866373062, "vy_6": 0.10677892714738846, "dpsidt_6": 0.008368722163140774, "rmse_6": 0.0575738251209259, "vy_7": 0.11826357245445251, "dpsidt_7": 0.008247150108218193, "rmse_7": 0.06325536221265793, "vy_8": 0.12468612939119339, "dpsidt_8": 0.008352324366569519, "rmse_8": 0.06651923060417175, "vy_9": 0.12691393494606018, "dpsidt_9": 0.008536175824701786, "rmse_9": 0.0677250549197197, "vy_10": 0.13279184699058533, "dpsidt_10": 0.008587682619690895, "rmse_10": 0.07068976759910583}