{"vy": 0.430776983499527, "dpsidt": 0.09670280665159225, "rmse": 0.2637398838996887}