{"vy": 0.5564979314804077, "dpsidt": 0.1973697394132614, "rmse": 0.37693384289741516}