{"vy_time": [], "dpsidtrmse_time": [], "vy_0.05": 0.015898671001195908, "dpsidt_0.05": 0.002239483641460538, "rmse_0.05": 0.009069077670574188, "vy_1": 0.05587808042764664, "dpsidt_1": 0.0049711959436535835, "rmse_1": 0.030424637719988823, "vy_2": 0.08303352445363998, "dpsidt_2": 0.006547966506332159, "rmse_2": 0.04479074478149414, "vy_3": 0.10237835347652435, "dpsidt_3": 0.00777961453422904, "rmse_3": 0.055078983306884766, "vy_4": 0.10729626566171646, "dpsidt_4": 0.008063934743404388, "rmse_4": 0.057680100202560425, "vy_5": 0.1138981431722641, "dpsidt_5": 0.008002633228898048, "rmse_5": 0.0609503872692585, "vy_6": 0.11619684100151062, "dpsidt_6": 0.008285393938422203, "rmse_6": 0.062241118401288986, "vy_7": 0.12856203317642212, "dpsidt_7": 0.008171805180609226, "rmse_7": 0.06836692243814468, "vy_8": 0.1356324553489685, "dpsidt_8": 0.008267807774245739, "rmse_8": 0.07195013016462326, "vy_9": 0.13810524344444275, "dpsidt_9": 0.008436942473053932, "rmse_9": 0.07327109575271606, "vy_10": 0.14411349594593048, "dpsidt_10": 0.008449802175164223, "rmse_10": 0.07628165185451508}