{"vy_0.05": 0.016182130202651024, "vy_1": 0.05386464297771454, "vy_2": 0.0763520896434784, "vy_3": 0.09478171169757843, "vy_4": 0.10078529268503189, "vy_5": 0.10517558455467224, "vy_6": 0.11053038388490677, "vy_7": 0.1210508793592453, "vy_8": 0.12733973562717438, "vy_9": 0.1296463906764984, "vy_10": 0.1354919970035553, "dpsidt_0.05": 0.002329764189198613, "dpsidt_1": 0.006514190696179867, "dpsidt_2": 0.00856515858322382, "dpsidt_3": 0.009470134042203426, "dpsidt_4": 0.010117346420884132, "dpsidt_5": 0.01012754999101162, "dpsidt_6": 0.010803227312862873, "dpsidt_7": 0.01094366516917944, "dpsidt_8": 0.01121149118989706, "dpsidt_9": 0.011580750346183777, "dpsidt_10": 0.011660624295473099, "rmse_0.05": 0.009255947545170784, "rmse_1": 0.03018941730260849, "rmse_2": 0.04245862364768982, "rmse_3": 0.052125923335552216, "rmse_4": 0.05545131862163544, "rmse_5": 0.057651568204164505, "rmse_6": 0.06066680699586868, "rmse_7": 0.06599727272987366, "rmse_8": 0.06927561014890671, "rmse_9": 0.0706135705113411, "rmse_10": 0.07357630878686905}