{"vy": 0.45773833990097046, "dpsidt": 0.12848013639450073, "rmse": 0.2931092381477356}