{"vy": 0.4902569353580475, "dpsidt": 0.11847084760665894, "rmse": 0.3043639063835144}