{"vy": 0.42417001724243164, "dpsidt": 0.08004745841026306, "rmse": 0.25210875272750854}