{"vy": 0.4758504033088684, "dpsidt": 0.1087498813867569, "rmse": 0.29230013489723206}