{"vy": 0.41616785526275635, "dpsidt": 0.07948556542396545, "rmse": 0.2478267103433609}