{"vy": 0.48336753249168396, "dpsidt": 0.11282671988010406, "rmse": 0.2980971336364746}