{"vy": 0.46348145604133606, "dpsidt": 0.09149833023548126, "rmse": 0.27748990058898926}