{"vy": 0.4012554883956909, "dpsidt": 0.12532663345336914, "rmse": 0.26329106092453003}