{"vy": 0.41533392667770386, "dpsidt": 0.08895549178123474, "rmse": 0.2521446943283081}