{"vy": 0.432420551776886, "dpsidt": 0.13798975944519043, "rmse": 0.2852051556110382}