{"vy": 0.3924757242202759, "dpsidt": 0.11968408524990082, "rmse": 0.25607991218566895}