{"vy": 0.5086836814880371, "dpsidt": 0.10425076633691788, "rmse": 0.3064672350883484}