{"vy": 0.4029120206832886, "dpsidt": 0.09612319618463516, "rmse": 0.24951760470867157}