{"vy_time": [], "dpsidtrmse_time": [], "vy_0.05": 0.01650354452431202, "dpsidt_0.05": 0.0022091222926974297, "rmse_0.05": 0.009356332942843437, "vy_1": 0.05749370902776718, "dpsidt_1": 0.0052262721583247185, "rmse_1": 0.03135998919606209, "vy_2": 0.08209813386201859, "dpsidt_2": 0.00749140465632081, "rmse_2": 0.04479476809501648, "vy_3": 0.10389000922441483, "dpsidt_3": 0.00842580571770668, "rmse_3": 0.0561579093337059, "vy_4": 0.108150914311409, "dpsidt_4": 0.008860613219439983, "rmse_4": 0.05850576236844063, "vy_5": 0.11330178380012512, "dpsidt_5": 0.008881649002432823, "rmse_5": 0.06109171733260155, "vy_6": 0.11607904732227325, "dpsidt_6": 0.009377333335578442, "rmse_6": 0.06272818893194199, "vy_7": 0.12763795256614685, "dpsidt_7": 0.009462233632802963, "rmse_7": 0.06855009496212006, "vy_8": 0.13446083664894104, "dpsidt_8": 0.0096172746270895, "rmse_8": 0.07203905284404755, "vy_9": 0.1364186406135559, "dpsidt_9": 0.00987210776656866, "rmse_9": 0.07314537465572357, "vy_10": 0.14201846718788147, "dpsidt_10": 0.009873383678495884, "rmse_10": 0.07594592869281769}