{"vy": 0.48252347111701965, "dpsidt": 0.15505552291870117, "rmse": 0.3187894821166992}