{"vy": 0.3670692443847656, "dpsidt": 0.09285538643598557, "rmse": 0.2299623191356659}