{"vy": 0.3875177204608917, "dpsidt": 0.0933508574962616, "rmse": 0.24043428897857666}