{"vy": 0.4076054096221924, "dpsidt": 0.09729073941707611, "rmse": 0.25244808197021484}