{"vy": 0.4449993968009949, "dpsidt": 0.07996911555528641, "rmse": 0.26248425245285034}