{"vy": 0.4107950031757355, "dpsidt": 0.1341947764158249, "rmse": 0.2724948823451996}