{"vy_time": [], "dpsidtrmse_time": [], "vy_0.05": 0.01638740859925747, "dpsidt_0.05": 0.002311144256964326, "rmse_0.05": 0.009349276311695576, "vy_1": 0.055297017097473145, "dpsidt_1": 0.00664266012609005, "rmse_1": 0.030969839543104172, "vy_2": 0.07976847887039185, "dpsidt_2": 0.009130620397627354, "rmse_2": 0.04444954916834831, "vy_3": 0.10648593306541443, "dpsidt_3": 0.01026972010731697, "rmse_3": 0.05837782472372055, "vy_4": 0.11369627714157104, "dpsidt_4": 0.011052201502025127, "rmse_4": 0.062374237924814224, "vy_5": 0.12040182203054428, "dpsidt_5": 0.011046109721064568, "rmse_5": 0.0657239630818367, "vy_6": 0.12523825466632843, "dpsidt_6": 0.011803664267063141, "rmse_6": 0.06852096319198608, "vy_7": 0.1358015388250351, "dpsidt_7": 0.012072809971868992, "rmse_7": 0.07393717765808105, "vy_8": 0.1443517655134201, "dpsidt_8": 0.012431762181222439, "rmse_8": 0.07839176058769226, "vy_9": 0.14778181910514832, "dpsidt_9": 0.01281615812331438, "rmse_9": 0.08029899001121521, "vy_10": 0.15490153431892395, "dpsidt_10": 0.012906592339277267, "rmse_10": 0.08390406519174576}