{"vy": 0.443930059671402, "dpsidt": 0.09020641446113586, "rmse": 0.2670682370662689}