{"vy": 0.35073933005332947, "dpsidt": 0.07896826416254044, "rmse": 0.21485379338264465}