{"vy": 0.5164570808410645, "dpsidt": 0.11755608022212982, "rmse": 0.31700658798217773}