{"vy": 0.3954286277294159, "dpsidt": 0.14533357322216034, "rmse": 0.2703810930252075}