{"vy": 0.43000271916389465, "dpsidt": 0.1340809017419815, "rmse": 0.2820418179035187}