{"vy": 0.43164780735969543, "dpsidt": 0.09969533979892731, "rmse": 0.26567158102989197}