{"vy": 0.3913833498954773, "dpsidt": 0.10388126224279404, "rmse": 0.24763230979442596}