{"vy": 0.38121145963668823, "dpsidt": 0.10858998447656631, "rmse": 0.24490071833133698}