{"vy": 0.47051292657852173, "dpsidt": 0.09037058800458908, "rmse": 0.2804417610168457}