{"vy": 0.41346484422683716, "dpsidt": 0.07920285314321518, "rmse": 0.24633385241031647}