{"vy": 0.44408974051475525, "dpsidt": 0.10828311741352081, "rmse": 0.27618643641471863}