{"vy_time": [], "dpsidtrmse_time": [], "vy_0.05": 0.016743527725338936, "dpsidt_0.05": 0.0025696991942822933, "rmse_0.05": 0.009656613692641258, "vy_1": 0.05523509159684181, "dpsidt_1": 0.006970448885113001, "rmse_1": 0.031102770939469337, "vy_2": 0.07833005487918854, "dpsidt_2": 0.008518963120877743, "rmse_2": 0.04342450946569443, "vy_3": 0.0986783504486084, "dpsidt_3": 0.0093435849994421, "rmse_3": 0.054010968655347824, "vy_4": 0.10442697256803513, "dpsidt_4": 0.009669821709394455, "rmse_4": 0.05704839527606964, "vy_5": 0.10887547582387924, "dpsidt_5": 0.00960745569318533, "rmse_5": 0.05924146622419357, "vy_6": 0.11270029842853546, "dpsidt_6": 0.0101847592741251, "rmse_6": 0.061442527920007706, "vy_7": 0.12378329038619995, "dpsidt_7": 0.01030588336288929, "rmse_7": 0.06704458594322205, "vy_8": 0.13058117032051086, "dpsidt_8": 0.010565531440079212, "rmse_8": 0.0705733522772789, "vy_9": 0.13247805833816528, "dpsidt_9": 0.010815758258104324, "rmse_9": 0.07164690643548965, "vy_10": 0.1380036622285843, "dpsidt_10": 0.010852532461285591, "rmse_10": 0.07442809641361237}