{"vy": 0.43084925413131714, "dpsidt": 0.08766796439886093, "rmse": 0.25925859808921814}