{"vy": 0.41665592789649963, "dpsidt": 0.13612523674964905, "rmse": 0.27639058232307434}