{"vy": 0.35963675379753113, "dpsidt": 0.07828211784362793, "rmse": 0.21895943582057953}