{"vy": 0.49463608860969543, "dpsidt": 0.1125728189945221, "rmse": 0.30360445380210876}