{"vy": 0.4423178434371948, "dpsidt": 0.1075170487165451, "rmse": 0.27491745352745056}