{"vy": 0.4270327389240265, "dpsidt": 0.08379370719194412, "rmse": 0.2554132342338562}