{"vy_0.05": 0.01619981788098812, "vy_1": 0.05374876409769058, "vy_2": 0.0738273486495018, "vy_3": 0.09182209521532059, "vy_4": 0.09487977623939514, "vy_5": 0.1012832447886467, "vy_6": 0.10546556115150452, "vy_7": 0.11587831377983093, "vy_8": 0.1225791946053505, "vy_9": 0.12474967539310455, "vy_10": 0.13076446950435638, "dpsidt_0.05": 0.0021189837716519833, "dpsidt_1": 0.005416139494627714, "dpsidt_2": 0.008154669776558876, "dpsidt_3": 0.009155476465821266, "dpsidt_4": 0.009596651419997215, "dpsidt_5": 0.009562081657350063, "dpsidt_6": 0.010060874745249748, "dpsidt_7": 0.010219729505479336, "dpsidt_8": 0.010400190949440002, "dpsidt_9": 0.010653056204319, "dpsidt_10": 0.010636597871780396, "rmse_0.05": 0.009159401059150696, "rmse_1": 0.029582452028989792, "rmse_2": 0.040991008281707764, "rmse_3": 0.05048878490924835, "rmse_4": 0.05223821476101875, "rmse_5": 0.05542266368865967, "rmse_6": 0.05776321887969971, "rmse_7": 0.06304901838302612, "rmse_8": 0.06648969650268555, "rmse_9": 0.06770136952400208, "rmse_10": 0.07070053368806839}