{"vy": 0.44652244448661804, "dpsidt": 0.09960703551769257, "rmse": 0.2730647325515747}