{"vy": 0.42676037549972534, "dpsidt": 0.12791003286838531, "rmse": 0.27733519673347473}