{"vy": 0.3592975437641144, "dpsidt": 0.08743838220834732, "rmse": 0.22336795926094055}