{"vy_0.05": 0.016317561268806458, "vy_1": 0.05590081959962845, "vy_2": 0.0758032500743866, "vy_3": 0.09549854695796967, "vy_4": 0.09837833046913147, "vy_5": 0.10677018761634827, "vy_6": 0.11036660522222519, "vy_7": 0.121280238032341, "vy_8": 0.1288062185049057, "vy_9": 0.13136984407901764, "vy_10": 0.13786078989505768, "dpsidt_0.05": 0.002166056539863348, "dpsidt_1": 0.005261419340968132, "dpsidt_2": 0.007217431906610727, "dpsidt_3": 0.00828204583376646, "dpsidt_4": 0.008660363964736462, "dpsidt_5": 0.008551538921892643, "dpsidt_6": 0.008990893140435219, "dpsidt_7": 0.008968192152678967, "dpsidt_8": 0.009155672043561935, "dpsidt_9": 0.009363869205117226, "dpsidt_10": 0.009391145780682564, "rmse_0.05": 0.009241809137165546, "rmse_1": 0.030581120401620865, "rmse_2": 0.041510339826345444, "rmse_3": 0.0518902949988842, "rmse_4": 0.053519345819950104, "rmse_5": 0.05766086280345917, "rmse_6": 0.05967874825000763, "rmse_7": 0.06512421369552612, "rmse_8": 0.06898094713687897, "rmse_9": 0.07036685943603516, "rmse_10": 0.07362596690654755}