{"vy": 0.37146690487861633, "dpsidt": 0.0922863781452179, "rmse": 0.23187664151191711}