{"vy": 0.38981950283050537, "dpsidt": 0.12105511128902435, "rmse": 0.25543731451034546}