{"vy": 0.42243897914886475, "dpsidt": 0.1507791131734848, "rmse": 0.28660905361175537}