{"vy": 0.400282084941864, "dpsidt": 0.0965755507349968, "rmse": 0.2484288215637207}