{"vy": 0.4426860809326172, "dpsidt": 0.12250310182571411, "rmse": 0.28259459137916565}