{"vy_0.05": 0.016236554831266403, "vy_1": 0.05343404412269592, "vy_2": 0.07610902190208435, "vy_3": 0.09881323575973511, "vy_4": 0.10407641530036926, "vy_5": 0.10984352976083755, "vy_6": 0.11431539058685303, "vy_7": 0.12506873905658722, "vy_8": 0.13228140771389008, "vy_9": 0.13491329550743103, "vy_10": 0.14143525063991547, "dpsidt_0.05": 0.0023186965845525265, "dpsidt_1": 0.006272770930081606, "dpsidt_2": 0.008485156111419201, "dpsidt_3": 0.00916063878685236, "dpsidt_4": 0.009727934375405312, "dpsidt_5": 0.009779021143913269, "dpsidt_6": 0.010450492613017559, "dpsidt_7": 0.010638577863574028, "dpsidt_8": 0.010901382192969322, "dpsidt_9": 0.011302277445793152, "dpsidt_10": 0.011372584849596024, "rmse_0.05": 0.009277625940740108, "rmse_1": 0.02985340729355812, "rmse_2": 0.042297087609767914, "rmse_3": 0.053986936807632446, "rmse_4": 0.05690217390656471, "rmse_5": 0.05981127545237541, "rmse_6": 0.06238294020295143, "rmse_7": 0.0678536593914032, "rmse_8": 0.07159139215946198, "rmse_9": 0.07310778647661209, "rmse_10": 0.0764039158821106}