{"vy": 0.4051014184951782, "dpsidt": 0.09777067601680756, "rmse": 0.2514360547065735}