{"vy": 0.3926647901535034, "dpsidt": 0.1372520476579666, "rmse": 0.2649584114551544}