{"vy": 0.46586358547210693, "dpsidt": 0.11391866952180862, "rmse": 0.2898911237716675}