{"vy": 0.4148440659046173, "dpsidt": 0.09525245428085327, "rmse": 0.2550482749938965}