{"vy": 0.3916435241699219, "dpsidt": 0.09919209778308868, "rmse": 0.24541780352592468}