{"vy": 0.4254400134086609, "dpsidt": 0.07752738147974014, "rmse": 0.2514837086200714}