{"vy": 0.4859023988246918, "dpsidt": 0.12464038282632828, "rmse": 0.3052713871002197}