{"vy_time": [], "dpsidtrmse_time": [], "vy_0.05": 0.017027057707309723, "dpsidt_0.05": 0.0023944885469973087, "rmse_0.05": 0.009710772894322872, "vy_1": 0.0576002262532711, "dpsidt_1": 0.005939030554145575, "rmse_1": 0.03176962956786156, "vy_2": 0.08122491091489792, "dpsidt_2": 0.0071701048873364925, "rmse_2": 0.044197507202625275, "vy_3": 0.10252483934164047, "dpsidt_3": 0.008250863291323185, "rmse_3": 0.05538785085082054, "vy_4": 0.10712437331676483, "dpsidt_4": 0.00867550354450941, "rmse_4": 0.05789993703365326, "vy_5": 0.11387412250041962, "dpsidt_5": 0.008669452741742134, "rmse_5": 0.0612717866897583, "vy_6": 0.11742672324180603, "dpsidt_6": 0.009210980497300625, "rmse_6": 0.06331884860992432, "vy_7": 0.12875235080718994, "dpsidt_7": 0.009209245443344116, "rmse_7": 0.06898079812526703, "vy_8": 0.13615210354328156, "dpsidt_8": 0.009420465677976608, "rmse_8": 0.07278628647327423, "vy_9": 0.1388496458530426, "dpsidt_9": 0.009692925959825516, "rmse_9": 0.07427128404378891, "vy_10": 0.1452363133430481, "dpsidt_10": 0.009772276505827904, "rmse_10": 0.07750429213047028}