{"vy": 0.44884049892425537, "dpsidt": 0.12680339813232422, "rmse": 0.2878219485282898}