{"vy": 0.3964575529098511, "dpsidt": 0.10768972337245941, "rmse": 0.25207364559173584}