{"vy": 0.4003846347332001, "dpsidt": 0.1089954674243927, "rmse": 0.2546900510787964}