{"vy": 0.4437263607978821, "dpsidt": 0.09052485227584839, "rmse": 0.26712560653686523}