{"vy": 0.39704152941703796, "dpsidt": 0.12764525413513184, "rmse": 0.2623434066772461}