{"vy": 0.4528600871562958, "dpsidt": 0.10872405022382736, "rmse": 0.2807920575141907}