{"vy": 0.3722642660140991, "dpsidt": 0.08943801373243332, "rmse": 0.23085114359855652}