{"vy": 0.4767375886440277, "dpsidt": 0.11223602294921875, "rmse": 0.2944868206977844}