{"vy": 0.3723178803920746, "dpsidt": 0.08866763859987259, "rmse": 0.2304927557706833}