{"vy": 0.4794330596923828, "dpsidt": 0.11305581778287888, "rmse": 0.29624444246292114}