{"vy": 0.4803573489189148, "dpsidt": 0.12242115288972855, "rmse": 0.30138924717903137}