{"vy": 0.4391752779483795, "dpsidt": 0.0870119258761406, "rmse": 0.26309359073638916}