{"vy": 0.3787432014942169, "dpsidt": 0.07616245001554489, "rmse": 0.2274528294801712}