{"vy": 0.42727938294410706, "dpsidt": 0.11203594505786896, "rmse": 0.2696576714515686}