{"vy": 0.4537522494792938, "dpsidt": 0.10027702897787094, "rmse": 0.2770146429538727}