{"vy": 0.41709190607070923, "dpsidt": 0.1416429728269577, "rmse": 0.27936744689941406}