{"vy": 0.4782683253288269, "dpsidt": 0.10097017139196396, "rmse": 0.28961923718452454}