{"vy": 0.4304186999797821, "dpsidt": 0.09149456024169922, "rmse": 0.26095664501190186}