{"vy": 0.5496055483818054, "dpsidt": 0.2141382247209549, "rmse": 0.38187187910079956}