{"vy": 0.4309569001197815, "dpsidt": 0.08651798963546753, "rmse": 0.2587374448776245}