{"vy": 0.4231468141078949, "dpsidt": 0.10082503408193588, "rmse": 0.2619859278202057}