{"vy": 0.3785979747772217, "dpsidt": 0.08260762691497803, "rmse": 0.23060280084609985}