{"vy": 0.5072701573371887, "dpsidt": 0.11857502907514572, "rmse": 0.3129225969314575}