{"vy": 0.5442779064178467, "dpsidt": 0.15548574924468994, "rmse": 0.3498818278312683}