{"vy": 0.4104636013507843, "dpsidt": 0.08833607286214828, "rmse": 0.2493998408317566}