{"vy": 0.459724098443985, "dpsidt": 0.09118609875440598, "rmse": 0.2754550874233246}