{"vy": 0.48192399740219116, "dpsidt": 0.13117291033267975, "rmse": 0.30654844641685486}