{"vy": 0.4400094449520111, "dpsidt": 0.16467826068401337, "rmse": 0.30234384536743164}