{"vy": 0.3904087245464325, "dpsidt": 0.09043422341346741, "rmse": 0.24042147397994995}