{"vy": 0.44799941778182983, "dpsidt": 0.17843206226825714, "rmse": 0.3132157325744629}