{"vy": 0.4077558219432831, "dpsidt": 0.09952311217784882, "rmse": 0.25363945960998535}