{"vy_time": [], "dpsidtrmse_time": [], "vy_0.05": 0.01729424111545086, "dpsidt_0.05": 0.0021976211573928595, "rmse_0.05": 0.009745931252837181, "vy_1": 0.05590619519352913, "dpsidt_1": 0.005261801183223724, "rmse_1": 0.030583998188376427, "vy_2": 0.07429827749729156, "dpsidt_2": 0.007339637726545334, "rmse_2": 0.0408189594745636, "vy_3": 0.08526923507452011, "dpsidt_3": 0.00819123163819313, "rmse_3": 0.04673023521900177, "vy_4": 0.08778397738933563, "dpsidt_4": 0.008394244126975536, "rmse_4": 0.04808910936117172, "vy_5": 0.09219976514577866, "dpsidt_5": 0.008371680043637753, "rmse_5": 0.05028572306036949, "vy_6": 0.09581518173217773, "dpsidt_6": 0.008764689788222313, "rmse_6": 0.0522899366915226, "vy_7": 0.10588103532791138, "dpsidt_7": 0.008877108804881573, "rmse_7": 0.05737907066941261, "vy_8": 0.11115049570798874, "dpsidt_8": 0.009009119123220444, "rmse_8": 0.06007980555295944, "vy_9": 0.11272275447845459, "dpsidt_9": 0.009203480556607246, "rmse_9": 0.060963116586208344, "vy_10": 0.1175641342997551, "dpsidt_10": 0.009163978509604931, "rmse_10": 0.06336405873298645}