{"vy": 0.4444262981414795, "dpsidt": 0.15107081830501556, "rmse": 0.2977485656738281}