{"vy": 0.5109653472900391, "dpsidt": 0.2281099408864975, "rmse": 0.3695376515388489}