{"vy": 0.41726019978523254, "dpsidt": 0.10980917513370514, "rmse": 0.26353469491004944}