{"vy": 0.49323004484176636, "dpsidt": 0.09412726014852524, "rmse": 0.2936786413192749}