{"vy": 0.4124537408351898, "dpsidt": 0.10095968097448349, "rmse": 0.25670671463012695}