{"vy": 0.44982993602752686, "dpsidt": 0.11248353123664856, "rmse": 0.2811567187309265}