{"vy": 0.41094908118247986, "dpsidt": 0.07957127690315247, "rmse": 0.24526017904281616}