{"vy": 0.37877294421195984, "dpsidt": 0.08347879350185394, "rmse": 0.2311258614063263}