{"vy": 0.41549402475357056, "dpsidt": 0.08732369542121887, "rmse": 0.2514088749885559}