{"vy": 0.44946882128715515, "dpsidt": 0.18372194468975067, "rmse": 0.3165953755378723}