{"vy": 0.43296340107917786, "dpsidt": 0.14978350698947906, "rmse": 0.29137346148490906}