{"vy": 0.38193365931510925, "dpsidt": 0.09246265143156052, "rmse": 0.23719815909862518}