{"vy": 0.4988217055797577, "dpsidt": 0.1384052336215973, "rmse": 0.3186134696006775}