{"vy": 0.4477129876613617, "dpsidt": 0.08642767369747162, "rmse": 0.26707032322883606}