{"vy": 0.42874249815940857, "dpsidt": 0.16191086173057556, "rmse": 0.29532667994499207}