{"vy": 0.42539742588996887, "dpsidt": 0.11921177059412003, "rmse": 0.27230459451675415}