{"vy_0.05": 0.01620495319366455, "vy_1": 0.05542634800076485, "vy_2": 0.07614196091890335, "vy_3": 0.09650590270757675, "vy_4": 0.09916143119335175, "vy_5": 0.10738164186477661, "vy_6": 0.11168180406093597, "vy_7": 0.12211751937866211, "vy_8": 0.12960191071033478, "vy_9": 0.13216936588287354, "vy_10": 0.13857132196426392, "dpsidt_0.05": 0.0022237293887883425, "dpsidt_1": 0.005724628921598196, "dpsidt_2": 0.00865186844021082, "dpsidt_3": 0.009623860940337181, "dpsidt_4": 0.010099141858518124, "dpsidt_5": 0.010141819715499878, "dpsidt_6": 0.010678918100893497, "dpsidt_7": 0.010918701998889446, "dpsidt_8": 0.011093155480921268, "dpsidt_9": 0.011379478499293327, "dpsidt_10": 0.01136898621916771, "rmse_0.05": 0.009214341640472412, "rmse_1": 0.03057548776268959, "rmse_2": 0.0423969142138958, "rmse_3": 0.05306488275527954, "rmse_4": 0.05463028699159622, "rmse_5": 0.058761730790138245, "rmse_6": 0.06118036061525345, "rmse_7": 0.06651811301708221, "rmse_8": 0.07034753262996674, "rmse_9": 0.071774423122406, "rmse_10": 0.07497015595436096}