{"vy": 0.4787944257259369, "dpsidt": 0.171867236495018, "rmse": 0.32533082365989685}