{"vy": 0.41027793288230896, "dpsidt": 0.10811079293489456, "rmse": 0.25919437408447266}