{"vy": 0.4039376974105835, "dpsidt": 0.14327915012836456, "rmse": 0.27360841631889343}