{"vy": 0.40567049384117126, "dpsidt": 0.08960837870836258, "rmse": 0.24763943254947662}