{"vy": 0.46478673815727234, "dpsidt": 0.11166683584451675, "rmse": 0.28822678327560425}