{"vy": 0.36202526092529297, "dpsidt": 0.0822029635310173, "rmse": 0.22211411595344543}