{"vy": 0.41722944378852844, "dpsidt": 0.09267692267894745, "rmse": 0.25495317578315735}