{"vy_time": [], "dpsidtrmse_time": [], "vy_0.05": 0.016401873901486397, "dpsidt_0.05": 0.00215873122215271, "rmse_0.05": 0.009280302561819553, "vy_1": 0.057773053646087646, "dpsidt_1": 0.005100463051348925, "rmse_1": 0.03143675997853279, "vy_2": 0.08272373676300049, "dpsidt_2": 0.007638711482286453, "rmse_2": 0.04518122225999832, "vy_3": 0.10396438837051392, "dpsidt_3": 0.008724632672965527, "rmse_3": 0.05634450912475586, "vy_4": 0.11027364432811737, "dpsidt_4": 0.009052311070263386, "rmse_4": 0.05966297909617424, "vy_5": 0.11658033728599548, "dpsidt_5": 0.0089691998437047, "rmse_5": 0.06277476996183395, "vy_6": 0.11901769787073135, "dpsidt_6": 0.009341397322714329, "rmse_6": 0.06417954713106155, "vy_7": 0.13087493181228638, "dpsidt_7": 0.009439955465495586, "rmse_7": 0.07015744596719742, "vy_8": 0.1385803073644638, "dpsidt_8": 0.009565843269228935, "rmse_8": 0.07407307624816895, "vy_9": 0.14125975966453552, "dpsidt_9": 0.009747757576406002, "rmse_9": 0.07550375908613205, "vy_10": 0.1474667489528656, "dpsidt_10": 0.0096973218023777, "rmse_10": 0.0785820335149765}