{"vy": 0.4479592442512512, "dpsidt": 0.09850457310676575, "rmse": 0.2732319235801697}