{"vy": 0.3983643651008606, "dpsidt": 0.10116688907146454, "rmse": 0.24976563453674316}