{"vy": 0.45657283067703247, "dpsidt": 0.0876927375793457, "rmse": 0.2721327841281891}