{"vy": 0.427734911441803, "dpsidt": 0.13411636650562286, "rmse": 0.2809256315231323}