{"vy": 0.39921340346336365, "dpsidt": 0.09653594344854355, "rmse": 0.2478746771812439}