{"vy": 0.39027008414268494, "dpsidt": 0.13790223002433777, "rmse": 0.26408615708351135}