{"vy": 0.5158392786979675, "dpsidt": 0.10419917851686478, "rmse": 0.31001922488212585}