{"vy": 0.44274505972862244, "dpsidt": 0.16056832671165466, "rmse": 0.30165669322013855}