{"vy_0.05": 0.016439838334918022, "vy_1": 0.05424412339925766, "vy_2": 0.0759204775094986, "vy_3": 0.09244102984666824, "vy_4": 0.09719828516244888, "vy_5": 0.10148054361343384, "vy_6": 0.10615144670009613, "vy_7": 0.11692578345537186, "vy_8": 0.1226925179362297, "vy_9": 0.12462584674358368, "vy_10": 0.1301799714565277, "dpsidt_0.05": 0.002423972589895129, "dpsidt_1": 0.006488979794085026, "dpsidt_2": 0.007865660823881626, "dpsidt_3": 0.008579647168517113, "dpsidt_4": 0.008997086435556412, "dpsidt_5": 0.008992464281618595, "dpsidt_6": 0.009591248817741871, "dpsidt_7": 0.009637875482439995, "dpsidt_8": 0.009852227754890919, "dpsidt_9": 0.010167249478399754, "dpsidt_10": 0.010237873531877995, "rmse_0.05": 0.00943190511316061, "rmse_1": 0.030366551131010056, "rmse_2": 0.041893068701028824, "rmse_3": 0.05051033943891525, "rmse_4": 0.0530976876616478, "rmse_5": 0.05523650348186493, "rmse_6": 0.05787134915590286, "rmse_7": 0.0632818266749382, "rmse_8": 0.06627237051725388, "rmse_9": 0.06739655137062073, "rmse_10": 0.07020892202854156}