{"vy_0.05": 0.01599770598113537, "vy_1": 0.05215289443731308, "vy_2": 0.07431046664714813, "vy_3": 0.0938987135887146, "vy_4": 0.09787312895059586, "vy_5": 0.10327702760696411, "vy_6": 0.10700520128011703, "vy_7": 0.1180831640958786, "vy_8": 0.1244831383228302, "vy_9": 0.12650957703590393, "vy_10": 0.13247783482074738, "dpsidt_0.05": 0.0022677446249872446, "dpsidt_1": 0.005542166065424681, "dpsidt_2": 0.007613679394125938, "dpsidt_3": 0.008336431346833706, "dpsidt_4": 0.008805446326732635, "dpsidt_5": 0.008789862506091595, "dpsidt_6": 0.00933225080370903, "dpsidt_7": 0.00939073134213686, "dpsidt_8": 0.009572519920766354, "dpsidt_9": 0.00988328829407692, "dpsidt_10": 0.009922836907207966, "rmse_0.05": 0.009132725186645985, "rmse_1": 0.028847530484199524, "rmse_2": 0.04096207395195961, "rmse_3": 0.05111757293343544, "rmse_4": 0.053339287638664246, "rmse_5": 0.05603344365954399, "rmse_6": 0.05816872417926788, "rmse_7": 0.0637369453907013, "rmse_8": 0.06702782958745956, "rmse_9": 0.06819643080234528, "rmse_10": 0.07120033353567123}