{"vy": 0.4317351281642914, "dpsidt": 0.10004791617393494, "rmse": 0.26589152216911316}