{"vy_time": [], "dpsidtrmse_time": [], "vy_0.05": 0.01679058186709881, "dpsidt_0.05": 0.0024249788839370012, "rmse_0.05": 0.00960778072476387, "vy_1": 0.05545618012547493, "dpsidt_1": 0.006179641932249069, "rmse_1": 0.030817911028862, "vy_2": 0.07865125685930252, "dpsidt_2": 0.0074944267980754375, "rmse_2": 0.04307284206151962, "vy_3": 0.09978113323450089, "dpsidt_3": 0.008689777925610542, "rmse_3": 0.05423545464873314, "vy_4": 0.10567870736122131, "dpsidt_4": 0.009110416285693645, "rmse_4": 0.05739456042647362, "vy_5": 0.11219356209039688, "dpsidt_5": 0.009064964018762112, "rmse_5": 0.060629263520240784, "vy_6": 0.116019606590271, "dpsidt_6": 0.00959722325205803, "rmse_6": 0.06280841678380966, "vy_7": 0.12746255099773407, "dpsidt_7": 0.009550593793392181, "rmse_7": 0.06850656867027283, "vy_8": 0.134781613945961, "dpsidt_8": 0.009766140021383762, "rmse_8": 0.07227388024330139, "vy_9": 0.13752834498882294, "dpsidt_9": 0.010038488544523716, "rmse_9": 0.07378342002630234, "vy_10": 0.1439875215291977, "dpsidt_10": 0.01014485489577055, "rmse_10": 0.07706619054079056}