{"vy": 0.3958669900894165, "dpsidt": 0.0805639922618866, "rmse": 0.23821549117565155}