{"vy": 0.38567879796028137, "dpsidt": 0.08840636909008026, "rmse": 0.23704257607460022}