{"vy": 0.4257796108722687, "dpsidt": 0.1316850632429123, "rmse": 0.2787323296070099}