{"vy": 0.4321243166923523, "dpsidt": 0.10094723850488663, "rmse": 0.26653578877449036}