{"vy": 0.39426711201667786, "dpsidt": 0.09654419869184494, "rmse": 0.2454056590795517}