{"vy_time": [], "dpsidtrmse_time": [], "vy_0.05": 0.016782984137535095, "dpsidt_0.05": 0.0023909760639071465, "rmse_0.05": 0.009586980566382408, "vy_1": 0.05614529177546501, "dpsidt_1": 0.006050847936421633, "rmse_1": 0.03109806962311268, "vy_2": 0.08022727072238922, "dpsidt_2": 0.007532217539846897, "rmse_2": 0.04387974366545677, "vy_3": 0.10298511385917664, "dpsidt_3": 0.00866297259926796, "rmse_3": 0.05582404136657715, "vy_4": 0.10871842503547668, "dpsidt_4": 0.009140199050307274, "rmse_4": 0.058929312974214554, "vy_5": 0.11593753099441528, "dpsidt_5": 0.009072013199329376, "rmse_5": 0.06250476837158203, "vy_6": 0.11961989104747772, "dpsidt_6": 0.009635252878069878, "rmse_6": 0.06462757289409637, "vy_7": 0.13104571402072906, "dpsidt_7": 0.00963626429438591, "rmse_7": 0.07034099102020264, "vy_8": 0.13894623517990112, "dpsidt_8": 0.009876931086182594, "rmse_8": 0.07441158592700958, "vy_9": 0.14199838042259216, "dpsidt_9": 0.010153143666684628, "rmse_9": 0.07607576251029968, "vy_10": 0.14879237115383148, "dpsidt_10": 0.010247169062495232, "rmse_10": 0.07951977103948593}