{"vy": 0.42764681577682495, "dpsidt": 0.1310780644416809, "rmse": 0.27936244010925293}