{"vy_time": [], "dpsidtrmse_time": [], "vy_0.05": 0.015694092959165573, "dpsidt_0.05": 0.0021653822623193264, "rmse_0.05": 0.008929737843573093, "vy_1": 0.056062523275613785, "dpsidt_1": 0.006045612506568432, "rmse_1": 0.031054068356752396, "vy_2": 0.07856965065002441, "dpsidt_2": 0.00932461116462946, "rmse_2": 0.04394713044166565, "vy_3": 0.1045139729976654, "dpsidt_3": 0.010567134246230125, "rmse_3": 0.05754055455327034, "vy_4": 0.11040960997343063, "dpsidt_4": 0.011779006570577621, "rmse_4": 0.06109430640935898, "vy_5": 0.11557493358850479, "dpsidt_5": 0.011993348598480225, "rmse_5": 0.06378413736820221, "vy_6": 0.12197142839431763, "dpsidt_6": 0.012765672989189625, "rmse_6": 0.06736855208873749, "vy_7": 0.13138297200202942, "dpsidt_7": 0.013122612610459328, "rmse_7": 0.0722527951002121, "vy_8": 0.1387612372636795, "dpsidt_8": 0.013473798520863056, "rmse_8": 0.07611751556396484, "vy_9": 0.14197559654712677, "dpsidt_9": 0.013974319212138653, "rmse_9": 0.07797496020793915, "vy_10": 0.14867837727069855, "dpsidt_10": 0.014067767187952995, "rmse_10": 0.08137307316064835}