{"vy": 0.430825412273407, "dpsidt": 0.17346104979515076, "rmse": 0.3021432161331177}