{"vy_time": [], "dpsidtrmse_time": [], "vy_0.05": 0.01648435927927494, "dpsidt_0.05": 0.002519261557608843, "rmse_0.05": 0.009501810185611248, "vy_1": 0.05302319675683975, "dpsidt_1": 0.007303585298359394, "rmse_1": 0.030163390561938286, "vy_2": 0.07556749135255814, "dpsidt_2": 0.008858820423483849, "rmse_2": 0.04221315681934357, "vy_3": 0.0957803726196289, "dpsidt_3": 0.009503797627985477, "rmse_3": 0.052642084658145905, "vy_4": 0.10264497250318527, "dpsidt_4": 0.009966125711798668, "rmse_4": 0.056305550038814545, "vy_5": 0.1074301078915596, "dpsidt_5": 0.009885506704449654, "rmse_5": 0.05865780636668205, "vy_6": 0.1121838167309761, "dpsidt_6": 0.010529633611440659, "rmse_6": 0.06135672330856323, "vy_7": 0.12315720319747925, "dpsidt_7": 0.010599215514957905, "rmse_7": 0.06687820702791214, "vy_8": 0.12984848022460938, "dpsidt_8": 0.010864892043173313, "rmse_8": 0.07035668939352036, "vy_9": 0.13221028447151184, "dpsidt_9": 0.011204867623746395, "rmse_9": 0.0717075765132904, "vy_10": 0.1382661610841751, "dpsidt_10": 0.011281663551926613, "rmse_10": 0.07477391511201859}