{"vy": 0.4674658179283142, "dpsidt": 0.13045713305473328, "rmse": 0.29896146059036255}