{"vy": 0.36825355887413025, "dpsidt": 0.08708544820547104, "rmse": 0.22766950726509094}