{"vy": 0.4830038845539093, "dpsidt": 0.10420162975788116, "rmse": 0.29360276460647583}