{"vy": 0.43049299716949463, "dpsidt": 0.1610856056213379, "rmse": 0.29578930139541626}