{"vy": 0.4870074689388275, "dpsidt": 0.10108506679534912, "rmse": 0.2940462827682495}