{"vy": 0.38595229387283325, "dpsidt": 0.09496533125638962, "rmse": 0.24045881628990173}