{"vy": 0.4035470485687256, "dpsidt": 0.10058730095624924, "rmse": 0.2520671784877777}