{"vy": 0.4156569540500641, "dpsidt": 0.11750125885009766, "rmse": 0.2665790915489197}