{"vy": 0.3838481307029724, "dpsidt": 0.11796676367521286, "rmse": 0.25090745091438293}