{"vy": 0.4281989336013794, "dpsidt": 0.08931498974561691, "rmse": 0.25875696539878845}