{"vy": 0.4503569006919861, "dpsidt": 0.10945724695920944, "rmse": 0.27990707755088806}