{"vy": 0.44997572898864746, "dpsidt": 0.11728327721357346, "rmse": 0.28362950682640076}