{"vy": 0.45568957924842834, "dpsidt": 0.09420404583215714, "rmse": 0.27494680881500244}