{"vy": 0.48658785223960876, "dpsidt": 0.13660995662212372, "rmse": 0.31159889698028564}