{"vy": 0.38663747906684875, "dpsidt": 0.08498501032590866, "rmse": 0.235811248421669}