{"vy": 0.369140088558197, "dpsidt": 0.09082435071468353, "rmse": 0.22998222708702087}