{"vy": 0.4582308232784271, "dpsidt": 0.1059253141283989, "rmse": 0.2820780575275421}