{"vy": 0.4464416205883026, "dpsidt": 0.15181899070739746, "rmse": 0.29913032054901123}