{"vy_time": [], "dpsidtrmse_time": [], "vy_0.05": 0.016187326982617378, "dpsidt_0.05": 0.002363401697948575, "rmse_0.05": 0.009275364689528942, "vy_1": 0.05574304237961769, "dpsidt_1": 0.005483847111463547, "rmse_1": 0.03061344474554062, "vy_2": 0.07974868267774582, "dpsidt_2": 0.007026660721749067, "rmse_2": 0.04338767006993294, "vy_3": 0.09820005297660828, "dpsidt_3": 0.008087233640253544, "rmse_3": 0.05314364284276962, "vy_4": 0.10715735703706741, "dpsidt_4": 0.00847578700631857, "rmse_4": 0.05781657248735428, "vy_5": 0.11097855120897293, "dpsidt_5": 0.008492909371852875, "rmse_5": 0.0597357302904129, "vy_6": 0.11511210352182388, "dpsidt_6": 0.00893323216587305, "rmse_6": 0.06202266737818718, "vy_7": 0.12675191462039948, "dpsidt_7": 0.008912193588912487, "rmse_7": 0.06783205270767212, "vy_8": 0.13298115134239197, "dpsidt_8": 0.00904039666056633, "rmse_8": 0.0710107758641243, "vy_9": 0.13522548973560333, "dpsidt_9": 0.0092665059491992, "rmse_9": 0.0722460001707077, "vy_10": 0.14042876660823822, "dpsidt_10": 0.009288494475185871, "rmse_10": 0.07485862821340561}