{"vy": 0.40044423937797546, "dpsidt": 0.08722064644098282, "rmse": 0.24383243918418884}