{"vy": 0.3748883903026581, "dpsidt": 0.07993827015161514, "rmse": 0.2274133265018463}