{"vy": 0.47453683614730835, "dpsidt": 0.10689851641654968, "rmse": 0.2907176613807678}