{"vy": 0.39320698380470276, "dpsidt": 0.14339762926101685, "rmse": 0.268302321434021}