{"vy": 0.3899199366569519, "dpsidt": 0.08715739846229553, "rmse": 0.23853866755962372}