{"vy": 0.4576508104801178, "dpsidt": 0.10186521708965302, "rmse": 0.2797580063343048}