{"vy": 0.4546390175819397, "dpsidt": 0.09476085752248764, "rmse": 0.2746999263763428}