{"vy": 0.470483660697937, "dpsidt": 0.23806647956371307, "rmse": 0.35427507758140564}