{"vy": 0.5304747223854065, "dpsidt": 0.181574746966362, "rmse": 0.35602474212646484}