{"vy": 0.4688313603401184, "dpsidt": 0.129540354013443, "rmse": 0.2991858720779419}