{"vy": 0.37825697660446167, "dpsidt": 0.11289837956428528, "rmse": 0.24557767808437347}