{"vy": 0.5005715489387512, "dpsidt": 0.19674281775951385, "rmse": 0.34865719079971313}