{"vy": 0.4195984899997711, "dpsidt": 0.151646226644516, "rmse": 0.28562235832214355}