{"vy": 0.4126730263233185, "dpsidt": 0.10976611822843552, "rmse": 0.2612195611000061}