{"vy": 0.5751059651374817, "dpsidt": 0.14424659311771393, "rmse": 0.3596762716770172}