{"vy": 0.4213521182537079, "dpsidt": 0.10665175318717957, "rmse": 0.2640019357204437}