{"vy": 0.4007193148136139, "dpsidt": 0.08797812461853027, "rmse": 0.24434871971607208}