{"vy": 0.41033604741096497, "dpsidt": 0.09832283854484558, "rmse": 0.2543294429779053}