{"vy": 0.3822862505912781, "dpsidt": 0.08112257719039917, "rmse": 0.23170441389083862}