{"vy": 0.45106643438339233, "dpsidt": 0.12241629511117935, "rmse": 0.28674137592315674}