{"vy": 0.43815624713897705, "dpsidt": 0.1350402534008026, "rmse": 0.286598265171051}