{"vy": 0.36701568961143494, "dpsidt": 0.08191931992769241, "rmse": 0.22446750104427338}