{"vy": 0.4383036494255066, "dpsidt": 0.0958244800567627, "rmse": 0.26706406474113464}