{"vy": 0.45890432596206665, "dpsidt": 0.09825162589550018, "rmse": 0.278577983379364}