{"vy": 0.4539984464645386, "dpsidt": 0.10686168819665909, "rmse": 0.2804300785064697}