{"vy": 0.39282935857772827, "dpsidt": 0.12304804474115372, "rmse": 0.2579387128353119}