{"vy": 0.39192456007003784, "dpsidt": 0.11610527336597443, "rmse": 0.25401490926742554}