{"vy": 0.3825080394744873, "dpsidt": 0.12581221759319305, "rmse": 0.2541601359844208}