{"vy": 0.4193762540817261, "dpsidt": 0.10114941745996475, "rmse": 0.2602628469467163}