{"vy": 0.38518255949020386, "dpsidt": 0.11614464223384857, "rmse": 0.2506636083126068}