{"vy": 0.5231878161430359, "dpsidt": 0.14436347782611847, "rmse": 0.3337756395339966}