{"vy": 0.3919672966003418, "dpsidt": 0.09305544942617416, "rmse": 0.24251137673854828}