{"vy": 0.5212889313697815, "dpsidt": 0.12154421210289001, "rmse": 0.32141655683517456}