{"vy": 0.36664053797721863, "dpsidt": 0.08908189833164215, "rmse": 0.227861225605011}