{"vy": 0.39925703406333923, "dpsidt": 0.08919718116521835, "rmse": 0.2442271113395691}