{"vy": 0.372288316488266, "dpsidt": 0.13098344206809998, "rmse": 0.251635879278183}