{"vy": 0.47624173760414124, "dpsidt": 0.11975442618131638, "rmse": 0.2979980707168579}