{"vy": 0.3917406499385834, "dpsidt": 0.11007706820964813, "rmse": 0.25090885162353516}