{"vy": 0.38995784521102905, "dpsidt": 0.11089212447404861, "rmse": 0.25042498111724854}