{"vy": 0.4235498309135437, "dpsidt": 0.08702178299427032, "rmse": 0.2552857995033264}