{"vy": 0.46378517150878906, "dpsidt": 0.152339905500412, "rmse": 0.3080625534057617}