{"vy": 0.4464520514011383, "dpsidt": 0.12687917053699493, "rmse": 0.2866656184196472}