{"vy": 0.39307618141174316, "dpsidt": 0.08464722335338593, "rmse": 0.23886170983314514}