{"vy": 0.4271797239780426, "dpsidt": 0.08417022973299026, "rmse": 0.25567498803138733}