{"vy": 0.37787988781929016, "dpsidt": 0.07907998561859131, "rmse": 0.22847993671894073}