{"vy": 0.40896499156951904, "dpsidt": 0.08189693838357925, "rmse": 0.24543096125125885}