{"vy": 0.4305601716041565, "dpsidt": 0.13013145327568054, "rmse": 0.2803457975387573}