{"vy": 0.41509726643562317, "dpsidt": 0.10528428107500076, "rmse": 0.26019078493118286}