{"vy_0.05": 0.015835853293538094, "vy_1": 0.05271744728088379, "vy_2": 0.07718901336193085, "vy_3": 0.1016693115234375, "vy_4": 0.10806285589933395, "vy_5": 0.11317362636327744, "vy_6": 0.11739303171634674, "vy_7": 0.12798774242401123, "vy_8": 0.13536973297595978, "vy_9": 0.13796338438987732, "vy_10": 0.144276425242424, "dpsidt_0.05": 0.0021701552905142307, "dpsidt_1": 0.005609093699604273, "dpsidt_2": 0.008849249221384525, "dpsidt_3": 0.009956469759345055, "dpsidt_4": 0.01060511264950037, "dpsidt_5": 0.010708961635828018, "dpsidt_6": 0.011325723491609097, "dpsidt_7": 0.011617098934948444, "dpsidt_8": 0.011834263801574707, "dpsidt_9": 0.012176618911325932, "dpsidt_10": 0.012193012051284313, "rmse_0.05": 0.009003004059195518, "rmse_1": 0.029163271188735962, "rmse_2": 0.0430191308259964, "rmse_3": 0.05581289157271385, "rmse_4": 0.059333983808755875, "rmse_5": 0.061941295862197876, "rmse_6": 0.06435937434434891, "rmse_7": 0.0698024183511734, "rmse_8": 0.07360199838876724, "rmse_9": 0.07507000118494034, "rmse_10": 0.0782347172498703}