{"vy": 0.3985629379749298, "dpsidt": 0.07951225340366364, "rmse": 0.23903760313987732}