{"vy": 0.3717808127403259, "dpsidt": 0.09903598576784134, "rmse": 0.23540839552879333}