{"vy": 0.4400048553943634, "dpsidt": 0.11442641168832779, "rmse": 0.2772156298160553}