{"vy": 0.4416842758655548, "dpsidt": 0.11172966659069061, "rmse": 0.2767069637775421}