{"vy": 0.4925985038280487, "dpsidt": 0.13268928229808807, "rmse": 0.3126438856124878}