{"vy": 0.4633294939994812, "dpsidt": 0.12358451634645462, "rmse": 0.2934570014476776}