{"vy": 0.39714229106903076, "dpsidt": 0.08499140292406082, "rmse": 0.2410668432712555}