{"vy": 0.38411787152290344, "dpsidt": 0.08745484054088593, "rmse": 0.2357863485813141}