{"vy": 0.4086882472038269, "dpsidt": 0.11629464477300644, "rmse": 0.2624914348125458}