{"vy": 0.38236406445503235, "dpsidt": 0.08187136054039001, "rmse": 0.23211771249771118}