{"vy": 0.4251357913017273, "dpsidt": 0.13610024750232697, "rmse": 0.28061801195144653}