{"vy": 0.42658013105392456, "dpsidt": 0.14726142585277557, "rmse": 0.28692078590393066}