{"vy": 0.4243362247943878, "dpsidt": 0.12300078570842743, "rmse": 0.273668497800827}