{"vy": 0.37474316358566284, "dpsidt": 0.12860138714313507, "rmse": 0.25167226791381836}