{"vy": 0.4564853608608246, "dpsidt": 0.12018983066082001, "rmse": 0.2883375883102417}