{"vy": 0.4957074224948883, "dpsidt": 0.09916374087333679, "rmse": 0.29743558168411255}