{"vy": 0.4624342918395996, "dpsidt": 0.1369556486606598, "rmse": 0.2996949553489685}