{"vy": 0.3714008331298828, "dpsidt": 0.0860619992017746, "rmse": 0.2287314236164093}