{"vy": 0.4927256405353546, "dpsidt": 0.12321103364229202, "rmse": 0.3079683482646942}