{"vy": 0.3995734751224518, "dpsidt": 0.12709204852581024, "rmse": 0.2633327543735504}