{"vy_0.05": 0.01610914058983326, "vy_1": 0.05765235796570778, "vy_2": 0.07668062299489975, "vy_3": 0.09653095155954361, "vy_4": 0.09973070025444031, "vy_5": 0.10761994868516922, "vy_6": 0.11436807364225388, "vy_7": 0.12405005842447281, "vy_8": 0.1313820332288742, "vy_9": 0.13436315953731537, "vy_10": 0.1407301276922226, "dpsidt_0.05": 0.0021971631795167923, "dpsidt_1": 0.005666931625455618, "dpsidt_2": 0.008687333203852177, "dpsidt_3": 0.009673146530985832, "dpsidt_4": 0.010520999319851398, "dpsidt_5": 0.010711814276874065, "dpsidt_6": 0.01143957581371069, "dpsidt_7": 0.011750873178243637, "dpsidt_8": 0.012030360288918018, "dpsidt_9": 0.012483612634241581, "dpsidt_10": 0.012561098672449589, "rmse_0.05": 0.009153151884675026, "rmse_1": 0.03165964409708977, "rmse_2": 0.042683977633714676, "rmse_3": 0.053102049976587296, "rmse_4": 0.055125851184129715, "rmse_5": 0.05916588008403778, "rmse_6": 0.06290382146835327, "rmse_7": 0.06790046393871307, "rmse_8": 0.07170619815587997, "rmse_9": 0.07342338562011719, "rmse_10": 0.0766456127166748}