{"vy": 0.3837425112724304, "dpsidt": 0.12854085862636566, "rmse": 0.25614169239997864}