{"vy_0.05": 0.0162492748349905, "vy_1": 0.05462726205587387, "vy_2": 0.0758209154009819, "vy_3": 0.09636124968528748, "vy_4": 0.1007533073425293, "vy_5": 0.10741335898637772, "vy_6": 0.11272338032722473, "vy_7": 0.12250863760709763, "vy_8": 0.13027271628379822, "vy_9": 0.1330677568912506, "vy_10": 0.1395483762025833, "dpsidt_0.05": 0.0021365571301430464, "dpsidt_1": 0.005953054875135422, "dpsidt_2": 0.00954762939363718, "dpsidt_3": 0.010948269627988338, "dpsidt_4": 0.011507689952850342, "dpsidt_5": 0.011493345722556114, "dpsidt_6": 0.012062462978065014, "dpsidt_7": 0.012460053898394108, "dpsidt_8": 0.01273538637906313, "dpsidt_9": 0.013023320585489273, "dpsidt_10": 0.012993886135518551, "rmse_0.05": 0.009192915633320808, "rmse_1": 0.030290158465504646, "rmse_2": 0.042684271931648254, "rmse_3": 0.053654760122299194, "rmse_4": 0.05613049864768982, "rmse_5": 0.05945335328578949, "rmse_6": 0.06239292025566101, "rmse_7": 0.06748434901237488, "rmse_8": 0.07150404900312424, "rmse_9": 0.07304553687572479, "rmse_10": 0.07627113163471222}