{"vy": 0.3532911539077759, "dpsidt": 0.09781588613986969, "rmse": 0.2255535125732422}