{"vy": 0.431251585483551, "dpsidt": 0.16065442562103271, "rmse": 0.29595300555229187}