{"vy": 0.38420405983924866, "dpsidt": 0.0952058807015419, "rmse": 0.23970496654510498}