{"vy": 0.381750226020813, "dpsidt": 0.09026447683572769, "rmse": 0.23600734770298004}