{"vy": 0.3909547030925751, "dpsidt": 0.12354492396116257, "rmse": 0.2572498023509979}