{"vy": 0.3705860376358032, "dpsidt": 0.11335713416337967, "rmse": 0.24197158217430115}