{"vy": 0.37136003375053406, "dpsidt": 0.07916200906038284, "rmse": 0.22526101768016815}