{"vy": 0.41453981399536133, "dpsidt": 0.16684679687023163, "rmse": 0.2906933128833771}