{"vy": 0.5362610816955566, "dpsidt": 0.1720813512802124, "rmse": 0.3541712164878845}