{"vy": 0.5739043951034546, "dpsidt": 0.10478880256414413, "rmse": 0.33934658765792847}