{"vy": 0.3903694748878479, "dpsidt": 0.11296793073415756, "rmse": 0.25166869163513184}