{"vy": 0.4041513204574585, "dpsidt": 0.12020864337682724, "rmse": 0.262179970741272}