{"vy": 0.41502124071121216, "dpsidt": 0.10228615999221802, "rmse": 0.2586537003517151}