{"vy": 0.5094429850578308, "dpsidt": 0.1173362210392952, "rmse": 0.3133895993232727}