{"vy": 0.3962699770927429, "dpsidt": 0.10911616683006287, "rmse": 0.2526930570602417}