{"vy": 0.4900389015674591, "dpsidt": 0.1577511429786682, "rmse": 0.32389503717422485}