{"vy": 0.564048171043396, "dpsidt": 0.11614889651536942, "rmse": 0.3400985300540924}