{"vy": 0.45733970403671265, "dpsidt": 0.10804498195648193, "rmse": 0.2826923429965973}