{"vy": 0.3871685564517975, "dpsidt": 0.08339234441518784, "rmse": 0.23528045415878296}