{"vy": 0.38922619819641113, "dpsidt": 0.0942840576171875, "rmse": 0.24175512790679932}