{"vy": 0.49711325764656067, "dpsidt": 0.12564371526241302, "rmse": 0.31137847900390625}