{"vy": 0.4229583144187927, "dpsidt": 0.08160990476608276, "rmse": 0.25228410959243774}