{"vy": 0.42325130105018616, "dpsidt": 0.12429854273796082, "rmse": 0.2737749218940735}