{"vy": 0.4837152659893036, "dpsidt": 0.09067784994840622, "rmse": 0.287196546792984}