{"vy": 0.3992966115474701, "dpsidt": 0.12965089082717896, "rmse": 0.26447373628616333}