{"vy": 0.44051992893218994, "dpsidt": 0.10339789092540741, "rmse": 0.2719589173793793}