{"vy": 0.4505317807197571, "dpsidt": 0.16766859591007233, "rmse": 0.3091001808643341}