{"vy": 0.35673969984054565, "dpsidt": 0.08073330670595169, "rmse": 0.21873649954795837}