{"vy": 0.3953099548816681, "dpsidt": 0.10925297439098358, "rmse": 0.25228145718574524}