{"vy": 0.4517348110675812, "dpsidt": 0.1110820472240448, "rmse": 0.281408429145813}