{"vy": 0.39454081654548645, "dpsidt": 0.0879354327917099, "rmse": 0.24123811721801758}