{"vy": 0.40127497911453247, "dpsidt": 0.12580372393131256, "rmse": 0.2635393440723419}