{"vy": 0.36169764399528503, "dpsidt": 0.08054924011230469, "rmse": 0.22112344205379486}