{"vy": 0.4476393163204193, "dpsidt": 0.0994214192032814, "rmse": 0.27353036403656006}