{"vy_time": [], "dpsidtrmse_time": [], "vy_0.05": 0.015410133637487888, "dpsidt_0.05": 0.002264021895825863, "rmse_0.05": 0.008837077766656876, "vy_1": 0.05432615429162979, "dpsidt_1": 0.006281474605202675, "rmse_1": 0.03030381351709366, "vy_2": 0.07834292203187943, "dpsidt_2": 0.009876850992441177, "rmse_2": 0.04410988837480545, "vy_3": 0.10525636374950409, "dpsidt_3": 0.011103544384241104, "rmse_3": 0.05817995220422745, "vy_4": 0.11104433983564377, "dpsidt_4": 0.012209206819534302, "rmse_4": 0.061626773327589035, "vy_5": 0.11585186421871185, "dpsidt_5": 0.012546204961836338, "rmse_5": 0.0641990378499031, "vy_6": 0.12184427678585052, "dpsidt_6": 0.013275286182761192, "rmse_6": 0.06755977869033813, "vy_7": 0.1311703771352768, "dpsidt_7": 0.013712952844798565, "rmse_7": 0.07244166731834412, "vy_8": 0.13840815424919128, "dpsidt_8": 0.013993707485496998, "rmse_8": 0.076200932264328, "vy_9": 0.141493558883667, "dpsidt_9": 0.014469064772129059, "rmse_9": 0.07798130810260773, "vy_10": 0.14807485044002533, "dpsidt_10": 0.014538045041263103, "rmse_10": 0.08130645006895065}