{"vy": 0.4404362142086029, "dpsidt": 0.13447284698486328, "rmse": 0.2874545454978943}