{"vy": 0.42517951130867004, "dpsidt": 0.14692357182502747, "rmse": 0.28605154156684875}