{"vy": 0.38533249497413635, "dpsidt": 0.0970107838511467, "rmse": 0.24117164313793182}