{"vy": 0.40243566036224365, "dpsidt": 0.09455950558185577, "rmse": 0.24849757552146912}