{"vy": 0.4640524089336395, "dpsidt": 0.11126397550106049, "rmse": 0.2876581847667694}