{"vy": 0.4241541624069214, "dpsidt": 0.0912223681807518, "rmse": 0.2576882541179657}