{"vy": 0.5381321907043457, "dpsidt": 0.14451207220554352, "rmse": 0.341322124004364}