{"vy": 0.4494088292121887, "dpsidt": 0.12150753289461136, "rmse": 0.28545817732810974}