{"vy": 0.37893471121788025, "dpsidt": 0.08671428263187408, "rmse": 0.23282450437545776}