{"vy": 0.42149075865745544, "dpsidt": 0.07996022701263428, "rmse": 0.25072550773620605}