{"vy": 0.4811062514781952, "dpsidt": 0.14250412583351135, "rmse": 0.31180518865585327}