{"vy": 0.43473926186561584, "dpsidt": 0.08951177448034286, "rmse": 0.26212552189826965}