{"vy": 0.42332011461257935, "dpsidt": 0.08776327967643738, "rmse": 0.25554168224334717}