{"vy": 0.3491426110267639, "dpsidt": 0.08468879014253616, "rmse": 0.21691569685935974}