{"vy": 0.4059803783893585, "dpsidt": 0.09266504645347595, "rmse": 0.24932271242141724}