{"vy": 0.3950294852256775, "dpsidt": 0.11714469641447067, "rmse": 0.2560870945453644}