{"vy": 0.37946608662605286, "dpsidt": 0.08814021944999695, "rmse": 0.2338031530380249}