{"vy": 0.41522935032844543, "dpsidt": 0.10140012204647064, "rmse": 0.25831472873687744}