{"vy": 0.5584512948989868, "dpsidt": 0.12216015160083771, "rmse": 0.34030571579933167}