{"vy": 0.40785840153694153, "dpsidt": 0.13249672949314117, "rmse": 0.27017757296562195}