{"vy": 0.37386777997016907, "dpsidt": 0.08560137450695038, "rmse": 0.22973456978797913}