{"vy": 0.4479677081108093, "dpsidt": 0.0870274156332016, "rmse": 0.26749756932258606}