{"vy": 0.4224168658256531, "dpsidt": 0.10197044163942337, "rmse": 0.2621936500072479}