{"vy": 0.4586530923843384, "dpsidt": 0.09830551594495773, "rmse": 0.27847930788993835}