{"vy": 0.4292331039905548, "dpsidt": 0.08882330358028412, "rmse": 0.25902819633483887}