{"vy": 0.3943944573402405, "dpsidt": 0.08567831665277481, "rmse": 0.24003638327121735}