{"vy": 0.45703649520874023, "dpsidt": 0.09456460922956467, "rmse": 0.27580055594444275}