{"vy": 0.4193934202194214, "dpsidt": 0.10388492792844772, "rmse": 0.26163917779922485}