{"vy": 0.4080060124397278, "dpsidt": 0.10372006893157959, "rmse": 0.2558630406856537}