{"vy": 0.3710311949253082, "dpsidt": 0.08643170446157455, "rmse": 0.2287314534187317}