{"vy": 0.368330180644989, "dpsidt": 0.09776962548494339, "rmse": 0.2330498993396759}