{"vy": 0.4440057575702667, "dpsidt": 0.1335296481847763, "rmse": 0.2887676954269409}