{"vy": 0.4344210624694824, "dpsidt": 0.10917025804519653, "rmse": 0.2717956602573395}