{"vy": 0.41197359561920166, "dpsidt": 0.0893920511007309, "rmse": 0.2506828308105469}