{"vy": 0.41733378171920776, "dpsidt": 0.1648712158203125, "rmse": 0.29110249876976013}