{"vy": 0.40799739956855774, "dpsidt": 0.10732992738485336, "rmse": 0.25766366720199585}