{"vy": 0.4471757709980011, "dpsidt": 0.16724978387355804, "rmse": 0.307212769985199}