{"vy": 0.4507226347923279, "dpsidt": 0.10722498595714569, "rmse": 0.2789738178253174}