{"vy": 0.43673309683799744, "dpsidt": 0.17590415477752686, "rmse": 0.30631864070892334}