{"vy": 0.3831200897693634, "dpsidt": 0.0791991725564003, "rmse": 0.23115962743759155}