{"vy": 0.4474606513977051, "dpsidt": 0.09401469677686691, "rmse": 0.2707376778125763}