{"vy": 0.42842429876327515, "dpsidt": 0.12633875012397766, "rmse": 0.2773815393447876}