{"vy": 0.5173591375350952, "dpsidt": 0.12148478627204895, "rmse": 0.3194219470024109}