{"vy": 0.38498932123184204, "dpsidt": 0.09449409693479538, "rmse": 0.239741712808609}