{"vy": 0.5557928085327148, "dpsidt": 0.17425386607646942, "rmse": 0.36502334475517273}