{"vy": 0.4663400948047638, "dpsidt": 0.1652817279100418, "rmse": 0.3158109188079834}