{"vy": 0.3760398328304291, "dpsidt": 0.10221559554338455, "rmse": 0.23912771046161652}