{"vy": 0.3887138366699219, "dpsidt": 0.0782661959528923, "rmse": 0.2334900200366974}