{"vy": 0.38490748405456543, "dpsidt": 0.10621631890535355, "rmse": 0.2455618977546692}