{"vy": 0.3915497958660126, "dpsidt": 0.1407291442155838, "rmse": 0.2661394774913788}